date,ticker,close,daily_return
2021-09-27,EFA,68.5566,
2021-09-28,EFA,67.0616,-0.0218067990536287
2021-09-29,EFA,66.9078,-0.0022934138165507933
2021-09-30,EFA,66.643,-0.0039576850531626295
2021-10-01,EFA,66.8053,0.002435364554416841
2021-10-04,EFA,66.1047,-0.010487191884476332
2021-10-05,EFA,66.5575,0.00684973988233839
2021-10-06,EFA,66.1133,-0.006673928558013853
2021-10-07,EFA,66.6259,0.00775335673760047
2021-10-08,EFA,66.6173,-0.00012907893176683505
2021-10-11,EFA,66.4038,-0.003204873208610959
2021-10-12,EFA,66.4379,0.0005135248283982818
2021-10-13,EFA,67.0957,0.00990097519638633
2021-10-14,EFA,67.7621,0.00993208208573737
2021-10-15,EFA,68.3259,0.008320285233190727
2021-10-18,EFA,68.0354,-0.004251682012238578
2021-10-19,EFA,68.4455,0.006027744380131539
2021-10-20,EFA,68.6847,0.003494751298478427
2021-10-21,EFA,68.3601,-0.004725943332357874
2021-10-22,EFA,68.7701,0.0059976506763448345
2021-10-25,EFA,68.6334,-0.0019877824810492495
2021-10-26,EFA,68.7701,0.0019917416301684643
2021-10-27,EFA,68.4968,-0.003974110841775791
2021-10-28,EFA,69.1631,0.009727461720839603
2021-10-29,EFA,68.7616,-0.005805118625394123
2021-11-01,EFA,69.4279,0.009690001396127856
2021-11-02,EFA,69.2827,-0.00209137824995409
2021-11-03,EFA,69.8465,0.008137673618378027
2021-11-04,EFA,69.8038,-0.0006113405825632912
2021-11-05,EFA,69.9063,0.0014684014337329465
2021-11-08,EFA,69.8978,-0.00012159133010902767
2021-11-09,EFA,69.744,-0.002200355375991836
2021-11-10,EFA,68.8983,-0.012125774260151267
2021-11-11,EFA,69.146,0.0035951540168623897
2021-11-12,EFA,69.5219,0.005436323142336441
2021-11-15,EFA,69.3938,-0.0018425848545566836
2021-11-16,EFA,69.24,-0.0022163363297585947
2021-11-17,EFA,69.1546,-0.0012333911034083656
2021-11-18,EFA,69.2229,0.0009876421814309921
2021-11-19,EFA,68.6334,-0.008515967981693962
2021-11-22,EFA,68.2319,-0.005849921466807739
2021-11-23,EFA,68.1636,-0.0010009980668864715
2021-11-24,EFA,67.7108,-0.006642841633951235
2021-11-26,EFA,65.8912,-0.02687311329950326
2021-11-29,EFA,66.2244,0.005056820941187867
2021-11-30,EFA,65.6434,-0.008773201418208476
2021-12-01,EFA,65.2676,-0.005724871045680091
2021-12-02,EFA,66.0791,0.01243342791829316
2021-12-03,EFA,65.8058,-0.0041359522148454175
2021-12-06,EFA,66.4379,0.00960553629011418
2021-12-07,EFA,67.839,0.02108886644520669
2021-12-08,EFA,67.9671,0.0018882943439615385
2021-12-09,EFA,67.4033,-0.008295189878632425
2021-12-10,EFA,67.5485,0.0021541971980600927
2021-12-13,EFA,66.9158,-0.009366603255438699
2021-12-14,EFA,66.5594,-0.005326096377836098
2021-12-15,EFA,67.4633,0.013580350784412332
2021-12-16,EFA,67.472,0.00012895900437714936
2021-12-17,EFA,66.6203,-0.012623013990988752
2021-12-20,EFA,66.4725,-0.002218542996654249
2021-12-21,EFA,67.2113,0.011114370604385249
2021-12-22,EFA,67.8371,0.009310934322056097
2021-12-23,EFA,68.2369,0.005893530236404487
2021-12-27,EFA,68.767,0.00776852406835582
2021-12-28,EFA,68.7931,0.00037954251312410925
2021-12-29,EFA,68.767,-0.0003793985152580337
2021-12-30,EFA,68.5868,-0.0026204429450171762
2021-12-31,EFA,68.5258,-0.000889383963094792
2022-01-03,EFA,68.97,0.006482230050579352
2022-01-04,EFA,69.3619,0.005682180658257208
2022-01-05,EFA,68.7522,-0.00879012829810033
2022-01-06,EFA,68.4039,-0.005066019705551317
2022-01-07,EFA,68.6042,0.002928195614577689
2022-01-10,EFA,67.9684,-0.009267654166946082
2022-01-11,EFA,68.7087,0.010891826201587573
2022-01-12,EFA,69.3793,0.009760044943362356
2022-01-13,EFA,68.8742,-0.007280269475189227
2022-01-14,EFA,68.8045,-0.0010119899759271078
2022-01-18,EFA,67.7942,-0.014683632611239061
2022-01-19,EFA,67.7332,-0.0008997819872497148
2022-01-20,EFA,67.4023,-0.004885344262488656
2022-01-21,EFA,66.4878,-0.01356778626248667
2022-01-24,EFA,65.8259,-0.00995520982796827
2022-01-25,EFA,65.4252,-0.006087269600567602
2022-01-26,EFA,65.1727,-0.0038593691727346613
2022-01-27,EFA,64.8678,-0.0046783392432722115
2022-01-28,EFA,65.0856,0.0033575980686872953
2022-01-31,EFA,66.0349,0.014585407524859484
2022-02-01,EFA,66.662,0.00949649352085058
2022-02-02,EFA,67.1584,0.007446521256487815
2022-02-03,EFA,66.0959,-0.015820805736884713
2022-02-04,EFA,66.2526,0.0023707975835112194
2022-02-07,EFA,66.3659,0.0017101215650403567
2022-02-08,EFA,66.7055,0.005117085732281312
2022-02-09,EFA,67.7855,0.016190568993561305
2022-02-10,EFA,66.9233,-0.012719534413702105
2022-02-11,EFA,65.913,-0.015096386460320965
2022-02-14,EFA,65.4862,-0.006475202160423632
2022-02-15,EFA,66.6881,0.018353485161759497
2022-02-16,EFA,66.9407,0.003787782228013681
2022-02-17,EFA,65.8607,-0.016133682498091773
2022-02-18,EFA,65.582,-0.004231658637093183
2022-02-22,EFA,64.8156,-0.011686133390259368
2022-02-23,EFA,64.2843,-0.008197100697980186
2022-02-24,EFA,63.4221,-0.013412295070491576
2022-02-25,EFA,65.0072,0.024992865263054886
2022-02-28,EFA,63.7704,-0.019025584858292532
2022-03-01,EFA,62.3769,-0.021851830943509842
2022-03-02,EFA,63.1608,0.012567152263097459
2022-03-03,EFA,61.9153,-0.019719509569226523
2022-03-04,EFA,60.1212,-0.02897668266163611
2022-03-07,EFA,58.2138,-0.031725913654418125
2022-03-08,EFA,58.719,0.008678354616946438
2022-03-09,EFA,61.175,0.04182632538020048
2022-03-10,EFA,60.4434,-0.011959133633020036
2022-03-11,EFA,59.7902,-0.010806804382281543
2022-03-14,EFA,60.3389,0.009177089221979573
2022-03-15,EFA,60.9137,0.009526192887175489
2022-03-16,EFA,63.0998,0.03588847828977726
2022-03-17,EFA,63.6311,0.008419994992060253
2022-03-18,EFA,64.2495,0.009718518146000887
2022-03-21,EFA,63.8488,-0.006236624409528435
2022-03-22,EFA,64.4498,0.009412862888574347
2022-03-23,EFA,63.6137,-0.01297288742556213
2022-03-24,EFA,64.2059,0.00930931544620095
2022-03-25,EFA,64.2408,0.0005435637534867421
2022-03-28,EFA,64.0317,-0.0032549407852952017
2022-03-29,EFA,65.4514,0.02217183051519811
2022-03-30,EFA,65.1814,-0.004125198238693284
2022-03-31,EFA,64.1014,-0.016569143958245713
2022-04-01,EFA,64.7024,0.009375770263988059
2022-04-04,EFA,64.9636,0.004036944533742259
2022-04-05,EFA,64.084,-0.013539890030724866
2022-04-06,EFA,63.3176,-0.011959303414268874
2022-04-07,EFA,63.4569,0.002200020215548326
2022-04-08,EFA,63.483,0.00041130278976764245
2022-04-11,EFA,62.8124,-0.010563457933620013
2022-04-12,EFA,62.3421,-0.00748737510427866
2022-04-13,EFA,63.0127,0.01075677591868085
2022-04-14,EFA,62.7253,-0.0045609853251805665
2022-04-18,EFA,62.3595,-0.005831777608078403
2022-04-19,EFA,62.6556,0.004748274120222273
2022-04-20,EFA,63.0737,0.006672986931734792
2022-04-21,EFA,62.3944,-0.01076994056159708
2022-04-22,EFA,61.3754,-0.01633159386098748
2022-04-25,EFA,61.0792,-0.004826037793643656
2022-04-26,EFA,59.3722,-0.027947320855544966
2022-04-27,EFA,59.6422,0.004547582875487288
2022-04-28,EFA,60.487,0.014164467440838768
2022-04-29,EFA,59.7815,-0.011663663266487045
2022-05-02,EFA,59.6335,-0.0024756822762895814
2022-05-03,EFA,60.0777,0.007448833290013113
2022-05-04,EFA,61.1315,0.017540618232722016
2022-05-05,EFA,59.1632,-0.03219780309660325
2022-05-06,EFA,58.5883,-0.009717189063471965
2022-05-09,EFA,56.8203,-0.03017667349965769
2022-05-10,EFA,57.2471,0.007511399975008937
2022-05-11,EFA,56.9074,-0.005933925037250765
2022-05-12,EFA,56.7681,-0.002447836309513396
2022-05-13,EFA,58.3445,0.027769116810321348
2022-05-16,EFA,58.3967,0.0008946858744183217
2022-05-17,EFA,59.4854,0.01864317675485072
2022-05-18,EFA,58.0658,-0.02386467940032333
2022-05-19,EFA,58.6232,0.009599454412063446
2022-05-20,EFA,59.0238,0.006833472072490077
2022-05-23,EFA,60.0254,0.01696942589260586
2022-05-24,EFA,59.9296,-0.001595991030463706
2022-05-25,EFA,59.947,0.00029034066638189415
2022-05-26,EFA,60.6089,0.011041419920930107
2022-05-27,EFA,61.3405,0.012070834481404447
2022-05-31,EFA,60.9747,-0.005963433620528091
2022-06-01,EFA,60.3302,-0.010569957703769006
2022-06-02,EFA,61.5844,0.020788924949693532
2022-06-03,EFA,60.7047,-0.014284461649378688
2022-06-06,EFA,60.9486,0.004017810812012801
2022-06-07,EFA,61.1315,0.0030008892739128434
2022-06-08,EFA,60.278,-0.013961705503709232
2022-06-09,EFA,59.0121,-0.021001028567636637
2022-06-10,EFA,57.5878,-0.024135728096441156
2022-06-13,EFA,55.6827,-0.03308165965708021
2022-06-14,EFA,55.1575,-0.00943201389300441
2022-06-15,EFA,56.1901,0.018720935502878122
2022-06-16,EFA,54.9527,-0.022021672856962327
2022-06-17,EFA,54.7302,-0.004048936630957067
2022-06-21,EFA,55.5581,0.015126931748833394
2022-06-22,EFA,55.1842,-0.006729891770956953
2022-06-23,EFA,55.1219,-0.00112894632884053
2022-06-24,EFA,56.7688,0.029877417142732732
2022-06-27,EFA,56.5284,-0.004234720480263854
2022-06-28,EFA,56.1456,-0.006771817351985843
2022-06-29,EFA,55.932,-0.0038043942891339277
2022-06-30,EFA,55.6293,-0.00541192877065011
2022-07-01,EFA,55.7628,0.0023998144862509285
2022-07-05,EFA,54.5699,-0.02139239779924973
2022-07-06,EFA,54.6144,0.0008154678678173877
2022-07-07,EFA,55.4423,0.015159005683482718
2022-07-08,EFA,55.5047,0.0011254944329508465
2022-07-11,EFA,54.6055,-0.016200429873506228
2022-07-12,EFA,54.5966,-0.00016298724487451288
2022-07-13,EFA,54.5699,-0.0004890414421412359
2022-07-14,EFA,53.8044,-0.014027879838518942
2022-07-15,EFA,54.659,0.015883459345332307
2022-07-18,EFA,54.8815,0.004070692841069201
2022-07-19,EFA,56.3771,0.027251441742663696
2022-07-20,EFA,56.0032,-0.006632125455193649
2022-07-21,EFA,56.5818,0.010331552482715223
2022-07-22,EFA,56.4394,-0.0025167103202796692
2022-07-25,EFA,56.8756,0.007728643465380491
2022-07-26,EFA,56.0833,-0.013930402492457139
2022-07-27,EFA,57.4097,0.023650534116216315
2022-07-28,EFA,57.7035,0.005117602077697736
2022-07-29,EFA,58.5047,0.01388477302070057
2022-08-01,EFA,58.5848,0.0013691207714936482
2022-08-02,EFA,57.6501,-0.015954650352992594
2022-08-03,EFA,57.9883,0.005866425210016901
2022-08-04,EFA,58.2821,0.00506653928464873
2022-08-05,EFA,57.8726,-0.007026170985602764
2022-08-08,EFA,58.0061,0.0023067911239516015
2022-08-09,EFA,57.6946,-0.005370124866177939
2022-08-10,EFA,58.9943,0.02252723825106684
2022-08-11,EFA,58.9765,-0.00030172406486728143
2022-08-12,EFA,59.4305,0.007697981399370946
2022-08-15,EFA,59.0744,-0.00599187285989522
2022-08-16,EFA,59.0566,-0.00030131495199259284
2022-08-17,EFA,58.5848,-0.007988946197376778
2022-08-18,EFA,58.3889,-0.0033438707651131105
2022-08-19,EFA,57.5878,-0.01372007350712201
2022-08-22,EFA,56.6085,-0.017005337936160103
2022-08-23,EFA,56.6352,0.0004716606163384096
2022-08-24,EFA,56.7064,0.0012571686866118537
2022-08-25,EFA,57.3296,0.010989941170661544
2022-08-26,EFA,55.8251,-0.026242987915492177
2022-08-29,EFA,55.7005,-0.002231970923473492
2022-08-30,EFA,55.2999,-0.0071920359781330045
2022-08-31,EFA,54.926,-0.006761314215758096
2022-09-01,EFA,54.1871,-0.01345264537741686
2022-09-02,EFA,53.8311,-0.006569829350528078
2022-09-06,EFA,53.6975,-0.0024818367077767967
2022-09-07,EFA,54.1693,0.00878625634340513
2022-09-08,EFA,54.2049,0.0006571988192574096
2022-09-09,EFA,55.5848,0.025457108121221594
2022-09-12,EFA,56.3593,0.013933665318576205
2022-09-13,EFA,54.4008,-0.03475025417278077
2022-09-14,EFA,54.5788,0.003272010705724915
2022-09-15,EFA,54.0981,-0.008807449046149718
2022-09-16,EFA,53.7687,-0.00608893842852154
2022-09-19,EFA,53.9557,0.0034778597957547674
2022-09-20,EFA,53.0388,-0.016993570651478884
2022-09-21,EFA,52.3444,-0.013092302239115505
2022-09-22,EFA,52.1931,-0.0028904715690694083
2022-09-23,EFA,50.5284,-0.03189502060617211
2022-09-26,EFA,49.7806,-0.01479959784992202
2022-09-27,EFA,49.4423,-0.00679582005841628
2022-09-28,EFA,50.6352,0.02412711382763333
2022-09-29,EFA,50.0388,-0.011778367617783614
2022-09-30,EFA,49.8607,-0.0035592380312877703
2022-10-03,EFA,50.8489,0.01981921633671413
2022-10-04,EFA,52.8874,0.04008936279840869
2022-10-05,EFA,52.3266,-0.010603659850928593
2022-10-06,EFA,51.4097,-0.01752263667045051
2022-10-07,EFA,50.5907,-0.015930845735337984
2022-10-10,EFA,50.3058,-0.005631469815598478
2022-10-11,EFA,49.7539,-0.010970901963590629
2022-10-12,EFA,49.5937,-0.003219848092310462
2022-10-13,EFA,50.6174,0.020641734736468687
2022-10-14,EFA,49.8607,-0.014949404750145279
2022-10-17,EFA,51.0892,0.02463864326012266
2022-10-18,EFA,51.4542,0.00714436710694244
2022-10-19,EFA,50.8222,-0.012282767976180664
2022-10-20,EFA,50.7064,-0.0022785318227074303
2022-10-21,EFA,51.6233,0.01808253001593485
2022-10-24,EFA,51.6322,0.00017240277161656437
2022-10-25,EFA,52.7717,0.02206956124279036
2022-10-26,EFA,53.2702,0.009446350979786411
2022-10-27,EFA,52.7717,-0.009357952476243714
2022-10-28,EFA,53.2969,0.009952303981111132
2022-10-31,EFA,52.7984,-0.0093532644487766
2022-11-01,EFA,53.2168,0.007924482560077495
2022-11-02,EFA,52.4423,-0.014553674779392956
2022-11-03,EFA,51.9972,-0.008487423320487575
2022-11-04,EFA,54.0803,0.04006177255698384
2022-11-07,EFA,54.2495,0.0031286808690040857
2022-11-08,EFA,54.8637,0.01132176333422441
2022-11-09,EFA,54.0981,-0.01395458199137134
2022-11-10,EFA,57.1337,0.05611287642264684
2022-11-11,EFA,58.2732,0.019944446097487134
2022-11-14,EFA,57.659,-0.010540008099778397
2022-11-15,EFA,58.0418,0.006639032935014555
2022-11-16,EFA,57.9082,-0.0023017894000531003
2022-11-17,EFA,57.8815,-0.0004610745973799846
2022-11-18,EFA,57.9972,0.0019989115693268555
2022-11-21,EFA,57.5611,-0.007519328519307811
2022-11-22,EFA,58.3622,0.013917385178531916
2022-11-23,EFA,59.0032,0.010983136345100064
2022-11-25,EFA,59.3059,0.005130230224801302
2022-11-28,EFA,58.5403,-0.01290933954294593
2022-11-29,EFA,58.7094,0.0028886083603945067
2022-11-30,EFA,59.751,0.01774162229557774
2022-12-01,EFA,60.3296,0.009683519941088958
2022-12-02,EFA,60.2851,-0.0007376147032301938
2022-12-05,EFA,59.4928,-0.013142550978599954
2022-12-06,EFA,59.2257,-0.004489618911868276
2022-12-07,EFA,59.2257,0.0
2022-12-08,EFA,59.5284,0.005110956898778607
2022-12-09,EFA,59.564,0.0005980338796272022
2022-12-12,EFA,59.7421,0.0029900611107380737
2022-12-13,EFA,60.5894,0.014182628330775104
2022-12-14,EFA,60.5357,-0.0008862936421222267
2022-12-15,EFA,58.9895,-0.025541952930254408
2022-12-16,EFA,58.4711,-0.008788004644894376
2022-12-19,EFA,58.3281,-0.002445652638653928
2022-12-20,EFA,58.5605,0.003984357453783005
2022-12-21,EFA,59.1682,0.010377302106368669
2022-12-22,EFA,58.6856,-0.00815640834096687
2022-12-23,EFA,58.8912,0.0035034148070394178
2022-12-27,EFA,58.9806,0.0015180536311028003
2022-12-28,EFA,58.3549,-0.01060857298840634
2022-12-29,EFA,59.2755,0.01577588171687383
2022-12-30,EFA,58.6677,-0.010253814813877549
2023-01-03,EFA,59.1861,0.00883620799860907
2023-01-04,EFA,59.9726,0.013288593098717438
2023-01-05,EFA,59.3738,-0.009984559615557775
2023-01-06,EFA,60.8932,0.02559041193253586
2023-01-09,EFA,61.1524,0.004256632924530157
2023-01-10,EFA,61.3312,0.0029238427273501344
2023-01-11,EFA,61.796,0.007578524470416292
2023-01-12,EFA,62.7076,0.014751763868211532
2023-01-13,EFA,63.0383,0.005273682934763935
2023-01-17,EFA,63.235,0.0031203252625784383
2023-01-18,EFA,63.0115,-0.0035344350438839545
2023-01-19,EFA,62.9132,-0.0015600326924449792
2023-01-20,EFA,63.4673,0.00880737269762144
2023-01-23,EFA,63.7265,0.004083992859315044
2023-01-24,EFA,63.6461,-0.0012616415462955999
2023-01-25,EFA,64.0662,0.006600561542655425
2023-01-26,EFA,64.1198,0.0008366346060793006
2023-01-27,EFA,63.9947,-0.0019510354056000434
2023-01-30,EFA,63.5835,-0.006425532114378241
2023-01-31,EFA,63.95,0.005764074012912124
2023-02-01,EFA,64.522,0.008944487881157093
2023-02-02,EFA,64.4326,-0.0013855739127741629
2023-02-03,EFA,63.8338,-0.009293432206677887
2023-02-06,EFA,63.1813,-0.01022185738589898
2023-02-07,EFA,63.7176,0.00848827105488481
2023-02-08,EFA,63.3243,-0.006172548871897221
2023-02-09,EFA,63.4405,0.0018349985708487893
2023-02-10,EFA,63.1635,-0.004366295978121215
2023-02-13,EFA,63.798,0.010045358474435329
2023-02-14,EFA,63.9142,0.0018213737107746208
2023-02-15,EFA,63.6282,-0.004474748960324959
2023-02-16,EFA,63.3154,-0.004916059231598657
2023-02-17,EFA,63.4763,0.002541245889625676
2023-02-21,EFA,62.7791,-0.010983626959983561
2023-02-22,EFA,62.4305,-0.005552803401131845
2023-02-23,EFA,62.7523,0.005154531839405285
2023-02-24,EFA,61.7066,-0.01666393104316488
2023-02-27,EFA,62.4395,0.011877173592452106
2023-02-28,EFA,61.9837,-0.007299866270549904
2023-03-01,EFA,62.3144,0.00533527362838937
2023-03-02,EFA,62.4395,0.0020075616550909725
2023-03-03,EFA,63.3511,0.014599732541099808
2023-03-06,EFA,63.1903,-0.002538235326616345
2023-03-07,EFA,62.1356,-0.016690852868240902
2023-03-08,EFA,62.4752,0.005465465852104279
2023-03-09,EFA,62.0194,-0.007295694931748975
2023-03-10,EFA,61.358,-0.010664405008755318
2023-03-13,EFA,60.9379,-0.006846702956419648
2023-03-14,EFA,61.7513,0.013348014946363396
2023-03-15,EFA,59.8386,-0.030974246696021
2023-03-16,EFA,60.7681,0.015533451651609465
2023-03-17,EFA,60.0442,-0.011912500143990035
2023-03-20,EFA,60.9826,0.015628487014565984
2023-03-21,EFA,61.9032,0.01509610938202055
2023-03-22,EFA,61.6887,-0.0034650874268212783
2023-03-23,EFA,61.6977,0.0001458938184788483
2023-03-24,EFA,61.51,-0.003042252790622646
2023-03-27,EFA,62.0909,0.009443992846691618
2023-03-28,EFA,62.1177,0.0004316252462115422
2023-03-29,EFA,62.8685,0.012086732123050226
2023-03-30,EFA,63.6014,0.011657666398912081
2023-03-31,EFA,63.9232,0.0050596370520146206
2023-04-03,EFA,64.4326,0.007968937725270298
2023-04-04,EFA,64.4416,0.00013968084478976905
2023-04-05,EFA,63.9947,-0.00693496126725579
2023-04-06,EFA,64.2986,0.004748830762547396
2023-04-10,EFA,64.2539,-0.000695193985560949
2023-04-11,EFA,64.4684,0.0033383187635303013
2023-04-12,EFA,64.8795,0.006376767532620509
2023-04-13,EFA,65.7107,0.012811442751562652
2023-04-14,EFA,65.4426,-0.004080005235068351
2023-04-17,EFA,65.3264,-0.0017756018251107175
2023-04-18,EFA,65.6839,0.005472519532685016
2023-04-19,EFA,65.4783,-0.0031301430030797883
2023-04-20,EFA,65.4783,0.0
2023-04-21,EFA,65.809,0.00505052819025531
2023-04-24,EFA,65.9789,0.002581713747359826
2023-04-25,EFA,65.0583,-0.0139529455628995
2023-04-26,EFA,65.0136,-0.0006870760533245202
2023-04-27,EFA,65.8269,0.012509690280187558
2023-04-28,EFA,65.8001,-0.00040712839279977153
2023-05-01,EFA,65.7018,-0.001493918702251129
2023-05-02,EFA,65.0404,-0.010066695280799065
2023-05-03,EFA,65.2102,0.0026106850511373736
2023-05-04,EFA,65.0761,-0.0020564267553235815
2023-05-05,EFA,66.0325,0.014696639780195753
2023-05-08,EFA,66.0504,0.00027107863552044975
2023-05-09,EFA,65.7822,-0.004060535591003167
2023-05-10,EFA,65.6482,-0.0020370252135075706
2023-05-11,EFA,65.4873,-0.0024509430570830437
2023-05-12,EFA,65.3711,-0.0017743898435269578
2023-05-15,EFA,65.8716,0.007656288482219331
2023-05-16,EFA,65.246,-0.009497264374935588
2023-05-17,EFA,65.5498,0.004656224136345699
2023-05-18,EFA,65.4515,-0.0014996231872562715
2023-05-19,EFA,65.8359,0.005873051037791344
2023-05-22,EFA,65.8537,0.00027036920585898905
2023-05-23,EFA,64.8884,-0.01465825002999066
2023-05-24,EFA,63.941,-0.014600452469162417
2023-05-25,EFA,63.8517,-0.001396599990616365
2023-05-26,EFA,64.4773,0.00979770311518724
2023-05-30,EFA,63.8249,-0.010118289692651494
2023-05-31,EFA,63.1635,-0.01036272677277994
2023-06-01,EFA,64.1019,0.014856681469519684
2023-06-02,EFA,64.9331,0.012966854336610822
2023-06-05,EFA,64.5577,-0.0057813349431953265
2023-06-06,EFA,65.094,0.008307297193053564
2023-06-07,EFA,64.5215,-0.008794973423049579
2023-06-08,EFA,65.2041,0.010579419263346157
2023-06-09,EFA,65.0949,-0.0016747413122795152
2023-06-12,EFA,65.3771,0.004335209056316236
2023-06-13,EFA,65.996,0.00946661751591904
2023-06-14,EFA,66.2417,0.0037229529062368094
2023-06-15,EFA,66.9426,0.01058094825464928
2023-06-16,EFA,66.7969,-0.002176491501674649
2023-06-20,EFA,65.9141,-0.013216182188095393
2023-06-21,EFA,66.0142,0.0015186432038061248
2023-06-22,EFA,65.6046,-0.006204725649935905
2023-06-23,EFA,64.5852,-0.0155385445532783
2023-06-26,EFA,64.6672,0.0012696407226422401
2023-06-27,EFA,65.2314,0.008724670311997418
2023-06-28,EFA,65.277,0.0006990498440935244
2023-06-29,EFA,65.1859,-0.0013955910964045248
2023-06-30,EFA,65.9869,0.012287933433457354
2023-07-03,EFA,65.9141,-0.001103249281296792
2023-07-05,EFA,65.1768,-0.011185770571091824
2023-07-06,EFA,64.0482,-0.017315977464373966
2023-07-07,EFA,64.5306,0.007531827592344609
2023-07-10,EFA,64.7127,0.0028219170440069163
2023-07-11,EFA,65.2952,0.009001324315010661
2023-07-12,EFA,66.5421,0.019096350114556904
2023-07-13,EFA,67.607,0.016003402357304575
2023-07-14,EFA,67.2247,-0.005654739893797944
2023-07-17,EFA,67.1428,-0.0012183022014230493
2023-07-18,EFA,67.5797,0.0065070268144911125
2023-07-19,EFA,67.5433,-0.0005386232848030303
2023-07-20,EFA,67.1974,-0.005121159315579771
2023-07-21,EFA,67.3339,0.002031328593070647
2023-07-24,EFA,67.1701,-0.002432652794506107
2023-07-25,EFA,67.2429,0.0010838155667476368
2023-07-26,EFA,67.4249,0.002706605455743194
2023-07-27,EFA,67.2702,-0.0022944045894023324
2023-07-28,EFA,67.7526,0.007171080210851111
2023-07-31,EFA,67.7708,0.00026862437751451473
2023-08-01,EFA,66.9244,-0.012489154621164067
2023-08-02,EFA,65.6774,-0.01863296495747435
2023-08-03,EFA,65.4954,-0.002771120659465831
2023-08-04,EFA,65.6774,0.0027788211080472802
2023-08-07,EFA,66.2326,0.00845344060513975
2023-08-08,EFA,65.8322,-0.006045361347735145
2023-08-09,EFA,65.8139,-0.000277979469013645
2023-08-10,EFA,66.0961,0.004287848007791695
2023-08-11,EFA,65.6501,-0.0067477506237132445
2023-08-14,EFA,65.3589,-0.004435636807864518
2023-08-15,EFA,64.5488,-0.012394639444666344
2023-08-16,EFA,64.0209,-0.00817830850457335
2023-08-17,EFA,63.5658,-0.007108616092557196
2023-08-18,EFA,63.5658,0.0
2023-08-21,EFA,63.8025,0.003723700480447123
2023-08-22,EFA,63.6842,-0.0018541593197759498
2023-08-23,EFA,64.3759,0.010861406753951641
2023-08-24,EFA,63.493,-0.013714759715980684
2023-08-25,EFA,63.9208,0.006737750618178273
2023-08-28,EFA,64.5943,0.010536476389532146
2023-08-29,EFA,65.3953,0.012400474964509245
2023-08-30,EFA,65.3589,-0.0005566149249257579
2023-08-31,EFA,65.104,-0.003900004437039306
2023-09-01,EFA,65.0676,-0.0005591054313098809
2023-09-05,EFA,64.5033,-0.00867251904173505
2023-09-06,EFA,64.3668,-0.0021161708005636992
2023-09-07,EFA,64.1574,-0.003253229925986756
2023-09-08,EFA,64.0664,-0.001418386655319459
2023-09-11,EFA,64.7309,0.010372051496572388
2023-09-12,EFA,64.4669,-0.004078423133310527
2023-09-13,EFA,64.2667,-0.0031054696286000327
2023-09-14,EFA,65.1131,0.01317011765035403
2023-09-15,EFA,64.9675,-0.0022361091700441316
2023-09-18,EFA,64.74,-0.0035017508754378035
2023-09-19,EFA,64.7946,0.0008433734939761184
2023-09-20,EFA,64.6398,-0.00238908797955395
2023-09-21,EFA,63.5658,-0.016615150418163305
2023-09-22,EFA,63.6205,0.000860525628561204
2023-09-25,EFA,63.3383,-0.004435677179525532
2023-09-26,EFA,62.5192,-0.012932143742411806
2023-09-27,EFA,62.4008,-0.0018938182190431085
2023-09-28,EFA,62.9105,0.008168164510711451
2023-09-29,EFA,62.7285,-0.0028929987839868554
2023-10-02,EFA,61.8092,-0.014655220513801526
2023-10-03,EFA,61.0356,-0.01251593613895663
2023-10-04,EFA,61.1448,0.0017891197923833868
2023-10-05,EFA,61.6818,0.008782431212466246
2023-10-06,EFA,62.3644,0.01106647341679401
2023-10-09,EFA,62.2734,-0.0014591658061330337
2023-10-10,EFA,63.129,0.01373941361801334
2023-10-11,EFA,63.3929,0.004180329167260632
2023-10-12,EFA,62.865,-0.008327430989905737
2023-10-13,EFA,62.2825,-0.009265887218643187
2023-10-16,EFA,62.7376,0.007307028459037523
2023-10-17,EFA,62.774,0.0005801943332228721
2023-10-18,EFA,61.6818,-0.017398923121037302
2023-10-19,EFA,61.1357,-0.0088535029781881
2023-10-20,EFA,60.5896,-0.008932587669724934
2023-10-23,EFA,60.6351,0.0007509539590953018
2023-10-24,EFA,60.981,0.005704616632940418
2023-10-25,EFA,60.5441,-0.0071645266558436616
2023-10-26,EFA,60.1072,-0.007216227510195017
2023-10-27,EFA,59.9252,-0.003027923443447711
2023-10-30,EFA,60.6897,0.012757571105311394
2023-10-31,EFA,60.9082,0.003600281431610286
2023-11-01,EFA,61.4816,0.009414167550510388
2023-11-02,EFA,62.7376,0.020428876281684216
2023-11-03,EFA,63.402,0.010590140521792302
2023-11-06,EFA,63.0835,-0.005023500835935724
2023-11-07,EFA,62.7012,-0.0060602217695594485
2023-11-08,EFA,62.6193,-0.0013061950967445668
2023-11-09,EFA,62.6102,-0.00014532260820554477
2023-11-10,EFA,62.8923,0.004505655627996763
2023-11-13,EFA,63.0562,0.002606042393106911
2023-11-14,EFA,64.6672,0.025548637564585253
2023-11-15,EFA,64.567,-0.0015494717569339844
2023-11-16,EFA,64.5215,-0.000704694348506063
2023-11-17,EFA,65.3953,0.013542772564184125
2023-11-20,EFA,65.641,0.003757150743249227
2023-11-21,EFA,65.3862,-0.003881720266297073
2023-11-22,EFA,65.5409,0.002365942660683684
2023-11-24,EFA,66.0415,0.0076379787277869315
2023-11-27,EFA,65.8139,-0.0034463178455970134
2023-11-28,EFA,65.8322,0.00027805676308489957
2023-11-29,EFA,65.9687,0.0020734534164132956
2023-11-30,EFA,65.9141,-0.000827665241243114
2023-12-01,EFA,66.6058,0.010493961079647507
2023-12-04,EFA,66.087,-0.0077891114587618215
2023-12-05,EFA,65.8504,-0.003580129223599293
2023-12-06,EFA,66.0506,0.0030402245088869684
2023-12-07,EFA,66.3692,0.004823574653371798
2023-12-08,EFA,66.5694,0.003016459442030328
2023-12-11,EFA,66.7332,0.0024605900008110027
2023-12-12,EFA,66.8515,0.0017727308146471277
2023-12-13,EFA,67.8254,0.01456810991525992
2023-12-14,EFA,68.326,0.0073807157790442
2023-12-15,EFA,67.6616,-0.009723970377308544
2023-12-18,EFA,67.8254,0.0024208709223547675
2023-12-19,EFA,68.3988,0.008454059983427964
2023-12-20,EFA,67.7086,-0.010090820306788872
2023-12-21,EFA,68.8052,0.016195874674708843
2023-12-22,EFA,68.8698,0.0009388825263205725
2023-12-26,EFA,69.1831,0.004549163784416388
2023-12-27,EFA,69.5517,0.005327890771011923
2023-12-28,EFA,69.3674,-0.0026498273945855244
2023-12-29,EFA,69.4411,0.0010624587342180636
2024-01-02,EFA,68.667,-0.011147576867301945
2024-01-03,EFA,68.1509,-0.007515982932121856
2024-01-04,EFA,68.3076,0.0022993093268026676
2024-01-05,EFA,68.3537,0.0006748882993987682
2024-01-08,EFA,69.0817,0.010650484172765928
2024-01-09,EFA,68.4643,-0.008937243872110923
2024-01-10,EFA,68.9066,0.006460301208074837
2024-01-11,EFA,68.8974,-0.00013351406106221209
2024-01-12,EFA,69.1831,0.00414674574076801
2024-01-16,EFA,68.0219,-0.016784445912368717
2024-01-17,EFA,67.3768,-0.00948371039327034
2024-01-18,EFA,67.9758,0.008890300518872962
2024-01-19,EFA,68.1325,0.002305232156149417
2024-01-22,EFA,68.3445,0.0031115840457931476
2024-01-23,EFA,68.1509,-0.002832707825794367
2024-01-24,EFA,68.667,0.007572900724715392
2024-01-25,EFA,68.8605,0.002817947485691752
2024-01-26,EFA,69.1646,0.004416174730070166
2024-01-29,EFA,69.5701,0.005862825780818648
2024-01-30,EFA,69.478,-0.00132384458265844
2024-01-31,EFA,69.1278,-0.00504044445723828
2024-02-01,EFA,69.8098,0.009865784821736057
2024-02-02,EFA,69.2568,-0.007921523912115425
2024-02-05,EFA,68.8882,-0.005322221067101007
2024-02-06,EFA,69.3121,0.006153448631260661
2024-02-07,EFA,69.2752,-0.0005323745781761202
2024-02-08,EFA,69.1554,-0.0017293345959303874
2024-02-09,EFA,69.3951,0.003466106768235111
2024-02-12,EFA,69.5149,0.001726346672891843
2024-02-13,EFA,68.4458,-0.015379436638763622
2024-02-14,EFA,69.2107,0.011175265684673086
2024-02-15,EFA,69.9941,0.011319059047228297
2024-02-16,EFA,70.1047,0.001580133182653931
2024-02-20,EFA,70.3904,0.004075333037585338
2024-02-21,EFA,70.4457,0.0007856184934309507
2024-02-22,EFA,71.2382,0.011249799490955503
2024-02-23,EFA,71.3304,0.0012942494335903554
2024-02-26,EFA,71.229,-0.0014215537835200465
2024-02-27,EFA,71.4225,0.002716590152887166
2024-02-28,EFA,71.0078,-0.005806293534950435
2024-02-29,EFA,71.1921,0.0025954895096029773
2024-03-01,EFA,71.8833,0.009708942424791589
2024-03-04,EFA,71.699,-0.002563877840889406
2024-03-05,EFA,71.57,-0.0017991882731976938
2024-03-06,EFA,72.4178,0.011845745424060361
2024-03-07,EFA,73.2749,0.011835487960142332
2024-03-08,EFA,73.0353,-0.003269878225695244
2024-03-11,EFA,72.6206,-0.005678076217938588
2024-03-12,EFA,73.2012,0.007994976631974904
2024-03-13,EFA,73.2104,0.00012568099976517644
2024-03-14,EFA,72.6759,-0.007300875285478625
2024-03-15,EFA,72.7035,0.00037976825880381426
2024-03-18,EFA,72.6851,-0.00025308272641622054
2024-03-19,EFA,72.8141,0.0017747791500595245
2024-03-20,EFA,73.5882,0.010631182696758001
2024-03-21,EFA,73.5514,-0.0005000801758977547
2024-03-22,EFA,73.3947,-0.0021304829003935266
2024-03-25,EFA,73.238,-0.0021350315485996196
2024-03-26,EFA,73.321,0.0011332914607171674
2024-03-27,EFA,73.7634,0.006033742038433765
2024-03-28,EFA,73.5975,-0.0022490828785007855
2024-04-01,EFA,73.2841,-0.004258296817147289
2024-04-02,EFA,72.768,-0.007042455321140562
2024-04-03,EFA,73.1735,0.0055725043975374255
2024-04-04,EFA,72.5469,-0.00856320935857946
2024-04-05,EFA,72.7773,0.003175876570880476
2024-04-08,EFA,73.1367,0.004938353030409237
2024-04-09,EFA,73.1274,-0.0001271591417169038
2024-04-10,EFA,72.1598,-0.013231702480875684
2024-04-11,EFA,72.3533,0.0026815484521853783
2024-04-12,EFA,71.1829,-0.01617617993927023
2024-04-15,EFA,70.9709,-0.0029782433702476574
2024-04-16,EFA,70.2706,-0.00986742453597178
2024-04-17,EFA,70.3166,0.0006546123129729242
2024-04-18,EFA,70.1231,-0.002751839537178946
2024-04-19,EFA,70.1507,0.0003935935519110423
2024-04-22,EFA,70.9709,0.011691971712327831
2024-04-23,EFA,71.7451,0.01090869638119285
2024-04-24,EFA,71.6068,-0.0019276577773253978
2024-04-25,EFA,71.2751,-0.00463224163068332
2024-04-26,EFA,71.8465,0.00801682495008782
2024-04-29,EFA,72.1229,0.0038470906724752396
2024-04-30,EFA,71.2106,-0.012649241780349985
2024-05-01,EFA,71.0539,-0.0022005150918542604
2024-05-02,EFA,72.0123,0.013488351800534426
2024-05-03,EFA,72.7312,0.009983016790187316
2024-05-06,EFA,73.2288,0.006841630551950306
2024-05-07,EFA,73.4224,0.002643768571927829
2024-05-08,EFA,73.3394,-0.0011304452047331548
2024-05-09,EFA,73.9016,0.007665729471471039
2024-05-10,EFA,74.0398,0.001870054234279106
2024-05-13,EFA,74.0398,0.0
2024-05-14,EFA,74.5928,0.007468955885888473
2024-05-15,EFA,75.3853,0.010624349803198152
2024-05-16,EFA,74.9798,-0.005379032782253379
2024-05-17,EFA,75.2379,0.0034422604488142383
2024-05-20,EFA,75.2932,0.0007350019072833724
2024-05-21,EFA,75.1734,-0.0015911131416913582
2024-05-22,EFA,74.4637,-0.009440839445867821
2024-05-23,EFA,74.0859,-0.005073613049042747
2024-05-24,EFA,74.6941,0.008209389370987141
2024-05-28,EFA,74.6665,-0.000369507096276811
2024-05-29,EFA,73.4869,-0.015798249549664134
2024-05-30,EFA,74.1043,0.008401497409742165
2024-05-31,EFA,74.8139,0.009575692638619016
2024-06-03,EFA,75.0259,0.0028336980160101888
2024-06-04,EFA,74.9338,-0.0012275760770612543
2024-06-05,EFA,75.459,0.007008853147711713
2024-06-06,EFA,75.7171,0.003420400482381236
2024-06-07,EFA,74.8969,-0.010832427549391066
2024-06-10,EFA,74.8416,-0.0007383483161519377
2024-06-11,EFA,73.9911,-0.011364000769625404
2024-06-12,EFA,74.8632,0.011786552707014897
2024-06-13,EFA,73.7942,-0.014279378920484365
2024-06-14,EFA,72.9785,-0.011053714248545399
2024-06-17,EFA,73.2691,0.003981994697068281
2024-06-18,EFA,73.5598,0.0039675661363385295
2024-06-20,EFA,73.6067,0.0006375765023831637
2024-06-21,EFA,73.091,-0.007006155689631699
2024-06-24,EFA,73.6723,0.007953099560821686
2024-06-25,EFA,73.8505,0.0024188195563323855
2024-06-26,EFA,73.3066,-0.007364879046181105
2024-06-27,EFA,73.3629,0.000768007246277902
2024-06-28,EFA,73.4473,0.0011504452523005693
2024-07-01,EFA,73.5786,0.0017876763339155222
2024-07-02,EFA,73.7567,0.0024205407550565994
2024-07-03,EFA,74.6006,0.01144167241755678
2024-07-05,EFA,75.0976,0.006662144808486703
2024-07-08,EFA,74.7225,-0.004994833390148279
2024-07-09,EFA,74.4225,-0.0040148549633644
2024-07-10,EFA,75.4726,0.014109980180724957
2024-07-11,EFA,75.6883,0.0028579908470094395
2024-07-12,EFA,76.4947,0.010654222647357603
2024-07-15,EFA,75.8196,-0.008825448037576455
2024-07-16,EFA,76.1853,0.004823291075131131
2024-07-17,EFA,75.7821,-0.005292359549676884
2024-07-18,EFA,75.0319,-0.00989943535478699
2024-07-19,EFA,74.5725,-0.006122729132542082
2024-07-22,EFA,75.3601,0.01056153407757554
2024-07-23,EFA,74.9382,-0.005598453292922967
2024-07-24,EFA,73.9911,-0.01263841405317967
2024-07-25,EFA,73.5223,-0.006335897155198444
2024-07-26,EFA,74.46,0.012753953562388398
2024-07-29,EFA,74.1318,-0.004407735697018467
2024-07-30,EFA,74.3006,0.0022770255140169837
2024-07-31,EFA,75.3507,0.014133129476747275
2024-08-01,EFA,73.3535,-0.026505394110472813
2024-08-02,EFA,72.2002,-0.01572249449583185
2024-08-05,EFA,70.6249,-0.021818499117730927
2024-08-06,EFA,70.7468,0.0017260201430373545
2024-08-07,EFA,71.0844,0.004771947282421474
2024-08-08,EFA,72.2752,0.01675191743898785
2024-08-09,EFA,72.5565,0.00389206809528031
2024-08-12,EFA,72.4909,-0.0009041229938048234
2024-08-13,EFA,73.738,0.01720353865105828
2024-08-14,EFA,74.0099,0.003687379641433175
2024-08-15,EFA,74.91,0.01216188645032612
2024-08-16,EFA,75.3226,0.005507942864771076
2024-08-19,EFA,76.2415,0.012199525773141318
2024-08-20,EFA,76.0071,-0.0030744410852358017
2024-08-21,EFA,76.7104,0.009253082935673396
2024-08-22,EFA,76.2603,-0.005867522526280755
2024-08-23,EFA,77.6574,0.018320148229157063
2024-08-26,EFA,77.3105,-0.004467056584433582
2024-08-27,EFA,77.6668,0.0046086883411695645
2024-08-28,EFA,77.3949,-0.0035008523590516205
2024-08-29,EFA,77.6855,0.003754769371108413
2024-08-30,EFA,77.8074,0.0015691473955885549
2024-09-03,EFA,76.5791,-0.015786416202058007
2024-09-04,EFA,76.2415,-0.004408513550041682
2024-09-05,EFA,76.2603,0.0002465848651980185
2024-09-06,EFA,74.8257,-0.018811885083064195
2024-09-09,EFA,75.5758,0.010024630574789084
2024-09-10,EFA,75.2007,-0.004963228970120137
2024-09-11,EFA,75.6508,0.005985316626042181
2024-09-12,EFA,76.2697,0.008181010643641518
2024-09-13,EFA,76.4478,0.002335134398063765
2024-09-16,EFA,77.0667,0.008095720216932278
2024-09-17,EFA,76.6353,-0.00559774844388039
2024-09-18,EFA,76.3916,-0.003179996685600539
2024-09-19,EFA,77.9012,0.019761335015891834
2024-09-20,EFA,77.1323,-0.00987019455412752
2024-09-23,EFA,77.423,0.0037688491073131214
2024-09-24,EFA,77.8824,0.005933637291244187
2024-09-25,EFA,77.4605,-0.005417141741908438
2024-09-26,EFA,79.167,0.022030583329567976
2024-09-27,EFA,78.6888,-0.006040395619386851
2024-09-30,EFA,78.4169,-0.003455383739490281
2024-10-01,EFA,77.8356,-0.0074129428732836455
2024-10-02,EFA,77.6762,-0.002047906099522656
2024-10-03,EFA,76.9542,-0.009294996408166112
2024-10-04,EFA,77.4042,0.005847634047264405
2024-10-07,EFA,76.9729,-0.005572049061937312
2024-10-08,EFA,76.851,-0.0015836742541854854
2024-10-09,EFA,76.8698,0.00024462921757684164
2024-10-10,EFA,76.776,-0.0012202451417852034
2024-10-11,EFA,77.1698,0.005129207043867767
2024-10-14,EFA,77.3949,0.0029169441931948814
2024-10-15,EFA,76.1103,-0.01659799289100461
2024-10-16,EFA,76.3072,0.002587034869130811
2024-10-17,EFA,76.3165,0.0001218757862955222
2024-10-18,EFA,76.8323,0.006758695694902173
2024-10-21,EFA,75.9227,-0.011838770933578657
2024-10-22,EFA,75.4914,-0.005680777949151006
2024-10-23,EFA,74.7319,-0.010060748641567141
2024-10-24,EFA,75.1538,0.00564551416463388
2024-10-25,EFA,74.9007,-0.0033677605124424748
2024-10-28,EFA,75.5008,0.008011941143407197
2024-10-29,EFA,75.2289,-0.003601286343985821
2024-10-30,EFA,74.7413,-0.006481551637735006
2024-10-31,EFA,74.2818,-0.006147872728999748
2024-11-01,EFA,74.4318,0.0020193371727663667
2024-11-04,EFA,74.4881,0.0007563971313337969
2024-11-05,EFA,75.2289,0.009945212725253949
2024-11-06,EFA,74.1412,-0.014458539205012944
2024-11-07,EFA,75.2664,0.01517644710363486
2024-11-08,EFA,74.2256,-0.013828215511835329
2024-11-11,EFA,74.2443,0.0002519346424951774
2024-11-12,EFA,72.8659,-0.018565735012654128
2024-11-13,EFA,72.4346,-0.005919092469865772
2024-11-14,EFA,72.5846,0.0020708335519212806
2024-11-15,EFA,72.3221,-0.003616469609255768
2024-11-18,EFA,72.7159,0.005445085250566528
2024-11-19,EFA,72.6221,-0.001289951716199611
2024-11-20,EFA,72.4252,-0.0027112958727439906
2024-11-21,EFA,72.444,0.00025957815787869265
2024-11-22,EFA,72.7253,0.003882999282204258
2024-11-25,EFA,73.1003,0.005156389867075228
2024-11-26,EFA,72.6784,-0.0057715221414961215
2024-11-27,EFA,73.0722,0.005418391158858782
2024-11-29,EFA,74.0474,0.013345704659227353
2024-12-02,EFA,74.2537,0.0027860532577781427
2024-12-03,EFA,74.6756,0.0056818717451117
2024-12-04,EFA,74.7319,0.0007539276550840857
2024-12-05,EFA,75.0976,0.004893492604898464
2024-12-06,EFA,75.0882,-0.00012517044486104467
2024-12-09,EFA,75.0413,-0.0006245988051384321
2024-12-10,EFA,74.3662,-0.008996379327117165
2024-12-11,EFA,74.835,0.006303939155153593
2024-12-12,EFA,74.1787,-0.008769960579942393
2024-12-13,EFA,73.9724,-0.0027811218045074027
2024-12-16,EFA,73.7286,-0.0032958238478134616
2024-12-17,EFA,73.6117,-0.0015855448224976199
2024-12-18,EFA,71.8058,-0.024532784869796487
2024-12-19,EFA,71.5777,-0.0031766236153627503
2024-12-20,EFA,71.3781,-0.0027885780068371835
2024-12-23,EFA,71.8439,0.006525811138150317
2024-12-24,EFA,72.1005,0.0035716323863264066
2024-12-26,EFA,72.4426,0.004744765986366195
2024-12-27,EFA,72.3381,-0.0014425213893483058
2024-12-30,EFA,71.8629,-0.006569152355397789
2024-12-31,EFA,71.8629,0.0
2025-01-02,EFA,71.6158,-0.0034384919061156705
2025-01-03,EFA,71.9294,0.004378921969732996
2025-01-06,EFA,72.6137,0.009513495177215336
2025-01-07,EFA,72.5567,-0.0007849758378927207
2025-01-08,EFA,72.4426,-0.0015725632505337872
2025-01-10,EFA,71.3401,-0.015218945758434854
2025-01-13,EFA,71.1405,-0.0027978654361292543
2025-01-14,EFA,71.3972,0.00360835248557434
2025-01-15,EFA,72.3096,0.012779212630187331
2025-01-16,EFA,72.6803,0.005126566873554728
2025-01-17,EFA,72.9749,0.004053367969037103
2025-01-21,EFA,74.4481,0.020187763189809083
2025-01-22,EFA,74.277,-0.0022982453548175963
2025-01-23,EFA,74.8853,0.008189614550937696
2025-01-24,EFA,75.3035,0.005584540624127721
2025-01-27,EFA,75.3035,0.0
2025-01-28,EFA,75.2084,-0.001262889507127829
2025-01-29,EFA,75.1989,-0.00012631567750409634
2025-01-30,EFA,76.0258,0.010996171486551187
2025-01-31,EFA,75.313,-0.009375764543089304
2025-02-03,EFA,74.4291,-0.011736353617569306
2025-02-04,EFA,75.294,0.011620454902719457
2025-02-05,EFA,76.0258,0.009719233936303029
2025-02-06,EFA,76.387,0.004751018733114343
2025-02-07,EFA,75.6646,-0.009457106575726293
2025-02-10,EFA,76.1779,0.006783885727275285
2025-02-11,EFA,76.539,0.004740219932552803
2025-02-12,EFA,76.8242,0.003726204941271849
2025-02-13,EFA,77.7556,0.012123783911840214
2025-02-14,EFA,77.8697,0.0014674184238818722
2025-02-18,EFA,78.4304,0.007200490049403152
2025-02-19,EFA,77.6225,-0.010300852730573906
2025-02-20,EFA,77.9837,0.0046532899610292056
2025-02-21,EFA,77.499,-0.006215401423630862
2025-02-24,EFA,77.4515,-0.0006129111343372573
2025-02-25,EFA,78.1548,0.00908052135852766
2025-02-26,EFA,78.2593,0.001337089980397943
2025-02-27,EFA,77.3754,-0.011294504295336072
2025-02-28,EFA,77.537,0.0020885190900468142
2025-03-03,EFA,78.3924,0.01103215239176114
2025-03-04,EFA,78.3734,-0.00024237043386843293
2025-03-05,EFA,80.2458,0.02389075885440728
2025-03-06,EFA,79.4189,-0.010304589149837229
2025-03-07,EFA,80.2458,0.010411879288179549
2025-03-10,EFA,78.3544,-0.02357008092635382
2025-03-11,EFA,78.0883,-0.0033961079403326266
2025-03-12,EFA,78.649,0.007180333033245612
2025-03-13,EFA,78.1263,-0.00664598405574135
2025-03-14,EFA,79.5614,0.018368974340267075
2025-03-17,EFA,80.4549,0.011230320230664503
2025-03-18,EFA,80.4454,-0.00011807857569878788
2025-03-19,EFA,80.683,0.002953556076543906
2025-03-20,EFA,80.0081,-0.008364835219315192
2025-03-21,EFA,79.5139,-0.0061768745914475565
2025-03-24,EFA,79.5044,-0.00011947596583750109
2025-03-25,EFA,79.9416,0.0054990667183199005
2025-03-26,EFA,78.9056,-0.012959460406096301
2025-03-27,EFA,79.0767,0.0021684139021818094
2025-03-28,EFA,78.3734,-0.008893896685117086
2025-03-31,EFA,77.6796,-0.008852493320437915
2025-04-01,EFA,77.7936,0.0014675667742882759
2025-04-02,EFA,77.9742,0.0023215277349293295
2025-04-03,EFA,76.3395,-0.0209646267611594
2025-04-04,EFA,71.3021,-0.06598680892591657
2025-04-07,EFA,69.5818,-0.024126919122999135
2025-04-08,EFA,69.3442,-0.003414686024219016
2025-04-09,EFA,74.6952,0.0771657903617029
2025-04-10,EFA,73.222,-0.019722820207991987
2025-04-11,EFA,75.0564,0.0250525798257355
2025-04-14,EFA,75.8642,0.010762573211611448
2025-04-15,EFA,76.5485,0.009020064799998062
2025-04-16,EFA,76.2539,-0.003848540467808026
2025-04-17,EFA,77.0808,0.01084403551818336
2025-04-21,EFA,76.6626,-0.005425475604819874
2025-04-22,EFA,78.2498,0.020703706892278628
2025-04-23,EFA,78.5635,0.0040089559334337554
2025-04-24,EFA,79.609,0.013307706504928962
2025-04-25,EFA,79.9511,0.004297252823173281
2025-04-28,EFA,80.4834,0.006657819592225778
2025-04-29,EFA,80.645,0.002007867460867674
2025-04-30,EFA,80.5499,-0.0011792423584847667
2025-05-01,EFA,80.2933,-0.0031856029616422754
2025-05-02,EFA,81.833,0.019175946187290904
2025-05-05,EFA,81.9756,0.0017425732895042234
2025-05-06,EFA,81.871,-0.001275989440760461
2025-05-07,EFA,81.5954,-0.003366271329286241
2025-05-08,EFA,81.3103,-0.003494069518624854
2025-05-09,EFA,81.7094,0.004908357243793349
2025-05-12,EFA,82.1276,0.00511813818238771
2025-05-13,EFA,82.2322,0.0012736278668803447
2025-05-14,EFA,81.833,-0.004854546029414375
2025-05-15,EFA,82.7264,0.010917356078843587
2025-05-16,EFA,82.9165,0.0022979363298778477
2025-05-19,EFA,83.7054,0.00951439098370055
2025-05-20,EFA,84.1046,0.004769106891550745
2025-05-21,EFA,83.6103,-0.005877205289603782
2025-05-22,EFA,83.5628,-0.0005681118235432159
2025-05-23,EFA,83.6769,0.0013654401240743574
2025-05-27,EFA,84.8934,0.01453806247602385
2025-05-28,EFA,83.9145,-0.011530931733208849
2025-05-29,EFA,84.2851,0.0044164000262170156
2025-05-30,EFA,84.4087,0.001466451365662369
2025-06-02,EFA,85.3116,0.010696764669992476
2025-06-03,EFA,84.6653,-0.007575757575757569
2025-06-04,EFA,85.0455,0.004490623667547489
2025-06-05,EFA,84.9885,-0.0006702294654038488
2025-06-06,EFA,85.2926,0.0035781311589213605
2025-06-09,EFA,85.2831,-0.0001113812921635926
2025-06-10,EFA,85.3972,0.0013378969573103472
2025-06-11,EFA,85.2546,-0.0016698439761491102
2025-06-12,EFA,85.9104,0.007692253555819928
2025-06-13,EFA,84.8079,-0.012833137780757564
2025-06-16,EFA,85.126,0.0037508298165618292
2025-06-17,EFA,84.0817,-0.012267697295773372
2025-06-18,EFA,84.2268,0.0017257025012575866
2025-06-20,EFA,83.4726,-0.008954394563250645
2025-06-23,EFA,84.1011,0.007529416838579328
2025-06-24,EFA,85.126,0.012186523125143456
2025-06-25,EFA,84.6619,-0.005451918332824324
2025-06-26,EFA,85.6094,0.011191574958747674
2025-06-27,EFA,86.383,0.00903639086362018
2025-06-30,EFA,86.4313,0.0005591377933158448
2025-07-01,EFA,86.2863,-0.001677632987123867
2025-07-02,EFA,86.5377,0.002913556381488158
2025-07-03,EFA,86.557,0.00022302418483510777
2025-07-07,EFA,85.6191,-0.01083563432189194
2025-07-08,EFA,86.2476,0.0073406517938170435
2025-07-09,EFA,86.8954,0.0075109336375736024
2025-07-10,EFA,86.8374,-0.0006674691640753405
2025-07-11,EFA,86.0059,-0.009575367295658332
2025-07-14,EFA,86.0059,0.0
2025-07-15,EFA,85.1067,-0.010455096685227372
2025-07-16,EFA,85.4547,0.0040889847685317005
2025-07-17,EFA,85.6771,0.0026025484847527203
2025-07-18,EFA,85.4354,-0.0028210572019827795
2025-07-21,EFA,85.8898,0.005318638409839371
2025-07-22,EFA,86.3636,0.005516370977694862
2025-07-23,EFA,88.5101,0.024854220991250786
2025-07-24,EFA,87.8527,-0.007427400940683504
2025-07-25,EFA,87.7463,-0.0012111181557310502
2025-07-28,EFA,86.3346,-0.0160884276601978
2025-07-29,EFA,86.1606,-0.0020154144456566714
2025-07-30,EFA,85.5418,-0.007181936987439852
2025-07-31,EFA,84.6232,-0.010738609662176879
2025-08-01,EFA,84.4008,-0.0026281208935610145
2025-08-04,EFA,85.5224,0.013288973564231643
2025-08-05,EFA,85.5128,-0.0001122512932285602
2025-08-06,EFA,86.0736,0.006558082532673426
2025-08-07,EFA,86.8471,0.008986495278459294
2025-08-08,EFA,87.3789,0.006123405387169045
2025-08-11,EFA,87.0114,-0.004205820856064912
2025-08-12,EFA,88.075,0.012223685631997716
2025-08-13,EFA,88.6068,0.006038035764972971
2025-08-14,EFA,88.6165,0.00010947241069536595
2025-08-15,EFA,89.1386,0.00589167931480028
2025-08-18,EFA,89.0419,-0.0010848274484903664
2025-08-19,EFA,89.0516,0.0001089374777492047
2025-08-20,EFA,89.3707,0.003583315740536941
2025-08-21,EFA,88.8099,-0.006274987216168149
2025-08-22,EFA,90.1442,0.015024225902742883
2025-08-25,EFA,88.9549,-0.013193305836648461
2025-08-26,EFA,88.8582,-0.0010870677163371534
2025-08-27,EFA,88.6455,-0.0023937014254170608
2025-08-28,EFA,88.9743,0.003709156133137048
2025-08-29,EFA,88.4521,-0.0058691105184305314
2025-09-02,EFA,87.5819,-0.009838093160026706
2025-09-03,EFA,87.7173,0.0015459815327139026
2025-09-04,EFA,88.3554,0.007274505713240176
2025-09-05,EFA,88.7519,0.004487558202441511
2025-09-08,EFA,89.6414,0.010022320648910066
2025-09-09,EFA,89.3417,-0.00334332127789172
2025-09-10,EFA,89.3223,-0.00021714384212523363
2025-09-11,EFA,90.2699,0.010608772949196377
2025-09-12,EFA,89.9122,-0.0039625611637988944
2025-09-15,EFA,90.5116,0.006666503544568991
2025-09-16,EFA,90.2602,-0.0027775445357280937
2025-09-17,EFA,89.9218,-0.0037491607596702448
2025-09-18,EFA,90.2699,0.0038711413695011743
2025-09-19,EFA,89.9218,-0.003856213422192778
2025-09-22,EFA,90.2119,0.003226136487481268
2025-09-23,EFA,90.0378,-0.0019299006006967545
2025-09-24,EFA,89.5157,-0.005798675667330944
2025-09-25,EFA,88.8776,-0.007128358489069453
2025-09-26,EFA,89.5641,0.007724105961457006
2025-09-29,EFA,89.9122,0.0038866018862468987
2025-09-30,EFA,90.2796,0.0040862085456701
2025-10-01,EFA,91.0241,0.00824660277626399
2025-10-02,EFA,91.1691,0.0015929847150368825
2025-10-03,EFA,91.933,0.008378935406842869
2025-10-06,EFA,92.1457,0.0023136414562778818
2025-10-07,EFA,91.3432,-0.008709033628264917
2025-10-08,EFA,91.6139,0.002963548463377652
2025-10-09,EFA,90.8597,-0.008232375218170995
2025-10-10,EFA,89.187,-0.01840970199109182
2025-10-13,EFA,89.9025,0.008022469642436691
2025-10-14,EFA,90.3086,0.00451711576430025
2025-10-15,EFA,90.7437,0.004817924317285449
2025-10-16,EFA,91.2175,0.005221299109469779
2025-10-17,EFA,91.3819,0.0018022857456079233
2025-10-20,EFA,92.136,0.008252181230637534
2025-10-21,EFA,91.4592,-0.007345662933055497
2025-10-22,EFA,91.3238,-0.0014804415520799363
2025-10-23,EFA,91.7493,0.004659245454087468
2025-10-24,EFA,91.8943,0.0015803935288878357
2025-10-27,EFA,92.5325,0.006944935648892203
2025-10-28,EFA,92.4938,-0.00041823143219954506
2025-10-29,EFA,91.9717,-0.00564470267196282
2025-10-30,EFA,91.5656,-0.004415488677495305
2025-10-31,EFA,91.3625,-0.0022180818997528107
2025-11-03,EFA,91.4012,0.00042358735805181347
2025-11-04,EFA,90.4633,-0.010261353242627003
2025-11-05,EFA,91.0434,0.006412545197886921
2025-11-06,EFA,90.8404,-0.0022297058326029573
2025-11-07,EFA,91.1788,0.0037252147722819373
2025-11-10,EFA,92.136,0.010498054372288346
2025-11-11,EFA,92.8129,0.0073467482851437005
2025-11-12,EFA,93.364,0.005937752187465284
2025-11-13,EFA,92.3681,-0.010666852319952125
2025-11-14,EFA,92.107,-0.0028267334718371506
2025-11-17,EFA,90.9081,-0.01301638311963249
2025-11-18,EFA,89.7284,-0.01297684144757194
2025-11-19,EFA,89.4577,-0.0030168820574086874
2025-11-20,EFA,88.2201,-0.013834471487641609
2025-11-21,EFA,89.5834,0.015453394407850318
2025-11-24,EFA,89.6608,0.0008639993570236371
2025-11-25,EFA,90.734,0.011969556372461554
2025-11-26,EFA,91.7299,0.010976039852756525
2025-11-28,EFA,92.0393,0.0033729460077902562
2025-12-01,EFA,91.5849,-0.004937021468003233
2025-12-02,EFA,91.8943,0.0033782861585260893
2025-12-03,EFA,92.3874,0.005365947615902256
2025-12-04,EFA,92.6388,0.0027211502867274806
2025-12-05,EFA,92.6388,0.0
2025-12-08,EFA,92.3487,-0.0031315172476328312
2025-12-09,EFA,92.223,-0.0013611453111954663
2025-12-10,EFA,93.248,0.011114364095724527
2025-12-11,EFA,93.7991,0.005910046328071239
2025-12-12,EFA,93.306,-0.005256980077633977
2025-12-15,EFA,93.8764,0.006113218871240944
2025-12-16,EFA,93.4413,-0.004634817696460458
2025-12-17,EFA,92.6833,-0.008112044674035923
2025-12-18,EFA,93.3429,0.007116708187990595
2025-12-19,EFA,93.9729,0.006749308195909798
2025-12-22,EFA,94.2092,0.0025145547280120972
2025-12-23,EFA,94.79,0.006165002993338442
2025-12-24,EFA,94.9081,0.001245912016035522
2025-12-26,EFA,95.0656,0.0016595000848189656
2025-12-29,EFA,94.7802,-0.003002137471388333
2025-12-30,EFA,94.9377,0.0016617394772326932
2025-12-31,EFA,94.534,-0.004252262273048535
2026-01-02,EFA,95.5283,0.010517908900501416
2026-01-05,EFA,96.621,0.011438495189383557
2026-01-06,EFA,96.7687,0.0015286531913352164
2026-01-07,EFA,96.4044,-0.0037646470397969534
2026-01-08,EFA,96.4143,0.00010269240823035375
2026-01-09,EFA,97.2707,0.008882499795154875
2026-01-12,EFA,97.8614,0.006072743385212576
2026-01-13,EFA,97.3003,-0.005733619179778882
2026-01-14,EFA,97.7531,0.004653634161456921
2026-01-15,EFA,97.7137,-0.0004030562713611685
2026-01-16,EFA,97.9795,0.0027201917438393064
2026-01-20,EFA,96.493,-0.015171540985614351
2026-01-21,EFA,97.4873,0.010304374410579076
2026-01-22,EFA,97.8712,0.0039379488405155705
2026-01-23,EFA,98.4127,0.005532781860240865
2026-01-26,EFA,98.9049,0.005001387016106529
2026-01-27,EFA,100.4996,0.01612356920637903
2026-01-28,EFA,99.4365,-0.010578151554832105
2026-01-29,EFA,100.1059,0.006731934450629362
2026-01-30,EFA,99.1707,-0.009342106708995268
2026-02-02,EFA,99.8204,0.006551330181192805
2026-02-03,EFA,99.8696,0.000492885221858419
2026-02-04,EFA,100.1945,0.0032532422278650497
2026-02-05,EFA,98.7671,-0.014246290964074926
2026-02-06,EFA,101.0115,0.022724166245642552
2026-02-09,EFA,102.37,0.013448963731852448
2026-02-10,EFA,102.6161,0.0024040246165868417
2026-02-11,EFA,103.3053,0.006716295006339079
2026-02-12,EFA,102.5276,-0.007528171352292667
2026-02-13,EFA,102.6161,0.0008631822065472416
2026-02-17,EFA,102.5965,-0.00019100316616982305
2026-02-18,EFA,102.7146,0.0011511113926887528
2026-02-19,EFA,102.4291,-0.0027795464325421904
2026-02-20,EFA,103.2659,0.008169553378873706
2026-02-23,EFA,102.8426,-0.004099126623599791
2026-02-24,EFA,103.0296,0.0018183126447599562
2026-02-25,EFA,104.014,0.009554535783891094
2026-02-26,EFA,103.9254,-0.0008518084104063295
2026-02-27,EFA,103.7384,-0.0017993676233143407
2026-03-02,EFA,101.6908,-0.01973811047789442
2026-03-03,EFA,98.5308,-0.031074590818441772
2026-03-04,EFA,99.8007,0.01288835572227165
2026-03-05,EFA,97.6153,-0.021897642000507034
2026-03-06,EFA,96.749,-0.008874633382267016
2026-03-09,EFA,97.4479,0.007223847274907325
2026-03-10,EFA,97.6744,0.0023243189437638367
2026-03-11,EFA,97.4676,-0.002117238498521634
2026-03-12,EFA,95.9418,-0.015654432857688083
2026-03-13,EFA,94.7998,-0.011903049557127288
2026-03-16,EFA,96.5718,0.018692022557009524
2026-03-17,EFA,96.8376,0.0027523562779196986
2026-03-18,EFA,95.1838,-0.017078077110543766
2026-03-19,EFA,95.0164,-0.0017587026363730107
2026-03-20,EFA,92.1321,-0.03035581225977846
2026-03-23,EFA,94.347,0.024040481004991676
2026-03-24,EFA,93.7859,-0.00594719492935647
2026-03-25,EFA,95.1542,0.014589613150804093
2026-03-26,EFA,93.1854,-0.020690626372771748
2026-03-27,EFA,92.3388,-0.009085114191708099
2026-03-30,EFA,92.6046,0.002878529935411711
2026-03-31,EFA,95.6169,0.032528621688339365
2026-04-01,EFA,97.0739,0.015237892046280566
2026-04-02,EFA,96.4734,-0.006186008803602205
2026-04-06,EFA,96.9557,0.004999305508046836
2026-04-07,EFA,96.8179,-0.001421267651102509
2026-04-08,EFA,100.5981,0.03904443289928827
2026-04-09,EFA,100.3618,-0.0023489509245204765
2026-04-10,EFA,100.5882,0.0022558383767528056
2026-04-13,EFA,101.2084,0.006165733157567077
2026-04-14,EFA,102.0255,0.008073440544460686
2026-04-15,EFA,101.7006,-0.0031844979931487938
2026-04-16,EFA,101.4053,-0.0029036210209182345
2026-04-17,EFA,102.6949,0.012717284007838003
2026-04-20,EFA,102.2913,-0.003930088056953163
2026-04-21,EFA,100.0468,-0.02194223751189006
2026-04-22,EFA,100.3815,0.0033454343367302908
2026-04-23,EFA,99.6629,-0.007158689599179202
2026-04-24,EFA,100.1846,0.005234645991637921
2026-04-27,EFA,99.8007,-0.0038319262641164364
2026-04-28,EFA,99.3872,-0.004143257512221887
2026-04-29,EFA,98.3733,-0.01020151488320431
2026-04-30,EFA,100.7261,0.02391705879542516
2026-05-01,EFA,100.5095,-0.0021503860469133107
2026-05-04,EFA,99.1313,-0.013712136663698526
2026-05-05,EFA,100.4504,0.013306594385426251
2026-05-06,EFA,103.1773,0.027146731123022017
2026-05-07,EFA,101.2872,-0.018318951940010098
2026-05-08,EFA,102.3405,0.010399142241072967
2026-05-11,EFA,102.1239,-0.0021164641564189735
2026-05-12,EFA,101.5333,-0.005783171226324213
2026-05-13,EFA,102.2125,0.00668943095516461
2026-05-14,EFA,101.8483,-0.003563164974929811
2026-05-15,EFA,100.1354,-0.016818150131126308
2026-05-18,EFA,101.0608,0.00924148702656602
2026-05-19,EFA,100.3323,-0.007208531893671877
2026-05-20,EFA,102.0058,0.016679573776341217
2026-05-21,EFA,102.5669,0.005500667609096732
2026-05-22,EFA,102.3602,-0.002015270033509764
2026-05-26,EFA,103.4923,0.011059962758962927
2026-05-27,EFA,103.1379,-0.003424409352193347
2026-05-28,EFA,103.0591,-0.0007640256394594314
2026-05-29,EFA,103.1674,0.0010508533453135183
2026-06-01,EFA,102.813,-0.003435193675521475
2026-06-02,EFA,103.384,0.005553772382869804
2026-06-03,EFA,102.498,-0.008569991488044493
2026-06-04,EFA,103.3151,0.007971862865616908
2026-06-05,EFA,100.667,-0.02563129687722321
2026-06-08,EFA,101.2773,0.006062562706745878
2026-06-09,EFA,101.297,0.00019451545410476
2026-06-10,EFA,99.9877,-0.012925358105373208
2026-06-11,EFA,103.0985,0.03111182675469082
2026-06-12,EFA,103.384,0.002769196448056954
2026-06-15,EFA,104.08,0.006732182929660269
2026-06-16,EFA,104.31,0.0022098385857034497
2026-06-17,EFA,103.78,-0.005081008532259568
2026-06-18,EFA,104.41,0.006070533821545432
2026-06-22,EFA,104.58,0.001628196532899251
2026-06-23,EFA,102.46,-0.0202715624402372
2026-06-24,EFA,102.26,-0.0019519812609797293
2026-06-25,EFA,103.15,0.008703305300215236
2026-06-26,EFA,102.54,-0.005913717886572911
2026-06-29,EFA,103.45,0.0088745855275989
2026-06-30,EFA,103.88,0.004156597390043482
2026-07-01,EFA,103.02,-0.008278783211397744
2026-07-02,EFA,104.37,0.013104251601630867
2026-07-06,EFA,105.46,0.010443614065344331
2026-07-07,EFA,104.16,-0.012326948606106503
2026-07-08,EFA,103.36,-0.007680491551459223
2026-07-09,EFA,103.92,0.005417956656346812
2026-07-10,EFA,104.33,0.003945342571208599
2026-07-13,EFA,103.24,-0.010447618134764691
2026-07-14,EFA,103.96,0.006974041069352843
2026-07-15,EFA,104.65,0.006637168141593097
2026-07-16,EFA,103.81,-0.008026755852842848
2026-07-17,EFA,103.33,-0.004623832000770656
2026-07-20,EFA,102.57,-0.007355075970192582
2026-07-21,EFA,104.06,0.01452666471677877
2026-07-22,EFA,104.25,0.0018258696905630867
2026-07-23,EFA,102.9,-0.012949640287769681
2026-07-24,EFA,103.41,0.004956268221574245
2026-07-27,EFA,103.91,0.004835122328594954
2026-07-28,EFA,103.89,-0.00019247425656809813
2026-07-29,EFA,103.37,-0.005005294061026011
2026-07-30,EFA,106.24,0.02776434168520847
2026-07-31,EFA,105.58,-0.0062123493975903
2026-08-03,EFA,106.02,0.004167455957567734
2026-08-04,EFA,107.32,0.012261837389171859
2026-08-05,EFA,107.43,0.0010249720462169876
2026-08-06,EFA,107.36,-0.0006515870799591594
2026-08-07,EFA,108.55,0.011084202682563271
2026-08-10,EFA,108.01,-0.00497466605251029
2026-08-11,EFA,108.09,0.0007406721599851895
2026-08-12,EFA,108.5,0.0037931353501712284
2026-08-13,EFA,108.69,0.0017511520737327757
2026-08-14,EFA,108.64,-0.0004600239212438906
2026-08-17,EFA,108.45,-0.0017488954344624386
2026-08-18,EFA,107.27,-0.01088059013370224
2026-08-19,EFA,107.66,0.003635685653025078
2026-08-20,EFA,107.35,-0.0028794352591492434
2026-08-21,EFA,108.24,0.008290638099673897
2026-08-24,EFA,108.03,-0.001940133037693914
2026-08-25,EFA,108.81,0.0072202166064982976
2026-08-26,EFA,108.27,-0.00496277915632759
2026-08-27,EFA,108.02,-0.002309042209291623
2026-08-28,EFA,107.72,-0.002777263469727842
2026-08-31,EFA,107.45,-0.0025064983290010723
2026-09-01,EFA,106.49,-0.008934388087482592
2026-09-02,EFA,107.06,0.005352615269039518
2026-09-03,EFA,108.21,0.010741640201755942
2026-09-04,EFA,108.35,0.0012937806117734318
2026-09-08,EFA,107.76,-0.005445316105214482
2026-09-09,EFA,106.56,-0.011135857461024523
2026-09-10,EFA,105.66,-0.008445945945946054
2026-09-11,EFA,106.7,0.00984289229604407
2026-09-14,EFA,105.85,-0.007966260543580184
2026-09-15,EFA,105.4,-0.004251299008030118
2026-09-16,EFA,105.02,-0.003605313092979179
2026-09-17,EFA,106.04,0.009712435726528357
2026-09-18,EFA,104.97,-0.010090531874764275
2026-09-21,EFA,106.13,0.011050776412308227
2026-09-23,EFA,104.8,-0.012531800621878864
2026-09-24,EFA,104.5,-0.002862595419847347
2021-09-27,GLD,163.64,
2021-09-28,GLD,162.05,-0.00971645074553884
2021-09-29,GLD,161.32,-0.004504782474544999
2021-09-30,GLD,164.22,0.017976692288618867
2021-10-01,GLD,164.59,0.0022530751431006912
2021-10-04,GLD,165.36,0.004678291512242527
2021-10-05,GLD,164.59,-0.004656507014997646
2021-10-06,GLD,165.03,0.002673309435567095
2021-10-07,GLD,164.16,-0.0052717687693146775
2021-10-08,GLD,164.23,0.0004264132553606359
2021-10-11,GLD,163.92,-0.001887596663216251
2021-10-12,GLD,164.66,0.004514397266959458
2021-10-13,GLD,167.59,0.017794242681890005
2021-10-14,GLD,168.0,0.0024464466853630906
2021-10-15,GLD,165.33,-0.015892857142857042
2021-10-18,GLD,164.92,-0.002479888707433764
2021-10-19,GLD,165.45,0.0032136793596895252
2021-10-20,GLD,166.9,0.008763977032336223
2021-10-21,GLD,166.75,-0.0008987417615339277
2021-10-22,GLD,167.77,0.006116941529235476
2021-10-25,GLD,168.93,0.006914227811885221
2021-10-26,GLD,167.68,-0.007399514591842737
2021-10-27,GLD,168.12,0.002624045801526753
2021-10-28,GLD,168.08,-0.00023792529145838515
2021-10-29,GLD,166.65,-0.008507853403141419
2021-11-01,GLD,167.52,0.005220522052205245
2021-11-02,GLD,167.16,-0.0021489971346705383
2021-11-03,GLD,165.77,-0.008315386456089868
2021-11-04,GLD,167.65,0.011341014658864612
2021-11-05,GLD,169.84,0.013062928720548816
2021-11-08,GLD,170.45,0.003591615638247614
2021-11-09,GLD,171.29,0.0049281314168379
2021-11-10,GLD,173.15,0.01085877751182207
2021-11-11,GLD,174.12,0.005602079122148496
2021-11-12,GLD,174.45,0.0018952446588558214
2021-11-15,GLD,174.18,-0.0015477214101460302
2021-11-16,GLD,172.92,-0.007233895969686599
2021-11-17,GLD,174.5,0.009137173259310627
2021-11-18,GLD,173.94,-0.003209169054441241
2021-11-19,GLD,172.61,-0.007646314821202593
2021-11-22,GLD,168.74,-0.022420485487515185
2021-11-23,GLD,167.28,-0.008652364584567973
2021-11-24,GLD,167.12,-0.0009564801530368428
2021-11-26,GLD,166.85,-0.0016156055528961932
2021-11-29,GLD,166.62,-0.0013784836679652246
2021-11-30,GLD,165.5,-0.0067218821269955376
2021-12-01,GLD,166.16,0.003987915407855036
2021-12-02,GLD,165.24,-0.005536831969186307
2021-12-03,GLD,166.63,0.008412006778019787
2021-12-06,GLD,166.22,-0.002460541319090126
2021-12-07,GLD,166.81,0.0035495126940199295
2021-12-08,GLD,166.9,0.0005395359990407744
2021-12-09,GLD,165.88,-0.00611144397843022
2021-12-10,GLD,166.58,0.004219918013021573
2021-12-13,GLD,167.0,0.002521311081762345
2021-12-14,GLD,165.44,-0.009341317365269441
2021-12-15,GLD,166.15,0.004291586073501108
2021-12-16,GLD,168.16,0.012097502256996684
2021-12-17,GLD,167.8,-0.002140818268315803
2021-12-20,GLD,167.09,-0.004231227651966707
2021-12-21,GLD,167.02,-0.00041893590280683846
2021-12-22,GLD,168.59,0.009400071847682767
2021-12-23,GLD,168.97,0.002253988967317211
2021-12-27,GLD,169.37,0.0023672841332780248
2021-12-28,GLD,168.64,-0.004310090334770145
2021-12-29,GLD,168.59,-0.0002964895635673148
2021-12-30,GLD,169.8,0.007177175395931101
2021-12-31,GLD,170.96,0.006831566548880952
2022-01-03,GLD,168.33,-0.015383715489003302
2022-01-04,GLD,169.57,0.007366482504604033
2022-01-05,GLD,169.06,-0.0030076074777377615
2022-01-06,GLD,166.99,-0.012244173666153935
2022-01-07,GLD,167.75,0.004551170728786191
2022-01-10,GLD,168.26,0.003040238450074506
2022-01-11,GLD,170.29,0.012064661832877688
2022-01-12,GLD,170.74,0.002642550942509869
2022-01-13,GLD,170.16,-0.003396977861075401
2022-01-14,GLD,169.67,-0.0028796426892336857
2022-01-18,GLD,169.39,-0.0016502622738256978
2022-01-19,GLD,172.08,0.015880512426943882
2022-01-20,GLD,171.65,-0.0024988377498837977
2022-01-21,GLD,171.09,-0.003262452665307336
2022-01-24,GLD,172.03,0.00549418434741944
2022-01-25,GLD,172.58,0.003197116781956666
2022-01-26,GLD,169.79,-0.01616641557538545
2022-01-27,GLD,167.6,-0.012898286118145919
2022-01-28,GLD,167.1,-0.002983293556085953
2022-01-31,GLD,168.09,0.005924596050269404
2022-02-01,GLD,168.23,0.0008328871437919272
2022-02-02,GLD,168.84,0.0036259882303988356
2022-02-03,GLD,168.6,-0.001421464108031345
2022-02-04,GLD,168.86,0.0015421115065243907
2022-02-07,GLD,170.11,0.007402582020608728
2022-02-08,GLD,170.63,0.0030568455705131115
2022-02-09,GLD,171.21,0.003399167789954971
2022-02-10,GLD,170.56,-0.0037965072133637756
2022-02-11,GLD,173.81,0.019054878048780477
2022-02-14,GLD,174.74,0.005350670272136204
2022-02-15,GLD,173.08,-0.009499828316355763
2022-02-16,GLD,174.86,0.0102842616131269
2022-02-17,GLD,177.25,0.013668077318997884
2022-02-18,GLD,177.12,-0.0007334273624823862
2022-02-22,GLD,177.49,0.0020889792231255644
2022-02-23,GLD,178.29,0.004507296185700449
2022-02-24,GLD,177.14,-0.006450165460766155
2022-02-25,GLD,176.55,-0.003330698882239913
2022-02-28,GLD,178.38,0.01036533559898034
2022-03-01,GLD,181.62,0.01816347124117068
2022-03-02,GLD,179.73,-0.010406342913776068
2022-03-03,GLD,180.8,0.005953374506203923
2022-03-04,GLD,183.68,0.015929203539823078
2022-03-07,GLD,186.41,0.014862804878048808
2022-03-08,GLD,191.51,0.027359047261412917
2022-03-09,GLD,185.82,-0.029711242232781543
2022-03-10,GLD,186.4,0.0031213001829728526
2022-03-11,GLD,185.09,-0.0070278969957081605
2022-03-14,GLD,182.3,-0.015073747906423907
2022-03-15,GLD,178.89,-0.01870543060888663
2022-03-16,GLD,180.01,0.006260830678070262
2022-03-17,GLD,180.89,0.004888617299039
2022-03-18,GLD,179.3,-0.008789872298081591
2022-03-21,GLD,180.67,0.007640825432236431
2022-03-22,GLD,179.36,-0.007250788730835067
2022-03-23,GLD,181.81,0.013659678858162216
2022-03-24,GLD,183.13,0.0072603267147022255
2022-03-25,GLD,182.38,-0.004095451318735344
2022-03-28,GLD,179.06,-0.018203750411229236
2022-03-29,GLD,179.14,0.00044677761644140723
2022-03-30,GLD,180.58,0.008038405716199737
2022-03-31,GLD,180.65,0.00038763982722334056
2022-04-01,GLD,179.5,-0.006365900913368416
2022-04-04,GLD,180.37,0.004846796657381747
2022-04-05,GLD,179.24,-0.006264899927925893
2022-04-06,GLD,179.66,0.002343226958268163
2022-04-07,GLD,180.34,0.0037849270844929617
2022-04-08,GLD,181.47,0.006265942109348943
2022-04-11,GLD,182.37,0.004959497437593052
2022-04-12,GLD,183.77,0.007676701211822179
2022-04-13,GLD,184.65,0.0047885944387005
2022-04-14,GLD,184.04,-0.0033035472515571263
2022-04-18,GLD,184.61,0.0030971527928711495
2022-04-19,GLD,181.82,-0.015112940794106633
2022-04-20,GLD,182.71,0.004894951050489649
2022-04-21,GLD,182.06,-0.003557550216189642
2022-04-22,GLD,180.29,-0.009722069647369103
2022-04-25,GLD,177.05,-0.0179710466470685
2022-04-26,GLD,177.32,0.0015249929398473139
2022-04-27,GLD,175.98,-0.007556959169862432
2022-04-28,GLD,176.93,0.005398340720536465
2022-04-29,GLD,176.91,-0.00011303905499360223
2022-05-02,GLD,173.63,-0.01854050081962577
2022-05-03,GLD,174.09,0.002649311754881145
2022-05-04,GLD,175.8,0.009822505600551423
2022-05-05,GLD,175.13,-0.0038111490329921782
2022-05-06,GLD,175.42,0.0016559127505282323
2022-05-09,GLD,172.88,-0.014479534830691976
2022-05-10,GLD,171.42,-0.008445164275798334
2022-05-11,GLD,172.82,0.008167075020417691
2022-05-12,GLD,170.17,-0.015333873394283049
2022-05-13,GLD,168.79,-0.008109537521302168
2022-05-16,GLD,170.4,0.0095384797677589
2022-05-17,GLD,169.33,-0.006279342723004677
2022-05-18,GLD,169.42,0.0005315065257187612
2022-05-19,GLD,171.91,0.01469720221933657
2022-05-20,GLD,172.03,0.000698039671921391
2022-05-23,GLD,172.83,0.004650351682845999
2022-05-24,GLD,174.13,0.007521842272753432
2022-05-25,GLD,173.08,-0.0060299776029402175
2022-05-26,GLD,172.76,-0.0018488560203375748
2022-05-27,GLD,172.85,0.0005209539245196737
2022-05-31,GLD,171.14,-0.00989297078391671
2022-06-01,GLD,172.23,0.006369054575201538
2022-06-02,GLD,174.35,0.01230912152354402
2022-06-03,GLD,172.58,-0.010151993117292646
2022-06-06,GLD,171.82,-0.004403754780391789
2022-06-07,GLD,172.94,0.006518449540216631
2022-06-08,GLD,172.78,-0.0009251763617439401
2022-06-09,GLD,172.23,-0.0031832388007871915
2022-06-10,GLD,174.54,0.013412297509144855
2022-06-13,GLD,169.93,-0.026412283717199392
2022-06-14,GLD,168.57,-0.00800329547460732
2022-06-15,GLD,170.77,0.01305095805896661
2022-06-16,GLD,172.69,0.011243192598231477
2022-06-17,GLD,171.27,-0.008222827031096114
2022-06-21,GLD,170.63,-0.0037367898639575348
2022-06-22,GLD,171.31,0.003985231202016104
2022-06-23,GLD,170.26,-0.0061292393905785225
2022-06-24,GLD,170.09,-0.0009984729237635381
2022-06-27,GLD,169.9,-0.0011170556764066308
2022-06-28,GLD,169.62,-0.001648028251912903
2022-06-29,GLD,169.49,-0.000766419054356815
2022-06-30,GLD,168.46,-0.00607705469349229
2022-07-01,GLD,168.32,-0.0008310578178797323
2022-07-05,GLD,164.75,-0.021209600760456193
2022-07-06,GLD,162.14,-0.015842185128983388
2022-07-07,GLD,162.23,0.0005550758603676265
2022-07-08,GLD,162.3,0.00043148616162258513
2022-07-11,GLD,161.43,-0.005360443622920541
2022-07-12,GLD,160.83,-0.0037167812674223644
2022-07-13,GLD,161.6,0.004787663993035984
2022-07-14,GLD,159.33,-0.014047029702970226
2022-07-15,GLD,159.01,-0.002008410217787082
2022-07-18,GLD,159.16,0.0009433368970506173
2022-07-19,GLD,159.54,0.002387534556421267
2022-07-20,GLD,158.04,-0.009402030838661202
2022-07-21,GLD,160.27,0.014110351809668575
2022-07-22,GLD,160.67,0.002495788357147255
2022-07-25,GLD,160.23,-0.002738532395593407
2022-07-26,GLD,160.04,-0.001185795419085034
2022-07-27,GLD,161.67,0.010184953761559479
2022-07-28,GLD,163.64,0.012185315766685134
2022-07-29,GLD,164.1,0.0028110486433634563
2022-08-01,GLD,165.03,0.005667276051188441
2022-08-02,GLD,164.05,-0.005938314245894638
2022-08-03,GLD,164.45,0.0024382810118865894
2022-08-04,GLD,167.17,0.016539981757373035
2022-08-05,GLD,165.29,-0.011246036968355577
2022-08-08,GLD,166.69,0.008469961885171573
2022-08-09,GLD,167.2,0.0030595716599675082
2022-08-10,GLD,166.78,-0.00251196172248791
2022-08-11,GLD,166.34,-0.002638206019906497
2022-08-12,GLD,167.87,0.00919802813514492
2022-08-15,GLD,165.71,-0.01286709954131171
2022-08-16,GLD,165.42,-0.0017500452597912775
2022-08-17,GLD,164.35,-0.006468383508644648
2022-08-18,GLD,163.92,-0.0026163675083663573
2022-08-19,GLD,162.72,-0.007320644216690986
2022-08-22,GLD,161.64,-0.006637168141592986
2022-08-23,GLD,162.77,0.006990843850532169
2022-08-24,GLD,163.25,0.00294894636603793
2022-08-25,GLD,163.75,0.003062787136294043
2022-08-26,GLD,161.76,-0.012152671755725208
2022-08-29,GLD,161.86,0.0006181998021761448
2022-08-30,GLD,160.51,-0.008340541208451846
2022-08-31,GLD,159.27,-0.0077253753660206925
2022-09-01,GLD,157.87,-0.008790104853393599
2022-09-02,GLD,159.26,0.008804712738328835
2022-09-06,GLD,158.33,-0.005839507723219728
2022-09-07,GLD,159.94,0.010168635129160553
2022-09-08,GLD,158.98,-0.006002250844066581
2022-09-09,GLD,159.82,0.005283683482198986
2022-09-12,GLD,160.63,0.005068201726942778
2022-09-13,GLD,158.54,-0.013011268131731368
2022-09-14,GLD,157.93,-0.0038476094361044044
2022-09-15,GLD,154.98,-0.01867916165389738
2022-09-16,GLD,155.84,0.005549103110078724
2022-09-19,GLD,155.96,0.0007700205338809774
2022-09-20,GLD,155.07,-0.005706591433701003
2022-09-21,GLD,155.79,0.004643064422518828
2022-09-22,GLD,155.7,-0.0005777007510110455
2022-09-23,GLD,153.01,-0.01727681438664097
2022-09-26,GLD,151.23,-0.01163322658649757
2022-09-27,GLD,151.54,0.0020498578324406047
2022-09-28,GLD,154.69,0.020786590999076093
2022-09-29,GLD,154.66,-0.00019393625961605654
2022-09-30,GLD,154.67,6.465795939480934e-05
2022-10-03,GLD,158.43,0.02430982090903222
2022-10-04,GLD,160.7,0.014328094426560467
2022-10-05,GLD,159.81,-0.005538270068450424
2022-10-06,GLD,159.63,-0.0011263375258119268
2022-10-07,GLD,157.88,-0.010962851594311873
2022-10-10,GLD,155.48,-0.015201418799087985
2022-10-11,GLD,155.16,-0.0020581425263699327
2022-10-12,GLD,155.99,0.005349316834235784
2022-10-13,GLD,154.91,-0.0069235207385089925
2022-10-14,GLD,152.98,-0.012458847072493784
2022-10-17,GLD,153.42,0.002876192966400737
2022-10-18,GLD,153.75,0.002150958154086835
2022-10-19,GLD,151.69,-0.013398373983739886
2022-10-20,GLD,151.45,-0.0015821741710067005
2022-10-21,GLD,154.15,0.017827665896335443
2022-10-24,GLD,153.65,-0.003243593902043429
2022-10-25,GLD,154.0,0.00227790432801811
2022-10-26,GLD,154.98,0.006363636363636349
2022-10-27,GLD,154.74,-0.0015485869144404862
2022-10-28,GLD,153.16,-0.010210675972599281
2022-10-31,GLD,151.91,-0.00816139984330111
2022-11-01,GLD,153.46,0.010203409913764894
2022-11-02,GLD,152.39,-0.0069725009774535
2022-11-03,GLD,151.81,-0.0038060240173238835
2022-11-04,GLD,156.47,0.030696265068177242
2022-11-07,GLD,155.85,-0.00396242091135679
2022-11-08,GLD,159.45,0.023099133782483072
2022-11-09,GLD,158.65,-0.005017246785826157
2022-11-10,GLD,163.48,0.030444374409076547
2022-11-11,GLD,164.56,0.006606312698801187
2022-11-14,GLD,164.92,0.002187651920272149
2022-11-15,GLD,165.5,0.0035168566577734595
2022-11-16,GLD,165.12,-0.0022960725075528154
2022-11-17,GLD,163.92,-0.00726744186046524
2022-11-18,GLD,162.79,-0.006893606637384031
2022-11-21,GLD,161.88,-0.005590023957245505
2022-11-22,GLD,162.07,0.0011737089201877549
2022-11-23,GLD,163.08,0.006231875115690899
2022-11-25,GLD,163.22,0.0008584743684081353
2022-11-28,GLD,161.93,-0.007903443205489524
2022-11-29,GLD,162.73,0.004940406348421966
2022-11-30,GLD,164.81,0.0127819086830947
2022-12-01,GLD,167.84,0.018384806747163474
2022-12-02,GLD,167.26,-0.003455672068636839
2022-12-05,GLD,164.39,-0.017158914265215874
2022-12-06,GLD,164.84,0.0027373927854492663
2022-12-07,GLD,166.33,0.009039068187333132
2022-12-08,GLD,166.47,0.000841700234473608
2022-12-09,GLD,167.06,0.0035441821349191382
2022-12-12,GLD,165.68,-0.008260505207709823
2022-12-13,GLD,168.51,0.017081120231771996
2022-12-14,GLD,168.1,-0.0024330900243308973
2022-12-15,GLD,165.35,-0.016359309934562805
2022-12-16,GLD,166.79,0.008708799516177868
2022-12-19,GLD,166.32,-0.002817914743090122
2022-12-20,GLD,169.08,0.016594516594516717
2022-12-21,GLD,168.8,-0.0016560208185474323
2022-12-22,GLD,166.76,-0.012085308056872135
2022-12-23,GLD,167.26,0.0029983209402735245
2022-12-27,GLD,168.67,0.008429989238311508
2022-12-28,GLD,167.91,-0.004505839805537426
2022-12-29,GLD,168.85,0.0055982371508545015
2022-12-30,GLD,169.64,0.004678708913236518
2023-01-03,GLD,171.06,0.00837066729544933
2023-01-04,GLD,172.67,0.009411902256518001
2023-01-05,GLD,170.52,-0.012451497075345874
2023-01-06,GLD,173.71,0.018707482993197244
2023-01-09,GLD,174.1,0.0022451211789764614
2023-01-10,GLD,174.74,0.003676048248133279
2023-01-11,GLD,174.62,-0.0006867345770860123
2023-01-12,GLD,176.64,0.011567976176841022
2023-01-13,GLD,178.76,0.012001811594202882
2023-01-17,GLD,177.59,-0.006545088386663567
2023-01-18,GLD,177.08,-0.0028717833211329147
2023-01-19,GLD,179.89,0.01586853399593391
2023-01-20,GLD,179.29,-0.0033353716159875146
2023-01-23,GLD,179.63,0.0018963690110993525
2023-01-24,GLD,180.28,0.0036185492401046293
2023-01-25,GLD,181.11,0.0046039494120257984
2023-01-26,GLD,179.47,-0.009055270277731897
2023-01-27,GLD,179.22,-0.001392990471945188
2023-01-30,GLD,178.76,-0.0025666778261355105
2023-01-31,GLD,179.41,0.0036361602148131666
2023-02-01,GLD,181.67,0.012596845214870811
2023-02-02,GLD,177.9,-0.020751912808939177
2023-02-03,GLD,173.46,-0.024957841483979726
2023-02-06,GLD,173.82,0.0020754064337598077
2023-02-07,GLD,173.98,0.0009204924634680367
2023-02-08,GLD,174.41,0.0024715484538453403
2023-02-09,GLD,173.03,-0.007912390344590348
2023-02-10,GLD,173.36,0.001907183725365691
2023-02-13,GLD,172.48,-0.005076142131979822
2023-02-14,GLD,172.61,0.000753710575139177
2023-02-15,GLD,170.89,-0.009964660216673638
2023-02-16,GLD,170.75,-0.0008192404470711567
2023-02-17,GLD,171.26,0.002986822840409964
2023-02-21,GLD,170.62,-0.003737008057923541
2023-02-22,GLD,169.66,-0.00562653850662298
2023-02-23,GLD,169.57,-0.0005304727101261841
2023-02-24,GLD,168.35,-0.0071946688683139914
2023-02-27,GLD,169.01,0.0039204039204039365
2023-02-28,GLD,169.78,0.0045559434352997474
2023-03-01,GLD,170.76,0.0057721757568618415
2023-03-02,GLD,170.66,-0.0005856172405714899
2023-03-03,GLD,172.49,0.010723075120121939
2023-03-06,GLD,171.62,-0.005043770653371249
2023-03-07,GLD,168.62,-0.017480480130520948
2023-03-08,GLD,168.54,-0.0004744395682600988
2023-03-09,GLD,170.2,0.009849293936157633
2023-03-10,GLD,173.87,0.021562867215041193
2023-03-13,GLD,177.86,0.022948179674469493
2023-03-14,GLD,176.83,-0.005791071629371425
2023-03-15,GLD,178.21,0.007804105638183456
2023-03-16,GLD,178.57,0.002020088659446584
2023-03-17,GLD,183.77,0.029120232961863834
2023-03-20,GLD,183.84,0.00038091092126024684
2023-03-21,GLD,180.37,-0.018875108790252337
2023-03-22,GLD,183.44,0.01702056883073677
2023-03-23,GLD,185.74,0.012538159616223288
2023-03-24,GLD,183.65,-0.011252288144718459
2023-03-27,GLD,181.95,-0.009256738361012928
2023-03-28,GLD,183.44,0.008189062929376156
2023-03-29,GLD,182.53,-0.004960750109027412
2023-03-30,GLD,184.18,0.009039609927135261
2023-03-31,GLD,183.22,-0.005212292322727796
2023-04-03,GLD,184.54,0.0072044536622639654
2023-04-04,GLD,187.98,0.018640945052563085
2023-04-05,GLD,187.83,-0.0007979572294923853
2023-04-06,GLD,186.49,-0.00713411063195446
2023-04-10,GLD,185.11,-0.007399860582336881
2023-04-11,GLD,186.28,0.006320566149856877
2023-04-12,GLD,187.19,0.004885119175434882
2023-04-13,GLD,189.72,0.01351567925637065
2023-04-14,GLD,186.36,-0.017710309930423662
2023-04-17,GLD,185.53,-0.004453745438935508
2023-04-18,GLD,186.25,0.0038807739988142576
2023-04-19,GLD,185.36,-0.0047785234899327955
2023-04-20,GLD,186.09,0.003938282261545023
2023-04-21,GLD,184.25,-0.009887688752754031
2023-04-24,GLD,184.81,0.0030393487109905415
2023-04-25,GLD,185.75,0.005086304853633372
2023-04-26,GLD,184.74,-0.005437415881561214
2023-04-27,GLD,184.75,5.4130128829710245e-05
2023-04-28,GLD,184.8,0.0002706359945874315
2023-05-01,GLD,183.97,-0.004491341991342046
2023-05-02,GLD,187.52,0.019296624449638644
2023-05-03,GLD,189.11,0.008479095563139971
2023-05-04,GLD,190.44,0.007032943789328838
2023-05-05,GLD,187.46,-0.015647973114891744
2023-05-08,GLD,187.69,0.001226928411394379
2023-05-09,GLD,189.02,0.007086152698598802
2023-05-10,GLD,188.75,-0.0014284202729870632
2023-05-11,GLD,187.13,-0.008582781456953681
2023-05-12,GLD,186.81,-0.0017100411478651045
2023-05-15,GLD,187.21,0.0021412129971629668
2023-05-16,GLD,184.87,-0.012499332300624943
2023-05-17,GLD,184.23,-0.0034618921404230285
2023-05-18,GLD,181.84,-0.012972914291917603
2023-05-19,GLD,183.64,0.009898812142542734
2023-05-22,GLD,183.21,-0.002341537791330728
2023-05-23,GLD,183.43,0.0012008078161671598
2023-05-24,GLD,181.95,-0.008068472986970554
2023-05-25,GLD,180.2,-0.00961802693047542
2023-05-26,GLD,180.92,0.0039955604883463725
2023-05-30,GLD,182.04,0.006190581472474088
2023-05-31,GLD,182.32,0.001538123489343013
2023-06-01,GLD,183.76,0.007898200965335667
2023-06-02,GLD,181.05,-0.014747496734871413
2023-06-05,GLD,182.14,0.006020436343551427
2023-06-06,GLD,182.34,0.0010980564401010806
2023-06-07,GLD,180.15,-0.012010529779532764
2023-06-08,GLD,182.53,0.013211212878156964
2023-06-09,GLD,182.04,-0.0026844902207856514
2023-06-12,GLD,181.88,-0.0008789277081959757
2023-06-13,GLD,180.54,-0.007367495051682438
2023-06-14,GLD,180.64,0.0005538938739337862
2023-06-15,GLD,181.91,0.007030558015943322
2023-06-16,GLD,181.63,-0.0015392226925402541
2023-06-20,GLD,179.75,-0.010350712987942545
2023-06-21,GLD,179.49,-0.001446453407510373
2023-06-22,GLD,177.71,-0.009916987018775414
2023-06-23,GLD,178.2,0.0027573012210904135
2023-06-26,GLD,178.51,0.001739618406285004
2023-06-27,GLD,177.69,-0.004593580191585844
2023-06-28,GLD,177.28,-0.0023073892734537527
2023-06-29,GLD,177.09,-0.001071750902527091
2023-06-30,GLD,178.27,0.006663278558924901
2023-07-03,GLD,178.47,0.0011218937566612741
2023-07-05,GLD,177.84,-0.0035300050428642704
2023-07-06,GLD,177.31,-0.0029802069275753906
2023-07-07,GLD,178.64,0.007500986971969992
2023-07-10,GLD,178.78,0.0007836990595611049
2023-07-11,GLD,179.45,0.003747622776596904
2023-07-12,GLD,181.88,0.013541376427974372
2023-07-13,GLD,182.01,0.0007147569826257971
2023-07-14,GLD,181.43,-0.003186638096807748
2023-07-17,GLD,181.56,0.0007165297911040369
2023-07-18,GLD,183.64,0.011456267900418426
2023-07-19,GLD,183.67,0.0001633631017208259
2023-07-20,GLD,182.74,-0.005063428975880524
2023-07-21,GLD,182.18,-0.003064463171719378
2023-07-24,GLD,181.4,-0.0042814798550884214
2023-07-25,GLD,182.41,0.005567805953693439
2023-07-26,GLD,183.3,0.00487911846938216
2023-07-27,GLD,180.42,-0.01571194762684136
2023-07-28,GLD,181.86,0.007981376787495886
2023-07-31,GLD,182.35,0.00269438029253255
2023-08-01,GLD,180.46,-0.010364683301343547
2023-08-02,GLD,179.6,-0.0047655990247147395
2023-08-03,GLD,179.54,-0.00033407572383070683
2023-08-04,GLD,180.19,0.0036203631502729205
2023-08-07,GLD,179.78,-0.0022753759920084438
2023-08-08,GLD,178.64,-0.006341083546556936
2023-08-09,GLD,177.79,-0.004758172861621057
2023-08-10,GLD,177.6,-0.0010686765284886324
2023-08-11,GLD,177.6,0.0
2023-08-14,GLD,177.06,-0.0030405405405404817
2023-08-15,GLD,176.59,-0.0026544674121766754
2023-08-16,GLD,175.57,-0.005776091511410675
2023-08-17,GLD,175.3,-0.0015378481517343001
2023-08-18,GLD,175.33,0.00017113519680544975
2023-08-21,GLD,175.81,0.002737694632977794
2023-08-22,GLD,176.1,0.0016495079915817001
2023-08-23,GLD,177.89,0.010164679159568424
2023-08-24,GLD,177.85,-0.00022485805835059658
2023-08-25,GLD,177.62,-0.0012932246274950376
2023-08-28,GLD,178.13,0.0028712982772209905
2023-08-29,GLD,179.87,0.009768146859035598
2023-08-30,GLD,180.32,0.0025018068605102695
2023-08-31,GLD,180.02,-0.0016637089618455336
2023-09-01,GLD,180.11,0.0004999444506166295
2023-09-05,GLD,178.64,-0.008161678973960473
2023-09-06,GLD,177.83,-0.004534258844603567
2023-09-07,GLD,178.02,0.0010684361468817904
2023-09-08,GLD,178.08,0.0003370407819345278
2023-09-11,GLD,178.41,0.0018530997304582186
2023-09-12,GLD,177.49,-0.005156661622106262
2023-09-13,GLD,177.08,-0.002309989295171566
2023-09-14,GLD,177.17,0.0005082448610795876
2023-09-15,GLD,178.34,0.006603826832985327
2023-09-18,GLD,179.39,0.005887630368958119
2023-09-19,GLD,179.22,-0.000947655945147341
2023-09-20,GLD,179.35,0.0007253654726033787
2023-09-21,GLD,178.05,-0.00724839698912727
2023-09-22,GLD,178.62,0.0032013479359729313
2023-09-25,GLD,177.7,-0.005150599037062054
2023-09-26,GLD,176.28,-0.007990996060776467
2023-09-27,GLD,174.1,-0.0123666893578398
2023-09-28,GLD,173.23,-0.004997128087306124
2023-09-29,GLD,171.45,-0.010275356462506546
2023-10-02,GLD,169.65,-0.010498687664041939
2023-10-03,GLD,169.16,-0.0028882994400236672
2023-10-04,GLD,169.14,-0.00011823126034526954
2023-10-05,GLD,168.83,-0.0018328012297503804
2023-10-06,GLD,169.7,0.005153112598471621
2023-10-09,GLD,172.82,0.018385385975250523
2023-10-10,GLD,172.53,-0.0016780465223932284
2023-10-11,GLD,173.79,0.007303077725612894
2023-10-12,GLD,173.26,-0.0030496576327752045
2023-10-13,GLD,178.83,0.03214821655315725
2023-10-16,GLD,177.96,-0.0048649555443718295
2023-10-17,GLD,178.29,0.0018543492919755877
2023-10-18,GLD,180.87,0.014470805990240754
2023-10-19,GLD,183.09,0.01227400895670927
2023-10-20,GLD,183.59,0.002730897372876795
2023-10-23,GLD,182.97,-0.003377090255460513
2023-10-24,GLD,182.95,-0.00010930753675475469
2023-10-25,GLD,183.72,0.004208800218639119
2023-10-26,GLD,184.01,0.0015784890050076772
2023-10-27,GLD,186.15,0.01162980272811276
2023-10-30,GLD,185.1,-0.005640612409347323
2023-10-31,GLD,184.09,-0.005456509994597458
2023-11-01,GLD,183.51,-0.0031506328426313956
2023-11-02,GLD,184.12,0.003324069532995466
2023-11-03,GLD,184.79,0.0036389311318705264
2023-11-06,GLD,183.35,-0.007792629471291779
2023-11-07,GLD,182.59,-0.004145077720207224
2023-11-08,GLD,180.77,-0.009967687167971917
2023-11-09,GLD,181.49,0.0039829617746307555
2023-11-10,GLD,179.51,-0.010909691994049342
2023-11-13,GLD,180.51,0.005570720294133968
2023-11-14,GLD,182.12,0.008919173452994311
2023-11-15,GLD,181.64,-0.0026356248627279477
2023-11-16,GLD,183.69,0.011286060339132487
2023-11-17,GLD,183.67,-0.00010887908977086358
2023-11-20,GLD,183.37,-0.0016333641857678716
2023-11-21,GLD,185.35,0.010797840431913563
2023-11-22,GLD,184.56,-0.004262206636093779
2023-11-24,GLD,185.52,0.005201560468140576
2023-11-27,GLD,186.77,0.006737818025010833
2023-11-28,GLD,189.26,0.013331905552283363
2023-11-29,GLD,189.54,0.0014794462643981099
2023-11-30,GLD,188.75,-0.004167985649467076
2023-12-01,GLD,192.01,0.017271523178807868
2023-12-04,GLD,187.86,-0.021613457632414845
2023-12-05,GLD,187.15,-0.003779410199084454
2023-12-06,GLD,187.84,0.0036868821800695173
2023-12-07,GLD,188.15,0.0016503407155026295
2023-12-08,GLD,185.64,-0.013340419877757248
2023-12-11,GLD,183.59,-0.011042878689937474
2023-12-12,GLD,183.49,-0.0005446919766871616
2023-12-13,GLD,187.63,0.02256253746798187
2023-12-14,GLD,188.73,0.005862601929328859
2023-12-15,GLD,187.0,-0.009166534202299514
2023-12-18,GLD,187.85,0.004545454545454408
2023-12-19,GLD,189.13,0.006813947298376366
2023-12-20,GLD,188.1,-0.005445989531010387
2023-12-21,GLD,189.43,0.007070707070707227
2023-12-22,GLD,190.27,0.004434355698675008
2023-12-26,GLD,191.72,0.007620749461291876
2023-12-27,GLD,192.59,0.004537867723763744
2023-12-28,GLD,191.47,-0.005815462900462198
2023-12-29,GLD,191.17,-0.0015668250900925385
2024-01-02,GLD,190.72,-0.0023539258251816797
2024-01-03,GLD,189.13,-0.008336828859060397
2024-01-04,GLD,189.32,0.0010046000105747854
2024-01-05,GLD,189.35,0.00015846186351153868
2024-01-08,GLD,187.87,-0.007816213361499846
2024-01-09,GLD,187.93,0.0003193697769734438
2024-01-10,GLD,187.5,-0.0022880859894641725
2024-01-11,GLD,187.87,0.0019733333333333825
2024-01-12,GLD,189.71,0.009794006493852203
2024-01-16,GLD,187.91,-0.0094881661483317
2024-01-17,GLD,185.84,-0.011015911872705009
2024-01-18,GLD,187.37,0.008232888506241931
2024-01-19,GLD,187.93,0.0029887388589422414
2024-01-22,GLD,187.22,-0.0037780024477199747
2024-01-23,GLD,187.95,0.00389915607306901
2024-01-24,GLD,186.4,-0.008246874168661766
2024-01-25,GLD,187.14,0.003969957081545017
2024-01-26,GLD,187.01,-0.0006946670941541111
2024-01-29,GLD,188.33,0.00705844607240258
2024-01-30,GLD,188.59,0.0013805554080603688
2024-01-31,GLD,188.45,-0.0007423511320855392
2024-02-01,GLD,190.41,0.010400636773679972
2024-02-02,GLD,188.61,-0.00945328501654319
2024-02-05,GLD,187.57,-0.005514023646678412
2024-02-06,GLD,188.55,0.005224716105987293
2024-02-07,GLD,188.5,-0.00026518164942990197
2024-02-08,GLD,188.33,-0.0009018567639256236
2024-02-09,GLD,187.6,-0.003876174799554044
2024-02-12,GLD,187.11,-0.0026119402985073092
2024-02-13,GLD,184.53,-0.013788680455347202
2024-02-14,GLD,184.42,-0.0005961090337615049
2024-02-15,GLD,185.66,0.006723782669992406
2024-02-16,GLD,186.34,0.0036626090703437697
2024-02-20,GLD,187.47,0.006064183750134067
2024-02-21,GLD,187.48,5.334186803218621e-05
2024-02-22,GLD,187.56,0.00042671218263290456
2024-02-23,GLD,188.62,0.005651524845382783
2024-02-26,GLD,188.2,-0.002226699183543679
2024-02-27,GLD,188.0,-0.0010626992561104665
2024-02-28,GLD,188.34,0.0018085106382979
2024-02-29,GLD,189.31,0.0051502601677817506
2024-03-01,GLD,192.89,0.01891078125825363
2024-03-04,GLD,196.01,0.01617502203328325
2024-03-05,GLD,197.19,0.006020101015254298
2024-03-06,GLD,198.81,0.008215426745778132
2024-03-07,GLD,199.94,0.005683818721392342
2024-03-08,GLD,201.63,0.00845253576072813
2024-03-11,GLD,202.0,0.0018350443882360068
2024-03-12,GLD,199.79,-0.01094059405940595
2024-03-13,GLD,201.19,0.007007357725612007
2024-03-14,GLD,200.35,-0.004175157811024399
2024-03-15,GLD,199.71,-0.003194409782879881
2024-03-18,GLD,200.03,0.0016023233688848837
2024-03-19,GLD,199.8,-0.0011498275258711166
2024-03-20,GLD,202.18,0.011911911911911988
2024-03-21,GLD,201.97,-0.0010386784053814102
2024-03-22,GLD,200.35,-0.008020993216814376
2024-03-25,GLD,200.99,0.0031944097828799922
2024-03-26,GLD,201.64,0.003233991740882569
2024-03-27,GLD,203.1,0.007240626859750021
2024-03-28,GLD,205.72,0.012900049236829192
2024-04-01,GLD,207.82,0.010208049776395
2024-04-02,GLD,210.89,0.014772399191607999
2024-04-03,GLD,212.74,0.008772345772677825
2024-04-04,GLD,211.52,-0.005734699633355267
2024-04-05,GLD,215.14,0.017114220877458175
2024-04-08,GLD,216.48,0.006228502370549505
2024-04-09,GLD,217.67,0.00549704360679959
2024-04-10,GLD,215.61,-0.009463867322092923
2024-04-11,GLD,219.8,0.019433235935253368
2024-04-12,GLD,216.89,-0.01323930846223853
2024-04-15,GLD,220.95,0.018719166397713094
2024-04-16,GLD,221.22,0.0012219959266803748
2024-04-17,GLD,219.59,-0.007368230720549707
2024-04-18,GLD,220.34,0.003415456077234813
2024-04-19,GLD,221.03,0.0031315240083507057
2024-04-22,GLD,215.57,-0.024702529068452272
2024-04-23,GLD,215.04,-0.0024585981351764596
2024-04-24,GLD,214.64,-0.0018601190476190688
2024-04-25,GLD,215.92,0.005963473723443968
2024-04-26,GLD,216.62,0.0032419414597999463
2024-04-29,GLD,216.18,-0.0020312067214476315
2024-04-30,GLD,211.87,-0.019937089462484958
2024-05-01,GLD,213.79,0.009062160758955828
2024-05-02,GLD,213.13,-0.0030871415875391994
2024-05-03,GLD,212.96,-0.0007976352460938863
2024-05-06,GLD,215.2,0.010518407212622094
2024-05-07,GLD,214.21,-0.00460037174721184
2024-05-08,GLD,213.58,-0.0029410391671723657
2024-05-09,GLD,216.95,0.015778630957954842
2024-05-10,GLD,218.71,0.008112468310670806
2024-05-13,GLD,216.26,-0.011202048374559959
2024-05-14,GLD,218.09,0.008462036437621334
2024-05-15,GLD,220.89,0.012838736301526765
2024-05-16,GLD,220.03,-0.003893340576757609
2024-05-17,GLD,223.66,0.01649775030677625
2024-05-20,GLD,224.56,0.004023964946794356
2024-05-21,GLD,224.23,-0.0014695404346277696
2024-05-22,GLD,220.11,-0.018373990991392697
2024-05-23,GLD,215.72,-0.0199445731679615
2024-05-24,GLD,215.92,0.0009271277582050264
2024-05-28,GLD,218.19,0.010513153019636956
2024-05-29,GLD,216.16,-0.0093038177735002
2024-05-30,GLD,216.57,0.0018967431532197487
2024-05-31,GLD,215.3,-0.005864154776746511
2024-06-03,GLD,217.22,0.008917789131444476
2024-06-04,GLD,215.27,-0.008977073934260171
2024-06-05,GLD,217.82,0.011845589259998901
2024-06-06,GLD,219.43,0.007391424111651945
2024-06-07,GLD,211.6,-0.03568336143644901
2024-06-10,GLD,213.54,0.009168241965973545
2024-06-11,GLD,214.15,0.0028566076613281144
2024-06-12,GLD,214.72,0.002661685734298258
2024-06-13,GLD,212.97,-0.008150149031296627
2024-06-14,GLD,215.73,0.012959571770671863
2024-06-17,GLD,214.61,-0.0051916747786584505
2024-06-18,GLD,215.47,0.004007268999580482
2024-06-20,GLD,218.16,0.012484336566575438
2024-06-21,GLD,214.78,-0.015493215988265474
2024-06-24,GLD,215.63,0.003957537945805001
2024-06-25,GLD,214.56,-0.004962203774984908
2024-06-26,GLD,212.58,-0.009228187919463005
2024-06-27,GLD,214.99,0.011336908457992179
2024-06-28,GLD,215.01,9.302758267826228e-05
2024-07-01,GLD,215.57,0.0026045300218595635
2024-07-02,GLD,215.56,-4.638864405992482e-05
2024-07-03,GLD,217.99,0.011272963444052708
2024-07-05,GLD,220.93,0.013486857195284196
2024-07-08,GLD,218.19,-0.012402118318019295
2024-07-09,GLD,218.56,0.0016957697419679452
2024-07-10,GLD,219.36,0.0036603221083455484
2024-07-11,GLD,223.25,0.017733406272793628
2024-07-12,GLD,223.11,-0.0006270996640537208
2024-07-15,GLD,223.83,0.0032271077047196783
2024-07-16,GLD,228.29,0.01992583657239866
2024-07-17,GLD,227.23,-0.004643216960883101
2024-07-18,GLD,225.78,-0.006381199665537074
2024-07-19,GLD,221.73,-0.01793781557268137
2024-07-22,GLD,221.8,0.00031569927389174524
2024-07-23,GLD,222.58,0.0035166816952210134
2024-07-24,GLD,221.8,-0.0035043579836463445
2024-07-25,GLD,218.33,-0.01564472497745717
2024-07-26,GLD,220.63,0.010534511977281946
2024-07-29,GLD,220.32,-0.0014050673072565356
2024-07-30,GLD,222.52,0.009985475671750343
2024-07-31,GLD,226.55,0.018110731619629616
2024-08-01,GLD,225.77,-0.0034429485764732037
2024-08-02,GLD,225.34,-0.0019045931700403251
2024-08-05,GLD,222.48,-0.012691932191355337
2024-08-06,GLD,220.7,-0.008000719165767722
2024-08-07,GLD,220.55,-0.0006796556411416965
2024-08-08,GLD,224.01,0.01568805259578321
2024-08-09,GLD,224.56,0.0024552475335923862
2024-08-12,GLD,228.41,0.017144638403989942
2024-08-13,GLD,228.06,-0.0015323322096230108
2024-08-14,GLD,226.2,-0.00815574848724021
2024-08-15,GLD,226.91,0.0031388152077806986
2024-08-16,GLD,231.99,0.022387730818386187
2024-08-19,GLD,231.61,-0.0016380016380016515
2024-08-20,GLD,232.46,0.003669962436855023
2024-08-21,GLD,232.15,-0.0013335627634861735
2024-08-22,GLD,229.37,-0.011975016153349172
2024-08-23,GLD,232.02,0.011553385359898805
2024-08-26,GLD,232.76,0.0031893802258424753
2024-08-27,GLD,233.39,0.0027066506272555024
2024-08-28,GLD,231.75,-0.00702686490423754
2024-08-29,GLD,232.95,0.005177993527508029
2024-08-30,GLD,231.29,-0.007125992702296635
2024-09-03,GLD,230.29,-0.004323576462449741
2024-09-04,GLD,230.43,0.0006079291328324743
2024-09-05,GLD,232.35,0.008332248405155562
2024-09-06,GLD,230.63,-0.007402625349687941
2024-09-09,GLD,231.6,0.00420587087542823
2024-09-10,GLD,232.62,0.004404145077720356
2024-09-11,GLD,232.25,-0.001590576906542851
2024-09-12,GLD,236.33,0.01756727664155
2024-09-13,GLD,238.68,0.009943722760546558
2024-09-16,GLD,238.66,-8.379420144133398e-05
2024-09-17,GLD,237.34,-0.005530880750858946
2024-09-18,GLD,235.51,-0.00771045757141664
2024-09-19,GLD,239.17,0.01554074136979322
2024-09-20,GLD,242.21,0.012710624242170843
2024-09-23,GLD,242.68,0.0019404648858427631
2024-09-24,GLD,246.07,0.013969012691610327
2024-09-25,GLD,245.73,-0.0013817206485959854
2024-09-26,GLD,246.98,0.005086883978350221
2024-09-27,GLD,245.02,-0.007935865252247098
2024-09-30,GLD,243.06,-0.007999346992082268
2024-10-01,GLD,245.61,0.010491236731671183
2024-10-02,GLD,245.66,0.00020357477301402582
2024-10-03,GLD,245.49,-0.0006920133517869242
2024-10-04,GLD,245.0,-0.001996007984031989
2024-10-07,GLD,244.17,-0.0033877551020408125
2024-10-08,GLD,242.37,-0.007371913011426368
2024-10-09,GLD,241.05,-0.005446218591409813
2024-10-10,GLD,242.82,0.007342874922215303
2024-10-11,GLD,245.47,0.010913433819289997
2024-10-14,GLD,245.07,-0.0016295270297795872
2024-10-15,GLD,245.92,0.003468396784592098
2024-10-16,GLD,247.15,0.005001626545217963
2024-10-17,GLD,248.63,0.005988266235079864
2024-10-18,GLD,251.27,0.01061818766842304
2024-10-21,GLD,251.22,-0.00019898913519322825
2024-10-22,GLD,253.93,0.01078735769445105
2024-10-23,GLD,250.87,-0.012050565116370704
2024-10-24,GLD,252.8,0.007693227568063232
2024-10-25,GLD,253.32,0.0020569620253163556
2024-10-28,GLD,253.33,3.9475761882235005e-05
2024-10-29,GLD,256.09,0.01089488019579199
2024-10-30,GLD,257.5,0.0055058768401734515
2024-10-31,GLD,253.51,-0.015495145631068019
2024-11-01,GLD,252.47,-0.004102402272099681
2024-11-04,GLD,252.83,0.0014259119895434491
2024-11-05,GLD,253.4,0.0022544792943874903
2024-11-06,GLD,245.7,-0.0303867403314918
2024-11-07,GLD,249.65,0.016076516076516167
2024-11-08,GLD,247.96,-0.00676947726817545
2024-11-11,GLD,242.14,-0.023471527665752667
2024-11-12,GLD,240.05,-0.00863137028165517
2024-11-13,GLD,237.63,-0.010081233076442486
2024-11-14,GLD,237.01,-0.0026090981778394973
2024-11-15,GLD,236.59,-0.0017720771275473446
2024-11-18,GLD,241.09,0.019020245995181595
2024-11-19,GLD,243.25,0.008959309801318982
2024-11-20,GLD,244.62,0.0056320657759507675
2024-11-21,GLD,246.66,0.008339465293107695
2024-11-22,GLD,249.84,0.012892240330819815
2024-11-25,GLD,242.48,-0.029458853666346485
2024-11-26,GLD,242.95,0.0019383041900362663
2024-11-27,GLD,243.49,0.0022226795636963725
2024-11-29,GLD,245.59,0.008624584171834648
2024-12-02,GLD,243.44,-0.008754428111893864
2024-12-03,GLD,243.93,0.0020128162997041787
2024-12-04,GLD,244.67,0.00303365719673665
2024-12-05,GLD,242.86,-0.007397719377120082
2024-12-06,GLD,242.95,0.00037058387548372096
2024-12-09,GLD,245.36,0.009919736571311066
2024-12-10,GLD,248.59,0.013164329964134192
2024-12-11,GLD,250.96,0.009533770465425029
2024-12-12,GLD,247.28,-0.014663691424928293
2024-12-13,GLD,244.29,-0.012091556130702119
2024-12-16,GLD,244.88,0.002415162307094043
2024-12-17,GLD,243.94,-0.0038386148317542945
2024-12-18,GLD,239.26,-0.019185045502992604
2024-12-19,GLD,239.6,0.001421048232048916
2024-12-20,GLD,242.1,0.01043405676126885
2024-12-23,GLD,240.96,-0.004708798017348137
2024-12-24,GLD,241.44,0.0019920318725099584
2024-12-26,GLD,243.07,0.006751159708416221
2024-12-27,GLD,241.4,-0.006870448841897359
2024-12-30,GLD,240.63,-0.0031897265948633846
2024-12-31,GLD,242.13,0.006233636703652845
2025-01-02,GLD,245.42,0.013587742122000535
2025-01-03,GLD,243.49,-0.00786406975796583
2025-01-06,GLD,243.19,-0.0012320834531193148
2025-01-07,GLD,244.56,0.005633455322998415
2025-01-08,GLD,245.86,0.005315668956493269
2025-01-10,GLD,248.21,0.009558285202960981
2025-01-13,GLD,245.74,-0.00995125095685101
2025-01-14,GLD,247.03,0.005249450638886488
2025-01-15,GLD,248.88,0.007488968951139485
2025-01-16,GLD,250.6,0.006910961105753843
2025-01-17,GLD,249.27,-0.005307262569832383
2025-01-21,GLD,253.13,0.015485216833152737
2025-01-22,GLD,254.43,0.005135701023189609
2025-01-23,GLD,254.07,-0.0014149274849664106
2025-01-24,GLD,255.65,0.006218758609831898
2025-01-27,GLD,252.99,-0.010404850381380726
2025-01-28,GLD,255.18,0.008656468635123815
2025-01-29,GLD,254.2,-0.0038404263657026982
2025-01-30,GLD,258.05,0.015145554681353257
2025-01-31,GLD,258.56,0.0019763611703158546
2025-02-03,GLD,259.94,0.0053372524752475226
2025-02-04,GLD,262.5,0.00984842655997542
2025-02-05,GLD,264.13,0.006209523809523887
2025-02-06,GLD,263.43,-0.002650210123802621
2025-02-07,GLD,263.9,0.001784155183540026
2025-02-10,GLD,268.37,0.016938234179613598
2025-02-11,GLD,267.39,-0.003651674926407611
2025-02-12,GLD,267.67,0.001047159579640411
2025-02-13,GLD,270.31,0.009862890873090002
2025-02-14,GLD,266.29,-0.014871813843365
2025-02-18,GLD,270.7,0.01656089226031754
2025-02-19,GLD,270.85,0.0005541189508682098
2025-02-20,GLD,270.99,0.0005168912682296245
2025-02-21,GLD,270.74,-0.0009225432672792522
2025-02-24,GLD,272.21,0.005429563418777983
2025-02-25,GLD,268.62,-0.01318834723191642
2025-02-26,GLD,269.03,0.0015263197081378799
2025-02-27,GLD,264.93,-0.01523993606660956
2025-02-28,GLD,263.27,-0.006265806061978685
2025-03-03,GLD,266.74,0.01318038515592379
2025-03-04,GLD,269.06,0.008697608157756553
2025-03-05,GLD,269.62,0.0020813201516389768
2025-03-06,GLD,268.25,-0.005081225428380742
2025-03-07,GLD,268.39,0.0005219012115562638
2025-03-10,GLD,266.04,-0.008755914899958861
2025-03-11,GLD,269.16,0.011727559765448925
2025-03-12,GLD,270.33,0.004346856888096218
2025-03-13,GLD,275.13,0.01775607590722461
2025-03-14,GLD,275.24,0.0003998109984371112
2025-03-17,GLD,276.73,0.005413457346316042
2025-03-18,GLD,279.96,0.01167202688541158
2025-03-19,GLD,281.11,0.00410772967566797
2025-03-20,GLD,280.75,-0.0012806374728754344
2025-03-21,GLD,278.49,-0.008049866429207464
2025-03-24,GLD,277.25,-0.004452583575711877
2025-03-25,GLD,278.47,0.0044003606853022514
2025-03-26,GLD,278.24,-0.0008259417531512048
2025-03-27,GLD,281.97,0.013405692926969692
2025-03-28,GLD,284.06,0.007412136042841411
2025-03-31,GLD,288.14,0.014363162712103028
2025-04-01,GLD,287.57,-0.0019782050392169737
2025-04-02,GLD,288.16,0.0020516743749348088
2025-04-03,GLD,286.42,-0.006038312048861738
2025-04-04,GLD,279.72,-0.023392221213602404
2025-04-07,GLD,273.71,-0.021485771485771687
2025-04-08,GLD,275.2,0.005443717803514714
2025-04-09,GLD,285.38,0.03699127906976751
2025-04-10,GLD,292.35,0.024423575583432777
2025-04-11,GLD,297.93,0.019086711133914802
2025-04-14,GLD,296.23,-0.005706038331151575
2025-04-15,GLD,297.78,0.005232420754143652
2025-04-16,GLD,307.47,0.03254080193431408
2025-04-17,GLD,306.12,-0.004390672260708439
2025-04-21,GLD,315.59,0.03093558081797987
2025-04-22,GLD,311.11,-0.014195633575208255
2025-04-23,GLD,303.65,-0.02397865706663249
2025-04-24,GLD,308.07,0.01455623250452831
2025-04-25,GLD,304.73,-0.01084169182328687
2025-04-28,GLD,309.07,0.01424211597151559
2025-04-29,GLD,306.06,-0.009738894101659734
2025-04-30,GLD,303.77,-0.0074821930340456255
2025-05-01,GLD,297.46,-0.0207722948283241
2025-05-02,GLD,297.98,0.0017481342029181945
2025-05-05,GLD,306.88,0.02986777636082949
2025-05-06,GLD,315.48,0.028023983315954126
2025-05-07,GLD,310.75,-0.014993026499302675
2025-05-08,GLD,304.63,-0.019694288012872097
2025-05-09,GLD,306.84,0.007254702425893544
2025-05-12,GLD,298.19,-0.028190587928561994
2025-05-13,GLD,299.46,0.0042590294778497295
2025-05-14,GLD,293.16,-0.021037868162692708
2025-05-15,GLD,297.84,0.015963978714694793
2025-05-16,GLD,294.24,-0.012087026591458438
2025-05-19,GLD,298.03,0.012880641653072233
2025-05-20,GLD,303.58,0.018622286347012018
2025-05-21,GLD,305.82,0.007378615192041638
2025-05-22,GLD,303.11,-0.008861421751356957
2025-05-23,GLD,309.75,0.02190623865923258
2025-05-27,GLD,304.5,-0.016949152542372836
2025-05-28,GLD,303.81,-0.0022660098522166994
2025-05-29,GLD,305.61,0.005924755603831322
2025-05-30,GLD,303.6,-0.006577009914596976
2025-06-02,GLD,311.67,0.026581027667984092
2025-06-03,GLD,308.91,-0.008855520261815353
2025-06-04,GLD,310.9,0.00644200576219589
2025-06-05,GLD,309.33,-0.005049855258925651
2025-06-06,GLD,305.18,-0.01341609284582801
2025-06-09,GLD,306.62,0.0047185267710858625
2025-06-10,GLD,306.71,0.00029352292740192354
2025-06-11,GLD,308.37,0.005412278699749029
2025-06-12,GLD,312.2,0.012420144631449137
2025-06-13,GLD,316.29,0.013100576553491505
2025-06-16,GLD,311.78,-0.01425906604698235
2025-06-17,GLD,311.94,0.0005131823721855611
2025-06-18,GLD,310.26,-0.005385651086747489
2025-06-20,GLD,310.13,-0.0004190034164893719
2025-06-23,GLD,311.08,0.003063231548060541
2025-06-24,GLD,306.19,-0.015719429085765624
2025-06-25,GLD,307.12,0.003037329762565655
2025-06-26,GLD,306.78,-0.00110705912998188
2025-06-27,GLD,301.22,-0.018123736879848584
2025-06-30,GLD,304.83,0.0119845959763627
2025-07-01,GLD,307.55,0.00892300626578768
2025-07-02,GLD,309.25,0.005527556494878905
2025-07-03,GLD,307.14,-0.006822958771220744
2025-07-07,GLD,307.37,0.0007488441752947494
2025-07-08,GLD,304.16,-0.010443439502879182
2025-07-09,GLD,305.52,0.004471330878484947
2025-07-10,GLD,306.2,0.002225713537575391
2025-07-11,GLD,309.14,0.009601567602874006
2025-07-14,GLD,308.01,-0.0036553018050073938
2025-07-15,GLD,306.73,-0.004155709230219684
2025-07-16,GLD,308.26,0.004988100283636943
2025-07-17,GLD,307.59,-0.0021734899111141015
2025-07-18,GLD,308.39,0.0026008647875419566
2025-07-21,GLD,313.13,0.015370148188981414
2025-07-22,GLD,316.1,0.009484878484974368
2025-07-23,GLD,312.18,-0.012401138880101303
2025-07-24,GLD,310.27,-0.006118265103466025
2025-07-25,GLD,307.4,-0.009250008057498316
2025-07-28,GLD,305.41,-0.0064736499674689085
2025-07-29,GLD,306.25,0.002750401100160449
2025-07-30,GLD,300.96,-0.017273469387755203
2025-07-31,GLD,302.96,0.006645401382243454
2025-08-01,GLD,309.11,0.02029970953261162
2025-08-04,GLD,310.91,0.0058231697453980935
2025-08-05,GLD,311.16,0.000804091216107583
2025-08-06,GLD,310.5,-0.0021210952564597596
2025-08-07,GLD,313.12,0.008438003220611945
2025-08-08,GLD,313.05,-0.00022355646397542728
2025-08-11,GLD,308.55,-0.014374700527072348
2025-08-12,GLD,308.27,-0.0009074704261871069
2025-08-13,GLD,309.21,0.003049274986213435
2025-08-14,GLD,307.25,-0.006338734193590101
2025-08-15,GLD,307.43,0.0005858421480879894
2025-08-18,GLD,306.95,-0.0015613310347071252
2025-08-19,GLD,305.27,-0.005473204104903151
2025-08-20,GLD,308.36,0.010122186916500242
2025-08-21,GLD,307.29,-0.0034699701647424863
2025-08-22,GLD,310.58,0.010706498747111715
2025-08-25,GLD,309.83,-0.0024148367570352436
2025-08-26,GLD,312.08,0.007262046928961041
2025-08-27,GLD,312.71,0.002018713150474305
2025-08-28,GLD,315.03,0.007419014422308079
2025-08-29,GLD,318.07,0.009649874615116127
2025-09-02,GLD,325.59,0.023642594397459638
2025-09-03,GLD,328.14,0.007831935870266316
2025-09-04,GLD,326.69,-0.0044188456146766475
2025-09-05,GLD,331.05,0.013345985490832435
2025-09-08,GLD,334.82,0.011388007853798454
2025-09-09,GLD,334.06,-0.0022698763514723552
2025-09-10,GLD,335.26,0.003592169071424234
2025-09-11,GLD,334.76,-0.001491379824613781
2025-09-12,GLD,335.42,0.001971561715856218
2025-09-15,GLD,338.91,0.01040486554170883
2025-09-16,GLD,339.59,0.0020064323861790356
2025-09-17,GLD,336.97,-0.007715185959539239
2025-09-18,GLD,335.62,-0.004006291361248859
2025-09-19,GLD,339.18,0.010607234372206564
2025-09-22,GLD,345.05,0.01730644495548095
2025-09-23,GLD,346.46,0.00408636429502951
2025-09-24,GLD,343.32,-0.009063095306817481
2025-09-25,GLD,344.75,0.004165210299429178
2025-09-26,GLD,346.74,0.005772298767222628
2025-09-29,GLD,352.46,0.01649651035357902
2025-09-30,GLD,355.47,0.008539976167508456
2025-10-01,GLD,356.03,0.001575379075589911
2025-10-02,GLD,354.79,-0.0034828525686035894
2025-10-03,GLD,357.64,0.00803292088277563
2025-10-06,GLD,364.38,0.01884576669276372
2025-10-07,GLD,366.26,0.005159448926944421
2025-10-08,GLD,372.3,0.016491017310107603
2025-10-09,GLD,365.43,-0.018452860596293363
2025-10-10,GLD,369.12,0.010097693128642948
2025-10-13,GLD,378.09,0.02430104031209357
2025-10-14,GLD,380.79,0.007141156867412679
2025-10-15,GLD,387.39,0.017332387930355297
2025-10-16,GLD,396.45,0.02338728413226976
2025-10-17,GLD,388.99,-0.01881700088283511
2025-10-20,GLD,403.15,0.036401964060772674
2025-10-21,GLD,377.24,-0.06426888254991936
2025-10-22,GLD,377.28,0.00010603329445446619
2025-10-23,GLD,378.79,0.004002332485157023
2025-10-24,GLD,377.52,-0.003352781224425283
2025-10-27,GLD,367.01,-0.02783958465776648
2025-10-28,GLD,364.38,-0.007166017274733649
2025-10-29,GLD,363.0,-0.0037872550633953894
2025-10-30,GLD,370.13,0.019641873278236854
2025-10-31,GLD,368.12,-0.005430524410342308
2025-11-03,GLD,368.78,0.0017928936216449198
2025-11-04,GLD,362.32,-0.017517218938120194
2025-11-05,GLD,366.51,0.011564362994038513
2025-11-06,GLD,366.07,-0.001200512946440746
2025-11-07,GLD,368.31,0.0061190482694566395
2025-11-10,GLD,378.38,0.02734109853112865
2025-11-11,GLD,379.87,0.003937840266398984
2025-11-12,GLD,385.99,0.016110774738726352
2025-11-13,GLD,382.87,-0.00808311096142389
2025-11-14,GLD,375.96,-0.018047901376446407
2025-11-17,GLD,371.65,-0.011463985530375531
2025-11-18,GLD,374.35,0.007264899771290301
2025-11-19,GLD,374.96,0.0016294911179377536
2025-11-20,GLD,374.85,-0.00029336462555995535
2025-11-21,GLD,374.27,-0.001547285580899116
2025-11-24,GLD,380.2,0.015844176663905696
2025-11-25,GLD,380.08,-0.00031562335612833614
2025-11-26,GLD,383.12,0.007998316143969841
2025-11-28,GLD,387.88,0.012424305700563743
2025-12-01,GLD,389.75,0.004821078684129176
2025-12-02,GLD,387.24,-0.006440025657472703
2025-12-03,GLD,386.88,-0.0009296560272699095
2025-12-04,GLD,387.13,0.0006461952026468598
2025-12-05,GLD,386.44,-0.0017823470152145138
2025-12-08,GLD,385.42,-0.0026394783148742107
2025-12-09,GLD,387.4,0.005137252867002173
2025-12-10,GLD,389.05,0.004259163655136788
2025-12-11,GLD,393.24,0.010769823930086186
2025-12-12,GLD,395.44,0.00559454785881397
2025-12-15,GLD,395.8,0.0009103783127655252
2025-12-16,GLD,395.89,0.00022738756947937588
2025-12-17,GLD,399.29,0.008588244209250195
2025-12-18,GLD,398.57,-0.001803200681209205
2025-12-19,GLD,399.02,0.0011290363047895546
2025-12-22,GLD,408.23,0.02308154979700272
2025-12-23,GLD,413.64,0.013252333243514602
2025-12-24,GLD,411.93,-0.004134029590948551
2025-12-26,GLD,416.74,0.011676741193892282
2025-12-29,GLD,398.6,-0.04352833901233377
2025-12-30,GLD,398.89,0.0007275464124434361
2025-12-31,GLD,396.31,-0.006467948557246306
2026-01-02,GLD,398.28,0.004970856147964886
2026-01-05,GLD,408.76,0.026313146530079434
2026-01-06,GLD,413.18,0.010813191114590559
2026-01-07,GLD,409.23,-0.009559998063797814
2026-01-08,GLD,411.49,0.00552256677174201
2026-01-09,GLD,414.47,0.007241974288561215
2026-01-12,GLD,422.23,0.01872270610659399
2026-01-13,GLD,421.63,-0.001421026454775931
2026-01-14,GLD,425.94,0.010222232763323236
2026-01-15,GLD,423.33,-0.006127623608959021
2026-01-16,GLD,421.29,-0.0048189355821698365
2026-01-20,GLD,437.23,0.037836169859241764
2026-01-21,GLD,443.6,0.014568991148823374
2026-01-22,GLD,451.79,0.018462578899909765
2026-01-23,GLD,458.0,0.013745324155027827
2026-01-26,GLD,464.7,0.014628820960698619
2026-01-27,GLD,476.1,0.02453195610071024
2026-01-28,GLD,494.56,0.038773366939718557
2026-01-29,GLD,495.9,0.002709479132966708
2026-01-30,GLD,444.95,-0.10274248840492028
2026-02-02,GLD,427.13,-0.04004944375772557
2026-02-03,GLD,454.29,0.0635871982768712
2026-02-04,GLD,453.97,-0.000704395870479213
2026-02-05,GLD,441.88,-0.026631715752142293
2026-02-06,GLD,455.46,0.030732325518240122
2026-02-09,GLD,467.03,0.025402889386554328
2026-02-10,GLD,462.4,-0.009913710040040269
2026-02-11,GLD,467.63,0.01131055363321809
2026-02-12,GLD,451.39,-0.034728310844043375
2026-02-13,GLD,462.62,0.024878707990872773
2026-02-17,GLD,448.2,-0.031170290951536894
2026-02-18,GLD,458.28,0.02248995983935731
2026-02-19,GLD,459.56,0.002793052282447528
2026-02-20,GLD,468.62,0.019714509530855517
2026-02-23,GLD,481.28,0.02701549229653022
2026-02-24,GLD,474.61,-0.013858876329787106
2026-02-25,GLD,473.42,-0.002507321801057727
2026-02-26,GLD,477.48,0.008575894554518237
2026-02-27,GLD,483.75,0.013131440060316635
2026-03-02,GLD,490.0,0.012919896640826822
2026-03-03,GLD,468.14,-0.04461224489795923
2026-03-04,GLD,471.8,0.007818174050497673
2026-03-05,GLD,466.13,-0.012017804154302758
2026-03-06,GLD,473.51,0.01583249308132917
2026-03-09,GLD,472.53,-0.002069650060188888
2026-03-10,GLD,477.86,0.011279707108543535
2026-03-11,GLD,476.24,-0.003390114259406496
2026-03-12,GLD,466.88,-0.01965395598857722
2026-03-13,GLD,460.84,-0.012936943111720445
2026-03-16,GLD,460.43,-0.000889679715302405
2026-03-17,GLD,459.27,-0.002519384054036511
2026-03-18,GLD,444.74,-0.031637163324406026
2026-03-19,GLD,426.41,-0.041215091963843986
2026-03-20,GLD,413.38,-0.03055744471283517
2026-03-23,GLD,404.04,-0.022594223232860755
2026-03-24,GLD,404.13,0.00022275022275008993
2026-03-25,GLD,416.29,0.030089327691584344
2026-03-26,GLD,400.64,-0.03759398496240607
2026-03-27,GLD,414.7,0.03509384984025554
2026-03-30,GLD,414.58,-0.00028936580660721134
2026-03-31,GLD,430.29,0.037893772010227256
2026-04-01,GLD,437.82,0.017499825698947147
2026-04-02,GLD,429.41,-0.019208807272394934
2026-04-06,GLD,427.65,-0.0040986469807411385
2026-04-07,GLD,431.81,0.00972758096574311
2026-04-08,GLD,434.53,0.006299066719158919
2026-04-09,GLD,437.91,0.0077785193197248415
2026-04-10,GLD,437.13,-0.001781187915325111
2026-04-13,GLD,435.36,-0.004049138700157773
2026-04-14,GLD,445.09,0.022349320102903247
2026-04-15,GLD,440.46,-0.010402390527758376
2026-04-16,GLD,440.08,-0.0008627344140217375
2026-04-17,GLD,445.93,0.013293037629521942
2026-04-20,GLD,442.09,-0.008611217007153615
2026-04-21,GLD,429.57,-0.028320025334207966
2026-04-22,GLD,435.26,0.013245803943478407
2026-04-23,GLD,431.04,-0.009695354500758091
2026-04-24,GLD,433.25,0.005127134372679976
2026-04-27,GLD,429.89,-0.007755337564916309
2026-04-28,GLD,421.91,-0.01856288818069729
2026-04-29,GLD,417.41,-0.010665781801806107
2026-04-30,GLD,423.66,0.014973287654823864
2026-05-01,GLD,423.18,-0.0011329839966011113
2026-05-04,GLD,414.71,-0.020015123588071337
2026-05-05,GLD,418.27,0.008584311928817812
2026-05-06,GLD,430.96,0.030339254548497285
2026-05-07,GLD,431.68,0.001670688695006639
2026-05-08,GLD,433.77,0.0048415492957745165
2026-05-11,GLD,434.65,0.002028724900292822
2026-05-12,GLD,432.93,-0.003957206948119074
2026-05-13,GLD,430.5,-0.005612916637793619
2026-05-14,GLD,427.21,-0.0076422764227642714
2026-05-15,GLD,417.29,-0.02322043023337461
2026-05-18,GLD,418.43,0.002731913058065194
2026-05-19,GLD,411.5,-0.01656190999689311
2026-05-20,GLD,417.4,0.014337788578371757
2026-05-21,GLD,416.99,-0.000982271202683238
2026-05-22,GLD,413.82,-0.007602100769802722
2026-05-26,GLD,414.0,0.00043497172683770735
2026-05-27,GLD,408.49,-0.013309178743961314
2026-05-28,GLD,412.77,0.010477612671056846
2026-05-29,GLD,417.12,0.010538556581146885
2026-06-01,GLD,411.26,-0.014048714998082135
2026-06-02,GLD,411.95,0.0016777707532946717
2026-06-03,GLD,407.87,-0.00990411457701168
2026-06-04,GLD,411.27,0.008335989408389866
2026-06-05,GLD,396.24,-0.03654533518126768
2026-06-08,GLD,397.27,0.0025994346860487294
2026-06-09,GLD,390.78,-0.016336496589221428
2026-06-10,GLD,374.58,-0.04145555043758631
2026-06-11,GLD,386.32,0.03134176944844902
2026-06-12,GLD,386.54,0.0005694760820045275
2026-06-15,GLD,396.55,0.02589641434262946
2026-06-16,GLD,397.63,0.00272349010213091
2026-06-17,GLD,388.6,-0.02270955410809039
2026-06-18,GLD,387.12,-0.0038085434894493675
2026-06-22,GLD,384.59,-0.0065354412068610035
2026-06-23,GLD,377.32,-0.018903247614342478
2026-06-24,GLD,365.92,-0.03021308173433679
2026-06-25,GLD,369.46,0.00967424573677289
2026-06-26,GLD,373.63,0.011286742813836348
2026-06-29,GLD,368.58,-0.013516045285442813
2026-06-30,GLD,368.38,-0.0005426230397742593
2026-07-01,GLD,370.6,0.006026385797274658
2026-07-02,GLD,378.13,0.02031840259039397
2026-07-06,GLD,382.13,0.010578372517388246
2026-07-07,GLD,377.49,-0.012142464606285763
2026-07-08,GLD,374.45,-0.008053193462078556
2026-07-09,GLD,378.18,0.009961276538923869
2026-07-10,GLD,377.01,-0.0030937648738695867
2026-07-13,GLD,367.13,-0.026206201427017795
2026-07-14,GLD,372.15,0.013673630594067454
2026-07-15,GLD,372.35,0.0005374177079136011
2026-07-16,GLD,364.96,-0.01984691822210294
2026-07-17,GLD,368.41,0.009453090749671267
2026-07-20,GLD,367.6,-0.002198637387693103
2026-07-21,GLD,374.81,0.01961371055495098
2026-07-22,GLD,379.12,0.011499159574184237
2026-07-23,GLD,371.52,-0.020046423296054106
2026-07-24,GLD,371.9,0.001022825150732043
2026-07-27,GLD,374.63,0.007340682979295465
2026-07-28,GLD,369.37,-0.01404051997971334
2026-07-29,GLD,371.08,0.004629504291090214
2026-07-30,GLD,377.16,0.0163846070928102
2026-07-31,GLD,371.54,-0.014900837840704173
2026-08-03,GLD,371.71,0.0004575550411798357
2026-08-04,GLD,374.16,0.0065911597750936135
2026-08-05,GLD,389.64,0.04137267479153284
2026-08-06,GLD,389.67,7.699414844486441e-05
2026-08-07,GLD,398.47,0.022583211435317052
2026-08-10,GLD,402.54,0.010214068813210408
2026-08-11,GLD,400.96,-0.003925075768867803
2026-08-12,GLD,404.92,0.00987629688747016
2026-08-13,GLD,398.96,-0.014718956830979013
2026-08-14,GLD,401.48,0.006316422699017554
2026-08-17,GLD,405.49,0.0099880442363256
2026-08-18,GLD,398.55,-0.01711509531677724
2026-08-19,GLD,413.84,0.038364069752854
2026-08-20,GLD,415.26,0.003431277788517262
2026-08-21,GLD,423.36,0.01950585175552666
2026-08-24,GLD,426.69,0.00786564625850339
2026-08-25,GLD,428.07,0.003234198129789867
2026-08-26,GLD,421.32,-0.01576844908542996
2026-08-27,GLD,422.6,0.0030380708250261623
2026-08-28,GLD,408.89,-0.032442025556081444
2026-08-31,GLD,408.42,-0.0011494533982243649
2026-09-01,GLD,396.75,-0.028573527251358977
2026-09-02,GLD,402.78,0.01519848771266541
2026-09-03,GLD,410.22,0.01847162222553278
2026-09-04,GLD,406.77,-0.00841012139827424
2026-09-08,GLD,399.72,-0.017331661626963535
2026-09-09,GLD,403.35,0.009081356949864894
2026-09-10,GLD,396.36,-0.017329862402380103
2026-09-11,GLD,398.77,0.00608033101221106
2026-09-14,GLD,392.84,-0.014870727487022561
2026-09-15,GLD,394.15,0.003334690968333165
2026-09-16,GLD,391.74,-0.006114423442851624
2026-09-17,GLD,398.36,0.016898963598305006
2026-09-18,GLD,401.17,0.007053921076413339
2026-09-21,GLD,398.38,-0.006954657626442651
2026-09-22,GLD,400.07,0.004242180832371156
2026-09-23,GLD,392.88,-0.017971854925387998
2026-09-24,GLD,391.69,-0.003028914681327599
2021-09-27,IWM,212.8652,
2021-09-28,IWM,208.024,-0.022743031740275033
2021-09-29,IWM,207.5821,-0.0021242741222167183
2021-09-30,IWM,205.6362,-0.009374122335210955
2021-10-01,IWM,208.9546,0.016137236537146604
2021-10-04,IWM,207.0557,-0.009087619990179707
2021-10-05,IWM,207.7702,0.0034507622828059414
2021-10-06,IWM,206.6891,-0.0052033448492613266
2021-10-07,IWM,209.8759,0.015418326365541413
2021-10-08,IWM,208.2966,-0.007524923061675959
2021-10-11,IWM,207.1027,-0.00573173061874277
2021-10-12,IWM,208.2402,0.005492444086919068
2021-10-13,IWM,209.2272,0.004739718843912
2021-10-14,IWM,212.3294,0.014826944106693496
2021-10-15,IWM,211.662,-0.0031432293408260037
2021-10-18,IWM,211.5398,-0.0005773355633037491
2021-10-19,IWM,212.3294,0.003732630928080516
2021-10-20,IWM,213.7395,0.006641096334280672
2021-10-21,IWM,214.2847,0.0025507685757661935
2021-10-22,IWM,213.777,-0.0023692778812486326
2021-10-25,IWM,215.8076,0.009498683207267433
2021-10-26,IWM,214.1813,-0.007535879181270744
2021-10-27,IWM,210.2425,-0.01839002751407326
2021-10-28,IWM,214.4351,0.019941733950081364
2021-10-29,IWM,214.3787,-0.0002630166423314151
2021-11-01,IWM,219.9344,0.02591535446385307
2021-11-02,IWM,220.395,0.0020942608341396607
2021-11-03,IWM,224.3339,0.017872002540892495
2021-11-04,IWM,224.2493,-0.00037711643224669356
2021-11-05,IWM,227.3138,0.013665594496838906
2021-11-08,IWM,228.0188,0.003101439507852133
2021-11-09,IWM,226.6934,-0.005812678603694055
2021-11-10,IWM,223.1212,-0.015757847383294
2021-11-11,IWM,224.9167,0.008047195873812196
2021-11-12,IWM,225.1423,0.0010030380136289985
2021-11-15,IWM,224.2493,-0.003966380373657041
2021-11-16,IWM,224.6629,0.001844375879880067
2021-11-17,IWM,221.7205,-0.013096955483081651
2021-11-18,IWM,220.7805,-0.004239571893442373
2021-11-19,IWM,218.7687,-0.009112217790973376
2021-11-22,IWM,217.8381,-0.0042538077887741554
2021-11-23,IWM,217.4621,-0.0017260525133114824
2021-11-24,IWM,217.6971,0.0010806480761476056
2021-11-26,IWM,209.4904,-0.0376977920238718
2021-11-29,IWM,209.3589,-0.0006277137281708312
2021-11-30,IWM,205.091,-0.020385567558866557
2021-12-01,IWM,200.4753,-0.02250561945672902
2021-12-02,IWM,206.0687,0.027900694000707382
2021-12-03,IWM,201.8385,-0.020528105432799815
2021-12-06,IWM,205.89,0.020072979139262204
2021-12-07,IWM,210.6655,0.02319442420710094
2021-12-08,IWM,212.1038,0.006827411227751989
2021-12-09,IWM,207.3001,-0.022647873352575565
2021-12-10,IWM,206.7267,-0.00276603822188215
2021-12-13,IWM,203.7056,-0.014613980680773131
2021-12-14,IWM,201.9518,-0.008609483489899206
2021-12-15,IWM,205.1577,0.01587457997403341
2021-12-16,IWM,201.0089,-0.020222492258394342
2021-12-17,IWM,202.857,0.009194120260346716
2021-12-20,IWM,200.0094,-0.014037474674277961
2021-12-21,IWM,205.7234,0.02856865727310809
2021-12-22,IWM,207.7036,0.009625545757069975
2021-12-23,IWM,209.3631,0.007989750779476168
2021-12-27,IWM,211.3243,0.009367457780286914
2021-12-28,IWM,210.0326,-0.006112406382039359
2021-12-29,IWM,210.2588,0.0010769756694912758
2021-12-30,IWM,210.2022,-0.00026919206235365145
2021-12-31,IWM,209.7496,-0.002153164905029592
2022-01-03,IWM,212.4558,0.012902050826318678
2022-01-04,IWM,212.1352,-0.0015090197584627374
2022-01-05,IWM,204.9503,-0.03386943798106112
2022-01-06,IWM,206.1195,0.005704797699734865
2022-01-07,IWM,203.7339,-0.01157386855683229
2022-01-10,IWM,203.0267,-0.003471194533653965
2022-01-11,IWM,205.186,0.010635546950228614
2022-01-12,IWM,203.6585,-0.00744446502198004
2022-01-13,IWM,201.7915,-0.009167307036043182
2022-01-14,IWM,202.0744,0.0014019421036068902
2022-01-18,IWM,195.9644,-0.03023638818177854
2022-01-19,IWM,192.7773,-0.016263668298935996
2022-01-20,IWM,189.2886,-0.018097047733317106
2022-01-21,IWM,185.7433,-0.018729601254380834
2022-01-24,IWM,190.0241,0.023046860909653244
2022-01-25,IWM,187.4876,-0.013348306872654647
2022-01-26,IWM,184.7815,-0.014433487867997585
2022-01-27,IWM,180.5856,-0.022707359773570412
2022-01-28,IWM,184.1026,0.0194755285028263
2022-01-31,IWM,189.7506,0.030678545550144376
2022-02-01,IWM,191.7496,0.010534881049124367
2022-02-02,IWM,189.8449,-0.009933267135889712
2022-02-03,IWM,186.2524,-0.01892334215983682
2022-02-04,IWM,187.0539,0.004303300252775255
2022-02-07,IWM,187.9779,0.004939752659527619
2022-02-08,IWM,191.1838,0.017054664404698494
2022-02-09,IWM,194.814,0.01898801049042853
2022-02-10,IWM,191.825,-0.01534283983697271
2022-02-11,IWM,189.8826,-0.010125895998957302
2022-02-14,IWM,189.2226,-0.0034758319087688783
2022-02-15,IWM,194.2954,0.026808637023273185
2022-02-16,IWM,194.7009,0.002087028308441541
2022-02-17,IWM,189.7129,-0.025618782450414934
2022-02-18,IWM,188.0816,-0.008598782686891515
2022-02-22,IWM,185.4321,-0.014086970761627016
2022-02-23,IWM,181.9622,-0.01871250986210049
2022-02-24,IWM,186.7333,0.026220280915487004
2022-02-25,IWM,190.9387,0.022520889418223833
2022-02-28,IWM,191.7119,0.004049467185017974
2022-03-01,IWM,188.1005,-0.018837641273181327
2022-03-02,IWM,192.5793,0.023810675676034787
2022-03-03,IWM,190.2975,-0.011848625475323504
2022-03-04,IWM,187.3179,-0.015657588775469966
2022-03-07,IWM,182.6599,-0.02486681731964757
2022-03-08,IWM,183.6688,0.0055233797894338466
2022-03-09,IWM,188.8454,0.028184427621893438
2022-03-10,IWM,188.506,-0.0017972373168740896
2022-03-11,IWM,185.4981,-0.01595652127783731
2022-03-14,IWM,181.7076,-0.020434171562943138
2022-03-15,IWM,184.6023,0.015930538953791595
2022-03-16,IWM,190.4106,0.03146385500072313
2022-03-17,IWM,193.3996,0.015697655487667106
2022-03-18,IWM,195.4363,0.010531045565761232
2022-03-21,IWM,193.7108,-0.0088289637083796
2022-03-22,IWM,195.6532,0.010027319075653018
2022-03-23,IWM,192.2587,-0.017349575677780837
2022-03-24,IWM,194.4694,0.011498569375534062
2022-03-25,IWM,194.734,0.0013606253734521623
2022-03-28,IWM,194.8001,0.00033943738638342325
2022-03-29,IWM,200.0153,0.026772060178613888
2022-03-30,IWM,196.0,-0.020074964265233697
2022-03-31,IWM,193.931,-0.010556122448979521
2022-04-01,IWM,196.1039,0.011204500569790277
2022-04-04,IWM,196.4252,0.0016384171859915586
2022-04-05,IWM,191.7769,-0.02366447889578316
2022-04-06,IWM,189.056,-0.014187840141330899
2022-04-07,IWM,188.4419,-0.0032482439065674162
2022-04-08,IWM,186.9397,-0.007971687825266138
2022-04-11,IWM,185.6832,-0.006721418724861539
2022-04-12,IWM,186.269,0.003154835763278463
2022-04-13,IWM,189.8118,0.019019804691065012
2022-04-14,IWM,187.9695,-0.009705929768328403
2022-04-18,IWM,186.7035,-0.006735135221405675
2022-04-19,IWM,190.4259,0.019937494476536477
2022-04-20,IWM,191.1534,0.0038203836768002652
2022-04-21,IWM,186.8736,-0.022389348031476297
2022-04-22,IWM,182.0364,-0.025884876194390394
2022-04-25,IWM,183.1418,0.006072411891248075
2022-04-26,IWM,177.3693,-0.03151929270106535
2022-04-27,IWM,176.6324,-0.004154608491999556
2022-04-28,IWM,179.9296,0.018667016923282542
2022-04-29,IWM,174.7334,-0.028879072703990927
2022-05-02,IWM,176.5663,0.010489694586152565
2022-05-03,IWM,178.0779,0.008561090083441636
2022-05-04,IWM,182.83,0.02668551235161698
2022-05-05,IWM,175.4137,-0.040563911830662436
2022-05-06,IWM,172.4944,-0.01664237171897065
2022-05-09,IWM,165.2386,-0.04206397425075836
2022-05-10,IWM,165.2859,0.00028625272787352607
2022-05-11,IWM,161.1761,-0.02486479487966009
2022-05-12,IWM,163.0657,0.01172382257667226
2022-05-13,IWM,168.2335,0.031691520657011196
2022-05-16,IWM,167.4305,-0.0047731278253142495
2022-05-17,IWM,172.551,0.030582838849552374
2022-05-18,IWM,166.5046,-0.035041234185834824
2022-05-19,IWM,166.7785,0.001644999597608665
2022-05-20,IWM,166.3534,-0.0025488896950147666
2022-05-23,IWM,168.3658,0.01209713778017174
2022-05-24,IWM,165.8716,-0.014814172474457488
2022-05-25,IWM,168.857,0.017998258894229124
2022-05-26,IWM,172.6266,0.0223242151643106
2022-05-27,IWM,177.2748,0.026926325375115967
2022-05-31,IWM,175.0735,-0.012417444555007262
2022-06-01,IWM,174.0816,-0.00566562043941532
2022-06-02,IWM,178.333,0.024421880313600042
2022-06-03,IWM,176.7269,-0.009006185058289762
2022-06-06,IWM,177.4921,0.004329844522820148
2022-06-07,IWM,180.3547,0.016128041755097966
2022-06-08,IWM,177.5677,-0.015452882569736204
2022-06-09,IWM,173.8867,-0.02073012152548026
2022-06-10,IWM,169.1694,-0.027128584302307135
2022-06-13,IWM,161.222,-0.04697894536482361
2022-06-14,IWM,160.4452,-0.004818200989939347
2022-06-15,IWM,162.7944,0.014641759304734547
2022-06-16,IWM,155.2543,-0.04631670376868002
2022-06-17,IWM,156.4668,0.007809767587757754
2022-06-21,IWM,159.2707,0.017920095509079248
2022-06-22,IWM,158.9675,-0.0019036771986310486
2022-06-23,IWM,160.8715,0.01197729095569855
2022-06-24,IWM,165.854,0.030971924797120742
2022-06-27,IWM,166.4697,0.00371230118055621
2022-06-28,IWM,163.3438,-0.01877759135746626
2022-06-29,IWM,161.6861,-0.01014853333888388
2022-06-30,IWM,160.4263,-0.007791640716177883
2022-07-01,IWM,162.3682,0.012104623743114384
2022-07-05,IWM,163.7132,0.008283641747583559
2022-07-06,IWM,162.5007,-0.007406244578934462
2022-07-07,IWM,166.3466,0.02366697497303094
2022-07-08,IWM,166.3276,-0.00011421934683364388
2022-07-11,IWM,162.9838,-0.02010369896517472
2022-07-12,IWM,162.425,-0.0034285616116447315
2022-07-13,IWM,162.2829,-0.0008748653224565084
2022-07-14,IWM,160.6157,-0.010273417593597456
2022-07-15,IWM,163.9595,0.020818637281411423
2022-07-18,IWM,163.4954,-0.0028305770632381932
2022-07-19,IWM,169.2641,0.03528356149469669
2022-07-20,IWM,171.9164,0.015669595620098953
2022-07-21,IWM,172.7974,0.005124583809339889
2022-07-22,IWM,170.0409,-0.015952207614234992
2022-07-25,IWM,170.9218,0.005180518334118478
2022-07-26,IWM,169.8704,-0.0061513510857011955
2022-07-27,IWM,173.7352,0.022751462291252578
2022-07-28,IWM,176.1222,0.013739299807983718
2022-07-29,IWM,177.3726,0.007099616062029801
2022-08-01,IWM,177.3063,-0.00037378941279553324
2022-08-02,IWM,177.1358,-0.0009616127571326905
2022-08-03,IWM,179.7407,0.014705666499939651
2022-08-04,IWM,179.3618,-0.002108036744043029
2022-08-05,IWM,180.7353,0.007657706378950246
2022-08-08,IWM,182.6488,0.010587306408875286
2022-08-09,IWM,180.1575,-0.01363983776515365
2022-08-10,IWM,185.3011,0.028550573803477475
2022-08-11,IWM,185.9926,0.003731764139554672
2022-08-12,IWM,189.791,0.020422317877162754
2022-08-15,IWM,190.4636,0.0035438982881170755
2022-08-16,IWM,190.3878,-0.0003979763062339492
2022-08-17,IWM,187.1861,-0.016816728803001002
2022-08-18,IWM,188.427,0.006629231550846937
2022-08-19,IWM,184.3823,-0.021465607370493633
2022-08-22,IWM,180.5838,-0.020601218229732376
2022-08-23,IWM,180.8774,0.0016258379766069808
2022-08-24,IWM,182.2604,0.007646063023904581
2022-08-25,IWM,185.0927,0.015539853967180939
2022-08-26,IWM,179.0113,-0.03285596892800202
2022-08-29,IWM,177.3631,-0.009207239989877714
2022-08-30,IWM,174.8813,-0.01399276399656968
2022-08-31,IWM,173.8204,-0.0060664004670596405
2022-09-01,IWM,171.9259,-0.01089918099371534
2022-09-02,IWM,170.5903,-0.007768463041345153
2022-09-06,IWM,168.9042,-0.00988391485330653
2022-09-07,IWM,172.5795,0.021759672050783774
2022-09-08,IWM,174.0193,0.008342821714050652
2022-09-09,IWM,177.5147,0.020086277786429463
2022-09-12,IWM,179.6649,0.012112799672365115
2022-09-13,IWM,172.6363,-0.039120607308383515
2022-09-14,IWM,173.3089,0.0038960519890660628
2022-09-15,IWM,172.0491,-0.007269101586819704
2022-09-16,IWM,169.5483,-0.014535385538198109
2022-09-19,IWM,170.9976,0.0085480066742043
2022-09-20,IWM,168.6674,-0.01362709184222477
2022-09-21,IWM,166.0909,-0.01527562528384252
2022-09-22,IWM,162.3492,-0.02252802531625764
2022-09-23,IWM,158.4844,-0.02380547609720285
2022-09-26,IWM,156.3145,-0.013691568381493546
2022-09-27,IWM,156.8477,0.0034110719095157283
2022-09-28,IWM,161.8083,0.03162685841105728
2022-09-29,IWM,158.1807,-0.022419121886825377
2022-09-30,IWM,157.0286,-0.007283442291000086
2022-10-03,IWM,161.1895,0.026497720797358015
2022-10-04,IWM,167.5784,0.03963595643636819
2022-10-05,IWM,166.3406,-0.007386393473144515
2022-10-06,IWM,165.4075,-0.005609574571692089
2022-10-07,IWM,160.542,-0.02941523207835195
2022-10-10,IWM,159.647,-0.005574865144323704
2022-10-11,IWM,159.6946,0.0002981578106699967
2022-10-12,IWM,159.2566,-0.002742735195805146
2022-10-13,IWM,163.1985,0.024751878415086193
2022-10-14,IWM,158.8281,-0.026779657901267462
2022-10-17,IWM,163.8936,0.0318929710800544
2022-10-18,IWM,165.836,0.011851591520352311
2022-10-19,IWM,163.0176,-0.01699510359632428
2022-10-20,IWM,160.9419,-0.012732980978740871
2022-10-21,IWM,164.4363,0.021712183092159165
2022-10-24,IWM,165.1409,0.004284941950165599
2022-10-25,IWM,169.6446,0.027271862996992358
2022-10-26,IWM,170.4825,0.004939149256740105
2022-10-27,IWM,170.5205,0.0002228967782618163
2022-10-28,IWM,174.3958,0.022726299770408964
2022-10-31,IWM,174.5576,0.0009277746367744033
2022-11-01,IWM,174.7957,0.0013640196702979779
2022-11-02,IWM,168.9971,-0.033173584933725575
2022-11-03,IWM,167.864,-0.0067048487814287405
2022-11-04,IWM,170.1302,0.013500214459324145
2022-11-07,IWM,170.9014,0.004532998844414493
2022-11-08,IWM,170.9681,0.0003902835202052035
2022-11-09,IWM,166.274,-0.027455999101586692
2022-11-10,IWM,176.5096,0.061558632137315605
2022-11-11,IWM,177.9568,0.008198987477168185
2022-11-14,IWM,175.9669,-0.011181927299209526
2022-11-15,IWM,178.5757,0.014825515480468177
2022-11-16,IWM,175.4337,-0.01759477913288332
2022-11-17,IWM,173.8055,-0.00928099903268298
2022-11-18,IWM,174.929,0.006464122251597315
2022-11-21,IWM,174.015,-0.00522497699066482
2022-11-22,IWM,175.8717,0.010669769847426958
2022-11-23,IWM,176.3287,0.002598485145705709
2022-11-25,IWM,176.7,0.002105726407555908
2022-11-28,IWM,173.1389,-0.020153367289190594
2022-11-29,IWM,173.6436,0.0029150006151130725
2022-11-30,IWM,178.4043,0.027416501385596703
2022-12-01,IWM,178.0139,-0.002188288062563548
2022-12-02,IWM,179.0518,0.0058304435777205565
2022-12-05,IWM,174.1197,-0.027545659971025094
2022-12-06,IWM,171.4537,-0.015311305957912857
2022-12-07,IWM,170.949,-0.002943651843033912
2022-12-08,IWM,172.1868,0.007240756014951888
2022-12-09,IWM,170.0731,-0.012275621592363617
2022-12-12,IWM,172.0726,0.011756709320874359
2022-12-13,IWM,173.4978,0.008282550504845165
2022-12-14,IWM,172.3595,-0.006560890109269524
2022-12-15,IWM,168.0455,-0.025029081657814034
2022-12-16,IWM,166.7924,-0.007456908991909983
2022-12-19,IWM,164.535,-0.01353418980720933
2022-12-20,IWM,165.4055,0.005290667639104019
2022-12-21,IWM,168.2559,0.017232800602156484
2022-12-22,IWM,166.0559,-0.013075321578619126
2022-12-23,IWM,166.8115,0.004550274937536125
2022-12-27,IWM,165.6924,-0.006708770078801551
2022-12-28,IWM,163.1193,-0.015529378535165006
2022-12-29,IWM,167.2516,0.025332992478511063
2022-12-30,IWM,166.7829,-0.002802364820426173
2023-01-03,IWM,165.8646,-0.005505960143396105
2023-01-04,IWM,167.9307,0.012456545881399661
2023-01-05,IWM,166.1324,-0.010708583957549256
2023-01-06,IWM,169.8629,0.022454981689303377
2023-01-09,IWM,170.1499,0.0016895979051341214
2023-01-10,IWM,172.6656,0.014785198228150609
2023-01-11,IWM,174.8178,0.012464555765595353
2023-01-12,IWM,177.7544,0.01679806060938871
2023-01-13,IWM,178.9214,0.006565238328840151
2023-01-17,IWM,178.7014,-0.0012295901999425096
2023-01-18,IWM,175.8127,-0.016164954499517048
2023-01-19,IWM,174.1291,-0.009576100020078249
2023-01-20,IWM,176.9987,0.016479726823374286
2023-01-23,IWM,179.1892,0.012375797110374176
2023-01-24,IWM,178.8066,-0.002135173325178097
2023-01-25,IWM,179.304,0.0027817765116051607
2023-01-26,IWM,180.3658,0.0059217864632132855
2023-01-27,IWM,181.3415,0.00540956212319621
2023-01-30,IWM,178.8162,-0.013925659598051143
2023-01-31,IWM,183.1589,0.02428583092583314
2023-02-01,IWM,186.0381,0.015719683837367437
2023-02-02,IWM,189.7017,0.019692740358023375
2023-02-03,IWM,188.4294,-0.006706845536966766
2023-02-06,IWM,185.7033,-0.01446748755767402
2023-02-07,IWM,187.0807,0.007417207987149288
2023-02-08,IWM,184.345,-0.014623101153673268
2023-02-09,IWM,181.6763,-0.014476660609183845
2023-02-10,IWM,182.0397,0.002000260903596285
2023-02-13,IWM,184.2302,0.012033089485425252
2023-02-14,IWM,184.1441,-0.00046735008701059844
2023-02-15,IWM,186.0094,0.010129567007577167
2023-02-16,IWM,184.2302,-0.009565107999918276
2023-02-17,IWM,184.7372,0.002751991801561271
2023-02-21,IWM,179.2849,-0.029513817466108705
2023-02-22,IWM,179.7727,0.0027208091702088932
2023-02-23,IWM,181.0545,0.007130114861711556
2023-02-24,IWM,179.3614,-0.009351327915075203
2023-02-27,IWM,179.9927,0.0035197093689054437
2023-02-28,IWM,180.0023,5.333549638386614e-05
2023-03-01,IWM,180.2319,0.0012755392569983037
2023-03-02,IWM,180.6623,0.002388034526629168
2023-03-03,IWM,183.178,0.013924875306026818
2023-03-06,IWM,180.4997,-0.014621297317363502
2023-03-07,IWM,178.4049,-0.011605559455223458
2023-03-08,IWM,178.491,0.00048261006284033847
2023-03-09,IWM,173.5265,-0.027813727302777203
2023-03-10,IWM,168.5238,-0.0288296023950233
2023-03-13,IWM,165.7785,-0.01629028066065441
2023-03-14,IWM,168.849,0.01852170215076132
2023-03-15,IWM,166.0655,-0.016485143530610258
2023-03-16,IWM,168.3325,0.01365124002276219
2023-03-17,IWM,163.7889,-0.02699181679117224
2023-03-20,IWM,165.9124,0.012964859035013765
2023-03-21,IWM,168.9733,0.018448892307024733
2023-03-22,IWM,164.1811,-0.028360693671722115
2023-03-23,IWM,163.4524,-0.00443839150791403
2023-03-24,IWM,164.9309,0.009045446870159068
2023-03-27,IWM,166.7646,0.011117989412535723
2023-03-28,IWM,166.5246,-0.0014391543529023165
2023-03-29,IWM,168.416,0.011358081628780381
2023-03-30,IWM,168.1855,-0.0013686348090442557
2023-03-31,IWM,171.277,0.018381489486311242
2023-04-03,IWM,171.3538,0.00044839645720107235
2023-04-04,IWM,168.3488,-0.017536815641088777
2023-04-05,IWM,166.6974,-0.009809395730768666
2023-04-06,IWM,166.947,0.0014973238934741229
2023-04-10,IWM,168.7328,0.010696807968996191
2023-04-11,IWM,170.0673,0.007908954275635649
2023-04-12,IWM,168.8192,-0.007338859380962681
2023-04-13,IWM,171.0562,0.013250862461141821
2023-04-14,IWM,169.4624,-0.009317405624584163
2023-04-17,IWM,171.6418,0.012860669977528882
2023-04-18,IWM,170.9122,-0.004250712821701752
2023-04-19,IWM,171.133,0.0012918913921884378
2023-04-20,IWM,170.2497,-0.005161482589564947
2023-04-21,IWM,170.4705,0.0012969185848785703
2023-04-24,IWM,170.3553,-0.0006757767472963527
2023-04-25,IWM,166.1502,-0.024684292182280188
2023-04-26,IWM,164.5468,-0.009650304363160722
2023-04-27,IWM,166.7454,0.01336154820391533
2023-04-28,IWM,168.2047,0.008751665713117251
2023-05-01,IWM,168.3008,0.0005713276739591766
2023-05-02,IWM,164.8445,-0.020536444271209597
2023-05-03,IWM,165.4493,0.0036689122172712807
2023-05-04,IWM,163.5964,-0.01119920120544482
2023-05-05,IWM,167.4847,0.02376763791868286
2023-05-08,IWM,167.1006,-0.002293343809912307
2023-05-09,IWM,166.6014,-0.0029874219482154407
2023-05-10,IWM,167.4463,0.005071385954739771
2023-05-11,IWM,166.1598,-0.007683060181085
2023-05-12,IWM,165.8237,-0.002022751592141936
2023-05-15,IWM,167.8495,0.012216589064168781
2023-05-16,IWM,165.4013,-0.014585685390781755
2023-05-17,IWM,169.088,0.022289425778394767
2023-05-18,IWM,170.1153,0.0060755346328538185
2023-05-19,IWM,169.0784,-0.0060952777322204055
2023-05-22,IWM,171.1425,0.01220794613623033
2023-05-23,IWM,170.3361,-0.004711862921250032
2023-05-24,IWM,168.5311,-0.010596696765981961
2023-05-25,IWM,167.2159,-0.0078039008823891365
2023-05-26,IWM,169.1168,0.011367938096795926
2023-05-30,IWM,168.4928,-0.0036897576113078534
2023-05-31,IWM,166.8318,-0.009857987997113238
2023-06-01,IWM,168.6367,0.010818680851012896
2023-06-02,IWM,174.7524,0.03626553413343592
2023-06-05,IWM,172.4099,-0.01340467999295003
2023-06-06,IWM,176.951,0.026338974734049447
2023-06-07,IWM,180.2618,0.018710264423484446
2023-06-08,IWM,179.5879,-0.0037384515188464418
2023-06-09,IWM,178.1342,-0.008094643347352437
2023-06-12,IWM,178.8755,0.004161469274288621
2023-06-13,IWM,180.9261,0.01146383937431339
2023-06-14,IWM,178.9814,-0.010748587406681387
2023-06-15,IWM,180.4544,0.008229905453862818
2023-06-16,IWM,179.0103,-0.008002575719960214
2023-06-20,IWM,178.2305,-0.004356173918483974
2023-06-21,IWM,177.8165,-0.0023228347561164986
2023-06-22,IWM,176.4975,-0.007417759319298223
2023-06-23,IWM,173.8404,-0.01505460417286375
2023-06-26,IWM,174.0137,0.00099689140153858
2023-06-27,IWM,176.5264,0.014439667681337642
2023-06-28,IWM,177.3929,0.004908614235604514
2023-06-29,IWM,179.4339,0.011505533761497766
2023-06-30,IWM,180.2907,0.004775017429816675
2023-07-03,IWM,180.6565,0.002028945475279764
2023-07-05,IWM,178.8562,-0.00996532092673108
2023-07-06,IWM,175.968,-0.01614816819321896
2023-07-07,IWM,177.8261,0.01055930623749779
2023-07-10,IWM,180.8684,0.017108287253670973
2023-07-11,IWM,182.7264,0.010272662333497662
2023-07-12,IWM,184.7193,0.010906470001050605
2023-07-13,IWM,186.2115,0.008078202981496752
2023-07-14,IWM,184.392,-0.00977114732441342
2023-07-17,IWM,186.3656,0.010703284307345351
2023-07-18,IWM,188.6665,0.012346162596530652
2023-07-19,IWM,189.4656,0.004235516109112991
2023-07-20,IWM,187.8097,-0.008739845122280765
2023-07-21,IWM,187.2127,-0.0031787495534042476
2023-07-24,IWM,187.6749,0.0024688496026177287
2023-07-25,IWM,187.6556,-0.0001028374066005533
2023-07-26,IWM,189.1382,0.007900643519298312
2023-07-27,IWM,186.6929,-0.012928641596462231
2023-07-28,IWM,189.1093,0.012943181020810046
2023-07-31,IWM,191.3044,0.011607572974993818
2023-08-01,IWM,190.4283,-0.004579612387378362
2023-08-02,IWM,187.8385,-0.013599869347150628
2023-08-03,IWM,187.309,-0.0028189109261413936
2023-08-04,IWM,186.9336,-0.002004174919517987
2023-08-07,IWM,187.0587,0.0006692215845625071
2023-08-08,IWM,185.8842,-0.006278777731268281
2023-08-09,IWM,184.4305,-0.00782046026504668
2023-08-10,IWM,183.6122,-0.0044369017055204685
2023-08-11,IWM,183.8721,0.001415483284879615
2023-08-14,IWM,183.5544,-0.0017278314654588511
2023-08-15,IWM,181.1283,-0.013217335024385046
2023-08-16,IWM,178.914,-0.012225036065595551
2023-08-17,IWM,176.8056,-0.011784432744223472
2023-08-18,IWM,177.7683,0.005444963281706183
2023-08-21,IWM,177.5084,-0.0014620154436983945
2023-08-22,IWM,176.9789,-0.002982957426239996
2023-08-23,IWM,178.8659,0.010662287990263142
2023-08-24,IWM,176.3917,-0.013832709309041125
2023-08-25,IWM,177.1426,0.004257003022251071
2023-08-28,IWM,178.7215,0.008913158099745688
2023-08-29,IWM,181.2149,0.01395131531460958
2023-08-30,IWM,181.8985,0.0037723167355443454
2023-08-31,IWM,181.5808,-0.001746578448970193
2023-09-01,IWM,183.7373,0.011876255639362787
2023-09-05,IWM,179.8671,-0.021063768761160673
2023-09-06,IWM,179.1932,-0.0037466551692888483
2023-09-07,IWM,177.4603,-0.00967056785636955
2023-09-08,IWM,177.0656,-0.002224159431715167
2023-09-11,IWM,177.4892,0.002392333688757242
2023-09-12,IWM,177.3159,-0.0009763974371399531
2023-09-13,IWM,176.151,-0.006569630811450011
2023-09-14,IWM,178.6348,0.014100402495586195
2023-09-15,IWM,176.7671,-0.010455409584246844
2023-09-18,IWM,175.5926,-0.006644335965233283
2023-09-19,IWM,174.9091,-0.0038925330566322858
2023-09-20,IWM,173.1569,-0.010017774947100988
2023-09-21,IWM,170.4709,-0.015511943214506663
2023-09-22,IWM,170.0858,-0.002259036586302998
2023-09-25,IWM,170.8463,0.0044712727341142955
2023-09-26,IWM,168.6497,-0.012857170450867317
2023-09-27,IWM,170.2263,0.009348371209673134
2023-09-28,IWM,171.7642,0.009034444148759535
2023-09-29,IWM,170.9517,-0.004730322150948818
2023-10-02,IWM,168.3692,-0.015106606134949074
2023-10-03,IWM,165.5351,-0.01683265110245824
2023-10-04,IWM,165.6126,0.0004681786521407716
2023-10-05,IWM,165.7383,0.0007590002209978408
2023-10-06,IWM,167.3342,0.009629035654402207
2023-10-09,IWM,168.3015,0.00578064735122874
2023-10-10,IWM,170.207,0.011321943060519368
2023-10-11,IWM,169.9168,-0.0017049827562908293
2023-10-12,IWM,166.0768,-0.0225992956552854
2023-10-13,IWM,164.6936,-0.008328676853118444
2023-10-16,IWM,167.3536,0.01615120441838669
2023-10-17,IWM,169.2204,0.011154824276263131
2023-10-18,IWM,165.7383,-0.02057730628222132
2023-10-19,IWM,163.0977,-0.015932346355670424
2023-10-20,IWM,160.9891,-0.012928447182271707
2023-10-23,IWM,159.6253,-0.008471380981693755
2023-10-24,IWM,161.0181,0.00872543387545699
2023-10-25,IWM,158.3582,-0.01651926087812483
2023-10-26,IWM,158.7644,0.0025650708330859917
2023-10-27,IWM,156.8976,-0.011758303498769163
2023-10-30,IWM,157.7681,0.005548204688918146
2023-10-31,IWM,159.1319,0.008644333043245078
2023-11-01,IWM,160.0412,0.005714127714179229
2023-11-02,IWM,164.3067,0.02665251197816554
2023-11-03,IWM,168.7755,0.027197917066072108
2023-11-06,IWM,166.6668,-0.012494112000853153
2023-11-07,IWM,166.0768,-0.00353999716800224
2023-11-08,IWM,164.3067,-0.010658321932985104
2023-11-09,IWM,161.7629,-0.015482022339928903
2023-11-10,IWM,163.5717,0.011181797556794493
2023-11-13,IWM,163.6297,0.0003545845644450374
2023-11-14,IWM,172.6154,0.0549148473657286
2023-11-15,IWM,172.9153,0.0017373884369529247
2023-11-16,IWM,170.1199,-0.016166296446873174
2023-11-17,IWM,172.451,0.013702688515570438
2023-11-20,IWM,173.4569,0.0058329612469629755
2023-11-21,IWM,171.2226,-0.012881009634093443
2023-11-22,IWM,172.2962,0.006270200312342045
2023-11-24,IWM,173.4569,0.006736654667949704
2023-11-27,IWM,172.8766,-0.0033454996601460785
2023-11-28,IWM,172.2092,-0.0038605571835632624
2023-11-29,IWM,173.1184,0.005279625014226852
2023-11-30,IWM,173.7761,0.003799134003086957
2023-12-01,IWM,178.8542,0.029222085200438785
2023-12-04,IWM,180.7693,0.010707604294447615
2023-12-05,IWM,178.3512,-0.01337671828125675
2023-12-06,IWM,178.032,-0.0017897272348040838
2023-12-07,IWM,179.3185,0.007226228992540662
2023-12-08,IWM,180.6823,0.007605461790055168
2023-12-11,IWM,181.0595,0.0020876422316962184
2023-12-12,IWM,180.8757,-0.001015135908361775
2023-12-13,IWM,186.9984,0.033850318201947616
2023-12-14,IWM,192.2022,0.027828045587555916
2023-12-15,IWM,190.5869,-0.008404170191600224
2023-12-18,IWM,190.6546,0.000355218538105051
2023-12-19,IWM,194.3495,0.01938007265494779
2023-12-20,IWM,190.5479,-0.019560636893843353
2023-12-21,IWM,193.7903,0.01701619382842856
2023-12-22,IWM,195.596,0.009317803832286753
2023-12-26,IWM,198.1395,0.013003844659399855
2023-12-27,IWM,198.8385,0.003527817522503085
2023-12-28,IWM,198.0813,-0.0038081156315301623
2023-12-29,IWM,194.8485,-0.01632057140174259
2024-01-02,IWM,193.6933,-0.0059287087147193995
2024-01-03,IWM,188.5286,-0.026664319313058238
2024-01-04,IWM,188.1597,-0.00195673229419846
2024-01-05,IWM,187.6064,-0.0029405871714293097
2024-01-08,IWM,190.9847,0.018007381411295098
2024-01-09,IWM,189.2761,-0.008946266376311796
2024-01-10,IWM,189.3829,0.0005642550749935804
2024-01-11,IWM,187.8976,-0.007842841143524515
2024-01-12,IWM,187.587,-0.0016530280322900603
2024-01-16,IWM,185.2667,-0.01236919402730463
2024-01-17,IWM,183.9465,-0.007125943302277227
2024-01-18,IWM,185.0338,0.005910957805666417
2024-01-19,IWM,186.8103,0.009600948583448066
2024-01-22,IWM,190.8003,0.021358565346771385
2024-01-23,IWM,190.2469,-0.002900414726811129
2024-01-24,IWM,188.684,-0.008215114149034863
2024-01-25,IWM,190.2469,0.008283161264336147
2024-01-26,IWM,190.2566,5.09863761248841e-05
2024-01-29,IWM,193.5865,0.017502152356344114
2024-01-30,IWM,191.9361,-0.008525387875704116
2024-01-31,IWM,187.2472,-0.024429484604511664
2024-02-01,IWM,189.7324,0.0132722945923891
2024-02-02,IWM,188.7325,-0.0052700540339974955
2024-02-05,IWM,186.3346,-0.012705283933609701
2024-02-06,IWM,188.0141,0.009013355544273738
2024-02-07,IWM,187.5773,-0.0023232300130682226
2024-02-08,IWM,190.4217,0.015163881770342114
2024-02-09,IWM,193.5185,0.016262852395499072
2024-02-12,IWM,197.0328,0.018160020876557104
2024-02-13,IWM,188.9267,-0.04114086588628896
2024-02-14,IWM,193.3147,0.0232259389488092
2024-02-15,IWM,198.4696,0.026665845897906548
2024-02-16,IWM,195.7708,-0.013598052296170282
2024-02-20,IWM,193.0719,-0.013786019161182383
2024-02-21,IWM,192.1594,-0.004726218574531038
2024-02-22,IWM,193.6156,0.007578083611834652
2024-02-23,IWM,194.0524,0.00225601656064911
2024-02-26,IWM,195.2757,0.006303967382006004
2024-02-27,IWM,198.0424,0.014168173510580084
2024-02-28,IWM,196.4115,-0.008235105209793425
2024-02-29,IWM,197.7803,0.006969042036744311
2024-03-01,IWM,199.8772,0.010602168163361014
2024-03-04,IWM,199.6928,-0.0009225664558037971
2024-03-05,IWM,197.7803,-0.009577210595474672
2024-03-06,IWM,199.2559,0.007460803730199528
2024-03-07,IWM,200.916,0.008331497335837934
2024-03-08,IWM,200.7898,-0.0006281231957633304
2024-03-11,IWM,199.1977,-0.007929187638017532
2024-03-12,IWM,198.9259,-0.0013644735857892831
2024-03-13,IWM,199.7025,0.0039039662507496242
2024-03-14,IWM,196.13,-0.017889110051201085
2024-03-15,IWM,196.4989,0.00188089532452973
2024-03-18,IWM,195.3727,-0.00573132979370361
2024-03-19,IWM,196.1979,0.0042237221474648035
2024-03-20,IWM,200.0811,0.019792260773433323
2024-03-21,IWM,202.38,0.011489840869527423
2024-03-22,IWM,199.5867,-0.013802253187073732
2024-03-25,IWM,200.0441,0.0022917358721796788
2024-03-26,IWM,199.684,-0.0018001030772714088
2024-03-27,IWM,204.0345,0.02178692333887544
2024-03-28,IWM,204.6768,0.0031479970299139737
2024-04-01,IWM,202.7498,-0.00941484330417508
2024-04-02,IWM,199.0222,-0.018385221588381295
2024-04-03,IWM,200.3264,0.006553037801813044
2024-04-04,IWM,198.3214,-0.010008665857320853
2024-04-05,IWM,198.9833,0.003337511736000165
2024-04-08,IWM,200.0733,0.005477846633360484
2024-04-09,IWM,200.8617,0.003940555786304367
2024-04-10,IWM,195.5574,-0.026407722328348315
2024-04-11,IWM,196.881,0.006768345253107322
2024-04-12,IWM,193.3773,-0.01779602907339972
2024-04-15,IWM,190.5451,-0.014645979647042284
2024-04-16,IWM,189.8444,-0.0036773446286468836
2024-04-17,IWM,187.8394,-0.010561280711993581
2024-04-18,IWM,187.6837,-0.0008288995812381073
2024-04-19,IWM,187.9757,0.0015558090553415838
2024-04-22,IWM,190.0779,0.01118336040243495
2024-04-23,IWM,193.2605,0.01674366141460948
2024-04-24,IWM,192.3943,-0.004482033317724121
2024-04-25,IWM,191.2264,-0.006070346158903783
2024-04-26,IWM,193.0561,0.009568239531779987
2024-04-29,IWM,194.6133,0.008066049195026848
2024-04-30,IWM,190.6619,-0.02030385384760447
2024-05-01,IWM,191.0609,0.0020927096603988726
2024-05-02,IWM,194.5744,0.018389424523803655
2024-05-03,IWM,196.5014,0.009903666669407674
2024-05-06,IWM,199.0417,0.012927643263610289
2024-05-07,IWM,199.4893,0.002248775005438519
2024-05-08,IWM,198.3312,-0.0058053238945646735
2024-05-09,IWM,200.3555,0.010206664407818922
2024-05-10,IWM,198.847,-0.007529116994542173
2024-05-13,IWM,199.2655,0.0021046332104581733
2024-05-14,IWM,201.3288,0.010354527000409064
2024-05-15,IWM,203.8398,0.01247213513416856
2024-05-16,IWM,202.3702,-0.007209583211914339
2024-05-17,IWM,202.5162,0.0007214500949250802
2024-05-20,IWM,202.9639,0.0022106873425433715
2024-05-21,IWM,202.7692,-0.0009592838923571101
2024-05-22,IWM,201.0563,-0.008447535424512265
2024-05-23,IWM,197.757,-0.016409831475064363
2024-05-24,IWM,199.9468,0.0110731857785058
2024-05-28,IWM,199.6743,-0.0013628625214306966
2024-05-29,IWM,196.7253,-0.014769051400205124
2024-05-30,IWM,198.594,0.009499032407117802
2024-05-31,IWM,200.268,0.008429257681501046
2024-06-03,IWM,199.139,-0.00563744582259762
2024-06-04,IWM,196.5696,-0.012902545458197578
2024-06-05,IWM,199.577,0.015299415575958708
2024-06-06,IWM,198.1463,-0.007168661719536784
2024-06-07,IWM,195.8202,-0.011739305755393836
2024-06-10,IWM,196.4917,0.0034291661432273024
2024-06-11,IWM,195.8203,-0.0034169382218181
2024-06-12,IWM,198.8263,0.015350808879365463
2024-06-13,IWM,197.089,-0.008737777648128109
2024-06-14,IWM,193.9561,-0.015895864304958707
2024-06-17,IWM,195.586,0.008403447996737423
2024-06-18,IWM,195.9276,0.001746546276318428
2024-06-20,IWM,195.098,-0.004234217129184481
2024-06-21,IWM,195.5372,0.0022511763318946443
2024-06-24,IWM,196.3863,0.004342396229464196
2024-06-25,IWM,195.7422,-0.003279760349881866
2024-06-26,IWM,195.2249,-0.002642761755002221
2024-06-27,IWM,197.2062,0.01014880786211192
2024-06-28,IWM,198.0162,0.004107375934428115
2024-07-01,IWM,196.357,-0.008379112416054824
2024-07-02,IWM,197.0305,0.0034299770316310596
2024-07-03,IWM,196.9817,-0.00024767739004871725
2024-07-05,IWM,196.0447,-0.004756787051792055
2024-07-08,IWM,197.4209,0.00701982762094544
2024-07-09,IWM,196.562,-0.004350603203612025
2024-07-10,IWM,198.4847,0.009781646503393304
2024-07-11,IWM,205.6191,0.03594433223316451
2024-07-12,IWM,208.02,0.011676444454819634
2024-07-15,IWM,211.9727,0.019001538313623723
2024-07-16,IWM,219.2047,0.03411760099295802
2024-07-17,IWM,216.9111,-0.010463279300124473
2024-07-18,IWM,212.7144,-0.01934755759387141
2024-07-19,IWM,211.6311,-0.005092744073743938
2024-07-22,IWM,214.9982,0.01591023247528356
2024-07-23,IWM,217.282,0.010622414513237866
2024-07-24,IWM,212.6168,-0.021470715475741198
2024-07-25,IWM,215.2715,0.012485843075429548
2024-07-26,IWM,218.8338,0.016547940623816926
2024-07-29,IWM,216.4036,-0.011105231458759968
2024-07-30,IWM,217.2235,0.0037887539763663547
2024-07-31,IWM,218.4825,0.005795873835013232
2024-08-01,IWM,211.3773,-0.03252068243451989
2024-08-02,IWM,203.9013,-0.03536803620823992
2024-08-05,IWM,197.3428,-0.03216507202259122
2024-08-06,IWM,199.4899,0.010880052375865645
2024-08-07,IWM,197.1281,-0.011839195869064123
2024-08-08,IWM,201.9201,0.02430906603371108
2024-08-09,IWM,201.5005,-0.0020780496840087093
2024-08-12,IWM,199.6851,-0.009009406924548435
2024-08-13,IWM,202.9742,0.016471434273263252
2024-08-14,IWM,201.7152,-0.006202758774267791
2024-08-15,IWM,206.9464,0.025933593502125873
2024-08-16,IWM,207.493,0.002641263631548929
2024-08-19,IWM,210.0305,0.01222932821830125
2024-08-20,IWM,207.5808,-0.011663544104308587
2024-08-21,IWM,210.2843,0.01302384420909819
2024-08-22,IWM,208.4299,-0.008818537570327356
2024-08-23,IWM,215.0861,0.03193495750849551
2024-08-26,IWM,215.1544,0.0003175472520076106
2024-08-27,IWM,213.4855,-0.007756755148860539
2024-08-28,IWM,212.041,-0.006766267498261036
2024-08-29,IWM,213.5538,0.007134469277167987
2024-08-30,IWM,214.7933,0.0058041580154508665
2024-09-03,IWM,208.2249,-0.030580097237669857
2024-09-04,IWM,207.8736,-0.0016871181112344535
2024-09-05,IWM,206.8391,-0.004976581922860879
2024-09-06,IWM,202.9058,-0.019016230490270014
2024-09-09,IWM,203.4719,0.0027899646042646165
2024-09-10,IWM,203.306,-0.0008153460010940083
2024-09-11,IWM,203.9013,0.002928098531277845
2024-09-12,IWM,206.5267,0.012875837476269192
2024-09-13,IWM,211.6214,0.024668481121327135
2024-09-16,IWM,212.3826,0.003596989718431143
2024-09-17,IWM,214.1394,0.008271864079260727
2024-09-18,IWM,214.1784,0.000182124354509261
2024-09-19,IWM,218.5898,0.020596848234929244
2024-09-20,IWM,216.2475,-0.01071550456608672
2024-09-23,IWM,215.4569,-0.003655996023075425
2024-09-24,IWM,215.8181,0.0016764373756421591
2024-09-25,IWM,213.1857,-0.012197308752138869
2024-09-26,IWM,214.3217,0.005328687618353367
2024-09-27,IWM,215.7711,0.006762730978711051
2024-09-30,IWM,216.3195,0.002541582260089603
2024-10-01,IWM,213.3815,-0.013581762161987365
2024-10-02,IWM,213.0877,-0.0013768766270739752
2024-10-03,IWM,211.658,-0.0067094440458085325
2024-10-04,IWM,214.6154,0.013972540607961825
2024-10-07,IWM,212.931,-0.007848458218748466
2024-10-08,IWM,213.0779,0.0006898948485658529
2024-10-09,IWM,213.548,0.0022062353721339356
2024-10-10,IWM,212.3631,-0.005548635435592919
2024-10-11,IWM,216.6818,0.02033639554140998
2024-10-14,IWM,218.2781,0.0073670239032535
2024-10-15,IWM,218.4543,0.0008072271107362194
2024-10-16,IWM,222.0484,0.016452411328135907
2024-10-17,IWM,221.4412,-0.002734538956371546
2024-10-18,IWM,220.981,-0.0020782040559751414
2024-10-21,IWM,217.5044,-0.01573257429371755
2024-10-22,IWM,216.6818,-0.003781992456244554
2024-10-23,IWM,214.7036,-0.009129516184561925
2024-10-24,IWM,215.1737,0.002189530124320216
2024-10-25,IWM,214.3608,-0.003777878058517259
2024-10-28,IWM,217.857,0.01630988501629016
2024-10-29,IWM,217.1519,-0.0032365267124764285
2024-10-30,IWM,216.8581,-0.0013529699717110821
2024-10-31,IWM,213.2542,-0.01661870135355792
2024-11-01,IWM,214.449,0.005602703252737928
2024-11-04,IWM,215.536,0.005068804237837288
2024-11-05,IWM,219.5903,0.018810314750204116
2024-11-06,IWM,232.3116,0.05793197604812228
2024-11-07,IWM,231.489,-0.00354093381475562
2024-11-08,IWM,233.1929,0.007360608927422074
2024-11-11,IWM,236.6988,0.015034334235733526
2024-11-12,IWM,232.5466,-0.01754212526637222
2024-11-13,IWM,230.2452,-0.009896511064878988
2024-11-14,IWM,227.1408,-0.013483017235538464
2024-11-15,IWM,223.7524,-0.0149176193796976
2024-11-18,IWM,224.1931,0.001969587812242324
2024-11-19,IWM,225.8579,0.00742574147018793
2024-11-20,IWM,226.1517,0.0013008179036464451
2024-11-21,IWM,229.5891,0.01519953199555868
2024-11-22,IWM,233.8295,0.018469517934431634
2024-11-25,IWM,237.3844,0.01520295771063962
2024-11-26,IWM,235.6412,-0.007343363759370836
2024-11-27,IWM,235.9644,0.001371576787081441
2024-11-29,IWM,236.8653,0.003817948809227145
2024-12-02,IWM,236.7478,-0.0004960625300539645
2024-12-03,IWM,235.0634,-0.007114744044084076
2024-12-04,IWM,235.9056,0.003582863176487594
2024-12-05,IWM,233.1537,-0.011665259324068589
2024-12-06,IWM,233.9862,0.003570605999390075
2024-12-09,IWM,232.811,-0.005022518422026501
2024-12-10,IWM,231.8023,-0.004332699056316058
2024-12-11,IWM,232.8502,0.004520662650888241
2024-12-12,IWM,229.8241,-0.012995908957776359
2024-12-13,IWM,228.2474,-0.006860464154977652
2024-12-16,IWM,229.5891,0.005878270683477682
2024-12-17,IWM,226.9607,-0.011448278685704194
2024-12-18,IWM,216.9126,-0.044272422494290864
2024-12-19,IWM,215.95,-0.004437732063513167
2024-12-20,IWM,217.9734,0.009369761518870146
2024-12-23,IWM,217.4724,-0.0022984455901500223
2024-12-24,IWM,219.4173,0.00894320382724434
2024-12-26,IWM,221.6665,0.010250786970763093
2024-12-27,IWM,218.435,-0.014578206449779363
2024-12-30,IWM,216.7554,-0.007689243939844825
2024-12-31,IWM,217.0305,0.0012691725327258485
2025-01-02,IWM,217.2073,0.0008146320448048083
2025-01-03,IWM,220.4388,0.014877492607292542
2025-01-06,IWM,220.5272,0.0004010183325258154
2025-01-07,IWM,218.7592,-0.00801715162574046
2025-01-08,IWM,217.7672,-0.004534666427743361
2025-01-10,IWM,212.9739,-0.022011120131957496
2025-01-13,IWM,213.3865,0.0019373265926014849
2025-01-14,IWM,215.8125,0.011369041621658305
2025-01-15,IWM,220.0557,0.01966151172893138
2025-01-16,IWM,220.4977,0.0020085823725539687
2025-01-17,IWM,221.4505,0.004321133508422115
2025-01-21,IWM,225.7034,0.019204743272198455
2025-01-22,IWM,224.2301,-0.006527593292790401
2025-01-23,IWM,225.2516,0.004555588210503503
2025-01-24,IWM,224.623,-0.0027906572028789656
2025-01-27,IWM,222.472,-0.009576045195727856
2025-01-28,IWM,222.7175,0.0011035096551474943
2025-01-29,IWM,222.2068,-0.0022930393884630362
2025-01-30,IWM,224.4659,0.010166655565896354
2025-01-31,IWM,222.4523,-0.008970627609806159
2025-02-03,IWM,219.8494,-0.011700935436495863
2025-02-04,IWM,222.8943,0.013849935455816587
2025-02-05,IWM,225.3204,0.010884531367558514
2025-02-06,IWM,224.5837,-0.0032695663597260838
2025-02-07,IWM,221.9808,-0.011589888313354946
2025-02-10,IWM,222.9827,0.004513453415790902
2025-02-11,IWM,221.6862,-0.005814352413886725
2025-02-12,IWM,219.6432,-0.009215729260549366
2025-02-13,IWM,222.1184,0.01126918566110846
2025-02-14,IWM,221.9514,-0.0007518512649109521
2025-02-18,IWM,223.1693,0.005487237296092795
2025-02-19,IWM,222.4032,-0.0034328198367785667
2025-02-20,IWM,220.2718,-0.009583495201507808
2025-02-21,IWM,213.9267,-0.028805775410197798
2025-02-24,IWM,212.3846,-0.0072085438610515196
2025-02-25,IWM,211.5792,-0.0037921770222512086
2025-02-26,IWM,211.8444,0.0012534313391865393
2025-02-27,IWM,208.6129,-0.015254120477104949
2025-02-28,IWM,210.8327,0.01064076095006583
2025-03-03,IWM,205.0671,-0.027346801516083485
2025-03-04,IWM,202.749,-0.011304104851533991
2025-03-05,IWM,204.7626,0.009931491647307666
2025-03-06,IWM,201.6293,-0.01530211083469335
2025-03-07,IWM,202.2874,0.003263910552682603
2025-03-10,IWM,197.1995,-0.025151838423945305
2025-03-11,IWM,197.1799,-9.939173273765256e-05
2025-03-12,IWM,197.5237,0.0017435854263034845
2025-03-13,IWM,194.577,-0.01491820981482217
2025-03-14,IWM,199.2818,0.024179630686052445
2025-03-17,IWM,201.7963,0.012617810557712827
2025-03-18,IWM,200.044,-0.008683509063347472
2025-03-19,IWM,203.1548,0.015550578872647991
2025-03-20,IWM,201.8652,-0.006347868718829197
2025-03-21,IWM,200.615,-0.006193241826723872
2025-03-24,IWM,205.606,0.024878498616753397
2025-03-25,IWM,204.4641,-0.005553826250206617
2025-03-26,IWM,202.387,-0.010158751585241599
2025-03-27,IWM,201.4222,-0.004767104606521189
2025-03-28,IWM,197.327,-0.020331423249274394
2025-03-31,IWM,196.382,-0.004789005052526996
2025-04-01,IWM,196.4017,0.00010031469279270233
2025-04-02,IWM,199.5026,0.01578855987499095
2025-04-03,IWM,186.6953,-0.06419615583957305
2025-04-04,IWM,178.3671,-0.04460851451536274
2025-04-07,IWM,176.7526,-0.009051557153757606
2025-04-08,IWM,172.0963,-0.026343601169091624
2025-04-09,IWM,186.7248,0.08500182746520402
2025-04-10,IWM,178.879,-0.0420179858272709
2025-04-11,IWM,181.4877,0.014583601205284014
2025-04-14,IWM,183.6239,0.011770494639581575
2025-04-15,IWM,183.8503,0.001232954969369482
2025-04-16,IWM,182.0882,-0.009584428200552275
2025-04-17,IWM,183.5747,0.008163626198732343
2025-04-21,IWM,179.893,-0.020055595896384504
2025-04-22,IWM,184.5493,0.02588371976675008
2025-04-23,IWM,187.2859,0.014828558005909542
2025-04-24,IWM,191.0366,0.02002660104150933
2025-04-25,IWM,191.0957,0.0003093648023468898
2025-04-28,IWM,191.9029,0.004224061556591829
2025-04-29,IWM,193.035,0.00589933763377215
2025-04-30,IWM,191.8241,-0.006272955681612236
2025-05-01,IWM,193.0153,0.006209855800183739
2025-05-02,IWM,197.3566,0.02249199933891255
2025-05-05,IWM,195.8406,-0.0076815267389080955
2025-05-06,IWM,193.7044,-0.010907850568268262
2025-05-07,IWM,194.3442,0.00330297091857501
2025-05-08,IWM,198.0457,0.019046104797570518
2025-05-09,IWM,197.6814,-0.0018394744243375172
2025-05-12,IWM,204.6314,0.035157581846344765
2025-05-13,IWM,205.3796,0.0036563303579020268
2025-05-14,IWM,203.5584,-0.008867482456874964
2025-05-15,IWM,204.8874,0.006528838898321121
2025-05-16,IWM,206.5806,0.008264051376512205
2025-05-19,IWM,205.7143,-0.004193520591962652
2025-05-20,IWM,205.8226,0.0005264582967736686
2025-05-21,IWM,200.044,-0.028075634065452437
2025-05-22,IWM,200.0342,-4.898922237117631e-05
2025-05-23,IWM,199.4041,-0.0031499613566080553
2025-05-27,IWM,204.4641,0.025375606619923996
2025-05-28,IWM,202.3082,-0.010544149315209861
2025-05-29,IWM,202.9087,0.0029682435017464037
2025-05-30,IWM,201.8751,-0.005093916623584938
2025-06-02,IWM,202.5051,0.0031207414881775364
2025-06-03,IWM,205.7733,0.01613885279926297
2025-06-04,IWM,205.1926,-0.002822037650171416
2025-06-05,IWM,205.2811,0.00043130210348718556
2025-06-06,IWM,208.5986,0.016160766870403576
2025-06-09,IWM,210.0359,0.006890266761138353
2025-06-10,IWM,211.168,0.005390030942329371
2025-06-11,IWM,210.3017,-0.004102420821336494
2025-06-12,IWM,209.4649,-0.00397904534295257
2025-06-13,IWM,205.6355,-0.018281821918612606
2025-06-16,IWM,208.06,0.011790279402146053
2025-06-17,IWM,205.8685,-0.010533019321349535
2025-06-18,IWM,206.9543,0.005274240595331436
2025-06-20,IWM,206.52,-0.002098530931707976
2025-06-23,IWM,209.0471,0.012236587255471498
2025-06-24,IWM,211.7124,0.012749758308056025
2025-06-25,IWM,209.2445,-0.01165685146453399
2025-06-26,IWM,212.6403,0.016228861451555554
2025-06-27,IWM,212.7094,0.0003249619192597919
2025-06-30,IWM,213.0154,0.001438582403974653
2025-07-01,IWM,215.2069,0.010287988567962758
2025-07-02,IWM,218.188,0.013852251019832451
2025-07-03,IWM,220.2117,0.009275028874182079
2025-07-07,IWM,216.9047,-0.015017367378754254
2025-07-08,IWM,218.4052,0.006917784630761981
2025-07-09,IWM,220.7744,0.010847727068769464
2025-07-10,IWM,221.9096,0.005141900510204023
2025-07-11,IWM,218.8494,-0.013790300194313376
2025-07-14,IWM,220.3203,0.006721060235943099
2025-07-15,IWM,216.0065,-0.019579675590492673
2025-07-16,IWM,218.1782,0.01005386411982978
2025-07-17,IWM,221.0409,0.01312092592202152
2025-07-18,IWM,219.4713,-0.007100948286041131
2025-07-21,IWM,218.5829,-0.004047909681129225
2025-07-22,IWM,220.3992,0.008309433171579395
2025-07-23,IWM,223.7654,0.01527319518401149
2025-07-24,IWM,220.6756,-0.013808211635936596
2025-07-25,IWM,221.495,0.0037131427307777187
2025-07-28,IWM,221.2383,-0.0011589426397886626
2025-07-29,IWM,219.8267,-0.00638045040121904
2025-07-30,IWM,218.7112,-0.005074451829554794
2025-07-31,IWM,216.5691,-0.009794194353101249
2025-08-01,IWM,212.1566,-0.020374559436226125
2025-08-04,IWM,216.9047,0.022380166348819674
2025-08-05,IWM,218.0103,0.005097169402046298
2025-08-06,IWM,217.7241,-0.00131278201075824
2025-08-07,IWM,217.0133,-0.0032646822285635757
2025-08-08,IWM,217.4872,0.0021837371257891203
2025-08-11,IWM,217.4378,-0.00022713980408961554
2025-08-12,IWM,223.8937,0.02969078973389161
2025-08-13,IWM,228.247,0.019443602030785323
2025-08-14,IWM,225.3053,-0.012888230732496009
2025-08-15,IWM,224.2096,-0.004863178984249372
2025-08-18,IWM,225.029,0.0036546160378503334
2025-08-19,IWM,223.3015,-0.0076767883250602464
2025-08-20,IWM,222.5117,-0.0035369220538151724
2025-08-21,IWM,223.0645,0.0024843637435694177
2025-08-22,IWM,231.8106,0.03920883869912051
2025-08-25,IWM,229.3723,-0.010518500879597381
2025-08-26,IWM,231.2677,0.008263421520384062
2025-08-27,IWM,232.9063,0.007085295525488311
2025-08-28,IWM,233.1827,0.001186743338415619
2025-08-29,IWM,232.1462,-0.004445012430167483
2025-09-02,IWM,230.8926,-0.005400045316270585
2025-09-03,IWM,230.6655,-0.000983574181242619
2025-09-04,IWM,233.548,0.012496450487827548
2025-09-05,IWM,234.7128,0.00498741158134508
2025-09-08,IWM,235.1866,0.0020186372451780343
2025-09-09,IWM,233.8046,-0.005876185122791866
2025-09-10,IWM,233.39,-0.001773275632729221
2025-09-11,IWM,237.7038,0.01848322550237813
2025-09-12,IWM,235.2755,-0.010215654945356367
2025-09-15,IWM,236.2725,0.004237585298936919
2025-09-16,IWM,235.8834,-0.0016468272862902866
2025-09-17,IWM,236.4873,0.0025601631992755447
2025-09-18,IWM,242.3775,0.024907045748334022
2025-09-19,IWM,240.5362,-0.007596827263256611
2025-09-22,IWM,241.932,0.0058028687573845605
2025-09-23,IWM,241.3875,-0.002250632409106723
2025-09-24,IWM,239.1701,-0.009186059758686804
2025-09-25,IWM,236.8833,-0.009561395843376785
2025-09-26,IWM,238.9127,0.008567087675661389
2025-09-29,IWM,239.1898,0.0011598378822055277
2025-09-30,IWM,239.5264,0.0014072506436311194
2025-10-01,IWM,240.0511,0.0021905727301876343
2025-10-02,IWM,241.5657,0.006309489937767365
2025-10-03,IWM,243.3575,0.007417443784444533
2025-10-06,IWM,244.3276,0.003986316427478043
2025-10-07,IWM,241.7043,-0.010736814015281149
2025-10-08,IWM,244.2386,0.010485125833508135
2025-10-09,IWM,242.6645,-0.006444927214617091
2025-10-10,IWM,235.3984,-0.02994298712831911
2025-10-13,IWM,241.9518,0.02783961148419012
2025-10-14,IWM,245.4067,0.014279290337992911
2025-10-15,IWM,247.8122,0.009802095867798233
2025-10-16,IWM,242.5952,-0.021052232295262208
2025-10-17,IWM,240.9619,-0.006732614660141634
2025-10-20,IWM,245.6641,0.019514288358450038
2025-10-21,IWM,244.5058,-0.00471497463406334
2025-10-22,IWM,240.8925,-0.014777972547072471
2025-10-23,IWM,243.9416,0.012657513206097981
2025-10-24,IWM,246.9213,0.01221480879030068
2025-10-27,IWM,247.7825,0.0034877509554662733
2025-10-28,IWM,246.456,-0.005353485415636738
2025-10-29,IWM,244.3573,-0.00851551595416622
2025-10-30,IWM,242.3874,-0.008061555762811201
2025-10-31,IWM,243.7535,0.005636019033992579
2025-11-03,IWM,242.9714,-0.003208569312850962
2025-11-04,IWM,238.7741,-0.017274872680488218
2025-11-05,IWM,242.2191,0.01442786298848997
2025-11-06,IWM,237.9326,-0.017696787742997877
2025-11-07,IWM,239.1799,0.005242240869893333
2025-11-10,IWM,241.5756,0.010016309898950526
2025-11-11,IWM,241.7835,0.0008606001599498203
2025-11-12,IWM,241.1895,-0.002456743326157418
2025-11-13,IWM,234.4084,-0.02811523718901532
2025-11-14,IWM,235.0915,0.0029141447149505506
2025-11-17,IWM,230.4189,-0.019875665432395384
2025-11-18,IWM,231.1218,0.003050531011127955
2025-11-19,IWM,231.0822,-0.000171338229453033
2025-11-20,IWM,226.8057,-0.018506401618125445
2025-11-21,IWM,233.2304,0.028326889491754326
2025-11-24,IWM,237.4871,0.018251051320925527
2025-11-25,IWM,242.6645,0.02180076307302592
2025-11-26,IWM,244.8127,0.008852551568111489
2025-11-28,IWM,246.2481,0.005863257911047803
2025-12-01,IWM,243.1496,-0.012582838202609525
2025-12-02,IWM,242.7041,-0.001832205358347161
2025-12-03,IWM,247.1193,0.01819169927496067
2025-12-04,IWM,249.2873,0.0087730905679968
2025-12-05,IWM,248.2478,-0.004169887515328652
2025-12-08,IWM,248.3468,0.0003987950749211322
2025-12-09,IWM,248.8616,0.002072907724198547
2025-12-10,IWM,252.2472,0.013604348762525031
2025-12-11,IWM,255.2071,0.011734124303460991
2025-12-12,IWM,251.2968,-0.015322065882963365
2025-12-15,IWM,249.3961,-0.007563566269049193
2025-12-16,IWM,248.2161,-0.004731429240473206
2025-12-17,IWM,245.5741,-0.010643950976588656
2025-12-18,IWM,247.0342,0.005945659578921347
2025-12-19,IWM,249.1001,0.008362809683841288
2025-12-22,IWM,251.8714,0.011125246437074798
2025-12-23,IWM,250.3815,-0.005915320278523151
2025-12-24,IWM,251.0072,0.0024989865465301353
2025-12-26,IWM,249.7259,-0.005104634448732992
2025-12-29,IWM,248.1963,-0.006125115576718243
2025-12-30,IWM,246.3587,-0.007403817059319584
2025-12-31,IWM,244.5014,-0.007539007146896037
2026-01-02,IWM,247.1037,0.010643292840041063
2026-01-05,IWM,251.0271,0.01587754452887591
2026-01-06,IWM,254.3545,0.01325514257225624
2026-01-07,IWM,253.7586,-0.0023427932275623675
2026-01-08,IWM,256.5298,0.010920615104276443
2026-01-09,IWM,258.4766,0.007588981864874889
2026-01-12,IWM,259.738,0.004880132282767402
2026-01-13,IWM,259.589,-0.0005736549907984223
2026-01-14,IWM,261.4166,0.007040359953619069
2026-01-15,IWM,263.721,0.00881504847052561
2026-01-16,IWM,263.9693,0.000941525324111403
2026-01-20,IWM,260.8107,-0.011965785415197772
2026-01-21,IWM,265.9856,0.019841593922335088
2026-01-22,IWM,267.9721,0.007468449419818279
2026-01-23,IWM,263.0257,-0.01845863804478165
2026-01-26,IWM,262.2013,-0.003134294481489719
2026-01-27,IWM,262.9462,0.002840947012848316
2026-01-28,IWM,261.5258,-0.005401865476663992
2026-01-29,IWM,261.5954,0.00026613053090729366
2026-01-30,IWM,257.9005,-0.014124483840312063
2026-02-02,IWM,260.4134,0.0097436802177584
2026-02-03,IWM,261.0094,0.002288668709060193
2026-02-04,IWM,258.7646,-0.008600456535282075
2026-02-05,IWM,254.1062,-0.018002462469750347
2026-02-06,IWM,263.2343,0.03592238205915477
2026-02-09,IWM,265.0818,0.007018462259667402
2026-02-10,IWM,264.3666,-0.0026980350970907674
2026-02-11,IWM,263.1648,-0.004545960041850927
2026-02-12,IWM,257.7912,-0.020419144201656136
2026-02-13,IWM,261.1882,0.013177331111380086
2026-02-17,IWM,261.2676,0.00030399535660508015
2026-02-18,IWM,262.2112,0.0036116227193880857
2026-02-19,IWM,262.8171,0.0023107327223244045
2026-02-20,IWM,262.8271,3.8049274571516634e-05
2026-02-23,IWM,258.7348,-0.015570312193833757
2026-02-24,IWM,261.5556,0.010902282955365994
2026-02-25,IWM,262.7972,0.004746983050639919
2026-02-26,IWM,264.1977,0.005329204420747358
2026-02-27,IWM,259.6486,-0.01721854505167919
2026-03-02,IWM,262.0324,0.009180869837156935
2026-03-03,IWM,257.4932,-0.017323048600096813
2026-03-04,IWM,259.9962,0.009720645050043997
2026-03-05,IWM,255.0299,-0.019101433020944136
2026-03-06,IWM,249.1995,-0.02286163308694389
2026-03-09,IWM,251.9111,0.010881241736038882
2026-03-10,IWM,251.6528,-0.0010253617248306979
2026-03-11,IWM,251.1463,-0.0020126936795458183
2026-03-12,IWM,245.743,-0.021514551478560517
2026-03-13,IWM,244.9285,-0.0033144382545992057
2026-03-16,IWM,247.2428,0.00944887997925914
2026-03-17,IWM,248.8069,0.006326170064406389
2026-03-18,IWM,244.797,-0.016116514453578312
2026-03-19,IWM,246.399,0.006544197845561817
2026-03-20,IWM,241.0159,-0.02184708541836622
2026-03-23,IWM,246.2199,0.021591936465602535
2026-03-24,IWM,247.5433,0.005374870187178082
2026-03-25,IWM,250.5682,0.012219680354911722
2026-03-26,IWM,246.2099,-0.01739366767211481
2026-03-27,IWM,241.8915,-0.017539505925635024
2026-03-30,IWM,238.4188,-0.014356436666852712
2026-03-31,IWM,246.7671,0.03501527564101492
2026-04-01,IWM,248.3194,0.006290546835457489
2026-04-02,IWM,250.0408,0.006932201028191809
2026-04-06,IWM,251.1055,0.0042581050772514395
2026-04-07,IWM,251.6527,0.0021791637379509066
2026-04-08,IWM,259.1751,0.02989199003229448
2026-04-09,IWM,260.6577,0.00572045694204415
2026-04-10,IWM,260.001,-0.002519396127565021
2026-04-13,IWM,263.7523,0.014428021430686888
2026-04-14,IWM,267.3842,0.013770116886184569
2026-04-15,IWM,268.0508,0.002493041847648314
2026-04-16,IWM,268.608,0.0020787104533916967
2026-04-17,IWM,274.409,0.021596527281391387
2026-04-20,IWM,275.9713,0.0056933263850675875
2026-04-21,IWM,273.1454,-0.010239832910161284
2026-04-22,IWM,275.1056,0.007176397625586972
2026-04-23,IWM,274.1503,-0.00347248474767492
2026-04-24,IWM,275.2747,0.004101399852562526
2026-04-27,IWM,275.7623,0.0017713215199217647
2026-04-28,IWM,272.5483,-0.011654965163838571
2026-04-29,IWM,270.7274,-0.006681017639809106
2026-04-30,IWM,276.5882,0.021648344423209398
2026-05-01,IWM,277.8916,0.004712420848033361
2026-05-04,IWM,276.4986,-0.005012745977208244
2026-05-05,IWM,281.1553,0.01684167659438418
2026-05-06,IWM,285.3742,0.01500558588082801
2026-05-07,IWM,280.8568,-0.015829742142071557
2026-05-08,IWM,282.7574,0.006767149664882677
2026-05-11,IWM,283.9115,0.004081590791257694
2026-05-12,IWM,281.1653,-0.009672732524043548
2026-05-13,IWM,281.2648,0.0003538843520163315
2026-05-14,IWM,283.0359,0.006296913086884848
2026-05-15,IWM,276.22,-0.024081397448168285
2026-05-18,IWM,274.5981,-0.005871768879878503
2026-05-19,IWM,271.6429,-0.010761909860264818
2026-05-20,IWM,278.4787,0.025164655509126055
2026-05-21,IWM,281.0857,0.009361577743647764
2026-05-22,IWM,283.7026,0.009309972012094603
2026-05-26,IWM,289.0658,0.01890430330916959
2026-05-27,IWM,288.9265,-0.0004818972012602396
2026-05-28,IWM,290.5783,0.00571702491810222
2026-05-29,IWM,288.9862,-0.005479073970767967
2026-06-01,IWM,287.5434,-0.004992625945460238
2026-06-02,IWM,290.2101,0.009274078278270315
2026-06-03,IWM,286.2399,-0.013680433589320362
2026-06-04,IWM,290.5583,0.015086645851958513
2026-06-05,IWM,280.2498,-0.03547824997599447
2026-06-08,IWM,282.6976,0.008734350568671445
2026-06-09,IWM,283.6031,0.0032030692867570654
2026-06-10,IWM,280.6479,-0.010420196394186121
2026-06-11,IWM,288.9663,0.029639986616682323
2026-06-12,IWM,291.4937,0.00874634862265955
2026-06-15,IWM,293.8725,0.00816072525752709
2026-06-16,IWM,291.3191,-0.008688802116564198
2026-06-17,IWM,289.1249,-0.007531946926926381
2026-06-18,IWM,294.82,0.01969771541641685
2026-06-22,IWM,297.4033,0.008762295638016449
2026-06-23,IWM,294.5507,-0.009591689130550973
2026-06-24,IWM,295.9171,0.004638929732640351
2026-06-25,IWM,298.1313,0.00748250101126291
2026-06-26,IWM,299.049,0.0030781739455063573
2026-06-29,IWM,298.1912,-0.0028684262445284325
2026-06-30,IWM,299.6674,0.004950514971602038
2026-07-01,IWM,298.5403,-0.0037611698836776952
2026-07-02,IWM,296.8048,-0.005813285509527533
2026-07-06,IWM,298.1214,0.004435912087675131
2026-07-07,IWM,295.4184,-0.009066776152265366
2026-07-08,IWM,292.7155,-0.009149396246137642
2026-07-09,IWM,296.4657,0.012811757491489217
2026-07-10,IWM,295.2189,-0.0042055455319114365
2026-07-13,IWM,292.7155,-0.008479809388897475
2026-07-14,IWM,293.7428,0.0035095510828773158
2026-07-15,IWM,294.9995,0.004278232521784497
2026-07-16,IWM,294.82,-0.0006084756075858122
2026-07-17,IWM,293.274,-0.0052438776202428095
2026-07-20,IWM,291.5486,-0.005883235472629589
2026-07-21,IWM,295.7675,0.014470657722245761
2026-07-22,IWM,293.0247,-0.009273500300066684
2026-07-23,IWM,291.3291,-0.005786542909181458
2026-07-24,IWM,290.4115,-0.0031497025185606153
2026-07-27,IWM,292.147,0.005976003016409548
2026-07-28,IWM,292.6058,0.0015704422773465954
2026-07-29,IWM,287.8183,-0.016361603221808907
2026-07-30,IWM,291.8278,0.013930663894547335
2026-07-31,IWM,290.4414,-0.004750746844543352
2026-08-03,IWM,295.4484,0.017239277871543113
2026-08-04,IWM,300.924,0.018533185490258175
2026-08-05,IWM,298.9891,-0.006429862689582677
2026-08-06,IWM,297.4731,-0.00507041895507232
2026-08-07,IWM,300.7744,0.011097810188551493
2026-08-10,IWM,299.1986,-0.005239142692995191
2026-08-11,IWM,300.2059,0.003366660138115485
2026-08-12,IWM,301.9214,0.005714411342348846
2026-08-13,IWM,302.7094,0.0026099508017649597
2026-08-14,IWM,304.2953,0.005239018015297692
2026-08-17,IWM,303.2679,-0.003376325562701732
2026-08-18,IWM,299.4479,-0.012596123757245614
2026-08-19,IWM,300.934,0.004962799872699097
2026-08-20,IWM,296.8946,-0.01342287677696774
2026-08-21,IWM,299.1786,0.007692965786511463
2026-08-24,IWM,297.1938,-0.006634164341968285
2026-08-25,IWM,298.4505,0.00422855389311616
2026-08-26,IWM,298.1513,-0.0010025113042195777
2026-08-27,IWM,299.029,0.002943807389067299
2026-08-28,IWM,294.9796,-0.013541830391032295
2026-08-31,IWM,293.1643,-0.006153984885734376
2026-09-01,IWM,289.8131,-0.011431132644731945
2026-09-02,IWM,293.2441,0.011838664297783685
2026-09-03,IWM,294.4211,0.004013720992170011
2026-09-04,IWM,295.2389,0.002777654183073075
2026-09-08,IWM,293.9024,-0.004526842499413153
2026-09-09,IWM,289.8829,-0.013676308869883358
2026-09-10,IWM,286.9506,-0.010115463864891594
2026-09-11,IWM,288.1375,0.0041362520238674705
2026-09-14,IWM,287.16,-0.0033924775497807813
2026-09-15,IWM,285.14,-0.007034405906115149
2026-09-16,IWM,283.92,-0.004278599985971687
2026-09-17,IWM,285.43,0.005318399549168795
2026-09-18,IWM,284.1,-0.004659636338156359
2026-09-21,IWM,285.58,0.005209433298134281
2026-09-22,IWM,287.21,0.005707682610827103
2026-09-23,IWM,281.92,-0.0184185787402944
2026-09-24,IWM,281.66,-0.0009222474460839347
2021-09-27,LQD,110.4051,
2021-09-28,LQD,109.2261,-0.010678854509438396
2021-09-29,LQD,109.2016,-0.00022430536291240255
2021-09-30,LQD,108.915,-0.0026245036702757796
2021-10-01,LQD,109.7066,0.007268053068906877
2021-10-04,LQD,109.5262,-0.0016443860260001442
2021-10-05,LQD,109.075,-0.004119562259988885
2021-10-06,LQD,109.1078,0.0003007105202841309
2021-10-07,LQD,108.6239,-0.004435063304364939
2021-10-08,LQD,108.1235,-0.004606720988658997
2021-10-11,LQD,107.9184,-0.0018969049281608585
2021-10-12,LQD,108.6074,0.0063844534388945995
2021-10-13,LQD,109.157,0.005060428663240302
2021-10-14,LQD,109.6738,0.004734465036598801
2021-10-15,LQD,109.2801,-0.0035897361083503387
2021-10-18,LQD,109.1898,-0.0008263169598123898
2021-10-19,LQD,108.591,-0.005484028727958168
2021-10-20,LQD,108.3285,-0.0024173274028232994
2021-10-21,LQD,108.0989,-0.0021194791767633614
2021-10-22,LQD,108.5336,0.004021317515719547
2021-10-25,LQD,108.5828,0.0004533158395187975
2021-10-26,LQD,109.0504,0.00430639106746189
2021-10-27,LQD,109.7149,0.006093512724391736
2021-10-28,LQD,109.5508,-0.0014956947506674645
2021-10-29,LQD,109.4933,-0.0005248706536145065
2021-11-01,LQD,109.2977,-0.0017864106753563425
2021-11-02,LQD,109.7169,0.003835396353262688
2021-11-03,LQD,109.4375,-0.002546553903728599
2021-11-04,LQD,110.0128,0.005256881781839029
2021-11-05,LQD,110.8182,0.007320966287559294
2021-11-08,LQD,110.5634,-0.0022992613126724404
2021-11-09,LQD,110.8593,0.002676292516329948
2021-11-10,LQD,109.7251,-0.010230986484670246
2021-11-11,LQD,109.4128,-0.002846203831210814
2021-11-12,LQD,109.2977,-0.0010519792930991922
2021-11-15,LQD,108.4676,-0.007594853322622552
2021-11-16,LQD,108.2868,-0.0016668571997536796
2021-11-17,LQD,108.7224,0.004022650960227692
2021-11-18,LQD,108.969,0.0022681618507318646
2021-11-19,LQD,109.3799,0.0037707971992035905
2021-11-22,LQD,108.4265,-0.008716409504854195
2021-11-23,LQD,107.6539,-0.007125564322375211
2021-11-24,LQD,108.1717,0.0048098582587348115
2021-11-26,LQD,109.0512,0.008130592382295854
2021-11-29,LQD,109.1251,0.0006776633361211815
2021-11-30,LQD,109.3635,0.0021846486280425736
2021-12-01,LQD,109.3791,0.00014264356938098466
2021-12-02,LQD,109.6344,0.002334083933767994
2021-12-03,LQD,110.5483,0.008335887276256448
2021-12-06,LQD,109.9884,-0.005064754500973767
2021-12-07,LQD,110.0378,0.00044913827276338303
2021-12-08,LQD,109.305,-0.0066595297252398655
2021-12-09,LQD,109.2144,-0.000828873336078062
2021-12-10,LQD,109.3379,0.0011308032640384713
2021-12-13,LQD,109.832,0.0045190185653829484
2021-12-14,LQD,109.3379,-0.004498688906693804
2021-12-15,LQD,109.4779,0.0012804343233223658
2021-12-16,LQD,109.4746,-3.0143069971289016e-05
2021-12-17,LQD,109.7304,0.0023366150687009757
2021-12-20,LQD,109.2519,-0.004360687649001549
2021-12-21,LQD,109.4664,0.001963352582426303
2021-12-22,LQD,109.6396,0.0015822206631441738
2021-12-23,LQD,109.4746,-0.0015049307002215073
2021-12-27,LQD,109.7963,0.0029385811868689604
2021-12-28,LQD,109.6561,-0.0012769100598107874
2021-12-29,LQD,109.0539,-0.005491714551219662
2021-12-30,LQD,109.4911,0.0040090267289845105
2021-12-31,LQD,109.3262,-0.0015060584832923274
2022-01-03,LQD,108.1629,-0.010640633260828647
2022-01-04,LQD,108.2537,0.0008394745333195619
2022-01-05,LQD,107.6184,-0.005868621580601863
2022-01-06,LQD,107.4782,-0.0013027512023965349
2022-01-07,LQD,107.0162,-0.004298546123772118
2022-01-10,LQD,106.9172,-0.0009250935839620889
2022-01-11,LQD,107.2389,0.0030088704156114865
2022-01-12,LQD,107.1647,-0.000691913102428332
2022-01-13,LQD,107.5029,0.003155889952568325
2022-01-14,LQD,106.5542,-0.008824878212587817
2022-01-18,LQD,105.5395,-0.009522853158298705
2022-01-19,LQD,105.7045,0.001563395695450387
2022-01-20,LQD,105.6467,-0.0005468073733851941
2022-01-21,LQD,106.3397,0.006559599116678472
2022-01-24,LQD,106.0097,-0.0031032624692377553
2022-01-25,LQD,105.7127,-0.002801630416839229
2022-01-26,LQD,104.995,-0.0067891558913923955
2022-01-27,LQD,105.2342,0.0022782037239867936
2022-01-28,LQD,105.3497,0.0010975519365377107
2022-01-31,LQD,105.3993,0.0004708129211568046
2022-02-01,LQD,105.5745,0.0016622501287959501
2022-02-02,LQD,105.5827,7.767027075678001e-05
2022-02-03,LQD,104.7314,-0.008062873936733994
2022-02-04,LQD,103.6899,-0.00994448656276914
2022-02-07,LQD,103.8801,0.001834315589078539
2022-02-08,LQD,103.4916,-0.0037398885830876027
2022-02-09,LQD,103.8387,0.0033538953886111944
2022-02-10,LQD,102.4253,-0.013611495521419381
2022-02-11,LQD,103.1858,0.007424923334371503
2022-02-14,LQD,102.2683,-0.008891727350081147
2022-02-15,LQD,101.7559,-0.00501035022582752
2022-02-16,LQD,101.9046,0.0014613403252292656
2022-02-17,LQD,101.979,0.0007300946179074064
2022-02-18,LQD,102.227,0.002431873228802006
2022-02-22,LQD,102.0947,-0.0012941786416504897
2022-02-23,LQD,101.169,-0.009067072041937574
2022-02-24,LQD,101.6484,0.004738605699374343
2022-02-25,LQD,102.0616,0.004064992660976596
2022-02-28,LQD,103.1527,0.010690602538075078
2022-03-01,LQD,103.5055,0.0034201722301017146
2022-03-02,LQD,101.9319,-0.015203056842389984
2022-03-03,LQD,102.3046,0.0036563627284489364
2022-03-04,LQD,102.4039,0.0009706308416239651
2022-03-07,LQD,101.1616,-0.012131373902751652
2022-03-08,LQD,100.557,-0.005976576092114105
2022-03-09,LQD,100.7309,0.0017293674234513112
2022-03-10,LQD,99.5797,-0.01142846931775654
2022-03-11,LQD,99.5382,-0.00041675160700427316
2022-03-14,LQD,98.0971,-0.014477858751715478
2022-03-15,LQD,98.8674,0.007852423771956607
2022-03-16,LQD,99.7122,0.008544778157410837
2022-03-17,LQD,100.6895,0.009801207876267926
2022-03-18,LQD,100.8883,0.0019743866043628877
2022-03-21,LQD,99.4885,-0.013874750590504581
2022-03-22,LQD,99.2484,-0.002413344255868699
2022-03-23,LQD,99.53,0.0028373253372346863
2022-03-24,LQD,99.5714,0.00041595498844571033
2022-03-25,LQD,98.7845,-0.00790287170814108
2022-03-28,LQD,99.3312,0.005534269040183393
2022-03-29,LQD,100.1677,0.008421321800199832
2022-03-30,LQD,100.3996,0.0023151175478723918
2022-03-31,LQD,100.1677,-0.002309770158446911
2022-04-01,LQD,100.5038,0.003355373039412912
2022-04-04,LQD,100.8525,0.0034695205554418074
2022-04-05,LQD,99.0845,-0.017530552043826364
2022-04-06,LQD,98.5036,-0.005862672769202049
2022-04-07,LQD,98.0471,-0.004634348389297549
2022-04-08,LQD,97.2752,-0.007872746873696435
2022-04-11,LQD,96.329,-0.009727042452752688
2022-04-12,LQD,96.3954,0.0006893043631721607
2022-04-13,LQD,96.8934,0.005166221624683276
2022-04-14,LQD,95.7646,-0.011649916299768637
2022-04-18,LQD,95.0342,-0.007627035459867204
2022-04-19,LQD,94.2789,-0.007947665156333272
2022-04-20,LQD,95.2583,0.010388326550267557
2022-04-21,LQD,94.2457,-0.010630044835988062
2022-04-22,LQD,94.1378,-0.0011448798194506615
2022-04-25,LQD,95.1836,0.011109246232650527
2022-04-26,LQD,95.1338,-0.0005231993746822594
2022-04-27,LQD,94.2208,-0.009597009685306301
2022-04-28,LQD,94.503,0.0029950923787529504
2022-04-29,LQD,93.4572,-0.01106631535506808
2022-05-02,LQD,92.9032,-0.005927847185663637
2022-05-03,LQD,93.5021,0.006446494846248596
2022-05-04,LQD,94.4172,0.009786945961641536
2022-05-05,LQD,92.9697,-0.01533089309998592
2022-05-06,LQD,92.1794,-0.008500619018884659
2022-05-09,LQD,92.5039,0.0035203093098892246
2022-05-10,LQD,92.8949,0.004226848813941864
2022-05-11,LQD,93.3274,0.004655799188114651
2022-05-12,LQD,93.369,0.00044574262220953287
2022-05-13,LQD,92.8782,-0.005256562670693632
2022-05-16,LQD,93.003,0.0013436952912524447
2022-05-17,LQD,92.4706,-0.0057245465200046475
2022-05-18,LQD,92.8117,0.003688739988709999
2022-05-19,LQD,93.0613,0.0026893161099301732
2022-05-20,LQD,93.5188,0.00491611443210016
2022-05-23,LQD,93.186,-0.0035586427541840493
2022-05-24,LQD,94.4089,0.013123215933724008
2022-05-25,LQD,95.3821,0.010308350166138958
2022-05-26,LQD,95.4071,0.00026210368612145096
2022-05-27,LQD,95.9062,0.005231266855401762
2022-05-31,LQD,95.1992,-0.0073717861827493625
2022-06-01,LQD,94.6438,-0.0058340826393499245
2022-06-02,LQD,94.6855,0.00044059938421758815
2022-06-03,LQD,94.3853,-0.0031704960104768087
2022-06-06,LQD,93.7182,-0.007067837894248363
2022-06-07,LQD,94.2185,0.005338344099651948
2022-06-08,LQD,93.6765,-0.005752585744837835
2022-06-09,LQD,93.0594,-0.006587564650686217
2022-06-10,LQD,92.1589,-0.009676615151182899
2022-06-13,LQD,90.0325,-0.02307319206283931
2022-06-14,LQD,89.5656,-0.005185905089828635
2022-06-15,LQD,90.9665,0.0156410496887196
2022-06-16,LQD,91.0665,0.0010993057883947888
2022-06-17,LQD,91.25,0.0020150110084389272
2022-06-21,LQD,90.3327,-0.010052602739725969
2022-06-22,LQD,90.9915,0.007293040061904454
2022-06-23,LQD,91.6919,0.007697422286697231
2022-06-24,LQD,91.8003,0.0011822200216158318
2022-06-27,LQD,90.9581,-0.009174261957749508
2022-06-28,LQD,90.9331,-0.0002748518273799627
2022-06-29,LQD,91.4751,0.005960425851532669
2022-06-30,LQD,91.7503,0.0030084689713374413
2022-07-01,LQD,92.91,0.012639740687496293
2022-07-05,LQD,92.8849,-0.00027015391238827124
2022-07-06,LQD,92.425,-0.004951289176174045
2022-07-07,LQD,92.4167,-8.980254260204656e-05
2022-07-08,LQD,92.2662,-0.0016284935514901955
2022-07-11,LQD,92.5254,0.0028092627636122636
2022-07-12,LQD,92.6591,0.0014450086138508844
2022-07-13,LQD,93.3531,0.007489820211938225
2022-07-14,LQD,92.7595,-0.006358653328062958
2022-07-15,LQD,93.5036,0.00802181986750683
2022-07-18,LQD,92.8515,-0.006974063030728228
2022-07-19,LQD,93.1106,0.0027904772674647305
2022-07-20,LQD,93.0103,-0.001077213550336964
2022-07-21,LQD,94.2812,0.01366407806447234
2022-07-22,LQD,95.0086,0.007715217880128744
2022-07-25,LQD,94.2059,-0.00844870885372484
2022-07-26,LQD,94.1892,-0.00017727127494138184
2022-07-27,LQD,94.8163,0.0066578758498851975
2022-07-28,LQD,95.6023,0.008289713899403361
2022-07-29,LQD,95.8281,0.002361867863011735
2022-08-01,LQD,96.0175,0.0019764557577577335
2022-08-02,LQD,94.8441,-0.012220688936912527
2022-08-03,LQD,95.875,0.010869416231478857
2022-08-04,LQD,96.0258,0.001572881355932143
2022-08-05,LQD,94.7267,-0.013528655840409631
2022-08-08,LQD,95.1039,0.0039819818488346925
2022-08-09,LQD,94.6765,-0.00449403231623513
2022-08-10,LQD,95.5732,0.009471199294439403
2022-08-11,LQD,94.6513,-0.009646009550794532
2022-08-12,LQD,95.7492,0.011599418074553558
2022-08-15,LQD,95.6822,-0.0006997447498257037
2022-08-16,LQD,95.3134,-0.003854426424141466
2022-08-17,LQD,94.4166,-0.009408960335062999
2022-08-18,LQD,94.6597,0.0025747590995650604
2022-08-19,LQD,93.5365,-0.011865661944840289
2022-08-22,LQD,92.908,-0.006719302090627766
2022-08-23,LQD,93.0086,0.001082791578766118
2022-08-24,LQD,92.732,-0.0029739185408661495
2022-08-25,LQD,93.6874,0.01030280809213635
2022-08-26,LQD,93.1259,-0.005993335283079659
2022-08-29,LQD,92.4386,-0.007380331357871528
2022-08-30,LQD,92.556,0.0012700322159791
2022-08-31,LQD,91.5837,-0.010504991572669597
2022-09-01,LQD,91.0323,-0.006020722028046377
2022-09-02,LQD,91.0996,0.0007392980293805529
2022-09-06,LQD,89.8641,-0.013562079306605135
2022-09-07,LQD,91.0912,0.013655063590466199
2022-09-08,LQD,90.8811,-0.0023064796599451265
2022-09-09,LQD,91.0912,0.0023118118068552462
2022-09-12,LQD,90.8895,-0.0022142643855828092
2022-09-13,LQD,90.2339,-0.007213154434780655
2022-09-14,LQD,90.6625,0.00474987781753855
2022-09-15,LQD,90.2255,-0.004820074451950873
2022-09-16,LQD,90.0154,-0.002328609982765406
2022-09-19,LQD,90.1666,0.0016797125825136483
2022-09-20,LQD,89.2673,-0.009973759684850036
2022-09-21,LQD,89.6035,0.003766216744541362
2022-09-22,LQD,88.3428,-0.014069762899886706
2022-09-23,LQD,88.0907,-0.002853656438328911
2022-09-26,LQD,86.561,-0.017365056697244863
2022-09-27,LQD,85.2582,-0.015050657917538013
2022-09-28,LQD,86.9728,0.02011067557138202
2022-09-29,LQD,86.3257,-0.0074402571838553255
2022-09-30,LQD,86.1071,-0.002532270227753708
2022-10-03,LQD,87.7001,0.018500216590734198
2022-10-04,LQD,88.1048,0.004614589949156089
2022-10-05,LQD,87.4387,-0.007560314534508894
2022-10-06,LQD,87.2363,-0.00231476451502588
2022-10-07,LQD,86.3677,-0.009956864286999823
2022-10-10,LQD,85.5919,-0.0089825247169949
2022-10-11,LQD,85.4148,-0.0020691210266391424
2022-10-12,LQD,85.3136,-0.0011848063801590536
2022-10-13,LQD,85.4654,0.001779317717222284
2022-10-14,LQD,84.6474,-0.00957112468905541
2022-10-17,LQD,85.0522,0.004782190592977464
2022-10-18,LQD,85.5581,0.005948111865418992
2022-10-19,LQD,84.386,-0.01369946270429101
2022-10-20,LQD,83.6524,-0.00869338515867557
2022-10-21,LQD,83.8885,0.0028223936193103594
2022-10-24,LQD,83.8464,-0.000501856631123343
2022-10-25,LQD,84.9679,0.013375648805434626
2022-10-26,LQD,85.3558,0.004565253466308983
2022-10-27,LQD,85.7521,0.004642918231684279
2022-10-28,LQD,85.9292,0.0020652555447622234
2022-10-31,LQD,85.4654,-0.0053974667516978325
2022-11-01,LQD,86.0803,0.007194724414792297
2022-11-02,LQD,85.6659,-0.0048141096162536146
2022-11-03,LQD,85.3614,-0.0035545065189298564
2022-11-04,LQD,85.5305,0.0019809890653152973
2022-11-07,LQD,85.2176,-0.0036583440994732985
2022-11-08,LQD,85.5728,0.004168153057584334
2022-11-09,LQD,85.3529,-0.0025697417871098915
2022-11-10,LQD,88.2118,0.033495054063775065
2022-11-11,LQD,88.4487,0.002685581747566612
2022-11-14,LQD,88.0004,-0.005068474720374638
2022-11-15,LQD,89.2268,0.013936300289544068
2022-11-16,LQD,89.9881,0.008532189880170682
2022-11-17,LQD,89.5059,-0.005358486288742692
2022-11-18,LQD,89.4975,-9.384856193828117e-05
2022-11-21,LQD,89.3621,-0.0015128914215480904
2022-11-22,LQD,90.1572,0.008897508003952614
2022-11-23,LQD,91.0623,0.010039131650051214
2022-11-25,LQD,91.1553,0.0010212788387731209
2022-11-28,LQD,90.4956,-0.007237099762712695
2022-11-29,LQD,90.0473,-0.004953832009511938
2022-11-30,LQD,91.1469,0.012211360029673157
2022-12-01,LQD,92.2873,0.01251167072056214
2022-12-02,LQD,92.8473,0.006068007190588531
2022-12-05,LQD,92.0582,-0.008498900883493699
2022-12-06,LQD,92.3382,0.0030415541472677
2022-12-07,LQD,93.365,0.011119991509472626
2022-12-08,LQD,93.068,-0.0031810635677180787
2022-12-09,LQD,92.3722,-0.007476253921863463
2022-12-12,LQD,92.2534,-0.0012861012295908303
2022-12-13,LQD,93.0595,0.008737889335244109
2022-12-14,LQD,93.1443,0.0009112449561838876
2022-12-15,LQD,93.2226,0.0008406311497322072
2022-12-16,LQD,92.8226,-0.0042908050193837255
2022-12-19,LQD,91.8864,-0.010085905803112638
2022-12-20,LQD,90.8055,-0.01176343833254978
2022-12-21,LQD,91.4268,0.006842096569040557
2022-12-22,LQD,91.4013,-0.0002789116539132497
2022-12-23,LQD,91.1204,-0.0030732604459674517
2022-12-27,LQD,89.9458,-0.012890637003349359
2022-12-28,LQD,89.665,-0.0031218800655505863
2022-12-29,LQD,90.3033,0.007118719678804286
2022-12-30,LQD,89.7331,-0.006314276443939448
2023-01-03,LQD,90.3544,0.0069238664439321695
2023-01-04,LQD,91.0097,0.007252552172334781
2023-01-05,LQD,90.9417,-0.000747173103526344
2023-01-06,LQD,92.4311,0.016377525381645608
2023-01-09,LQD,92.7971,0.003959706202782298
2023-01-10,LQD,92.4822,-0.0033934250100488006
2023-01-11,LQD,93.2737,0.008558403671192982
2023-01-12,LQD,94.3291,0.011315086675022012
2023-01-13,LQD,94.0227,-0.0032482023044849706
2023-01-17,LQD,93.6822,-0.0036214658800481914
2023-01-18,LQD,94.7802,0.011720476248422873
2023-01-19,LQD,94.5844,-0.0020658323151880875
2023-01-20,LQD,94.0908,-0.0052186195609423836
2023-01-23,LQD,93.8184,-0.002895075820377846
2023-01-24,LQD,94.312,0.005261228074663338
2023-01-25,LQD,94.3546,0.00045169225549246406
2023-01-26,LQD,94.3206,-0.00036034279197838526
2023-01-27,LQD,94.0482,-0.0028880223408248584
2023-01-30,LQD,93.6907,-0.0038012423416927676
2023-01-31,LQD,94.3631,0.007176806235837718
2023-02-01,LQD,95.321,0.010151213768941458
2023-02-02,LQD,95.4576,0.001433052527774592
2023-02-03,LQD,94.3734,-0.011357922260773368
2023-02-06,LQD,93.6477,-0.00768966679170191
2023-02-07,LQD,93.3404,-0.00328144738204994
2023-02-08,LQD,93.4342,0.0010049239129037435
2023-02-09,LQD,92.6488,-0.008405915606919168
2023-02-10,LQD,92.0,-0.007002789026949063
2023-02-13,LQD,92.3415,0.003711956521739168
2023-02-14,LQD,92.1109,-0.002497252048104026
2023-02-15,LQD,91.7609,-0.0037997674542317172
2023-02-16,LQD,91.0267,-0.008001229281752953
2023-02-17,LQD,91.3853,0.00393950346436811
2023-02-21,LQD,90.0875,-0.01420140876048992
2023-02-22,LQD,90.3437,0.002843901762175527
2023-02-23,LQD,91.0523,0.007843380335319505
2023-02-24,LQD,90.3693,-0.007501183385812404
2023-02-27,LQD,90.3949,0.00028328204379146626
2023-02-28,LQD,90.429,0.0003772336713685487
2023-03-01,LQD,89.8653,-0.006233619745877994
2023-03-02,LQD,89.9424,0.0008579507329302682
2023-03-03,LQD,90.962,0.011336144021062422
2023-03-06,LQD,90.7135,-0.0027319100283635933
2023-03-07,LQD,90.4565,-0.002833095404763286
2023-03-08,LQD,90.3108,-0.001610718964364155
2023-03-09,LQD,90.2251,-0.0009489451981380403
2023-03-10,LQD,91.5189,0.0143396903965749
2023-03-13,LQD,91.5959,0.0008413562663012186
2023-03-14,LQD,91.3218,-0.0029924920220228968
2023-03-15,LQD,92.1957,0.009569456581013602
2023-03-16,LQD,92.0586,-0.0014870541684699479
2023-03-17,LQD,92.5212,0.005025060124746572
2023-03-20,LQD,92.2471,-0.0029625642555435316
2023-03-21,LQD,92.6926,0.004829420111851723
2023-03-22,LQD,93.2323,0.005822471265235718
2023-03-23,LQD,93.498,0.002849870699317858
2023-03-24,LQD,93.7893,0.003115574664698695
2023-03-27,LQD,92.6669,-0.01196724999546861
2023-03-28,LQD,92.5127,-0.001664024586988444
2023-03-29,LQD,92.9411,0.0046307155666196476
2023-03-30,LQD,93.0696,0.0013825960742877008
2023-03-31,LQD,93.9092,0.00902120563535247
2023-04-03,LQD,94.4764,0.006039876817180767
2023-04-04,LQD,94.5967,0.0012733338696224727
2023-04-05,LQD,94.9061,0.003270727202957291
2023-04-06,LQD,94.8202,-0.0009051051513021546
2023-04-10,LQD,94.3819,-0.0046224327727636405
2023-04-11,LQD,94.3561,-0.00027335749757106953
2023-04-12,LQD,94.1584,-0.0020952540429288735
2023-04-13,LQD,94.3217,0.0017343115431018852
2023-04-14,LQD,94.0124,-0.0032792029829827873
2023-04-17,LQD,93.4193,-0.006308742251022181
2023-04-18,LQD,93.7287,0.0033119494579814113
2023-04-19,LQD,93.2646,-0.004951524986476996
2023-04-20,LQD,93.617,0.0037784968787728523
2023-04-21,LQD,93.6772,0.0006430456006920604
2023-04-24,LQD,94.0897,0.004403419401946218
2023-04-25,LQD,94.5022,0.004384114307942388
2023-04-26,LQD,94.0897,-0.00436497774654987
2023-04-27,LQD,93.7459,-0.0036539599977466475
2023-04-28,LQD,94.4764,0.0077923407850368775
2023-05-01,LQD,92.9518,-0.016137363405040794
2023-05-02,LQD,94.0729,0.012061089726073115
2023-05-03,LQD,94.2281,0.0016497843693561443
2023-05-04,LQD,93.9694,-0.002745465524615298
2023-05-05,LQD,93.5986,-0.0039459653887328194
2023-05-08,LQD,92.9259,-0.007187073310925607
2023-05-09,LQD,92.8914,-0.00037126355515515463
2023-05-10,LQD,93.6244,0.00789093500582383
2023-05-11,LQD,93.9866,0.0038686496255249114
2023-05-12,LQD,93.4088,-0.0061476848827385355
2023-05-15,LQD,92.9087,-0.005353885287039395
2023-05-16,LQD,92.443,-0.005012447704036305
2023-05-17,LQD,92.4344,-9.30302997522725e-05
2023-05-18,LQD,92.0463,-0.004198653315215961
2023-05-19,LQD,91.9342,-0.001217865356891057
2023-05-22,LQD,91.8997,-0.00037526839848511795
2023-05-23,LQD,92.0895,0.0020652950988959695
2023-05-24,LQD,91.7273,-0.0039331302700090776
2023-05-25,LQD,91.4255,-0.0032901873270008153
2023-05-26,LQD,91.8135,0.004243892568265961
2023-05-30,LQD,92.5034,0.007514145523261684
2023-05-31,LQD,92.8052,0.0032625827807410968
2023-06-01,LQD,93.0898,0.0030666385073250257
2023-06-02,LQD,92.8389,-0.002695246955090713
2023-06-05,LQD,92.64,-0.00214242090330663
2023-06-06,LQD,92.8216,0.0019602763385146993
2023-06-07,LQD,91.9911,-0.008947270893843728
2023-06-08,LQD,92.6053,0.00667673285785253
2023-06-09,LQD,92.3631,-0.002615401062358136
2023-06-12,LQD,92.6572,0.003184172034069954
2023-06-13,LQD,92.242,-0.004481033314194693
2023-06-14,LQD,92.5275,0.0030951193599444426
2023-06-15,LQD,93.3321,0.008695793142579067
2023-06-16,LQD,93.1677,-0.0017614518477565566
2023-06-20,LQD,93.5051,0.003621426739095268
2023-06-21,LQD,93.4013,-0.001110099876905024
2023-06-22,LQD,92.9168,-0.0051872939670005724
2023-06-23,LQD,93.1764,0.0027938973361114616
2023-06-26,LQD,93.2802,0.0011140159954665663
2023-06-27,LQD,93.1764,-0.0011127763448190997
2023-06-28,LQD,93.583,0.004363765932145824
2023-06-29,LQD,92.8736,-0.007580436617761754
2023-06-30,LQD,93.557,0.007358388174895758
2023-07-03,LQD,93.2949,-0.0028015006894193117
2023-07-05,LQD,92.6266,-0.007163306890301646
2023-07-06,LQD,91.6892,-0.01012020305182304
2023-07-07,LQD,91.6024,-0.0009466763806423861
2023-07-10,LQD,92.0798,0.005211653843130826
2023-07-11,LQD,92.5137,0.004712217011765718
2023-07-12,LQD,93.3296,0.008819234340427418
2023-07-13,LQD,93.9892,0.007067425554164952
2023-07-14,LQD,93.2602,-0.0077562102879905614
2023-07-17,LQD,93.4164,0.0016748838196787297
2023-07-18,LQD,93.6508,0.0025091953875338024
2023-07-19,LQD,94.1802,0.0056529148709887345
2023-07-20,LQD,93.5466,-0.006727528716226949
2023-07-21,LQD,93.7115,0.0017627578126837573
2023-07-24,LQD,93.5987,-0.001203694317132964
2023-07-25,LQD,93.4511,-0.0015769449789366785
2023-07-26,LQD,93.8851,0.004644140090378723
2023-07-27,LQD,92.7394,-0.012203214354567393
2023-07-28,LQD,93.347,0.0065516921610446754
2023-07-31,LQD,93.6074,0.0027895915240983005
2023-08-01,LQD,92.6746,-0.0099650241327075
2023-08-02,LQD,92.1085,-0.006108469850422793
2023-08-03,LQD,91.2811,-0.008982884315779871
2023-08-04,LQD,92.2304,0.010399743210807166
2023-08-07,LQD,92.004,-0.0024547220872943587
2023-08-08,LQD,92.3698,0.003975914090691646
2023-08-09,LQD,92.4569,0.0009429488858914148
2023-08-10,LQD,91.8037,-0.00706491348942051
2023-08-11,LQD,91.4901,-0.0034159843230719966
2023-08-14,LQD,91.4553,-0.00038036902353377755
2023-08-15,LQD,90.9763,-0.005237531340447132
2023-08-16,LQD,90.567,-0.004498973908589443
2023-08-17,LQD,90.3231,-0.002693033886514873
2023-08-18,LQD,90.6628,0.003760942660294031
2023-08-21,LQD,90.1228,-0.0059561363646390975
2023-08-22,LQD,90.4015,0.0030924471942728182
2023-08-23,LQD,91.6731,0.014066138283103768
2023-08-24,LQD,91.3595,-0.0034208508275601623
2023-08-25,LQD,91.4118,0.0005724637284574285
2023-08-28,LQD,91.6992,0.003144014230110459
2023-08-29,LQD,92.4307,0.007977168830262338
2023-08-30,LQD,92.3001,-0.0014129504591007258
2023-08-31,LQD,92.4569,0.0016988063934926245
2023-09-01,LQD,91.7987,-0.007118992741482866
2023-09-05,LQD,91.1432,-0.00714062399576465
2023-09-06,LQD,91.0558,-0.0009589305620165689
2023-09-07,LQD,91.4579,0.0044159735019624335
2023-09-08,LQD,91.5278,0.0007642860813554808
2023-09-11,LQD,91.353,-0.0019098022677264126
2023-09-12,LQD,91.3268,-0.00028679955775934296
2023-09-13,LQD,91.5278,0.002200887362745485
2023-09-14,LQD,91.3617,-0.0018147491800305504
2023-09-15,LQD,91.2219,-0.001530181684447629
2023-09-18,LQD,91.3967,0.0019162065249680449
2023-09-19,LQD,91.0908,-0.0033469479751456754
2023-09-20,LQD,91.1257,0.0003831341913782538
2023-09-21,LQD,90.208,-0.010070704532310848
2023-09-22,LQD,90.7586,0.006103671514721576
2023-09-25,LQD,89.8759,-0.009725800089468106
2023-09-26,LQD,89.6224,-0.002820555899857524
2023-09-27,LQD,89.2029,-0.004680749455493238
2023-09-28,LQD,89.3602,0.0017633955846727556
2023-09-29,LQD,89.1679,-0.0021519647449311785
2023-10-02,LQD,88.3511,-0.009160247129292087
2023-10-03,LQD,87.3332,-0.011521078967890563
2023-10-04,LQD,88.0965,0.00874008967952622
2023-10-05,LQD,87.9913,-0.0011941450568412337
2023-10-06,LQD,87.728,-0.0029923412882865152
2023-10-09,LQD,88.816,0.01240196972460339
2023-10-10,LQD,88.8512,0.000396324986488894
2023-10-11,LQD,89.3952,0.006122595980695866
2023-10-12,LQD,88.4651,-0.010404361755441016
2023-10-13,LQD,88.9565,0.005554732883362945
2023-10-16,LQD,88.3422,-0.006905622410953716
2023-10-17,LQD,87.6403,-0.007945240213623972
2023-10-18,LQD,86.9383,-0.008010013658100168
2023-10-19,LQD,86.2363,-0.008074692051719401
2023-10-20,LQD,86.5785,0.003968166537757334
2023-10-23,LQD,87.2542,0.007804478017059635
2023-10-24,LQD,87.7456,0.0056318205885790285
2023-10-25,LQD,86.9471,-0.00910017140460595
2023-10-26,LQD,87.5788,0.00726533719928546
2023-10-27,LQD,87.4034,-0.0020027677931188093
2023-10-30,LQD,87.1401,-0.0030124686225021513
2023-10-31,LQD,87.0173,-0.0014092249148210945
2023-11-01,LQD,88.2626,0.014310947363340487
2023-11-02,LQD,89.3106,0.01187365883171343
2023-11-03,LQD,89.7509,0.00492998591432614
2023-11-06,LQD,89.2754,-0.005297997011729061
2023-11-07,LQD,89.9887,0.007989882991283004
2023-11-08,LQD,90.4467,0.005089527907393032
2023-11-09,LQD,89.5308,-0.010126405938525207
2023-11-10,LQD,89.9799,0.00501615086651741
2023-11-13,LQD,89.9887,9.779961969269557e-05
2023-11-14,LQD,91.3978,0.015658632694994123
2023-11-15,LQD,90.9222,-0.005203626345491874
2023-11-16,LQD,91.6708,0.008233412741882606
2023-11-17,LQD,91.935,0.0028820518638432713
2023-11-20,LQD,92.3049,0.004023494860499355
2023-11-21,LQD,92.3314,0.00028709201786680794
2023-11-22,LQD,92.7012,0.004005138013720044
2023-11-24,LQD,92.2257,-0.00512938343840208
2023-11-27,LQD,92.9743,0.008117043297041882
2023-11-28,LQD,93.3441,0.003977443228935229
2023-11-29,LQD,94.1015,0.008114063984761888
2023-11-30,LQD,93.6084,-0.005240086502340535
2023-12-01,LQD,94.7354,0.012039517821050172
2023-12-04,LQD,94.3023,-0.004571680702250669
2023-12-05,LQD,95.0536,0.007966931877589456
2023-12-06,LQD,95.4072,0.00372000639639114
2023-12-07,LQD,95.4161,9.328436428268638e-05
2023-12-08,LQD,94.9034,-0.005373307020513307
2023-12-11,LQD,94.8769,-0.0002792313025665738
2023-12-12,LQD,95.4161,0.005683153644353789
2023-12-13,LQD,97.0161,0.016768658538758086
2023-12-14,LQD,98.0478,0.010634317396803317
2023-12-15,LQD,97.9059,-0.0014472532785028136
2023-12-18,LQD,97.4978,-0.004168288121553454
2023-12-19,LQD,97.622,0.0012738748976899306
2023-12-20,LQD,97.8792,0.002634652025158335
2023-12-21,LQD,97.8438,-0.0003616703038029634
2023-12-22,LQD,97.6752,-0.001723154660796089
2023-12-26,LQD,97.8792,0.002088554720133695
2023-12-27,LQD,98.793,0.009335997842238264
2023-12-28,LQD,98.5358,-0.0026034233194660583
2023-12-29,LQD,98.172,-0.0036920591297782135
2024-01-02,LQD,97.5067,-0.006776881391842959
2024-01-03,LQD,97.2849,-0.0022747154810900394
2024-01-04,LQD,96.7437,-0.0055630421576214895
2024-01-05,LQD,96.3977,-0.0035764602759663644
2024-01-08,LQD,97.1341,0.007639186412123911
2024-01-09,LQD,97.3026,0.0017347152030027235
2024-01-10,LQD,97.1784,-0.001276430434541287
2024-01-11,LQD,97.7639,0.006025001440649547
2024-01-12,LQD,97.9769,0.00217871832036165
2024-01-16,LQD,96.9832,-0.010142186576631906
2024-01-17,LQD,96.7792,-0.0021034570935996033
2024-01-18,LQD,96.5929,-0.0019250004133120058
2024-01-19,LQD,96.6905,0.0010104262321557478
2024-01-22,LQD,96.9566,0.002752080090598241
2024-01-23,LQD,96.6018,-0.0036593692435584746
2024-01-24,LQD,96.4155,-0.0019285354931274368
2024-01-25,LQD,97.0542,0.006624453537035002
2024-01-26,LQD,96.7792,-0.0028334683094599633
2024-01-29,LQD,97.1784,0.0041248532742572674
2024-01-30,LQD,97.4889,0.0031951544787731656
2024-01-31,LQD,97.7373,0.0025479823856870976
2024-02-01,LQD,98.4932,0.007733997153594352
2024-02-02,LQD,97.594,-0.009129564274488078
2024-02-05,LQD,96.6592,-0.009578457692071218
2024-02-06,LQD,97.2022,0.005617675296298863
2024-02-07,LQD,96.9173,-0.0029310036192596867
2024-02-08,LQD,96.4188,-0.0051435605407909035
2024-02-09,LQD,96.2942,-0.0012922790990969046
2024-02-12,LQD,96.3031,9.242508894624635e-05
2024-02-13,LQD,95.2436,-0.011001722685977877
2024-02-14,LQD,95.6888,0.0046743298237361675
2024-02-15,LQD,96.036,0.0036284288234360584
2024-02-16,LQD,95.6888,-0.0036153109250697257
2024-02-20,LQD,96.0093,0.0033493993027395863
2024-02-21,LQD,95.7689,-0.002503924099019561
2024-02-22,LQD,95.9202,0.0015798448139217047
2024-02-23,LQD,96.2051,0.002970177293208476
2024-02-26,LQD,95.9025,-0.0031453633954956484
2024-02-27,LQD,95.7689,-0.001393081515080441
2024-02-28,LQD,95.76,-9.293204787774734e-05
2024-02-29,LQD,95.849,0.0009294068504595021
2024-03-01,LQD,96.4325,0.00608770044549245
2024-03-04,LQD,96.2538,-0.0018531096881239106
2024-03-05,LQD,96.781,0.005477186355240082
2024-03-06,LQD,97.0401,0.002677178371787825
2024-03-07,LQD,97.2814,0.002486600900040381
2024-03-08,LQD,97.4154,0.0013774472818031125
2024-03-11,LQD,97.4333,0.0001837491813410086
2024-03-12,LQD,97.1205,-0.003210401372015448
2024-03-13,LQD,97.0223,-0.0010111150580980333
2024-03-14,LQD,96.3074,-0.007368409118316044
2024-03-15,LQD,96.3342,0.0002782756049897195
2024-03-18,LQD,96.1734,-0.0016691891353226573
2024-03-19,LQD,96.4504,0.002880214279624038
2024-03-20,LQD,96.6291,0.0018527657739106917
2024-03-21,LQD,96.7721,0.0014798854589352928
2024-03-22,LQD,97.1027,0.003416273905392231
2024-03-25,LQD,96.7721,-0.0034046427133334056
2024-03-26,LQD,96.7452,-0.00027797268014229104
2024-03-27,LQD,97.4154,0.00692747547165129
2024-03-28,LQD,97.3261,-0.0009166928432261523
2024-04-01,LQD,96.3941,-0.009576054110870591
2024-04-02,LQD,96.2506,-0.001488680323795677
2024-04-03,LQD,96.3134,0.0006524634651627892
2024-04-04,LQD,96.4211,0.0011182244630549842
2024-04-05,LQD,95.9995,-0.004372486934913655
2024-04-08,LQD,95.9905,-9.375048828375032e-05
2024-04-09,LQD,96.4838,0.005139050218511354
2024-04-10,LQD,95.1115,-0.014223113102925011
2024-04-11,LQD,94.9142,-0.002074407406044587
2024-04-12,LQD,95.1294,0.00226731089763188
2024-04-15,LQD,94.08,-0.011031290011289996
2024-04-16,LQD,93.7661,-0.0033365221088436092
2024-04-17,LQD,94.2774,0.005452930216784058
2024-04-18,LQD,94.089,-0.0019983580370269705
2024-04-19,LQD,94.1877,0.001049006791442153
2024-04-22,LQD,94.4209,0.0024759071513582587
2024-04-23,LQD,94.5823,0.0017093673116863606
2024-04-24,LQD,94.2146,-0.0038876195651829093
2024-04-25,LQD,93.9365,-0.002951771806068315
2024-04-26,LQD,94.2953,0.0038196015393376914
2024-04-29,LQD,94.6899,0.004184726068001243
2024-04-30,LQD,94.1697,-0.005493722139319868
2024-05-01,LQD,94.5614,0.004159512029878076
2024-05-02,LQD,95.1468,0.00619068668611078
2024-05-03,LQD,95.8131,0.007002862944418542
2024-05-06,LQD,96.0833,0.0028200736642483015
2024-05-07,LQD,96.1283,0.00046834361434289207
2024-05-08,LQD,95.8852,-0.0025289118813086597
2024-05-09,LQD,96.0383,0.001596701055011751
2024-05-10,LQD,95.7321,-0.003188311329959004
2024-05-13,LQD,95.7681,0.00037604941289282046
2024-05-14,LQD,96.0473,0.002915375787971186
2024-05-15,LQD,96.9027,0.008906028592162274
2024-05-16,LQD,96.7497,-0.001578903374209295
2024-05-17,LQD,96.5245,-0.0023276557963487488
2024-05-20,LQD,96.4795,-0.0004662028811338592
2024-05-21,LQD,96.6416,0.0016801496691005724
2024-05-22,LQD,96.4975,-0.0014910763066836585
2024-05-23,LQD,96.0743,-0.004385605844711038
2024-05-24,LQD,96.3354,0.0027176882891679632
2024-05-28,LQD,95.7591,-0.005982224602794073
2024-05-29,LQD,95.2458,-0.00536032606822745
2024-05-30,LQD,95.8312,0.006146202772195686
2024-05-31,LQD,96.2544,0.004416098306188498
2024-06-03,LQD,96.9188,0.006902541598098333
2024-06-04,LQD,97.2984,0.003916680767817926
2024-06-05,LQD,97.6238,0.0033443509862443044
2024-06-06,LQD,97.5605,-0.0006484074580174193
2024-06-07,LQD,96.6838,-0.008986218807816693
2024-06-10,LQD,96.4849,-0.0020572215821058615
2024-06-11,LQD,96.9007,0.004309482623706007
2024-06-12,LQD,97.4973,0.006156818268598707
2024-06-13,LQD,97.9583,0.004728336066742278
2024-06-14,LQD,98.0396,0.00082994498679545
2024-06-17,LQD,97.5786,-0.0047021815674482825
2024-06-18,LQD,98.0306,0.004632163199718153
2024-06-20,LQD,97.7052,-0.003319371706385521
2024-06-21,LQD,97.7323,0.00027736497136277016
2024-06-24,LQD,97.8317,0.0010170639594075936
2024-06-25,LQD,97.7956,-0.00036900104976200776
2024-06-26,LQD,97.2623,-0.00545321057389081
2024-06-27,LQD,97.4521,0.001951424138643798
2024-06-28,LQD,96.8284,-0.006400067315121993
2024-07-01,LQD,96.2533,-0.005939373159114525
2024-07-02,LQD,96.8701,0.006408091982300856
2024-07-03,LQD,97.5867,0.007397535462438931
2024-07-05,LQD,98.0947,0.005205627406193791
2024-07-08,LQD,98.0856,-9.276749916153904e-05
2024-07-09,LQD,97.9042,-0.0018494050095018144
2024-07-10,LQD,98.14,0.0024084768579897275
2024-07-11,LQD,98.6662,0.00536172814346858
2024-07-12,LQD,99.029,0.0036770444184532902
2024-07-15,LQD,98.4847,-0.005496369750275121
2024-07-16,LQD,99.0562,0.0058029318259587015
2024-07-17,LQD,99.1016,0.00045832567774661825
2024-07-18,LQD,98.6752,-0.004302655052996096
2024-07-19,LQD,98.3124,-0.0036767090413802883
2024-07-22,LQD,98.258,-0.00055333813435543
2024-07-23,LQD,98.1854,-0.0007388711351746791
2024-07-24,LQD,97.5867,-0.006097647919140803
2024-07-25,LQD,97.9768,0.0039974709668428865
2024-07-26,LQD,98.521,0.005554376138024564
2024-07-29,LQD,98.7297,0.0021183301022116297
2024-07-30,LQD,98.8113,0.0008264990170132602
2024-07-31,LQD,99.3828,0.005783751453528163
2024-08-01,LQD,99.7123,0.0033154630378697814
2024-08-02,LQD,100.6864,0.009769105717148285
2024-08-05,LQD,100.4315,-0.002531622940138978
2024-08-06,LQD,99.7761,-0.006525840996101873
2024-08-07,LQD,99.3209,-0.004562214798934816
2024-08-08,LQD,99.3664,0.00045811103201853776
2024-08-09,LQD,99.8762,0.005130506891665609
2024-08-12,LQD,100.0856,0.002096595585334704
2024-08-13,LQD,100.7866,0.007004004572086275
2024-08-14,LQD,101.2327,0.004426183639491654
2024-08-15,LQD,100.9231,-0.003058300331809649
2024-08-16,LQD,101.2236,0.002977514563068384
2024-08-19,LQD,101.4602,0.00233739957875434
2024-08-20,LQD,101.7242,0.0026020055154631905
2024-08-21,LQD,101.9518,0.0022374223636068002
2024-08-22,LQD,101.5331,-0.004106842645250075
2024-08-23,LQD,102.1157,0.005738030258112925
2024-08-26,LQD,101.9883,-0.0012476044330108627
2024-08-27,LQD,101.9063,-0.0008040137937390668
2024-08-28,LQD,101.6969,-0.002054828798612074
2024-08-29,LQD,101.524,-0.0017001501520694795
2024-08-30,LQD,101.2417,-0.002780623300894458
2024-09-03,LQD,101.5479,0.0030244454607144533
2024-09-04,LQD,102.1783,0.0062079077952374995
2024-09-05,LQD,102.6808,0.00491787395170995
2024-09-06,LQD,102.6351,-0.0004450686009459526
2024-09-09,LQD,102.8636,0.00222633387603266
2024-09-10,LQD,103.1468,0.002753160496035356
2024-09-11,LQD,103.1925,0.00044305785540599274
2024-09-12,LQD,103.1194,-0.0007083848147878546
2024-09-13,LQD,103.4392,0.0031012593168695535
2024-09-16,LQD,103.896,0.00441612077432918
2024-09-17,LQD,103.9052,8.85500885499102e-05
2024-09-18,LQD,103.4757,-0.004133575605455686
2024-09-19,LQD,103.5671,0.0008832991707230509
2024-09-20,LQD,103.6585,0.0008825196418553727
2024-09-23,LQD,103.5123,-0.001410400497788511
2024-09-24,LQD,103.6859,0.0016770953790032905
2024-09-25,LQD,103.0737,-0.005904370796800729
2024-09-26,LQD,103.0737,0.0
2024-09-27,LQD,103.4849,0.00398937847384917
2024-09-30,LQD,103.229,-0.002472824537686158
2024-10-01,LQD,103.7251,0.00480582006994168
2024-10-02,LQD,103.4959,-0.0022096869513742456
2024-10-03,LQD,102.8264,-0.006468855287987241
2024-10-04,LQD,102.2671,-0.005439264624648943
2024-10-07,LQD,101.7444,-0.005111125669936878
2024-10-08,LQD,101.9461,0.0019824186883996564
2024-10-09,LQD,101.7444,-0.0019784964800027005
2024-10-10,LQD,101.6343,-0.0010821234387347056
2024-10-11,LQD,101.616,-0.00018005732316739298
2024-10-14,LQD,101.6251,8.955282632649997e-05
2024-10-15,LQD,102.1203,0.004872811933272381
2024-10-16,LQD,102.4413,0.0031433515177687887
2024-10-17,LQD,101.6802,-0.0074296206705694035
2024-10-18,LQD,101.561,-0.0011723029655723582
2024-10-21,LQD,100.5247,-0.010203719931863753
2024-10-22,LQD,100.5156,-9.052501524486889e-05
2024-10-23,LQD,100.1762,-0.003376590300411153
2024-10-24,LQD,100.4789,0.003021675807227675
2024-10-25,LQD,100.2404,-0.0023736326731284008
2024-10-28,LQD,100.1579,-0.000823021456418771
2024-10-29,LQD,100.2771,0.0011901207992579543
2024-10-30,LQD,100.1487,-0.0012804518678740662
2024-10-31,LQD,99.947,-0.002014005174305833
2024-11-01,LQD,99.3994,-0.005478903819024161
2024-11-04,LQD,100.1356,0.007406483338933567
2024-11-05,LQD,100.6142,0.004779518972273689
2024-11-06,LQD,99.5651,-0.010426957626259448
2024-11-07,LQD,100.743,0.011830450629788825
2024-11-08,LQD,101.0927,0.0034712089177411087
2024-11-11,LQD,100.8995,-0.0019111172221139006
2024-11-12,LQD,99.9884,-0.009029777154495378
2024-11-13,LQD,99.6111,-0.003773437718775474
2024-11-14,LQD,99.5835,-0.000277077554609817
2024-11-15,LQD,99.6295,0.00046192391309807235
2024-11-18,LQD,99.8135,0.0018468425516540155
2024-11-19,LQD,100.0252,0.002120955582160633
2024-11-20,LQD,99.7859,-0.0023923971159267587
2024-11-21,LQD,99.6663,-0.0011985661300843997
2024-11-22,LQD,99.7583,0.0009230803190245496
2024-11-25,LQD,101.0007,0.012454101563478925
2024-11-26,LQD,100.743,-0.002551467465076951
2024-11-27,LQD,101.1111,0.003653851880527581
2024-11-29,LQD,101.7369,0.006189231449366117
2024-12-02,LQD,101.8967,0.0015707181956594596
2024-12-03,LQD,101.5365,-0.003534952554891335
2024-12-04,LQD,102.026,0.0048209264648673145
2024-12-05,LQD,101.9983,-0.00027149942171600383
2024-12-06,LQD,102.2291,0.0022627828110861614
2024-12-09,LQD,101.9706,-0.002528634214719716
2024-12-10,LQD,101.8136,-0.0015396594704749633
2024-12-11,LQD,101.5365,-0.0027216403309576753
2024-12-12,LQD,100.964,-0.005638366498746827
2024-12-13,LQD,100.4007,-0.0055792163543441076
2024-12-16,LQD,100.5299,0.0012868436176241005
2024-12-17,LQD,100.5392,9.250979061947717e-05
2024-12-18,LQD,99.2927,-0.012398149179623452
2024-12-19,LQD,98.7552,-0.005413288187349097
2024-12-20,LQD,99.1444,0.003941058293639221
2024-12-23,LQD,98.8571,-0.0028977935213688744
2024-12-24,LQD,99.1629,0.0030933539422053347
2024-12-26,LQD,99.2556,0.0009348254236212217
2024-12-27,LQD,98.8386,-0.0042012742857834295
2024-12-30,LQD,99.2649,0.00431309225343135
2024-12-31,LQD,99.0147,-0.0025205284042999487
2025-01-02,LQD,99.0239,9.291549638579255e-05
2025-01-03,LQD,98.7923,-0.002338829312923396
2025-01-06,LQD,98.542,-0.0025335982662616496
2025-01-07,LQD,98.0879,-0.0046081873718819555
2025-01-08,LQD,98.2455,0.0016067221339226556
2025-01-10,LQD,97.6802,-0.005753953107267118
2025-01-13,LQD,97.4021,-0.002847045767719547
2025-01-14,LQD,97.5133,0.001141659163406139
2025-01-15,LQD,98.681,0.011974776774039908
2025-01-16,LQD,98.8757,0.0019730241890536515
2025-01-17,LQD,98.9591,0.0008434832825456873
2025-01-21,LQD,99.5336,0.005805428707415405
2025-01-22,LQD,99.2185,-0.0031657651285595945
2025-01-23,LQD,99.0796,-0.0013999405352832506
2025-01-24,LQD,99.2742,0.0019640773680960066
2025-01-27,LQD,99.96,0.006908139274856895
2025-01-28,LQD,99.8209,-0.001391556622649004
2025-01-29,LQD,99.6912,-0.0012993270948268298
2025-01-30,LQD,99.9136,0.002230888985186308
2025-01-31,LQD,99.5892,-0.003246805239727091
2025-02-03,LQD,99.7464,0.0015784844139725696
2025-02-04,LQD,99.9418,0.001958967942702783
2025-02-05,LQD,100.6394,0.006980062396314546
2025-02-06,LQD,100.4533,-0.001849176366313765
2025-02-07,LQD,100.0162,-0.004351275667399679
2025-02-10,LQD,100.0441,0.0002789548093209415
2025-02-11,LQD,99.8209,-0.0022310161218902502
2025-02-12,LQD,99.2814,-0.005404679781488508
2025-02-13,LQD,100.0534,0.007775877455394431
2025-02-14,LQD,100.444,0.003903915309224848
2025-02-18,LQD,100.0348,-0.004073911831468213
2025-02-19,LQD,100.0906,0.0005578058835524757
2025-02-20,LQD,100.3324,0.0024158112749850247
2025-02-21,LQD,100.6859,0.003523288588731077
2025-02-24,LQD,100.9463,0.002586260836919374
2025-02-25,LQD,101.7183,0.007647630472835676
2025-02-26,LQD,101.9322,0.0021028664458606627
2025-02-27,LQD,101.5044,-0.0041969073560660375
2025-02-28,LQD,101.9508,0.004397838911416541
2025-03-03,LQD,102.2729,0.0031593670672520613
2025-03-04,LQD,101.9368,-0.0032863055609061442
2025-03-05,LQD,101.61,-0.0032059079743528285
2025-03-06,LQD,101.2926,-0.0031237082964276075
2025-03-07,LQD,101.1339,-0.0015667482126038301
2025-03-10,LQD,101.4793,0.003415274205780694
2025-03-11,LQD,100.8165,-0.006531381276772552
2025-03-12,LQD,100.5177,-0.0029638005683593205
2025-03-13,LQD,100.8351,0.0031576528312922125
2025-03-14,LQD,100.7884,-0.0004631323814822119
2025-03-17,LQD,100.9938,0.0020379329367268273
2025-03-18,LQD,101.2366,0.002404107974945058
2025-03-19,LQD,101.8341,0.0059020156741733665
2025-03-20,LQD,101.6848,-0.0014661100751124367
2025-03-21,LQD,101.5447,-0.0013777870438845818
2025-03-24,LQD,101.1059,-0.004321249656555226
2025-03-25,LQD,101.2086,0.0010157666367640594
2025-03-26,LQD,100.7978,-0.004058943607559096
2025-03-27,LQD,100.6764,-0.0012043913656845096
2025-03-28,LQD,101.2833,0.006028225085521477
2025-03-31,LQD,101.4793,0.001935166014535472
2025-04-01,LQD,101.8421,0.003575113348239567
2025-04-02,LQD,102.0764,0.002300620273933962
2025-04-03,LQD,102.067,-9.208788711212446e-05
2025-04-04,LQD,101.9545,-0.0011022171710738382
2025-04-07,LQD,99.9676,-0.019488104988009236
2025-04-08,LQD,98.7023,-0.012657100900691942
2025-04-09,LQD,100.3518,0.016711869936161694
2025-04-10,LQD,98.646,-0.01699820033123467
2025-04-11,LQD,98.6273,-0.00018956673357251042
2025-04-14,LQD,99.2365,0.006176788779577169
2025-04-15,LQD,99.7707,0.0053830999682575875
2025-04-16,LQD,100.1925,0.004227694102577173
2025-04-17,LQD,100.0519,-0.0014032986500984723
2025-04-21,LQD,98.9741,-0.010772409119666815
2025-04-22,LQD,99.2178,0.002462260328712107
2025-04-23,LQD,99.6582,0.004438719665221358
2025-04-24,LQD,100.6799,0.010252041477771145
2025-04-25,LQD,101.2141,0.005305925015817392
2025-04-28,LQD,101.4484,0.002314894861486838
2025-04-29,LQD,101.6827,0.0023095484995325766
2025-04-30,LQD,101.2047,-0.004700897989530106
2025-05-01,LQD,100.849,-0.0035146589041813447
2025-05-02,LQD,100.6044,-0.0024254082836716595
2025-05-05,LQD,100.4632,-0.0014035171423913972
2025-05-06,LQD,100.6608,0.001966889368445246
2025-05-07,LQD,100.8678,0.0020564112345620167
2025-05-08,LQD,100.3597,-0.005037286428374532
2025-05-09,LQD,100.322,-0.00037564879129770024
2025-05-12,LQD,100.3032,-0.000187396583002708
2025-05-13,LQD,100.3879,0.0008444396589539771
2025-05-14,LQD,99.8798,-0.005061366957571534
2025-05-15,LQD,100.5949,0.007159605846227102
2025-05-16,LQD,100.7831,0.0018708701932206306
2025-05-19,LQD,100.7926,9.426183556549006e-05
2025-05-20,LQD,100.5479,-0.0024277575933153717
2025-05-21,LQD,99.4281,-0.011136980483928527
2025-05-22,LQD,99.9362,0.005110225378942124
2025-05-23,LQD,100.0115,0.0007534807206996952
2025-05-27,LQD,100.9149,0.009032961209461066
2025-05-28,LQD,100.6702,-0.0024248153642326686
2025-05-29,LQD,101.1219,0.004486928604492624
2025-05-30,LQD,101.4136,0.0028846372546402765
2025-06-02,LQD,101.1265,-0.0028309812490633357
2025-06-03,LQD,101.1737,0.00046674214968378536
2025-06-04,LQD,101.9104,0.0072815366048686325
2025-06-05,LQD,101.5988,-0.003057587841868936
2025-06-06,LQD,100.9848,-0.006043378465099836
2025-06-09,LQD,101.2871,0.002993519816843593
2025-06-10,LQD,101.5326,0.002423803228644106
2025-06-11,LQD,101.8538,0.0031635159544816105
2025-06-12,LQD,102.4205,0.0055638572149492305
2025-06-13,LQD,101.8065,-0.005994893600402285
2025-06-16,LQD,101.6271,-0.0017621664628486577
2025-06-17,LQD,101.9765,0.003438059336535293
2025-06-18,LQD,102.0521,0.0007413472711850222
2025-06-20,LQD,102.1371,0.0008329078970448212
2025-06-23,LQD,102.3921,0.002496644216450239
2025-06-24,LQD,102.8738,0.004704464504585948
2025-06-25,LQD,102.751,-0.001193695576521936
2025-06-26,LQD,103.1288,0.003676849860341891
2025-06-27,LQD,102.9588,-0.0016484241065541916
2025-06-30,LQD,103.5255,0.005504143404934769
2025-07-01,LQD,103.6507,0.0012093638765329207
2025-07-02,LQD,103.6317,-0.00018330797573007374
2025-07-03,LQD,103.3852,-0.0023786158096412713
2025-07-07,LQD,102.769,-0.005960234153437716
2025-07-08,LQD,102.4752,-0.0028588387548774685
2025-07-09,LQD,103.0629,0.005735046137992361
2025-07-10,LQD,103.0818,0.0001833831572757294
2025-07-11,LQD,102.4562,-0.006068966587700286
2025-07-14,LQD,102.4278,-0.0002771916194431734
2025-07-15,LQD,102.0581,-0.0036093716744869386
2025-07-16,LQD,102.2192,0.0015785126315304154
2025-07-17,LQD,102.4657,0.0024114843395368624
2025-07-18,LQD,102.6553,0.001850375296318596
2025-07-21,LQD,103.0534,0.0038780267555595938
2025-07-22,LQD,103.2999,0.0023919637780025482
2025-07-23,LQD,103.1387,-0.0015605048988429626
2025-07-24,LQD,102.9871,-0.0014698653366777004
2025-07-25,LQD,103.3189,0.003221762725623023
2025-07-28,LQD,103.1103,-0.0020189916849676637
2025-07-29,LQD,103.7928,0.0066191253444127796
2025-07-30,LQD,103.4042,-0.0037439976568701683
2025-07-31,LQD,103.4326,0.00027465035269358395
2025-08-01,LQD,104.3502,0.008871477657914406
2025-08-04,LQD,104.531,0.001732627249396712
2025-08-05,LQD,104.6072,0.0007289703532922243
2025-08-06,LQD,104.5786,-0.00027340374276352275
2025-08-07,LQD,104.4739,-0.0010011608493515345
2025-08-08,LQD,104.1408,-0.0031883561348815537
2025-08-11,LQD,104.3026,0.0015536658062929032
2025-08-12,LQD,104.3978,0.0009127289252617299
2025-08-13,LQD,104.9498,0.005287467743573027
2025-08-14,LQD,104.5882,-0.00344545678028918
2025-08-15,LQD,104.4549,-0.0012745223648557014
2025-08-18,LQD,104.2645,-0.0018227962498647
2025-08-19,LQD,104.4263,0.0015518225282813436
2025-08-20,LQD,104.4739,0.0004558238681251492
2025-08-21,LQD,104.0741,-0.003826793103349213
2025-08-22,LQD,104.8927,0.007865549642033898
2025-08-25,LQD,104.6167,-0.0026312603260285616
2025-08-26,LQD,104.6928,0.0007274173243851934
2025-08-27,LQD,104.7309,0.00036392187428369027
2025-08-28,LQD,104.8927,0.001544911769114865
2025-08-29,LQD,104.512,-0.0036294232105761326
2025-09-02,LQD,104.1624,-0.003345070422535179
2025-09-03,LQD,104.7833,0.005960884157814927
2025-09-04,LQD,105.4996,0.006836012990619755
2025-09-05,LQD,106.1874,0.006519455997937351
2025-09-08,LQD,106.5599,0.0035079491540428442
2025-09-09,LQD,106.3689,-0.0017924190994924594
2025-09-10,LQD,106.6841,0.002963272159437702
2025-09-11,LQD,107.1807,0.004654864220628996
2025-09-12,LQD,106.9897,-0.0017820372511095917
2025-09-15,LQD,107.3241,0.0031255345140701607
2025-09-16,LQD,107.2285,-0.0008907598572921449
2025-09-17,LQD,107.0375,-0.0017812428598740215
2025-09-18,LQD,106.8178,-0.002052551675814418
2025-09-19,LQD,106.7318,-0.000805109260816117
2025-09-22,LQD,106.493,-0.0022373837975186994
2025-09-23,LQD,106.7032,0.0019738386560619325
2025-09-24,LQD,106.2733,-0.004028932590587675
2025-09-25,LQD,106.0823,-0.001797252931827642
2025-09-26,LQD,106.2256,0.0013508379814539673
2025-09-29,LQD,106.579,0.0033268816556459857
2025-09-30,LQD,106.4739,-0.000986122969815706
2025-10-01,LQD,106.9015,0.004016007678877109
2025-10-02,LQD,107.0741,0.0016145704223047286
2025-10-03,LQD,106.9398,-0.0012542715745450517
2025-10-06,LQD,106.5947,-0.003227049237047419
2025-10-07,LQD,106.7961,0.0018893997543967256
2025-10-08,LQD,106.6618,-0.0012575365579828857
2025-10-09,LQD,106.4509,-0.0019772777132955888
2025-10-10,LQD,106.7481,0.0027918974851315337
2025-10-13,LQD,107.1124,0.0034127071114147256
2025-10-14,LQD,107.4671,0.003311474675200987
2025-10-15,LQD,107.4671,0.0
2025-10-16,LQD,107.7739,0.002854827198277343
2025-10-17,LQD,107.563,-0.0019568745308464752
2025-10-20,LQD,107.8889,0.003029852272621758
2025-10-21,LQD,107.9081,0.000177960846760028
2025-10-22,LQD,108.0135,0.0009767570738432596
2025-10-23,LQD,107.8793,-0.001242437287931497
2025-10-24,LQD,108.0615,0.0016889245666220631
2025-10-27,LQD,108.2436,0.001685151510945282
2025-10-28,LQD,108.2532,8.868884626900275e-05
2025-10-29,LQD,107.6397,-0.005667268958331029
2025-10-30,LQD,107.0645,-0.0053437532806205335
2025-10-31,LQD,106.6331,-0.004029346795623168
2025-11-03,LQD,106.3464,-0.002688658587249093
2025-11-04,LQD,106.4907,0.0013568865518720497
2025-11-05,LQD,106.1732,-0.0029814810119570545
2025-11-06,LQD,106.7312,0.005255563550877307
2025-11-07,LQD,106.5195,-0.001983487490068603
2025-11-10,LQD,106.5773,0.0005426236510686078
2025-11-11,LQD,107.0006,0.0039717650944433025
2025-11-12,LQD,106.8948,-0.0009887795021710222
2025-11-13,LQD,106.3656,-0.004950661772134879
2025-11-14,LQD,106.077,-0.002713283241950415
2025-11-17,LQD,106.1443,0.0006344447901054373
2025-11-18,LQD,106.1924,0.0004531566932939324
2025-11-19,LQD,106.202,9.040194966858373e-05
2025-11-20,LQD,106.3464,0.0013596730758367315
2025-11-21,LQD,106.7216,0.003528093099531171
2025-11-24,LQD,107.1449,0.0039663948066746
2025-11-25,LQD,107.4432,0.002784080250203269
2025-11-26,LQD,107.8088,0.0034027281391471043
2025-11-28,LQD,107.626,-0.0016955944227187159
2025-12-01,LQD,107.0495,-0.005356512366900268
2025-12-02,LQD,107.1171,0.0006314835660139462
2025-12-03,LQD,107.3585,0.0022536084341342466
2025-12-04,LQD,107.1654,-0.001798646590628561
2025-12-05,LQD,107.0591,-0.0009919246323907283
2025-12-08,LQD,106.837,-0.002074555082192897
2025-12-09,LQD,106.7018,-0.0012654791879217475
2025-12-10,LQD,107.1943,0.004615667214611152
2025-12-11,LQD,107.0398,-0.0014413079799951989
2025-12-12,LQD,106.3928,-0.006044480651122397
2025-12-15,LQD,106.5183,0.0011795911001497572
2025-12-16,LQD,106.7598,0.002267216055832577
2025-12-17,LQD,106.6439,-0.0010856146227324892
2025-12-18,LQD,107.0495,0.003803311769355666
2025-12-19,LQD,106.7741,-0.0025726416284054254
2025-12-22,LQD,106.7547,-0.00018169200208673075
2025-12-23,LQD,106.8614,0.0009994876103815997
2025-12-24,LQD,107.2783,0.0039013151615081565
2025-12-26,LQD,107.2686,-9.041903162143594e-05
2025-12-29,LQD,107.414,0.0013554758801737066
2025-12-30,LQD,107.288,-0.0011730314484146298
2025-12-31,LQD,106.8323,-0.004247446126314114
2026-01-02,LQD,106.8032,-0.000272389530132755
2026-01-05,LQD,107.1038,0.002814522411313636
2026-01-06,LQD,107.1038,0.0
2026-01-07,LQD,107.1813,0.000723597108599261
2026-01-08,LQD,106.8808,-0.0028036607132028157
2026-01-09,LQD,107.2686,0.0036283411052313586
2026-01-12,LQD,107.1426,-0.0011746214642496255
2026-01-13,LQD,107.3752,0.002170938543585965
2026-01-14,LQD,107.6467,0.0025285168269766345
2026-01-15,LQD,107.511,-0.0012606052949137858
2026-01-16,LQD,107.2007,-0.0028862162941466485
2026-01-20,LQD,106.5511,-0.006059661923849324
2026-01-21,LQD,107.191,0.006005569158835433
2026-01-22,LQD,107.3946,0.0018994131970033745
2026-01-23,LQD,107.4625,0.000632247803893371
2026-01-26,LQD,107.5498,0.0008123764103757924
2026-01-27,LQD,107.4334,-0.0010822893208541906
2026-01-28,LQD,107.2783,-0.0014436851109618232
2026-01-29,LQD,107.3074,0.00027125709486441885
2026-01-30,LQD,107.2007,-0.000994339626158136
2026-02-02,LQD,107.1015,-0.0009253670918193402
2026-02-03,LQD,107.1501,0.0004537751572106785
2026-02-04,LQD,107.0139,-0.0012711140726885395
2026-02-05,LQD,107.5296,0.004819000148578834
2026-02-06,LQD,107.588,0.0005431062702734302
2026-02-09,LQD,107.588,0.0
2026-02-10,LQD,107.841,0.0023515633713797612
2026-02-11,LQD,107.7242,-0.0010830760100518644
2026-02-12,LQD,108.2303,0.004698108688669711
2026-02-13,LQD,108.5903,0.0033262404335938633
2026-02-17,LQD,108.6974,0.0009862759380903086
2026-02-18,LQD,108.5903,-0.0009853041563091525
2026-02-19,LQD,108.6779,0.0008067018877375709
2026-02-20,LQD,108.5903,-0.000806051644354544
2026-02-23,LQD,108.7071,0.001075602516983576
2026-02-24,LQD,108.6779,-0.0002686117098147367
2026-02-25,LQD,108.6487,-0.00026868388145140365
2026-02-26,LQD,108.7169,0.0006277111461066021
2026-02-27,LQD,108.6779,-0.00035872987548390967
2026-03-02,LQD,108.3098,-0.003387073176791211
2026-03-03,LQD,108.261,-0.00045055941382954323
2026-03-04,LQD,108.3586,0.0009015250182429213
2026-03-05,LQD,107.929,-0.003964613791614058
2026-03-06,LQD,107.5677,-0.0033475710884006693
2026-03-09,LQD,108.2121,0.00599064589091336
2026-03-10,LQD,107.47,-0.006857828283528433
2026-03-11,LQD,106.5912,-0.00817716572066618
2026-03-12,LQD,106.0151,-0.005404761368668298
2026-03-13,LQD,105.6245,-0.0036843808099035202
2026-03-16,LQD,106.1323,0.004807596722351315
2026-03-17,LQD,106.7279,0.005611863683346208
2026-03-18,LQD,106.1518,-0.005397838803162136
2026-03-19,LQD,106.6205,0.0044153749630246875
2026-03-20,LQD,105.312,-0.012272499191056219
2026-03-23,LQD,106.0053,0.006583295350957252
2026-03-24,LQD,105.7905,-0.0020263137786508123
2026-03-25,LQD,106.1713,0.0035995670688768744
2026-03-26,LQD,105.3413,-0.007817555215015703
2026-03-27,LQD,105.0874,-0.0024102607429374867
2026-03-30,LQD,105.7612,0.006411805792131187
2026-03-31,LQD,106.4252,0.006278294875625479
2026-04-01,LQD,106.5389,0.0010683559908741813
2026-04-02,LQD,106.99,0.004234134198870088
2026-04-06,LQD,106.8233,-0.0015580895410785
2026-04-07,LQD,106.9409,0.0011008834215007202
2026-04-08,LQD,107.3527,0.0038507250266268667
2026-04-09,LQD,107.3527,0.0
2026-04-10,LQD,107.0684,-0.0026482799221630993
2026-04-13,LQD,107.4802,0.0038461394771940327
2026-04-14,LQD,107.8332,0.00328432585722771
2026-04-15,LQD,107.794,-0.00036352440621267856
2026-04-16,LQD,107.2939,-0.004639404790619195
2026-04-17,LQD,107.892,0.005574408237560613
2026-04-20,LQD,107.8822,-9.083157231304373e-05
2026-04-21,LQD,107.4704,-0.003817126458303566
2026-04-22,LQD,107.6763,0.001915876371540337
2026-04-23,LQD,107.3821,-0.0027322632742767805
2026-04-24,LQD,107.4606,0.0007310343157751475
2026-04-27,LQD,107.1566,-0.0028289438175480575
2026-04-28,LQD,107.2057,0.0004582078938675238
2026-04-29,LQD,106.6076,-0.00557899440048415
2026-04-30,LQD,106.7252,0.0011031108476318163
2026-05-01,LQD,106.8975,0.001614426583412376
2026-05-04,LQD,106.553,-0.003222713346897721
2026-05-05,LQD,106.9467,0.0036948748510132745
2026-05-06,LQD,107.4782,0.0049697653130016395
2026-05-07,LQD,107.0353,-0.004120835667139944
2026-05-08,LQD,107.4881,0.00423038007087384
2026-05-11,LQD,107.2223,-0.0024728318762727852
2026-05-12,LQD,106.8581,-0.003396681473909924
2026-05-13,LQD,106.9172,0.0005530699123417193
2026-05-14,LQD,106.8483,-0.0006444239093429394
2026-05-15,LQD,106.1691,-0.006356675773035225
2026-05-18,LQD,105.9722,-0.0018545885761488412
2026-05-19,LQD,105.4407,-0.005015466320412276
2026-05-20,LQD,106.2577,0.007748431108670406
2026-05-21,LQD,106.4742,0.0020374994000433855
2026-05-22,LQD,106.6711,0.0018492742842866061
2026-05-26,LQD,107.0747,0.0037835927444267448
2026-05-27,LQD,107.2223,0.0013784768951021764
2026-05-28,LQD,107.5471,0.003029220600565319
2026-05-29,LQD,107.6456,0.0009158777874995749
2026-06-01,LQD,107.6288,-0.00015606768878617672
2026-06-02,LQD,107.6189,-9.198281500866212e-05
2026-06-03,LQD,107.3225,-0.0027541630698696418
2026-06-04,LQD,107.5497,0.002116983857066268
2026-06-05,LQD,106.8778,-0.0062473442510765365
2026-06-08,LQD,106.7692,-0.0010161137298858591
2026-06-09,LQD,107.115,0.003238761740277152
2026-06-10,LQD,106.868,-0.0023059328758811004
2026-06-11,LQD,107.777,0.008505820264251174
2026-06-12,LQD,107.7078,-0.0006420664891395589
2026-06-15,LQD,107.688,-0.0001838306974982773
2026-06-16,LQD,107.8165,0.0011932620161949625
2026-06-17,LQD,107.4707,-0.0032073012943288903
2026-06-18,LQD,107.7671,0.0027579610070467275
2026-06-22,LQD,107.4806,-0.002658510807101666
2026-06-23,LQD,107.609,0.0011946341944499839
2026-06-24,LQD,108.103,0.004590694086925806
2026-06-25,LQD,108.192,0.0008232889004005095
2026-06-26,LQD,108.192,0.0
2026-06-29,LQD,108.3896,0.0018263827270039723
2026-06-30,LQD,107.7671,-0.005743170931528541
2026-07-01,LQD,107.541,-0.002098042909199571
2026-07-02,LQD,107.7195,0.0016598320640499598
2026-07-06,LQD,107.7492,0.00027571609597143443
2026-07-07,LQD,106.9659,-0.007269659542715856
2026-07-08,LQD,106.7577,-0.0019464146985160857
2026-07-09,LQD,106.7974,0.0003718701320840623
2026-07-10,LQD,106.5495,-0.002321217557730848
2026-07-13,LQD,106.0537,-0.004653236289236307
2026-07-14,LQD,106.3016,0.002337495061464079
2026-07-15,LQD,106.6685,0.0034515002596386957
2026-07-16,LQD,106.5892,-0.0007434247223875312
2026-07-17,LQD,106.6487,0.0005582179057539438
2026-07-20,LQD,106.2421,-0.003812517170861063
2026-07-21,LQD,105.9447,-0.0027992669572607376
2026-07-22,LQD,105.7662,-0.0016848412426483383
2026-07-23,LQD,105.3597,-0.0038433828576615037
2026-07-24,LQD,105.3299,-0.00028284059275041074
2026-07-27,LQD,105.6075,0.002635528942873888
2026-07-28,LQD,105.9248,0.0030045214591767344
2026-07-29,LQD,105.32,-0.005709711040285281
2026-07-30,LQD,105.5084,0.0017888340296239313
2026-07-31,LQD,105.3497,-0.001504145641484378
2026-08-03,LQD,105.6664,0.0030061784703705463
2026-08-04,LQD,106.3137,0.006125882967527918
2026-08-05,LQD,106.2938,-0.0001871818965946126
2026-08-06,LQD,105.9154,-0.003559944230049128
2026-08-07,LQD,106.1046,0.0017863313550248172
2026-08-10,LQD,105.517,-0.005537931437468391
2026-08-11,LQD,105.5469,0.0002833666612962471
2026-08-12,LQD,105.6764,0.001226942714565915
2026-08-13,LQD,106.1046,0.004051992687108985
2026-08-14,LQD,105.6764,-0.004035640302117005
2026-08-17,LQD,105.2581,-0.003958310464777348
2026-08-18,LQD,105.3975,0.0013243636356725652
2026-08-19,LQD,106.1245,0.006897696814440524
2026-08-20,LQD,105.6166,-0.004785888272736183
2026-08-21,LQD,105.4772,-0.0013198682782821214
2026-08-24,LQD,105.7361,0.002454558899932957
2026-08-25,LQD,106.4133,0.006404624343057996
2026-08-26,LQD,106.3336,-0.0007489665295598025
2026-08-27,LQD,106.2838,-0.00046833738347995535
2026-08-28,LQD,105.9054,-0.003560279177071246
2026-08-31,LQD,105.766,-0.0013162690476594685
2026-09-01,LQD,105.22,-0.00516233950418854
2026-09-02,LQD,105.35,0.0012355065576885593
2026-09-03,LQD,105.5,0.0014238253440912452
2026-09-04,LQD,105.48,-0.00018957345971559736
2026-09-08,LQD,105.48,0.0
2026-09-09,LQD,105.31,-0.0016116799393249837
2026-09-10,LQD,104.36,-0.009020985661380765
2026-09-11,LQD,104.32,-0.00038328861632819233
2026-09-14,LQD,104.3,-0.00019171779141102796
2026-09-15,LQD,104.28,-0.00019175455417064224
2026-09-16,LQD,104.45,0.001630226313770633
2026-09-17,LQD,105.16,0.006797510770703674
2026-09-18,LQD,104.7,-0.004374286801064997
2026-09-21,LQD,105.09,0.0037249283667621924
2026-09-23,LQD,103.89,-0.011418783899514673
2026-09-24,LQD,103.15,-0.007122918471460182
2021-09-27,QQQ,359.4448,
2021-09-28,QQQ,349.2733,-0.02829780817527472
2021-09-29,QQQ,348.7006,-0.0016396901795814323
2021-09-30,QQQ,347.4195,-0.0036739254248486786
2021-10-01,QQQ,349.574,0.006201436591785958
2021-10-04,QQQ,342.2367,-0.020989261215079047
2021-10-05,QQQ,346.8566,0.013499136708599702
2021-10-06,QQQ,349.0792,0.006407835399412809
2021-10-07,QQQ,352.282,0.009174995244632056
2021-10-08,QQQ,350.5253,-0.004986630029351402
2021-10-11,QQQ,347.8369,-0.007669631835419577
2021-10-12,QQQ,346.6237,-0.0034878415717252143
2021-10-13,QQQ,349.3994,0.008007819430696728
2021-10-14,QQQ,355.8342,0.01841674599326737
2021-10-15,QQQ,358.0762,0.006300687230176294
2021-10-18,QQQ,361.6769,0.010055680885800333
2021-10-19,QQQ,364.4139,0.007567527812807562
2021-10-20,QQQ,363.9383,-0.0013051093824906213
2021-10-21,QQQ,366.1608,0.00610680436766331
2021-10-22,QQQ,363.0843,-0.008402046314078482
2021-10-25,QQQ,366.8015,0.010237842837049094
2021-10-26,QQQ,367.9564,0.003148569457867456
2021-10-27,QQQ,368.8105,0.00232119892465521
2021-10-28,QQQ,372.9062,0.011105161051542689
2021-10-29,QQQ,374.7405,0.004918931355928136
2021-11-01,QQQ,376.0217,0.003418899211587778
2021-11-02,QQQ,377.594,0.0041814076155710644
2021-11-03,QQQ,381.6024,0.010615634782332295
2021-11-04,QQQ,386.494,0.012818577660937303
2021-11-05,QQQ,386.8628,0.0009542192116822612
2021-11-08,QQQ,386.3387,-0.001354743852342466
2021-11-09,QQQ,383.6794,-0.00688333837640398
2021-11-10,QQQ,378.0405,-0.014696905802083715
2021-11-11,QQQ,379.0887,0.0027727187960020494
2021-11-12,QQQ,383.0776,0.010522339494688282
2021-11-15,QQQ,382.9903,-0.00022789116356591865
2021-11-16,QQQ,385.7176,0.007121068079269932
2021-11-17,QQQ,385.9214,0.0005283658303381067
2021-11-18,QQQ,389.9201,0.010361436292467774
2021-11-19,QQQ,392.0941,0.005575501237304881
2021-11-22,QQQ,387.5422,-0.01160920299489343
2021-11-23,QQQ,385.7758,-0.0045579552368747445
2021-11-24,QQQ,387.0181,0.0032202642052716612
2021-11-26,QQQ,379.6807,-0.018958803218764197
2021-11-29,QQQ,387.9207,0.02170244629237139
2021-11-30,QQQ,382.2235,-0.014686506804096888
2021-12-01,QQQ,375.7208,-0.017012821032720393
2021-12-02,QQQ,378.4287,0.007207213441470461
2021-12-03,QQQ,371.8484,-0.017388480313464516
2021-12-06,QQQ,374.828,0.008012942908991905
2021-12-07,QQQ,386.1154,0.0301135454128294
2021-12-08,QQQ,387.8431,0.0044745690019096784
2021-12-09,QQQ,382.1363,-0.014714197571131127
2021-12-10,QQQ,386.2902,0.010870205212119455
2021-12-13,QQQ,380.7095,-0.01444691063868575
2021-12-14,QQQ,376.769,-0.010350411534253756
2021-12-15,QQQ,385.3585,0.022797788565407373
2021-12-16,QQQ,375.449,-0.02571501601755244
2021-12-17,QQQ,373.576,-0.004988693537604227
2021-12-20,QQQ,369.9521,-0.009700569629740752
2021-12-21,QQQ,378.2317,0.022380194625196026
2021-12-22,QQQ,382.838,0.012178513858039919
2021-12-23,QQQ,385.7243,0.007539220244594302
2021-12-27,QQQ,392.0992,0.016527089426307873
2021-12-28,QQQ,390.282,-0.0046345414629767046
2021-12-29,QQQ,390.2237,-0.00014937916685875408
2021-12-30,QQQ,389.0575,-0.002988542213094747
2021-12-31,QQQ,386.6281,-0.00624432121216012
2022-01-03,QQQ,390.3501,0.009626822261496137
2022-01-04,QQQ,385.287,-0.012970664026985101
2022-01-05,QQQ,373.4505,-0.030721254545312937
2022-01-06,QQQ,373.1881,-0.0007026366278796159
2022-01-07,QQQ,369.1455,-0.0108326069346798
2022-01-10,QQQ,369.3885,0.0006582770208494182
2022-01-11,QQQ,374.9375,0.015022124402898296
2022-01-12,QQQ,376.4242,0.003965194199033073
2022-01-13,QQQ,367.0076,-0.025015926181154002
2022-01-14,QQQ,369.2913,0.006222486945774319
2022-01-18,QQQ,360.0981,-0.02489416891218399
2022-01-19,QQQ,356.143,-0.010983395913502503
2022-01-20,QQQ,351.5172,-0.01298860289265824
2022-01-21,QQQ,341.7701,-0.02772865737437591
2022-01-24,QQQ,343.3347,0.0045779311882461204
2022-01-25,QQQ,335.3756,-0.023181752383315657
2022-01-26,QQQ,334.8509,-0.0015645145323630594
2022-01-27,QQQ,331.4787,-0.010070750892412161
2022-01-28,QQQ,341.877,0.031369436407226114
2022-01-31,QQQ,352.8096,0.031978167586588
2022-02-01,QQQ,355.2101,0.006803953180412492
2022-02-02,QQQ,358.0962,0.008125050498282604
2022-02-03,QQQ,343.5776,-0.04054385385826487
2022-02-04,QQQ,347.9119,0.012615199593919879
2022-02-07,QQQ,345.1132,-0.008044277876094519
2022-02-08,QQQ,348.9905,0.011234864386525878
2022-02-09,QQQ,356.3858,0.021190548166784007
2022-02-10,QQQ,348.3199,-0.022632495458573265
2022-02-11,QQQ,337.2707,-0.03172141471101719
2022-02-14,QQQ,337.6886,0.0012390640515171913
2022-02-15,QQQ,346.0848,0.02486373540593312
2022-02-16,QQQ,345.9973,-0.0002528282085777489
2022-02-17,QQQ,335.7061,-0.02974358470427374
2022-02-18,QQQ,331.8773,-0.011405214263309538
2022-02-22,QQQ,328.5439,-0.010044073517531893
2022-02-23,QQQ,320.1283,-0.025614841730435378
2022-02-24,QQQ,330.886,0.03360433926022788
2022-02-25,QQQ,336.0171,0.015507153521152395
2022-02-28,QQQ,337.018,0.0029787174521771487
2022-03-01,QQQ,331.8578,-0.015311348355280696
2022-03-02,QQQ,337.4261,0.01677917469470369
2022-03-03,QQQ,332.6061,-0.014284609281854599
2022-03-04,QQQ,327.7859,-0.014492217671293495
2022-03-07,QQQ,315.6968,-0.03688108609918861
2022-03-08,QQQ,314.2295,-0.004647813978475579
2022-03-09,QQQ,325.5411,0.03599789325954439
2022-03-10,QQQ,321.926,-0.011104895818070282
2022-03-11,QQQ,315.2497,-0.020738616949236732
2022-03-14,QQQ,309.1956,-0.019204141986495116
2022-03-15,QQQ,318.894,0.03136655243476949
2022-03-16,QQQ,330.7208,0.03708693170771471
2022-03-17,QQQ,334.7246,0.012106284213148966
2022-03-18,QQQ,341.5757,0.020467871199188803
2022-03-21,QQQ,340.6261,-0.0027800572464609097
2022-03-22,QQQ,347.3203,0.019652633782320184
2022-03-23,QQQ,342.3289,-0.014371172661085452
2022-03-24,QQQ,349.9377,0.022226578007290776
2022-03-25,QQQ,349.6458,-0.0008341484784291087
2022-03-28,QQQ,355.0555,0.015471943320926496
2022-03-29,QQQ,361.166,0.017209985481143164
2022-03-30,QQQ,357.1767,-0.011045613374459418
2022-03-31,QQQ,352.7496,-0.012394705477708934
2022-04-01,QQQ,352.0782,-0.0019033331292225286
2022-04-04,QQQ,359.3271,0.020588891899583572
2022-04-05,QQQ,351.3485,-0.022204281280203908
2022-04-06,QQQ,343.7202,-0.021711491581720255
2022-04-07,QQQ,344.5376,0.0023780970684876834
2022-04-08,QQQ,339.7213,-0.013979025801538092
2022-04-11,QQQ,331.6843,-0.02365762759061607
2022-04-12,QQQ,330.2831,-0.004224499019097383
2022-04-13,QQQ,336.9969,0.020327410030970272
2022-04-14,QQQ,329.2906,-0.022867569404941057
2022-04-18,QQQ,329.5436,0.0007683183182272124
2022-04-19,QQQ,336.9092,0.022350911988580524
2022-04-20,QQQ,331.9956,-0.014584344980784092
2022-04-21,QQQ,325.1263,-0.020690936867838072
2022-04-22,QQQ,316.6125,-0.026186131358798104
2022-04-25,QQQ,320.6797,0.012845986813533994
2022-04-26,QQQ,308.5757,-0.037744827627068545
2022-04-27,QQQ,308.2059,-0.0011984093368336834
2022-04-28,QQQ,319.1521,0.03551586780136273
2022-04-29,QQQ,304.7907,-0.04499860724714011
2022-05-02,QQQ,309.8795,0.016696047484388465
2022-05-03,QQQ,310.2103,0.0010675117263323486
2022-05-04,QQQ,320.6992,0.03381222351417734
2022-05-05,QQQ,304.5474,-0.050364328941263414
2022-05-06,QQQ,300.8988,-0.011980401080422864
2022-05-09,QQQ,289.1255,-0.03912710851621881
2022-05-10,QQQ,292.6379,0.012148357720090486
2022-05-11,QQQ,283.9588,-0.029658154326558495
2022-05-12,QQQ,283.2875,-0.002364075351776296
2022-05-13,QQQ,293.7861,0.0370598773330979
2022-05-16,QQQ,290.3806,-0.011591766935195258
2022-05-17,QQQ,297.902,0.025901868100003833
2022-05-18,QQQ,283.2777,-0.04909097622708136
2022-05-19,QQQ,281.7599,-0.005357993234200831
2022-05-20,QQQ,280.8841,-0.003108320240034268
2022-05-23,QQQ,285.5545,0.016627498672940222
2022-05-24,QQQ,279.4831,-0.02126179065642475
2022-05-25,QQQ,283.3945,0.013995121708611391
2022-05-26,QQQ,291.2466,0.027707312597809786
2022-05-27,QQQ,300.7527,0.03263935098298143
2022-05-31,QQQ,299.9549,-0.002652677764821365
2022-06-01,QQQ,297.7365,-0.0073957784987011
2022-06-02,QQQ,305.8902,0.02738562453713267
2022-06-03,QQQ,297.931,-0.026019794030668564
2022-06-06,QQQ,298.9236,0.0033316439041255475
2022-06-07,QQQ,301.502,0.00862561537463069
2022-06-08,QQQ,299.3322,-0.007196635511538929
2022-06-09,QQQ,291.3147,-0.026784622569840377
2022-06-10,QQQ,281.0398,-0.035270791346952324
2022-06-13,QQQ,267.9726,-0.046495905562130346
2022-06-14,QQQ,268.459,0.0018151109479103145
2022-06-15,QQQ,275.163,0.02497215589717605
2022-06-16,QQQ,264.0612,-0.04034626748509074
2022-06-17,QQQ,267.2719,0.012158923764642449
2022-06-21,QQQ,274.0151,0.025229737955991594
2022-06-22,QQQ,273.6154,-0.0014586787370476362
2022-06-23,QQQ,277.6904,0.014893167562936904
2022-06-24,QQQ,287.2051,0.034263697988839326
2022-06-27,QQQ,285.0994,-0.007331694318798654
2022-06-28,QQQ,276.4133,-0.030466917853913422
2022-06-29,QQQ,276.6667,0.0009167431523735559
2022-06-30,QQQ,273.2353,-0.012402649108114505
2022-07-01,QQQ,275.0388,0.006600538071032558
2022-07-05,QQQ,279.7474,0.017119766374780854
2022-07-06,QQQ,281.541,0.006411498373175117
2022-07-07,QQQ,287.5658,0.021399369896391685
2022-07-08,QQQ,287.9264,0.0012539738731101036
2022-07-11,QQQ,281.7751,-0.021364140280293875
2022-07-12,QQQ,279.0454,-0.00968751319758221
2022-07-13,QQQ,278.4703,-0.0020609549557167872
2022-07-14,QQQ,279.4647,0.003570937367467941
2022-07-15,QQQ,284.5339,0.01813896352562594
2022-07-18,QQQ,282.126,-0.008462612012136494
2022-07-19,QQQ,290.8024,0.03075363490071803
2022-07-20,QQQ,295.4134,0.015856127734847014
2022-07-21,QQQ,299.6541,0.014355137580082777
2022-07-22,QQQ,294.3995,-0.017535551824587214
2022-07-25,QQQ,292.7228,-0.0056953221727618075
2022-07-26,QQQ,286.9711,-0.019648964822692405
2022-07-27,QQQ,299.0984,0.04225965611171323
2022-07-28,QQQ,302.023,0.009778052975208062
2022-07-29,QQQ,307.531,0.018237021683779053
2022-08-01,QQQ,307.3458,-0.0006022157115868065
2022-08-02,QQQ,306.4294,-0.0029816577939246747
2022-08-03,QQQ,314.7743,0.027232700256567988
2022-08-04,QQQ,316.2463,0.004676366526746412
2022-08-05,QQQ,313.663,-0.00816863311918592
2022-08-08,QQQ,312.6491,-0.003232450113657137
2022-08-09,QQQ,309.1103,-0.011318759593422767
2022-08-10,QQQ,317.7379,0.027911072520068192
2022-08-11,QQQ,315.9343,-0.005676376661392979
2022-08-12,QQQ,322.0858,0.019470820357270435
2022-08-15,QQQ,324.6886,0.008081076533023257
2022-08-16,QQQ,323.9282,-0.0023419362429109025
2022-08-17,QQQ,320.2335,-0.011405922670517765
2022-08-18,QQQ,321.0037,0.0024051200139898476
2022-08-19,QQQ,314.745,-0.019497283053123593
2022-08-22,QQQ,306.4587,-0.026327026640613815
2022-08-23,QQQ,306.2052,-0.0008271913964263966
2022-08-24,QQQ,307.0924,0.0028974034405686577
2022-08-25,QQQ,312.5223,0.01768164891088153
2022-08-26,QQQ,299.7126,-0.04098811508810718
2022-08-29,QQQ,296.7587,-0.009855775165942382
2022-08-30,QQQ,293.4539,-0.011136320518994047
2022-08-31,QQQ,291.748,-0.005813178833199983
2022-09-01,QQQ,291.8747,0.000434278898227225
2022-09-02,QQQ,287.751,-0.01412832287279453
2022-09-06,QQQ,285.6843,-0.007182251321454891
2022-09-07,QQQ,291.4555,0.020201320128547362
2022-09-08,QQQ,292.9665,0.005184324879784485
2022-09-09,QQQ,299.3714,0.021862226568566623
2022-09-12,QQQ,302.9297,0.011885904932802616
2022-09-13,QQQ,286.318,-0.05483681527430306
2022-09-14,QQQ,288.5894,0.007933137280925484
2022-09-15,QQQ,283.7833,-0.016653764829893336
2022-09-16,QQQ,282.048,-0.006114877091076165
2022-09-19,QQQ,284.2444,0.007787326979804776
2022-09-20,QQQ,281.9787,-0.007970957387375077
2022-09-21,QQQ,276.9296,-0.017905962400706188
2022-09-22,QQQ,273.5212,-0.012307821193545121
2022-09-23,QQQ,269.0678,-0.016281736114056367
2022-09-26,QQQ,267.9545,-0.004137618845510227
2022-09-27,QQQ,268.0619,0.00040081431735616846
2022-09-28,QQQ,273.3942,0.01989204732190597
2022-09-29,QQQ,265.5129,-0.02882760497479464
2022-09-30,QQQ,261.0107,-0.016956614914002355
2022-10-03,QQQ,267.1341,0.023460340897901943
2022-10-04,QQQ,275.533,0.03144076327207945
2022-10-05,QQQ,275.3866,-0.0005313338148245084
2022-10-06,QQQ,273.2184,-0.007873295214799847
2022-10-07,QQQ,262.8077,-0.038103949075172006
2022-10-10,QQQ,260.1806,-0.009996282452911287
2022-10-11,QQQ,256.6062,-0.013738149577639636
2022-10-12,QQQ,256.5183,-0.0003425482314923789
2022-10-13,QQQ,262.5343,0.023452517812569074
2022-10-14,QQQ,254.6431,-0.030057786734914105
2022-10-17,QQQ,263.0519,0.03302190399032989
2022-10-18,QQQ,265.132,0.007907565009034334
2022-10-19,QQQ,264.1652,-0.003646485524191667
2022-10-20,QQQ,262.8174,-0.00510211034610164
2022-10-21,QQQ,268.9799,0.02344783868952338
2022-10-24,QQQ,271.9391,0.011001565544488612
2022-10-25,QQQ,277.5644,0.02068588150802886
2022-10-26,QQQ,271.4312,-0.022096493642556392
2022-10-27,QQQ,266.4895,-0.01820608684631675
2022-10-28,QQQ,274.6443,0.030600830426714687
2022-10-31,QQQ,271.4507,-0.011628131368464634
2022-11-01,QQQ,268.6771,-0.010217693304898412
2022-11-02,QQQ,259.4677,-0.03427683267386772
2022-11-03,QQQ,254.3991,-0.019534608739353643
2022-11-04,QQQ,258.491,0.01608456948157433
2022-11-07,QQQ,261.333,0.010994580082092087
2022-11-08,QQQ,263.2374,0.007287254192926085
2022-11-09,QQQ,257.1628,-0.023076508125365103
2022-11-10,QQQ,276.1385,0.0737886661678906
2022-11-11,QQQ,281.2267,0.018426260735102007
2022-11-14,QQQ,278.7656,-0.008751302774594238
2022-11-15,QQQ,282.6234,0.013838866775527592
2022-11-16,QQQ,278.7656,-0.013649966704809335
2022-11-17,QQQ,278.1503,-0.002207230734351695
2022-11-18,QQQ,278.1601,3.5232750063451945e-05
2022-11-21,QQQ,275.2986,-0.01028724105290435
2022-11-22,QQQ,279.2637,0.014402906516778335
2022-11-23,QQQ,282.0666,0.010036750211359413
2022-11-25,QQQ,280.211,-0.006578588177401978
2022-11-28,QQQ,276.0995,-0.014672871514680108
2022-11-29,QQQ,274.0095,-0.007569734823858698
2022-11-30,QQQ,286.5004,0.045585645753158266
2022-12-01,QQQ,286.8521,0.001227572457141335
2022-12-02,QQQ,285.7094,-0.003983585966426562
2022-12-05,QQQ,280.9142,-0.016783486997627772
2022-12-06,QQQ,275.0935,-0.02072056165192071
2022-12-07,QQQ,273.9704,-0.004082611911950029
2022-12-08,QQQ,277.2127,0.011834490149300825
2022-12-09,QQQ,275.4451,-0.006376331243121092
2022-12-12,QQQ,278.9023,0.012551321479307598
2022-12-13,QQQ,281.9006,0.01075035953450354
2022-12-14,QQQ,279.8106,-0.007413960807461817
2022-12-15,QQQ,270.4156,-0.03357628338597618
2022-12-16,QQQ,267.8373,-0.009534583063994684
2022-12-19,QQQ,264.0732,-0.014053681096695803
2022-12-20,QQQ,263.8676,-0.0007785720020054843
2022-12-21,QQQ,267.6954,0.01450651766264599
2022-12-22,QQQ,261.1461,-0.024465493243440162
2022-12-23,QQQ,261.7335,0.0022493156129843594
2022-12-27,QQQ,258.0331,-0.014138044996150678
2022-12-28,QQQ,254.6263,-0.01320295729501375
2022-12-29,QQQ,260.8329,0.024375329649765298
2022-12-30,QQQ,260.6762,-0.0006007677712436266
2023-01-03,QQQ,258.9141,-0.006759727201792742
2023-01-04,QQQ,260.1476,0.004764128334455275
2023-01-05,QQQ,256.0751,-0.015654574556905332
2023-01-06,QQQ,263.1432,0.027601668416804115
2023-01-09,QQQ,264.8466,0.006473281468037273
2023-01-10,QQQ,267.0884,0.008464522482070524
2023-01-11,QQQ,271.709,0.017299890223611447
2023-01-12,QQQ,273.1775,0.005404679270837542
2023-01-13,QQQ,275.0571,0.006880508094553761
2023-01-17,QQQ,275.6151,0.0020286696834947993
2023-01-18,QQQ,272.0321,-0.013000013424518397
2023-01-19,QQQ,269.3596,-0.009824208246012156
2023-01-20,QQQ,276.731,0.027366390505480398
2023-01-23,QQQ,282.8789,0.022216159374988775
2023-01-24,QQQ,282.3014,-0.002041509635395178
2023-01-25,QQQ,281.6748,-0.002219613505281881
2023-01-26,QQQ,287.1668,0.019497661842664105
2023-01-27,QQQ,290.0253,0.009954145117053947
2023-01-30,QQQ,284.1614,-0.02021858093069817
2023-01-31,QQQ,288.4199,0.01498620150379315
2023-02-01,QQQ,294.5872,0.021383059906754154
2023-02-02,QQQ,305.16,0.03589022197841607
2023-02-03,QQQ,299.7366,-0.01777231616201347
2023-02-06,QQQ,297.2011,-0.008459093750980085
2023-02-07,QQQ,303.3586,0.02071829478423881
2023-02-08,QQQ,297.9646,-0.017780936489026566
2023-02-09,QQQ,295.3312,-0.008837962630460106
2023-02-10,QQQ,293.3929,-0.006563139959476105
2023-02-13,QQQ,298.0919,0.0160160658284505
2023-02-14,QQQ,300.2946,0.007389331947630806
2023-02-15,QQQ,302.5952,0.00766114342382429
2023-02-16,QQQ,296.9171,-0.018764673068178084
2023-02-17,QQQ,294.8222,-0.007055504718320393
2023-02-21,QQQ,287.8422,-0.023675286325113953
2023-02-22,QQQ,288.0576,0.0007483266873307137
2023-02-23,QQQ,290.5735,0.008734017085471946
2023-02-24,QQQ,285.7081,-0.016744128421896765
2023-02-27,QQQ,287.7542,0.007161505046584304
2023-02-28,QQQ,287.3821,-0.001293117528779919
2023-03-01,QQQ,285.0718,-0.008039122826369427
2023-03-02,QQQ,287.4311,0.008276160602346483
2023-03-03,QQQ,293.3733,0.020673476182639705
2023-03-06,QQQ,293.7061,0.0011343908937861968
2023-03-07,QQQ,290.1037,-0.012265322374986343
2023-03-08,QQQ,291.5524,0.0049937315518553405
2023-03-09,QQQ,286.501,-0.017325873496496724
2023-03-10,QQQ,282.4775,-0.014043580999717142
2023-03-13,QQQ,284.5725,0.007416519899814844
2023-03-14,QQQ,291.1119,0.022979732757030247
2023-03-15,QQQ,292.6391,0.005246092653718337
2023-03-16,QQQ,300.3533,0.026360797309723738
2023-03-17,QQQ,298.9338,-0.004726100895178997
2023-03-20,QQQ,299.9947,0.0035489462884423784
2023-03-21,QQQ,304.2794,0.014282585659013192
2023-03-22,QQQ,300.1417,-0.0135983572992453
2023-03-23,QQQ,303.7009,0.011858398882927501
2023-03-24,QQQ,304.8186,0.0036802656824528324
2023-03-27,QQQ,302.7301,-0.006851616010309147
2023-03-28,QQQ,301.1223,-0.00531100144980623
2023-03-29,QQQ,306.6128,0.0182334553103507
2023-03-30,QQQ,309.515,0.009465358262929602
2023-03-31,QQQ,314.6625,0.01663085795518815
2023-04-03,QQQ,313.8978,-0.002430222857823905
2023-04-04,QQQ,312.8388,-0.0033737095322108335
2023-04-05,QQQ,309.7503,-0.00987249663404921
2023-04-06,QQQ,311.8387,0.006742204930875184
2023-04-10,QQQ,311.6623,-0.0005656770631740082
2023-04-11,QQQ,309.6621,-0.006417843929150235
2023-04-12,QQQ,306.9266,-0.008833822414819226
2023-04-13,QQQ,312.9369,0.019582206299486593
2023-04-14,QQQ,312.3486,-0.0018799317050817166
2023-04-17,QQQ,312.6134,0.0008477707279623825
2023-04-18,QQQ,312.633,6.26972484223387e-05
2023-04-19,QQQ,312.4858,-0.00047083961066174407
2023-04-20,QQQ,310.1034,-0.0076240264357611
2023-04-21,QQQ,310.427,0.0010435229023608716
2023-04-24,QQQ,309.7798,-0.0020848701949250925
2023-04-25,QQQ,303.9361,-0.01886404471821601
2023-04-26,QQQ,305.7794,0.006064761639041905
2023-04-27,QQQ,314.0938,0.027190844118341495
2023-04-28,QQQ,316.2607,0.006898894534053124
2023-05-01,QQQ,315.8979,-0.0011471548630607176
2023-05-02,QQQ,313.1428,-0.008721488810150224
2023-05-03,QQQ,311.0937,-0.0065436599532227024
2023-05-04,QQQ,309.9955,-0.0035301261324161004
2023-05-05,QQQ,316.5843,0.02125450208148183
2023-05-08,QQQ,317.3686,0.00247738122200003
2023-05-09,QQQ,315.3586,-0.006333329762301609
2023-05-10,QQQ,318.7903,0.010881897623847836
2023-05-11,QQQ,319.8296,0.0032601368360329896
2023-05-12,QQQ,318.6825,-0.003586597363095967
2023-05-15,QQQ,320.4081,0.005414793721023159
2023-05-16,QQQ,320.7709,0.0011323059560603976
2023-05-17,QQQ,324.6535,0.01210396578991424
2023-05-18,QQQ,330.6833,0.018573032479243246
2023-05-19,QQQ,329.9382,-0.0022532132708242836
2023-05-22,QQQ,331.0462,0.0033582046577207425
2023-05-23,QQQ,326.8498,-0.012676176316175791
2023-05-24,QQQ,325.1731,-0.0051298792289303785
2023-05-25,QQQ,333.0856,0.02433319361287878
2023-05-26,QQQ,341.5961,0.02555048912351654
2023-05-30,QQQ,343.1452,0.004534887839761748
2023-05-31,QQQ,341.1941,-0.005685931203467165
2023-06-01,QQQ,345.1356,0.011552075490168345
2023-06-02,QQQ,347.7239,0.007499371261614263
2023-06-05,QQQ,347.9691,0.0007051571663609923
2023-06-06,QQQ,347.9103,-0.0001689805215463469
2023-06-07,QQQ,342.0078,-0.016965579921031426
2023-06-08,QQQ,346.2533,0.01241345957606832
2023-06-09,QQQ,347.5769,0.00382263504781033
2023-06-12,QQQ,353.4499,0.016896980207833145
2023-06-13,QQQ,356.1659,0.007684257372827075
2023-06-14,QQQ,358.7543,0.007267399826878407
2023-06-15,QQQ,363.0291,0.011915675993291241
2023-06-16,QQQ,360.7446,-0.006292883958889384
2023-06-20,QQQ,360.2283,-0.0014312064546496694
2023-06-21,QQQ,355.3191,-0.013628024227968716
2023-06-22,QQQ,359.5115,0.011798971684888304
2023-06-23,QQQ,355.9474,-0.009913730158840561
2023-06-26,QQQ,351.1758,-0.013405351464851334
2023-06-27,QQQ,357.214,0.01719423718832558
2023-06-28,QQQ,357.9111,0.0019514912629403636
2023-06-29,QQQ,357.1945,-0.002002173165347454
2023-06-30,QQQ,362.7024,0.015419890283864923
2023-07-03,QQQ,363.5565,0.002354823127721284
2023-07-05,QQQ,363.5468,-2.668085978385637e-05
2023-07-06,QQQ,360.7781,-0.007615800771730186
2023-07-07,QQQ,359.5801,-0.0033206006683885736
2023-07-10,QQQ,359.6981,0.00032816054058604216
2023-07-11,QQQ,361.4751,0.00494025406306009
2023-07-12,QQQ,366.0406,0.01263019223177464
2023-07-13,QQQ,372.2555,0.016978717661374265
2023-07-14,QQQ,372.1769,-0.00021114530208421467
2023-07-17,QQQ,375.6525,0.009338569911243821
2023-07-18,QQQ,378.7256,0.00818069891721751
2023-07-19,QQQ,378.6373,-0.00023315033364523785
2023-07-20,QQQ,369.9089,-0.023052139871058586
2023-07-21,QQQ,368.7995,-0.0029991168095712117
2023-07-24,QQQ,369.3885,0.0015970737487442932
2023-07-25,QQQ,371.8922,0.006777958707431253
2023-07-26,QQQ,370.6551,-0.0033265016044972118
2023-07-27,QQQ,369.7715,-0.0023838873389304682
2023-07-28,QQQ,376.5068,0.01821476235999797
2023-07-31,QQQ,376.7031,0.0005213717255572181
2023-08-01,QQQ,375.8293,-0.0023195986441312266
2023-08-02,QQQ,367.582,-0.021944270976211766
2023-08-03,QQQ,366.993,-0.0016023635542545822
2023-08-04,QQQ,365.2747,-0.004682105653241342
2023-08-07,QQQ,368.3675,0.008467052330752844
2023-08-08,QQQ,365.2354,-0.008502650206654971
2023-08-09,QQQ,361.2199,-0.010994279305894361
2023-08-10,QQQ,361.8875,0.0018481816754836178
2023-08-11,QQQ,359.5801,-0.006376014645435357
2023-08-14,QQQ,363.6155,0.011222534283738206
2023-08-15,QQQ,359.757,-0.010611483833884994
2023-08-16,QQQ,355.9474,-0.010589370047003888
2023-08-17,QQQ,352.0595,-0.010922681272570012
2023-08-18,QQQ,351.6177,-0.0012549015152267806
2023-08-21,QQQ,357.2828,0.016111532496799752
2023-08-22,QQQ,356.7722,-0.0014291200136139492
2023-08-23,QQQ,362.398,0.015768605289313564
2023-08-24,QQQ,354.6515,-0.02137566984365258
2023-08-25,QQQ,357.4006,0.007751553285408441
2023-08-28,QQQ,360.0908,0.007527127822393176
2023-08-29,QQQ,367.9551,0.02183976930263154
2023-08-30,QQQ,370.007,0.0055764956104698005
2023-08-31,QQQ,371.1166,0.0029988621836885
2023-09-01,QQQ,370.7238,-0.001058427459186717
2023-09-05,QQQ,371.1951,0.0012712968522659018
2023-09-06,QQQ,367.9257,-0.008807767128391597
2023-09-07,QQQ,365.2945,-0.007151443892068343
2023-09-08,QQQ,365.8049,0.0013972288112740205
2023-09-11,QQQ,370.1151,0.011782783664188168
2023-09-12,QQQ,366.0111,-0.01108844248721541
2023-09-13,QQQ,367.4053,0.0038091740933541285
2023-09-14,QQQ,370.4096,0.008177073112445532
2023-09-15,QQQ,364.0671,-0.017122936338583084
2023-09-18,QQQ,364.4466,0.0010423902626741643
2023-09-19,QQQ,363.6699,-0.0021311764192614158
2023-09-20,QQQ,358.4292,-0.01441059598278549
2023-09-21,QQQ,351.8612,-0.018324399909382283
2023-09-22,QQQ,351.9103,0.00013954366096635695
2023-09-25,QQQ,353.582,0.004750358258908571
2023-09-26,QQQ,348.2724,-0.015016601523833217
2023-09-27,QQQ,349.0885,0.0023432807193450866
2023-09-28,QQQ,352.0087,0.008365213978690056
2023-09-29,QQQ,352.2644,0.0007264025008473229
2023-10-02,QQQ,355.2043,0.008345719862693946
2023-10-03,QQQ,348.9705,-0.017549900156050957
2023-10-04,QQQ,353.7195,0.0136086001538811
2023-10-05,QQQ,352.6773,-0.002946402446005858
2023-10-06,QQQ,358.5866,0.01675554394910006
2023-10-09,QQQ,360.4153,0.005099744385317351
2023-10-10,QQQ,362.4114,0.005538333139575302
2023-10-11,QQQ,364.9972,0.007134985268123506
2023-10-12,QQQ,363.7289,-0.0034748211767103854
2023-10-13,QQQ,359.1568,-0.012570076229851512
2023-10-16,QQQ,363.2176,0.011306482294084486
2023-10-17,QQQ,362.0279,-0.0032754470047707818
2023-10-18,QQQ,357.2788,-0.013118049741470239
2023-10-19,QQQ,353.9358,-0.00935683841302648
2023-10-20,QQQ,348.6559,-0.01491767716066017
2023-10-23,QQQ,349.708,0.0030175884016305776
2023-10-24,QQQ,353.1099,0.009727830075377142
2023-10-25,QQQ,344.4672,-0.024475949272450226
2023-10-26,QQQ,337.8992,-0.019067127436226072
2023-10-27,QQQ,339.5216,0.004801431906319875
2023-10-30,QQQ,343.3463,0.011264968119848673
2023-10-31,QQQ,344.9884,0.0047826349082544795
2023-11-01,QQQ,350.9763,0.017356815475534804
2023-11-02,QQQ,357.3477,0.018153362491997393
2023-11-03,QQQ,361.546,0.011748501529462718
2023-11-06,QQQ,363.021,0.0040797021679122025
2023-11-07,QQQ,366.4525,0.009452621198222655
2023-11-08,QQQ,366.6884,0.0006437396388345729
2023-11-09,QQQ,363.8665,-0.007695634767830195
2023-11-10,QQQ,372.0471,0.022482421437532762
2023-11-13,QQQ,370.8869,-0.003118422371791052
2023-11-14,QQQ,378.8707,0.021526238861496516
2023-11-15,QQQ,379.1558,0.000752499467496337
2023-11-16,QQQ,379.4803,0.000855848703883666
2023-11-17,QQQ,379.5688,0.0002332136872453816
2023-11-20,QQQ,384.1901,0.012175131359584812
2023-11-21,QQQ,381.9581,-0.005809623933568209
2023-11-22,QQQ,383.5215,0.004093119114374044
2023-11-24,QQQ,382.9807,-0.0014100904382152724
2023-11-27,QQQ,382.6464,-0.000872889939362409
2023-11-28,QQQ,383.6493,0.0026209576256301936
2023-11-29,QQQ,383.2756,-0.0009740666801685283
2023-11-30,QQQ,382.312,-0.002514117778434022
2023-12-01,QQQ,383.4035,0.002854998012094878
2023-12-04,QQQ,379.8441,-0.009283691985075726
2023-12-05,QQQ,380.7979,0.002511030183172558
2023-12-06,QQQ,378.5954,-0.005783907946971478
2023-12-07,QQQ,383.8852,0.013972171875305417
2023-12-08,QQQ,385.5961,0.004456801147843192
2023-12-11,QQQ,388.8899,0.00854209884384205
2023-12-12,QQQ,391.9872,0.00796446500667658
2023-12-13,QQQ,396.9721,0.012716996881530829
2023-12-14,QQQ,396.6281,-0.0008665596398336195
2023-12-15,QQQ,398.5452,0.004833495155789569
2023-12-18,QQQ,401.0556,0.006298909132514963
2023-12-19,QQQ,403.1049,0.005109765329295968
2023-12-20,QQQ,397.1148,-0.014859903712408307
2023-12-21,QQQ,401.7354,0.01163542633011927
2023-12-22,QQQ,402.3363,0.0014957606424526038
2023-12-26,QQQ,404.7994,0.0061219929695630615
2023-12-27,QQQ,405.6234,0.002035576139687967
2023-12-28,QQQ,405.4263,-0.00048591871179026747
2023-12-29,QQQ,403.6717,-0.004327790279022414
2024-01-02,QQQ,396.8406,-0.01692241492281965
2024-01-03,QQQ,392.6415,-0.01058132660821498
2024-01-04,QQQ,390.6208,-0.005146424919424075
2024-01-05,QQQ,391.084,0.001185804749772812
2024-01-08,QQQ,399.167,0.020668194045268873
2024-01-09,QQQ,399.9555,0.001975363694894705
2024-01-10,QQQ,402.6663,0.006777754025135252
2024-01-11,QQQ,403.5042,0.0020808793782842727
2024-01-12,QQQ,403.7111,0.0005127579836838869
2024-01-16,QQQ,403.6717,-9.759454223579045e-05
2024-01-17,QQQ,401.3947,-0.005640722398919662
2024-01-18,QQQ,407.0921,0.01419400903898338
2024-01-19,QQQ,415.1652,0.019831138948655624
2024-01-22,QQQ,415.7074,0.0013059861472011214
2024-01-23,QQQ,417.4323,0.0041493127137020025
2024-01-24,QQQ,419.7488,0.005549402861254382
2024-01-25,QQQ,420.2614,0.0012212065883212553
2024-01-26,QQQ,417.7577,-0.0059574826524634306
2024-01-29,QQQ,422.0357,0.010240385754709092
2024-01-30,QQQ,419.2263,-0.006656782826666152
2024-01-31,QQQ,411.0154,-0.01958584182337797
2024-02-01,QQQ,415.8552,0.01177522788683838
2024-02-02,QQQ,422.8834,0.016900594245304434
2024-02-05,QQQ,422.3314,-0.0013053243518189594
2024-02-06,QQQ,421.4837,-0.002007191508848205
2024-02-07,QQQ,425.8208,0.010290077647130857
2024-02-08,QQQ,426.6094,0.0018519527463194407
2024-02-09,QQQ,430.8085,0.009842961735020417
2024-02-12,QQQ,429.123,-0.003912411198943366
2024-02-13,QQQ,422.43,-0.015596926755265916
2024-02-14,QQQ,427.0333,0.010897190066993412
2024-02-15,QQQ,428.3049,0.0029777537255291087
2024-02-16,QQQ,424.4211,-0.00906783928925392
2024-02-20,QQQ,421.2175,-0.007548163840110811
2024-02-21,QQQ,419.5319,-0.004001733071394176
2024-02-22,QQQ,431.814,0.029275723729232483
2024-02-23,QQQ,430.5424,-0.0029447864126684875
2024-02-26,QQQ,430.3156,-0.0005267773859205516
2024-02-27,QQQ,431.3507,0.0024054438184439864
2024-02-28,QQQ,429.054,-0.005324437864596132
2024-02-29,QQQ,432.7307,0.008569317615032324
2024-03-01,QQQ,439.2463,0.015056939570037509
2024-03-04,QQQ,437.679,-0.003568157546233297
2024-03-05,QQQ,429.8229,-0.01794945610824361
2024-03-06,QQQ,432.5237,0.006283518165272284
2024-03-07,QQQ,439.0886,0.015178127811262154
2024-03-08,QQQ,432.7504,-0.014434899926802913
2024-03-11,QQQ,431.1437,-0.0037127637548111103
2024-03-12,QQQ,437.3242,0.014335127708000828
2024-03-13,QQQ,433.9629,-0.007686059907043852
2024-03-14,QQQ,432.8687,-0.0025214136968851886
2024-03-15,QQQ,427.7233,-0.011886745334093174
2024-03-18,QQQ,431.8026,0.009537240547802694
2024-03-19,QQQ,432.8785,0.002491647803880781
2024-03-20,QQQ,438.011,0.011856675718475485
2024-03-21,QQQ,440.0837,0.004732072938807397
2024-03-22,QQQ,440.5871,0.0011438733131901024
2024-03-25,QQQ,438.9881,-0.003629248337048585
2024-03-26,QQQ,437.5668,-0.0032376731852183926
2024-03-27,QQQ,439.0573,0.003406337043852403
2024-03-28,QQQ,438.2479,-0.0018434951428890622
2024-04-01,QQQ,439.1757,0.0021170666191441256
2024-04-02,QQQ,435.3855,-0.008630258914598454
2024-04-03,QQQ,436.3627,0.0022444477365461957
2024-04-04,QQQ,429.6904,-0.01529072031133738
2024-04-05,QQQ,434.7538,0.011783833197111182
2024-04-08,QQQ,434.8822,0.000295339569199804
2024-04-09,QQQ,436.491,0.0036993926171271507
2024-04-10,QQQ,432.6811,-0.008728473210215082
2024-04-11,QQQ,439.5902,0.015968111387347328
2024-04-12,QQQ,432.5824,-0.015941665669525817
2024-04-15,QQQ,425.466,-0.01645096980367211
2024-04-16,QQQ,425.5054,9.260434441293874e-05
2024-04-17,QQQ,420.3137,-0.012201255260215316
2024-04-18,QQQ,417.9153,-0.005706214191923742
2024-04-19,QQQ,409.2689,-0.0206893597817549
2024-04-22,QQQ,413.3848,0.010056713324662514
2024-04-23,QQQ,419.5537,0.014922899922783728
2024-04-24,QQQ,420.975,0.003387647397699034
2024-04-25,QQQ,418.9417,-0.004829978027198756
2024-04-26,QQQ,425.4067,0.015431741457104797
2024-04-29,QQQ,427.134,0.004060349778224115
2024-04-30,QQQ,419.0799,-0.018856143505316836
2024-05-01,QQQ,416.0497,-0.007230602088050597
2024-05-02,QQQ,421.3599,0.01276337899053881
2024-05-03,QQQ,429.8286,0.02009849537177133
2024-05-06,QQQ,434.5367,0.010953435857921079
2024-05-07,QQQ,434.6057,0.0001587898099286722
2024-05-08,QQQ,434.3492,-0.0005901901424670841
2024-05-09,QQQ,435.2966,0.002181194301727807
2024-05-10,QQQ,436.3232,0.0023583919561971367
2024-05-13,QQQ,437.33,0.0023074638249811485
2024-05-14,QQQ,440.143,0.006432213660165109
2024-05-15,QQQ,447.0226,0.015630374673685665
2024-05-16,QQQ,446.1145,-0.0020314409159626345
2024-05-17,QQQ,445.8973,-0.000486870523150551
2024-05-20,QQQ,449.0065,0.006972906092950204
2024-05-21,QQQ,449.8849,0.0019563191178746386
2024-05-22,QQQ,449.7961,-0.00019738381972811414
2024-05-23,QQQ,447.7726,-0.004498705079924004
2024-05-24,QQQ,452.007,0.009456585775905024
2024-05-28,QQQ,453.7146,0.0037778176001699304
2024-05-29,QQQ,450.5166,-0.00704848378253653
2024-05-30,QQQ,445.69,-0.010713478704225343
2024-05-31,QQQ,444.8609,-0.001860261616818848
2024-06-03,QQQ,447.2495,0.0053693188140382375
2024-06-04,QQQ,448.4734,0.0027365038977125167
2024-06-05,QQQ,457.5146,0.020159947055945704
2024-06-06,QQQ,457.3566,-0.0003453441704373006
2024-06-07,QQQ,456.952,-0.0008846488713620815
2024-06-10,QQQ,458.7977,0.0040391550972531665
2024-06-11,QQQ,461.9463,0.006862719669257222
2024-06-12,QQQ,467.9967,0.013097626282535302
2024-06-13,QQQ,470.5334,0.005420337365626748
2024-06-14,QQQ,472.9713,0.005181141232482034
2024-06-17,QQQ,478.7652,0.012250003330011694
2024-06-18,QQQ,478.9132,0.00030912856657083765
2024-06-20,QQQ,475.2218,-0.007707868565744347
2024-06-21,QQQ,473.9485,-0.002679380449297497
2024-06-24,QQQ,468.5528,-0.011384570264490801
2024-06-25,QQQ,473.9109,0.011435424140032957
2024-06-26,QQQ,474.8896,0.0020651561295592646
2024-06-27,QQQ,476.1155,0.002581442086750263
2024-06-28,QQQ,473.644,-0.005190967317804218
2024-07-01,QQQ,476.422,0.005865164553968905
2024-07-02,QQQ,481.4242,0.010499515135740989
2024-07-03,QQQ,485.4379,0.008337138016742962
2024-07-05,QQQ,490.4995,0.010426874374662498
2024-07-08,QQQ,491.666,0.002378187949223065
2024-07-09,QQQ,492.0911,0.000864611341845789
2024-07-10,QQQ,497.2219,0.010426524682116911
2024-07-11,QQQ,486.3177,-0.02193024884865291
2024-07-12,QQQ,489.1748,0.005874966097265233
2024-07-15,QQQ,490.4896,0.0026877917668695073
2024-07-16,QQQ,490.6774,0.0003828827359437792
2024-07-17,QQQ,476.2737,-0.02935472471322287
2024-07-18,QQQ,474.0197,-0.004732572888236364
2024-07-19,QQQ,469.8182,-0.00886355567078756
2024-07-22,QQQ,476.8174,0.014897677442040402
2024-07-23,QQQ,475.1368,-0.003524619697183873
2024-07-24,QQQ,458.0935,-0.03587030093227883
2024-07-25,QQQ,453.0418,-0.0110276613835385
2024-07-26,QQQ,457.6881,0.010255786552145985
2024-07-29,QQQ,458.6075,0.0020087915766218156
2024-07-30,QQQ,452.3102,-0.013731349792578618
2024-07-31,QQQ,465.6957,0.029593628443488562
2024-08-01,QQQ,454.4159,-0.024221396074732837
2024-08-02,QQQ,443.6304,-0.02373486491119703
2024-08-05,QQQ,430.403,-0.02981626146449834
2024-08-06,QQQ,434.5156,0.009555230795324388
2024-08-07,QQQ,429.8099,-0.010829760772685715
2024-08-08,QQQ,442.9581,0.03059073325207251
2024-08-09,QQQ,445.2715,0.005222615863667457
2024-08-12,QQQ,446.2304,0.0021535175729863187
2024-08-13,QQQ,457.3026,0.02481274247563592
2024-08-14,QQQ,457.4509,0.000324292929889225
2024-08-15,QQQ,469.0075,0.02526303915895678
2024-08-16,QQQ,469.6106,0.001285906941786541
2024-08-19,QQQ,475.7793,0.013135776747799088
2024-08-20,QQQ,474.7809,-0.0020984519503055576
2024-08-21,QQQ,476.9954,0.004664256712938686
2024-08-22,QQQ,469.4326,-0.01585507952487597
2024-08-23,QQQ,474.5239,0.010845646425067246
2024-08-26,QQQ,469.917,-0.009708467792665543
2024-08-27,QQQ,471.3209,0.0029875488650124016
2024-08-28,QQQ,465.9725,-0.011347682651034474
2024-08-29,QQQ,465.2904,-0.0014638202898240582
2024-08-30,QQQ,470.8363,0.011919222919707817
2024-09-03,QQQ,456.5414,-0.0303606582585072
2024-09-04,QQQ,455.355,-0.00259866903636774
2024-09-05,QQQ,455.7802,0.0009337769432640197
2024-09-06,QQQ,443.5711,-0.02678725403165816
2024-09-09,QQQ,449.2752,0.012859494227644541
2024-09-10,QQQ,453.4273,0.009241774306705697
2024-09-11,QQQ,463.2737,0.02171549882417767
2024-09-12,QQQ,467.8212,0.00981601157156109
2024-09-13,QQQ,469.917,0.004479916686118468
2024-09-16,QQQ,467.841,-0.004417801441531144
2024-09-17,QQQ,468.0881,0.0005281708956674791
2024-09-18,QQQ,466.0616,-0.004329313221165032
2024-09-19,QQQ,477.8455,0.025283996793556973
2024-09-20,QQQ,476.936,-0.0019033348645117742
2024-09-23,QQQ,478.2002,0.002650670110874387
2024-09-24,QQQ,480.5069,0.004823711909781592
2024-09-25,QQQ,480.9524,0.0009271458953035161
2024-09-26,QQQ,484.5658,0.007513009603445253
2024-09-27,QQQ,481.873,-0.005557140021025031
2024-09-30,QQQ,483.1798,0.0027119178704761993
2024-10-01,QQQ,476.4479,-0.013932494694521624
2024-10-02,QQQ,477.1211,0.0014129561700240156
2024-10-03,QQQ,476.7648,-0.0007467705787902457
2024-10-04,QQQ,482.4373,0.01189790018055037
2024-10-07,QQQ,477.2697,-0.010711443746161398
2024-10-08,QQQ,484.3975,0.014934532822846291
2024-10-09,QQQ,488.2089,0.007868331277514962
2024-10-10,QQQ,487.6545,-0.0011355794619886117
2024-10-11,QQQ,488.4168,0.001563196894522667
2024-10-14,QQQ,492.5154,0.00839160323723509
2024-10-15,QQQ,485.932,-0.013366891674859271
2024-10-16,QQQ,485.9913,0.00012203353555650942
2024-10-17,QQQ,486.3279,0.0006926049910769283
2024-10-18,QQQ,489.5157,0.006554836767538985
2024-10-21,QQQ,490.4562,0.001921286692132762
2024-10-22,QQQ,490.9908,0.001090005590713261
2024-10-23,QQQ,483.4669,-0.015323912382879668
2024-10-24,QQQ,487.3872,0.00810872471310864
2024-10-25,QQQ,490.3572,0.006093717684830358
2024-10-28,QQQ,490.4364,0.0001615149119866821
2024-10-29,QQQ,495.1487,0.009608381433352076
2024-10-30,QQQ,491.4066,-0.007557527667951036
2024-10-31,QQQ,479.0021,-0.025242843706209994
2024-11-01,QQQ,482.5462,0.007398923720793649
2024-11-04,QQQ,481.1405,-0.0029130889436079777
2024-11-05,QQQ,487.2784,0.012756980549340602
2024-11-06,QQQ,500.5144,0.027163116608493354
2024-11-07,QQQ,508.3946,0.015744202364607274
2024-11-08,QQQ,508.9886,0.0011683837711886635
2024-11-11,QQQ,508.6917,-0.0005833136537831685
2024-11-12,QQQ,507.771,-0.0018099371387424457
2024-11-13,QQQ,507.1176,-0.0012868005459154563
2024-11-14,QQQ,503.5933,-0.0069496700568073555
2024-11-15,QQQ,491.5947,-0.023825972267701
2024-11-18,QQQ,495.0101,0.006947593210423264
2024-11-19,QQQ,498.4156,0.006879657606986056
2024-11-20,QQQ,498.1285,-0.0005760253089991396
2024-11-21,QQQ,499.9204,0.0035972645612527554
2024-11-22,QQQ,500.7223,0.0016040553656142542
2024-11-25,QQQ,501.5143,0.0015817150544323866
2024-11-26,QQQ,504.207,0.005369139025547254
2024-11-27,QQQ,500.2372,-0.007873353602786182
2024-11-29,QQQ,504.6327,0.008786831527123562
2024-12-02,QQQ,510.1271,0.010887919074606067
2024-12-03,QQQ,511.6912,0.003066098625224889
2024-12-04,QQQ,518.0172,0.012362925139224545
2024-12-05,QQQ,516.5817,-0.002771143506431928
2024-12-06,QQQ,521.205,0.008949794388767751
2024-12-09,QQQ,517.1461,-0.007787530818008204
2024-12-10,QQQ,515.3839,-0.003407547693002
2024-12-11,QQQ,524.6105,0.017902383058531646
2024-12-12,QQQ,521.2248,-0.006453740441718314
2024-12-13,QQQ,525.2144,0.007654278921494173
2024-12-16,QQQ,532.7778,0.01440059526166837
2024-12-17,QQQ,530.4316,-0.0044037120165291155
2024-12-18,QQQ,511.2952,-0.03607703613434787
2024-12-19,QQQ,509.0183,-0.004453200421204784
2024-12-20,QQQ,513.4633,0.008732495472166812
2024-12-23,QQQ,518.4658,0.009742663204945545
2024-12-24,QQQ,525.4961,0.01355981435998288
2024-12-26,QQQ,525.1392,-0.0006791677426341014
2024-12-27,QQQ,518.1584,-0.01329323729784393
2024-12-30,QQQ,511.2669,-0.013299987030992888
2024-12-31,QQQ,506.9239,-0.00849458472668585
2025-01-02,QQQ,505.9323,-0.0019561121501668888
2025-01-03,QQQ,514.212,0.01636523305588522
2025-01-06,QQQ,520.1217,0.011492730624723002
2025-01-07,QQQ,510.8406,-0.017844093026689767
2025-01-08,QQQ,510.9298,0.00017461415557029625
2025-01-10,QQQ,502.9179,-0.01568101919285203
2025-01-13,QQQ,501.3016,-0.0032138446454181846
2025-01-14,QQQ,500.8257,-0.0009493287075086343
2025-01-15,QQQ,512.3478,0.023006207548853963
2025-01-16,QQQ,508.7583,-0.0070059830451111305
2025-01-17,QQQ,517.3454,0.016878545273856016
2025-01-21,QQQ,520.3796,0.005864940521361328
2025-01-22,QQQ,527.033,0.012785666463481782
2025-01-23,QQQ,528.1535,0.002126052827811531
2025-01-24,QQQ,525.1689,-0.005651008655627621
2025-01-27,QQQ,509.8788,-0.02911463340650977
2025-01-28,QQQ,517.4147,0.014779786882686663
2025-01-29,QQQ,516.4431,-0.0018777974417814036
2025-01-30,QQQ,518.6443,0.004262231405550931
2025-01-31,QQQ,517.8907,-0.0014530189573085384
2025-02-03,QQQ,513.746,-0.008003040023696228
2025-02-04,QQQ,520.0524,0.012275326717872348
2025-02-05,QQQ,522.4123,0.004537811958948534
2025-02-06,QQQ,525.1392,0.005219823499561516
2025-02-07,QQQ,518.5154,-0.012613417547195027
2025-02-10,QQQ,524.7921,0.012105137089467366
2025-02-11,QQQ,523.5428,-0.0023805617500719523
2025-02-12,QQQ,523.85,0.000586771511326134
2025-02-13,QQQ,531.3861,0.014385988355445356
2025-02-14,QQQ,533.6172,0.004198642004373143
2025-02-18,QQQ,534.8268,0.002266793499160036
2025-02-19,QQQ,534.9756,0.00027822091189144693
2025-02-20,QQQ,532.7048,-0.00424467957043273
2025-02-21,QQQ,521.6488,-0.020754459130084668
2025-02-24,QQQ,515.4911,-0.011804302051495408
2025-02-25,QQQ,508.9963,-0.012599247591277396
2025-02-26,QQQ,510.2259,0.002415734652688073
2025-02-27,QQQ,496.0562,-0.027771424382807774
2025-02-28,QQQ,503.8897,0.015791557488848973
2025-03-03,QQQ,492.8633,-0.021882566760146216
2025-03-04,QQQ,491.376,-0.00301767244588913
2025-03-05,QQQ,497.7815,0.013035842206375658
2025-03-06,QQQ,484.0879,-0.02750925858032094
2025-03-07,QQQ,487.6476,0.007353416600580198
2025-03-10,QQQ,468.7482,-0.03875626579521774
2025-03-11,QQQ,467.6277,-0.0023904091791712156
2025-03-12,QQQ,472.9029,0.011280768868054514
2025-03-13,QQQ,464.3951,-0.017990585382326896
2025-03-14,QQQ,475.6198,0.02417058233387892
2025-03-17,QQQ,478.7036,0.006483750255981802
2025-03-18,QQQ,470.5429,-0.01704750079172168
2025-03-19,QQQ,476.8394,0.013381351625962434
2025-03-20,QQQ,475.2232,-0.0033894011275075187
2025-03-21,QQQ,476.7899,0.003296766656173178
2025-03-24,QQQ,487.2527,0.021944256788996697
2025-03-25,QQQ,490.0332,0.005706484540773271
2025-03-26,QQQ,481.0163,-0.018400590000840822
2025-03-27,QQQ,478.2755,-0.00569793580799649
2025-03-28,QQQ,465.6835,-0.02632792187766264
2025-03-31,QQQ,465.6637,-4.251814805544818e-05
2025-04-01,QQQ,469.4174,0.008060967603873648
2025-04-02,QQQ,472.8434,0.007298408623114483
2025-04-03,QQQ,447.5305,-0.053533368552886595
2025-04-04,QQQ,419.7348,-0.06210906295772023
2025-04-07,QQQ,420.7477,0.00241319042404875
2025-04-08,QQQ,413.1707,-0.018008416920639148
2025-04-09,QQQ,462.7639,0.12003077662573847
2025-04-10,QQQ,443.0816,-0.04253205576320884
2025-04-11,QQQ,451.2444,0.0184227916483104
2025-04-14,QQQ,454.3031,0.006778366667818947
2025-04-15,QQQ,454.8095,0.0011146743220551425
2025-04-16,QQQ,441.0954,-0.03015350382962545
2025-04-17,QQQ,441.016,-0.00018000641131143968
2025-04-21,QQQ,430.1023,-0.02474672120739385
2025-04-22,QQQ,441.3934,0.026252126528967468
2025-04-23,QQQ,451.4034,0.02267818231989871
2025-04-24,QQQ,464.1046,0.02813713853285127
2025-04-25,QQQ,469.2784,0.01114791794780734
2025-04-28,QQQ,469.1294,-0.00031750875386549193
2025-04-29,QQQ,472.2278,0.006604574345585812
2025-04-30,QQQ,472.1682,-0.00012621027393977524
2025-05-01,QQQ,478.3351,0.013060811803929262
2025-05-02,QQQ,485.4354,0.0148437779289039
2025-05-05,QQQ,482.5555,-0.00593261224871533
2025-05-06,QQQ,478.0669,-0.009301727987765185
2025-05-07,QQQ,479.9438,0.003926019559187255
2025-05-08,QQQ,484.8992,0.010324958880602253
2025-05-09,QQQ,484.5813,-0.0006556001742218376
2025-05-12,QQQ,504.3234,0.0407405320840899
2025-05-13,QQQ,512.0096,0.01524061742921301
2025-05-14,QQQ,515.0782,0.005993247001618851
2025-05-15,QQQ,515.6441,0.0010986681245681584
2025-05-16,QQQ,517.8885,0.004352614526182075
2025-05-19,QQQ,518.3851,0.0009588936614732813
2025-05-20,QQQ,516.657,-0.003333622050479268
2025-05-21,QQQ,509.4772,-0.013896647098558756
2025-05-22,QQQ,510.4307,0.0018715263411199778
2025-05-23,QQQ,505.7036,-0.009261002521987804
2025-05-27,QQQ,517.6005,0.02352544059405548
2025-05-28,QQQ,515.3064,-0.004432182735526591
2025-05-29,QQQ,516.3194,0.0019658207233597125
2025-05-30,QQQ,515.5051,-0.0015771245473247264
2025-06-02,QQQ,519.5766,0.007898078990877133
2025-06-03,QQQ,523.6382,0.007817134181947294
2025-06-04,QQQ,525.098,0.002787802723330568
2025-06-05,QQQ,521.1456,-0.007526975916876455
2025-06-06,QQQ,526.2401,0.009775579032040183
2025-06-09,QQQ,527.0146,0.0014717616540433909
2025-06-10,QQQ,530.5003,0.006614048263558603
2025-06-11,QQQ,528.7127,-0.0033696493668334826
2025-06-12,QQQ,529.954,0.002347777914167626
2025-06-13,QQQ,523.3007,-0.012554485861036913
2025-06-16,QQQ,530.5797,0.013909784565547145
2025-06-17,QQQ,525.4059,-0.00975122116432281
2025-06-18,QQQ,525.3164,-0.00017034448985042694
2025-06-20,QQQ,523.1714,-0.004083253444971624
2025-06-23,QQQ,528.551,0.01028267217971024
2025-06-24,QQQ,536.6336,0.015291996420402132
2025-06-25,QQQ,538.0055,0.0025564929217998245
2025-06-26,QQQ,543.036,0.009350276158886839
2025-06-27,QQQ,544.8951,0.0034235299317173506
2025-06-30,QQQ,548.4244,0.00647702649555848
2025-07-01,QQQ,543.8015,-0.008429420718698788
2025-07-02,QQQ,547.5893,0.006965409253192556
2025-07-03,QQQ,552.9778,0.009840404113082624
2025-07-07,QQQ,548.8122,-0.007533032971667297
2025-07-08,QQQ,549.1204,0.0005615764372586263
2025-07-09,QQQ,553.0076,0.007078957547379527
2025-07-10,QQQ,552.2122,-0.0014383165800976316
2025-07-11,QQQ,550.9695,-0.002250403015362612
2025-07-14,QQQ,552.9678,0.003626879527814042
2025-07-15,QQQ,553.4748,0.0009168707472657633
2025-07-16,QQQ,554.0415,0.0010238948548335625
2025-07-17,QQQ,558.5252,0.008092715076397639
2025-07-18,QQQ,557.9884,-0.0009611025608157187
2025-07-21,QQQ,560.8814,0.005184695595822575
2025-07-22,QQQ,557.9785,-0.0051756039690386
2025-07-23,QQQ,560.5235,0.0045611076412441776
2025-07-24,QQQ,561.7166,0.0021285459039628307
2025-07-25,QQQ,563.0685,0.002406729656912354
2025-07-28,QQQ,564.8283,0.003125374621382626
2025-07-29,QQQ,563.9534,-0.0015489662964833784
2025-07-30,QQQ,564.709,0.0013398270140758672
2025-07-31,QQQ,561.7166,-0.005299012411702275
2025-08-01,QQQ,550.6514,-0.019698901545726066
2025-08-04,QQQ,560.8118,0.018451601140031526
2025-08-05,QQQ,557.0042,-0.006789443446090115
2025-08-06,QQQ,564.0131,0.012583208528768708
2025-08-07,QQQ,565.9219,0.0033843185557216326
2025-08-08,QQQ,571.2009,0.009328142275462303
2025-08-11,QQQ,569.5108,-0.002958853881357748
2025-08-12,QQQ,576.6688,0.012568681752830768
2025-08-13,QQQ,576.9572,0.0005001137568043657
2025-08-14,QQQ,576.5098,-0.000775447468200241
2025-08-15,QQQ,573.9747,-0.0043973233412512025
2025-08-18,QQQ,573.746,-0.0003984496180755581
2025-08-19,QQQ,565.9616,-0.013567676288810726
2025-08-20,QQQ,562.6014,-0.00593715191984745
2025-08-21,QQQ,559.9966,-0.004629920935141807
2025-08-22,QQQ,568.636,0.01542759366753299
2025-08-25,QQQ,566.9955,-0.0028849738672893643
2025-08-26,QQQ,569.2722,0.004015375783405606
2025-08-27,QQQ,570.1471,0.001536874626935969
2025-08-28,QQQ,573.7162,0.006259963437505789
2025-08-29,QQQ,567.0751,-0.011575583886248908
2025-09-02,QQQ,562.323,-0.00838001880174255
2025-09-03,QQQ,566.7471,0.007867542319983434
2025-09-04,QQQ,571.877,0.009051479928172457
2025-09-05,QQQ,572.7021,0.0014427927683751118
2025-09-08,QQQ,575.4958,0.00487810329314331
2025-09-09,QQQ,577.1262,0.0028330354452630324
2025-09-10,QQQ,577.3151,0.000327311426859378
2025-09-11,QQQ,580.6754,0.005820564887355273
2025-09-12,QQQ,583.2403,0.004417097745143206
2025-09-15,QQQ,588.2311,0.008557021865601477
2025-09-16,QQQ,587.7339,-0.000845246026604185
2025-09-17,QQQ,586.5609,-0.001995801161035593
2025-09-18,QQQ,591.8499,0.00901696652470374
2025-09-19,QQQ,595.8563,0.006769283901205236
2025-09-22,QQQ,599.3837,0.005919883703503492
2025-09-23,QQQ,595.4025,-0.006642155934504013
2025-09-24,QQQ,593.3123,-0.0035105663815653276
2025-09-25,QQQ,590.7544,-0.004311220246066005
2025-09-26,QQQ,593.1829,0.004110845386847695
2025-09-29,QQQ,595.93,0.0046311179907578826
2025-09-30,QQQ,597.5623,0.002739080093299817
2025-10-01,QQQ,600.4289,0.004797156714873019
2025-10-02,QQQ,602.8972,0.004110894728751369
2025-10-03,QQQ,600.3592,-0.004209672892824812
2025-10-06,QQQ,604.868,0.007510170577880837
2025-10-07,QQQ,601.683,-0.0052656116706455425
2025-10-08,QQQ,608.5805,0.011463677717336251
2025-10-09,QQQ,607.8441,-0.0012100289115408724
2025-10-10,QQQ,586.7432,-0.03471432888795012
2025-10-13,QQQ,599.1946,0.02122120886957024
2025-10-14,QQQ,595.2034,-0.006660941203408766
2025-10-15,QQQ,599.4036,0.007056747323687995
2025-10-16,QQQ,597.1841,-0.003702847296879863
2025-10-17,QQQ,601.1057,0.006566819176866856
2025-10-20,QQQ,608.6801,0.01260077886468225
2025-10-21,QQQ,608.5209,-0.00026154953973367423
2025-10-22,QQQ,602.6584,-0.009634015857138079
2025-10-23,QQQ,607.7246,0.008406420619043953
2025-10-24,QQQ,614.2141,0.010678356610872797
2025-10-27,QQQ,625.1527,0.017809099465479372
2025-10-28,QQQ,629.9601,0.0076899611886824815
2025-10-29,QQQ,632.7968,0.0045029836016596825
2025-10-30,QQQ,623.1222,-0.015288636099297537
2025-10-31,QQQ,626.1281,0.004823933411456149
2025-11-03,QQQ,629.1241,0.004784963332583159
2025-11-04,QQQ,616.354,-0.02029822097102929
2025-11-05,QQQ,620.3652,0.006507948354354642
2025-11-06,QQQ,608.8095,-0.018627253753111916
2025-11-07,QQQ,606.8885,-0.003155338410455011
2025-11-10,QQQ,620.3154,0.02212416284045582
2025-11-11,QQQ,618.6632,-0.0026634837697081526
2025-11-12,QQQ,618.1755,-0.0007883126069239133
2025-11-13,QQQ,605.5548,-0.020416046899302986
2025-11-14,QQQ,606.0126,0.000756000943267221
2025-11-17,QQQ,600.8369,-0.008540581499460576
2025-11-18,QQQ,593.5213,-0.012175683617301147
2025-11-19,QQQ,597.0646,0.005969962661828809
2025-11-20,QQQ,582.9311,-0.023671642900952472
2025-11-21,QQQ,587.3105,0.007512723201764437
2025-11-24,QQQ,602.3299,0.025573184882613065
2025-11-25,QQQ,606.0425,0.006163731868532585
2025-11-26,QQQ,611.3974,0.00883584897098788
2025-11-28,QQQ,616.354,0.008107002090620652
2025-12-01,QQQ,614.2838,-0.003358784075385257
2025-12-02,QQQ,619.0912,0.007826024388075892
2025-12-03,QQQ,620.6041,0.002443743345083904
2025-12-04,QQQ,620.0268,-0.000930222665303071
2025-12-05,QQQ,622.5549,0.004077404396068074
2025-12-08,QQQ,621.3606,-0.0019183850291757398
2025-12-09,QQQ,622.1269,0.001233261330055413
2025-12-10,QQQ,624.6749,0.004095627435495963
2025-12-11,QQQ,622.6544,-0.003234482448390308
2025-12-12,QQQ,610.7504,-0.01911814965091385
2025-12-15,QQQ,607.6848,-0.005019399086762855
2025-12-16,QQQ,608.8892,0.00198194853647804
2025-12-17,QQQ,597.6021,-0.018537198557635803
2025-12-18,QQQ,606.2614,0.01449007625642551
2025-12-19,QQQ,614.1643,0.013035466219686764
2025-12-22,QQQ,617.1083,0.004793505581486945
2025-12-23,QQQ,619.9985,0.004683456696336741
2025-12-24,QQQ,621.8123,0.0029254909487683722
2025-12-26,QQQ,621.7725,-6.400645339443845e-05
2025-12-29,QQQ,618.7626,-0.004840838087885824
2025-12-30,QQQ,617.3276,-0.0023191446929727855
2025-12-31,QQQ,612.2249,-0.008265789509492083
2026-01-02,QQQ,611.0389,-0.001937196608631897
2026-01-05,QQQ,615.8924,0.007943029486338737
2026-01-06,QQQ,621.304,0.008786599737226952
2026-01-07,QQQ,621.902,0.000962491791458131
2026-01-08,QQQ,618.364,-0.005688999231390213
2026-01-09,QQQ,624.5231,0.009960314636686451
2026-01-12,QQQ,625.0413,0.0008297531348320231
2026-01-13,QQQ,624.1145,-0.0014827820177641948
2026-01-14,QQQ,617.4471,-0.010682975639886627
2026-01-15,QQQ,619.6696,0.0035994986453089517
2026-01-16,QQQ,619.1514,-0.0008362520930508266
2026-01-20,QQQ,605.9962,-0.02124714569005237
2026-01-21,QQQ,614.1884,0.013518566618074379
2026-01-22,QQQ,618.653,0.007269105049851232
2026-01-23,QQQ,620.6064,0.003157505095748414
2026-01-26,QQQ,623.3372,0.004400212437383866
2026-01-27,QQQ,628.9879,0.009065237884085642
2026-01-28,QQQ,631.0707,0.0033113514584304227
2026-01-29,QQQ,627.2936,-0.0059852247933551705
2026-01-30,QQQ,619.7592,-0.01201096264970658
2026-02-02,QQQ,624.0148,0.006866537842439513
2026-02-03,QQQ,614.4274,-0.015364058672967418
2026-02-04,QQQ,603.694,-0.01746894751113004
2026-02-05,QQQ,595.0036,-0.014395372490036307
2026-02-06,QQQ,607.5808,0.021138023366581216
2026-02-09,QQQ,612.2349,0.007660051140523372
2026-02-10,QQQ,609.3946,-0.0046392324253322625
2026-02-11,QQQ,611.029,0.002682006043374985
2026-02-12,QQQ,598.6014,-0.020338805523142045
2026-02-13,QQQ,599.877,0.0021309672847407146
2026-02-17,QQQ,599.2591,-0.0010300444924542518
2026-02-18,QQQ,603.7338,0.007467053900391374
2026-02-19,QQQ,601.4217,-0.0038296679761842256
2026-02-20,QQQ,606.7436,0.008848865945475515
2026-02-23,QQQ,599.3687,-0.012154887171451079
2026-02-24,QQQ,605.8068,0.010741468481754168
2026-02-25,QQQ,614.5869,0.01449323447673434
2026-02-26,QQQ,607.1722,-0.012064526595018554
2026-02-27,QQQ,605.2288,-0.0032007394277933088
2026-03-02,QQQ,606.0261,0.0013173530407013523
2026-03-03,QQQ,599.5381,-0.010705809535266009
2026-03-04,QQQ,608.677,0.015243234750218493
2026-03-05,QQQ,606.8432,-0.0030127637482605385
2026-03-06,QQQ,597.7144,-0.015043095152092123
2026-03-09,QQQ,605.6972,0.013355542379437368
2026-03-10,QQQ,605.7072,1.6509899666061756e-05
2026-03-11,QQQ,605.6274,-0.00013174682420813433
2026-03-12,QQQ,595.2328,-0.017163358196805478
2026-03-13,QQQ,591.7048,-0.005927092727416983
2026-03-16,QQQ,598.3422,0.011217417874588964
2026-03-17,QQQ,601.2623,0.004880317651003052
2026-03-18,QQQ,592.8809,-0.013939673250759288
2026-03-19,QQQ,591.0071,-0.0031604998575598398
2026-03-20,QQQ,580.0844,-0.018481503860106052
2026-03-23,QQQ,586.7432,0.011479019259956091
2026-03-24,QQQ,582.7317,-0.006836892187246368
2026-03-25,QQQ,586.5635,0.006575581867263924
2026-03-26,QQQ,572.5635,-0.023867833576415864
2026-03-27,QQQ,561.3774,-0.019536872329444677
2026-03-30,QQQ,557.0867,-0.007643164829934435
2026-03-31,QQQ,575.9462,0.03385379690450341
2026-04-01,QQQ,583.061,0.012353237159998809
2026-04-02,QQQ,583.7296,0.0011467067768209382
2026-04-06,QQQ,587.2421,0.006017340905789315
2026-04-07,QQQ,587.3319,0.000152918191662188
2026-04-08,QQQ,604.7945,0.029732081639018748
2026-04-09,QQQ,608.8857,0.006764611781357344
2026-04-10,QQQ,609.7638,0.001442142589323181
2026-04-13,QQQ,616.0704,0.010342693351097498
2026-04-14,QQQ,627.2563,0.018156853502456993
2026-04-15,QQQ,636.0375,0.01399938111422716
2026-04-16,QQQ,639.101,0.004816539905272865
2026-04-17,QQQ,647.463,0.013084003936779887
2026-04-20,QQQ,645.4074,-0.003174853234856556
2026-04-21,QQQ,642.9528,-0.003803179201230189
2026-04-22,QQQ,653.7097,0.016730466062205407
2026-04-23,QQQ,650.0275,-0.005632775527118494
2026-04-24,QQQ,662.4609,0.019127498451988467
2026-04-27,QQQ,662.8102,0.0005272764022752341
2026-04-28,QQQ,656.1445,-0.010056725137905231
2026-04-29,QQQ,660.1559,0.006113592356561615
2026-04-30,QQQ,666.3127,0.009326281867661823
2026-05-01,QQQ,672.709,0.009599546879415666
2026-05-04,QQQ,671.4417,-0.001883875494456011
2026-05-05,QQQ,680.153,0.012974022912190408
2026-05-06,QQQ,694.2828,0.020774443397294284
2026-05-07,QQQ,693.4545,-0.0011930296991368161
2026-05-08,QQQ,709.7097,0.023440903476724007
2026-05-11,QQQ,711.7653,0.0028963955262271135
2026-05-12,QQQ,705.7282,-0.008481868953150729
2026-05-13,QQQ,713.1823,0.010562281626269154
2026-05-14,QQQ,718.2514,0.007107719863490569
2026-05-15,QQQ,707.4146,-0.015087753396652026
2026-05-18,QQQ,704.3712,-0.004302144739449676
2026-05-19,QQQ,700.0305,-0.006162517717930638
2026-05-20,QQQ,711.6256,0.01656370686705788
2026-05-21,QQQ,712.9827,0.00190704213001891
2026-05-22,QQQ,716.0062,0.004240635852735375
2026-05-26,QQQ,728.719,0.017755153516827216
2026-05-27,QQQ,727.8907,-0.0011366521251675588
2026-05-28,QQQ,734.0276,0.008431073511448783
2026-05-29,QQQ,736.7318,0.003684057656687667
2026-06-01,QQQ,741.1523,0.00600014822218875
2026-06-02,QQQ,744.565,0.004604586668624178
2026-06-03,QQQ,742.6193,-0.0026132036826873595
2026-06-04,QQQ,739.0269,-0.004837471905187463
2026-06-05,QQQ,703.5529,-0.048000959099053
2026-06-08,QQQ,714.5394,0.015615741190179167
2026-06-09,QQQ,706.317,-0.011507273076894031
2026-06-10,QQQ,692.2072,-0.01997658275250358
2026-06-11,QQQ,715.5872,0.03377601388717144
2026-06-12,QQQ,719.7982,0.005884677646553538
2026-06-15,QQQ,742.4097,0.03141366566351533
2026-06-16,QQQ,728.2999,-0.019005409007991192
2026-06-17,QQQ,720.9656,-0.010070439389048391
2026-06-18,QQQ,739.0369,0.025065412274871246
2026-06-22,QQQ,737.1818,-0.0025101588296876365
2026-06-23,QQQ,712.9072,-0.032928919297790515
2026-06-24,QQQ,709.8803,-0.004245854158858253
2026-06-25,QQQ,715.6343,0.008105591886406804
2026-06-26,QQQ,705.7846,-0.013763594059144624
2026-06-29,QQQ,723.3263,0.024854183556852982
2026-06-30,QQQ,735.6335,0.017014727654725226
2026-07-01,QQQ,724.4151,-0.015249985216823303
2026-07-02,QQQ,711.8582,-0.017333846298896893
2026-07-06,QQQ,722.0676,0.014341901238196009
2026-07-07,QQQ,708.6915,-0.018524719846174986
2026-07-08,QQQ,710.6995,0.0028333908336701796
2026-07-09,QQQ,722.5272,0.0166423361772452
2026-07-10,QQQ,724.7548,0.0030830673225867855
2026-07-13,QQQ,710.9991,-0.018979798409061943
2026-07-14,QQQ,718.9409,0.011169915686250587
2026-07-15,QQQ,716.9929,-0.002709541215418554
2026-07-16,QQQ,705.2051,-0.01644060910505518
2026-07-17,QQQ,694.6062,-0.01502952828900428
2026-07-20,QQQ,695.3354,0.0010498034713770643
2026-07-21,QQQ,708.232,0.01854730824865225
2026-07-22,QQQ,704.6157,-0.005106095177851322
2026-07-23,QQQ,691.2397,-0.018983397616601505
2026-07-24,QQQ,683.5178,-0.011171088697596532
2026-07-27,QQQ,681.41,-0.0030837529029967836
2026-07-28,QQQ,674.7869,-0.009719698859717352
2026-07-29,QQQ,661.0411,-0.020370579215452933
2026-07-30,QQQ,682.8384,0.03297419782219291
2026-07-31,QQQ,687.2739,0.006495680383528546
2026-08-03,QQQ,699.3413,0.01755835628269886
2026-08-04,QQQ,723.0965,0.03396796385398648
2026-08-05,QQQ,716.5533,-0.009048861389869711
2026-08-06,QQQ,713.9061,-0.003694351836771914
2026-08-07,QQQ,722.2774,0.011726051927557268
2026-08-10,QQQ,720.1196,-0.0029874948323178607
2026-08-11,QQQ,717.7021,-0.003357081240394022
2026-08-12,QQQ,722.9467,0.0073074887199020555
2026-08-13,QQQ,731.308,0.011565582912267391
2026-08-14,QQQ,730.309,-0.0013660454965623847
2026-08-17,QQQ,729.1102,-0.0016414969553983916
2026-08-18,QQQ,716.7631,-0.016934477120193803
2026-08-19,QQQ,715.3346,-0.001992987641244337
2026-08-20,QQQ,710.1899,-0.007192018951690637
2026-08-21,QQQ,712.6974,0.003530745790668144
2026-08-24,QQQ,705.5848,-0.009979831552633711
2026-08-25,QQQ,709.9802,0.006229442584364087
2026-08-26,QQQ,710.6295,0.0009145325461188403
2026-08-27,QQQ,720.3594,0.013691944958659885
2026-08-28,QQQ,715.6843,-0.006489954875302573
2026-08-31,QQQ,716.0139,0.00046053825688230354
2026-09-01,QQQ,706.9034,-0.012723914996622288
2026-09-02,QQQ,708.5017,0.002260987852088503
2026-09-03,QQQ,716.9229,0.01188592772607322
2026-09-04,QQQ,718.2116,0.00179754336205451
2026-09-08,QQQ,717.6122,-0.0008345729865681939
2026-09-09,QQQ,715.5644,-0.002853630414867636
2026-09-10,QQQ,707.9523,-0.010637896463267182
2026-09-11,QQQ,714.1359,0.008734486772625782
2026-09-14,QQQ,708.4418,-0.007973412343505015
2026-09-15,QQQ,703.8066,-0.0065428098680794244
2026-09-16,QQQ,703.9864,0.00025546790837149835
2026-09-17,QQQ,716.1737,0.017311840115093124
2026-09-18,QQQ,720.699,0.006318718489662256
2026-09-21,QQQ,741.47,0.028820631081769355
2026-09-22,QQQ,747.46,0.008078546670802655
2026-09-23,QQQ,741.21,-0.008361651459609876
2026-09-24,QQQ,741.1,-0.00014840598480869716
2021-09-27,SPY,414.0023,
2021-09-28,SPY,405.6594,-0.020151820412591892
2021-09-29,SPY,406.3422,0.001683185450651381
2021-09-30,SPY,401.3757,-0.012222456835642492
2021-10-01,SPY,406.1457,0.011884127514445897
2021-10-04,SPY,400.9081,-0.012895864710619875
2021-10-05,SPY,405.0795,0.010404878324982825
2021-10-06,SPY,406.763,0.004155974321089939
2021-10-07,SPY,410.2798,0.008645820785076364
2021-10-08,SPY,409.5315,-0.0018238772661974822
2021-10-11,SPY,406.5666,-0.007239736137513275
2021-10-12,SPY,405.5659,-0.0024613433567833853
2021-10-13,SPY,407.0249,0.0035974424871518806
2021-10-14,SPY,413.8713,0.01682059254851498
2021-10-15,SPY,417.0233,0.0076158941197419505
2021-10-18,SPY,418.2579,0.002960506043667044
2021-10-19,SPY,421.4846,0.007714618181748678
2021-10-20,SPY,423.1403,0.003928257402524338
2021-10-21,SPY,424.2438,0.002607882066539169
2021-10-22,SPY,423.8043,-0.0010359609262410308
2021-10-25,SPY,426.0771,0.005362852618531644
2021-10-26,SPY,426.4605,0.0008998371421511386
2021-10-27,SPY,424.5712,-0.004430187555471199
2021-10-28,SPY,428.6678,0.009648793888987317
2021-10-29,SPY,429.5376,0.002029077061538098
2021-11-01,SPY,430.2766,0.0017204547401670212
2021-11-02,SPY,432.0162,0.004042980724492162
2021-11-03,SPY,434.6537,0.0061050951330066106
2021-11-04,SPY,436.702,0.0047124872053314615
2021-11-05,SPY,438.2173,0.0034698719034949033
2021-11-08,SPY,438.5914,0.0008536860594048346
2021-11-09,SPY,437.1417,-0.0033053543685535036
2021-11-10,SPY,433.6249,-0.008044988615819482
2021-11-11,SPY,433.7653,0.0003237821444295186
2021-11-12,SPY,437.0388,0.0075467078625237605
2021-11-15,SPY,437.1884,0.0003423037039274046
2021-11-16,SPY,438.9188,0.003958019014228098
2021-11-17,SPY,437.8525,-0.0024293787370236464
2021-11-18,SPY,439.3396,0.0033963492271940066
2021-11-19,SPY,438.554,-0.0017881383786029215
2021-11-22,SPY,437.3194,-0.002815160732771771
2021-11-23,SPY,437.8993,0.001326033100749635
2021-11-24,SPY,439.0684,0.002669791890510087
2021-11-26,SPY,429.2757,-0.022303358656646677
2021-11-29,SPY,434.5415,0.012266708784121727
2021-11-30,SPY,426.0865,-0.0194572900401917
2021-12-01,SPY,421.3537,-0.01110760373773867
2021-12-02,SPY,427.8074,0.015316585566947705
2021-12-03,SPY,424.0848,-0.008701579262069825
2021-12-06,SPY,429.1074,0.011843386039773307
2021-12-07,SPY,437.9835,0.020685031299856327
2021-12-08,SPY,439.1432,0.0026478166414944937
2021-12-09,SPY,436.1783,-0.006751556212187704
2021-12-10,SPY,440.2842,0.00941335229194129
2021-12-13,SPY,436.3841,-0.008858142081864417
2021-12-14,SPY,433.3817,-0.00688017734834967
2021-12-15,SPY,440.1533,0.01562502523756759
2021-12-16,SPY,436.2719,-0.008818291263521072
2021-12-17,SPY,431.6287,-0.010642904115529817
2021-12-20,SPY,427.0389,-0.010633676583600593
2021-12-21,SPY,434.6227,0.01775903787687727
2021-12-22,SPY,438.9684,0.009998787454037705
2021-12-23,SPY,441.6997,0.00622208796806345
2021-12-27,SPY,447.9507,0.014152149073227704
2021-12-28,SPY,447.5847,-0.000817054198151701
2021-12-29,SPY,448.1572,0.001279087511257604
2021-12-30,SPY,446.9182,-0.002764654902342234
2021-12-31,SPY,445.792,-0.0025199242277447187
2022-01-03,SPY,448.3731,0.005789919962673196
2022-01-04,SPY,448.2228,-0.000335211902765864
2022-01-05,SPY,439.6161,-0.019201834444834143
2022-01-06,SPY,439.203,-0.0009396835102264411
2022-01-07,SPY,437.4666,-0.003953524907616579
2022-01-10,SPY,436.9223,-0.0012442092722050324
2022-01-11,SPY,440.9019,0.009108255632637619
2022-01-12,SPY,442.0939,0.002703549247576431
2022-01-13,SPY,436.0024,-0.013778747003747371
2022-01-14,SPY,436.1808,0.00040917205960333547
2022-01-18,SPY,428.4562,-0.01770962866774506
2022-01-19,SPY,424.0073,-0.010383558459417852
2022-01-20,SPY,419.3144,-0.01106796982033098
2022-01-21,SPY,411.0829,-0.019630854556867083
2022-01-24,SPY,412.8287,0.004246831965036835
2022-01-25,SPY,407.7885,-0.01220893799292544
2022-01-26,SPY,406.7654,-0.002508898607979426
2022-01-27,SPY,404.7568,-0.004937981450732987
2022-01-28,SPY,414.8092,0.02483565439790003
2022-01-31,SPY,422.2804,0.01801117236551164
2022-02-01,SPY,425.1336,0.006756647952403272
2022-02-02,SPY,429.2633,0.009713887587337267
2022-02-03,SPY,419.1735,-0.023504921105531373
2022-02-04,SPY,421.1446,0.004702348788747424
2022-02-07,SPY,419.7931,-0.003209111549809851
2022-02-08,SPY,423.2471,0.008227862725709523
2022-02-09,SPY,429.4417,0.014635894729107424
2022-02-10,SPY,421.7265,-0.017965651682172568
2022-02-11,SPY,413.4106,-0.019718703946752236
2022-02-14,SPY,412.059,-0.0032693888352159917
2022-02-15,SPY,418.7043,0.016127059474492667
2022-02-16,SPY,419.1735,0.0011205999078585105
2022-02-17,SPY,410.2194,-0.021361321743860184
2022-02-18,SPY,407.5633,-0.0064748278604083165
2022-02-22,SPY,403.1894,-0.010731829877714816
2022-02-23,SPY,396.0374,-0.017738561579247802
2022-02-24,SPY,401.9973,0.01504883124674583
2022-02-25,SPY,410.8671,0.022064327297720565
2022-02-28,SPY,409.8159,-0.0025584915414254006
2022-03-01,SPY,403.5742,-0.015230497401394039
2022-03-02,SPY,410.9985,0.018396369242632327
2022-03-03,SPY,408.9524,-0.004978363667993868
2022-03-04,SPY,405.6298,-0.0081246619410964
2022-03-07,SPY,393.6721,-0.02947934298712762
2022-03-08,SPY,390.6874,-0.0075816904474560465
2022-03-09,SPY,401.162,0.026810693152632847
2022-03-10,SPY,399.3506,-0.0045153828129284035
2022-03-11,SPY,394.2728,-0.01271514303471677
2022-03-14,SPY,391.3914,-0.007308137918720314
2022-03-15,SPY,399.9982,0.02199026345494559
2022-03-16,SPY,408.8679,0.02217434978457411
2022-03-17,SPY,413.9832,0.012510886768073437
2022-03-18,SPY,418.5174,0.010952618367122247
2022-03-21,SPY,418.3951,-0.00029222201992074037
2022-03-22,SPY,423.2908,0.011701140859441184
2022-03-23,SPY,417.8396,-0.012878144292292615
2022-03-24,SPY,424.1382,0.015074205508525118
2022-03-25,SPY,426.2095,0.0048835497486432455
2022-03-28,SPY,429.2412,0.007113168523930069
2022-03-29,SPY,434.5512,0.01237066712142254
2022-03-30,SPY,431.868,-0.006174646393796612
2022-03-31,SPY,425.221,-0.015391276964257572
2022-04-01,SPY,426.4262,0.0028342908746274986
2022-04-04,SPY,430.0791,0.0085663122950701
2022-04-05,SPY,424.6467,-0.012631164825261165
2022-04-06,SPY,420.4004,-0.009999606731902144
2022-04-07,SPY,422.5189,0.005039243540206018
2022-04-08,SPY,421.389,-0.0026741998996967498
2022-04-11,SPY,414.1865,-0.017092282902496203
2022-04-12,SPY,412.6518,-0.003705335639862861
2022-04-13,SPY,417.3782,0.011453724423351686
2022-04-14,SPY,412.1811,-0.012451776350561605
2022-04-18,SPY,412.3506,0.0004112270067695434
2022-04-19,SPY,419.007,0.01614257381946338
2022-04-20,SPY,418.6963,-0.000741515058220954
2022-04-21,SPY,412.4353,-0.014953559417649531
2022-04-22,SPY,401.1185,-0.027438970427604015
2022-04-25,SPY,403.444,0.005797538632598576
2022-04-26,SPY,391.7599,-0.028960896679588788
2022-04-27,SPY,392.8614,0.0028116711281578333
2022-04-28,SPY,402.785,0.025259799002905314
2022-04-29,SPY,387.8997,-0.036955944238241334
2022-05-02,SPY,390.2346,0.006019339535452195
2022-05-03,SPY,392.0236,0.0045844217811541466
2022-05-04,SPY,403.9618,0.030452758456378737
2022-05-05,SPY,389.6039,-0.035542717157909465
2022-05-06,SPY,387.2783,-0.005969139425965775
2022-05-09,SPY,374.8788,-0.03201702754840641
2022-05-10,SPY,375.745,0.0023106134569359504
2022-05-11,SPY,369.7758,-0.01588630587233364
2022-05-12,SPY,369.3898,-0.0010438757755375505
2022-05-13,SPY,378.2211,0.023907806875013815
2022-05-16,SPY,376.6864,-0.004057679489589572
2022-05-17,SPY,384.435,0.020570426752863913
2022-05-18,SPY,368.9379,-0.040311366030668316
2022-05-19,SPY,366.6782,-0.006124879010803719
2022-05-20,SPY,366.8383,0.0004366226298699871
2022-05-23,SPY,373.7019,0.01871015103929996
2022-05-24,SPY,370.8492,-0.0076336245547588
2022-05-25,SPY,374.1255,0.008834588290874024
2022-05-26,SPY,381.6012,0.019981797551891
2022-05-27,SPY,390.9691,0.024548926994988562
2022-05-31,SPY,388.7753,-0.005611185129464236
2022-06-01,SPY,385.6307,-0.008088476814242074
2022-06-02,SPY,392.9745,0.019043608301932302
2022-06-03,SPY,386.5251,-0.016411751907566496
2022-06-06,SPY,387.702,0.0030448216687608554
2022-06-07,SPY,391.4209,0.00959216098962612
2022-06-08,SPY,387.1654,-0.010871928402392483
2022-06-09,SPY,377.9575,-0.023782858695534204
2022-06-10,SPY,366.9984,-0.028995588128294836
2022-06-13,SPY,353.0641,-0.03796828542031794
2022-06-14,SPY,352.0002,-0.0030133338393792952
2022-06-15,SPY,357.0184,0.01425624189986241
2022-06-16,SPY,345.2025,-0.03309605331265841
2022-06-17,SPY,345.9466,0.0021555463821960608
2022-06-21,SPY,354.6554,0.025173827405732485
2022-06-22,SPY,354.0125,-0.0018127455552628957
2022-06-23,SPY,357.4826,0.009802196250132456
2022-06-24,SPY,368.8484,0.0317939950084285
2022-06-27,SPY,367.4395,-0.003819726478412333
2022-06-28,SPY,359.9317,-0.02043275151419499
2022-06-29,SPY,359.6385,-0.0008145989919753349
2022-06-30,SPY,356.7168,-0.008123991174471157
2022-07-01,SPY,360.4897,0.010576737624917065
2022-07-05,SPY,361.1704,0.0018882647687297194
2022-07-06,SPY,362.3901,0.003377076305256521
2022-07-07,SPY,367.8177,0.01497723033824605
2022-07-08,SPY,367.5152,-0.0008224182794901447
2022-07-11,SPY,363.3169,-0.01142347309716718
2022-07-12,SPY,360.1018,-0.008849299330694338
2022-07-13,SPY,358.2108,-0.005251292828861276
2022-07-14,SPY,357.3409,-0.0024284583267730753
2022-07-15,SPY,364.1678,0.01910472604731228
2022-07-18,SPY,361.1609,-0.00825690794188827
2022-07-19,SPY,370.9193,0.02701953616795172
2022-07-20,SPY,373.2832,0.006373084387897965
2022-07-21,SPY,377.0844,0.010183153166282377
2022-07-22,SPY,373.5858,-0.009278029003586541
2022-07-25,SPY,374.0396,0.001214714263764849
2022-07-26,SPY,369.6144,-0.01183083288507425
2022-07-27,SPY,379.2119,0.02596625023267496
2022-07-28,SPY,383.9682,0.012542591622256571
2022-07-29,SPY,389.5659,0.014578551036257714
2022-08-01,SPY,388.4123,-0.0029612448112116274
2022-08-02,SPY,385.8498,-0.0065973708865553204
2022-08-03,SPY,391.892,0.01565946127223583
2022-08-04,SPY,391.6272,-0.0006756963653250514
2022-08-05,SPY,390.9654,-0.0016898724092708761
2022-08-08,SPY,390.5115,-0.0011609723008736417
2022-08-09,SPY,388.9608,-0.00397094579801105
2022-08-10,SPY,397.1304,0.021003658980545126
2022-08-11,SPY,397.1304,0.0
2022-08-12,SPY,403.8535,0.016929200081383877
2022-08-15,SPY,405.5176,0.004120553616596245
2022-08-16,SPY,406.3119,0.001958731260985891
2022-08-17,SPY,403.4279,-0.007097995406976643
2022-08-18,SPY,404.6005,0.002906591239723255
2022-08-19,SPY,399.1635,-0.013437946814203183
2022-08-22,SPY,390.8518,-0.020822795671447847
2022-08-23,SPY,389.9063,-0.0024190754654322966
2022-08-24,SPY,391.1544,0.003201025477146846
2022-08-25,SPY,396.6766,0.014117698791065614
2022-08-26,SPY,383.2495,-0.03384898428593974
2022-08-29,SPY,380.7154,-0.006612141698815077
2022-08-30,SPY,376.5359,-0.010978016649707212
2022-08-31,SPY,373.6708,-0.007609101814727515
2022-09-01,SPY,374.8433,0.0031377886631762664
2022-09-02,SPY,370.8908,-0.010544406155852282
2022-09-06,SPY,369.4914,-0.0037730782214064895
2022-09-07,SPY,376.1293,0.017964964813795392
2022-09-08,SPY,378.5878,0.006536316101936279
2022-09-09,SPY,384.4694,0.015535630044074322
2022-09-12,SPY,388.6015,0.010747539336030343
2022-09-13,SPY,371.7041,-0.043482590777441654
2022-09-14,SPY,373.1224,0.0038156695070086233
2022-09-15,SPY,368.8862,-0.011353378944818249
2022-09-16,SPY,366.0721,-0.007628639943700777
2022-09-19,SPY,368.9109,0.007754756508349114
2022-09-20,SPY,364.6764,-0.011478381365256585
2022-09-21,SPY,358.315,-0.017443958534196335
2022-09-22,SPY,355.3053,-0.00839959253729261
2022-09-23,SPY,349.3522,-0.016754886572195815
2022-09-26,SPY,345.8961,-0.00989288173940217
2022-09-27,SPY,345.0132,-0.0025525005919407873
2022-09-28,SPY,351.8017,0.019676058771084692
2022-09-29,SPY,344.453,-0.020888756364736194
2022-09-30,SPY,339.1266,-0.01546335784562769
2022-10-03,SPY,348.0799,0.02640105494526246
2022-10-04,SPY,358.8657,0.030986563717123605
2022-10-05,SPY,358.0301,-0.002328447661618216
2022-10-06,SPY,354.3368,-0.010315613128616952
2022-10-07,SPY,344.453,-0.02789380047457679
2022-10-10,SPY,341.823,-0.007635294220111333
2022-10-11,SPY,339.6582,-0.00633310221956962
2022-10-12,SPY,338.5379,-0.0032983157774493232
2022-10-13,SPY,347.4722,0.02639084132086844
2022-10-14,SPY,339.5538,-0.022788585676782103
2022-10-17,SPY,348.2793,0.025696958773543166
2022-10-18,SPY,352.3715,0.0117497652028129
2022-10-19,SPY,349.8744,-0.00708655495691346
2022-10-20,SPY,346.9406,-0.008385294837232937
2022-10-21,SPY,355.3717,0.024301278086219735
2022-10-24,SPY,359.7202,0.012236483659222142
2022-10-25,SPY,365.4644,0.01596852220142231
2022-10-26,SPY,362.711,-0.0075339759495042236
2022-10-27,SPY,360.7741,-0.005340064128190325
2022-10-28,SPY,369.3571,0.02379051046070102
2022-10-31,SPY,366.6892,-0.007223091149459404
2022-11-01,SPY,365.0846,-0.004375912898443746
2022-11-02,SPY,355.9224,-0.02509610101329951
2022-11-03,SPY,352.2575,-0.010296907415773715
2022-11-04,SPY,357.3276,0.01439316409160929
2022-11-07,SPY,360.7456,0.009565451982998185
2022-11-08,SPY,362.692,0.005395492003228863
2022-11-09,SPY,355.2198,-0.020602053533025244
2022-11-10,SPY,374.7406,0.0549541438849972
2022-11-11,SPY,378.3675,0.009678428224750846
2022-11-14,SPY,375.1489,-0.008506544563156138
2022-11-15,SPY,378.3485,0.008528880132661953
2022-11-16,SPY,375.4622,-0.007628680964771872
2022-11-17,SPY,374.3133,-0.003059961828381086
2022-11-18,SPY,376.0128,0.00454031422340595
2022-11-21,SPY,374.6456,-0.003636046432461959
2022-11-22,SPY,379.6872,0.013456984414070394
2022-11-23,SPY,382.0799,0.006301766296045841
2022-11-25,SPY,381.9944,-0.0002237751841958069
2022-11-28,SPY,375.8989,-0.015957040207919215
2022-11-29,SPY,375.2533,-0.0017174830785617878
2022-11-30,SPY,387.074,0.03150058906877029
2022-12-01,SPY,386.7892,-0.0007357766215245753
2022-12-02,SPY,386.3429,-0.0011538584841562782
2022-12-05,SPY,379.3929,-0.017989200785105686
2022-12-06,SPY,373.924,-0.014414871759592773
2022-12-07,SPY,373.2879,-0.001701147826831173
2022-12-08,SPY,376.2122,0.007833899786197307
2022-12-09,SPY,373.4019,-0.007469986353446201
2022-12-12,SPY,378.7853,0.014417173560177465
2022-12-13,SPY,381.6526,0.007569723534677886
2022-12-14,SPY,379.2125,-0.006393510747732423
2022-12-15,SPY,369.9363,-0.02446174638230536
2022-12-16,SPY,365.5688,-0.01180608661545246
2022-12-19,SPY,362.4689,-0.008479662378189756
2022-12-20,SPY,362.9649,0.0013683932607735372
2022-12-21,SPY,368.3922,0.014952685507606978
2022-12-22,SPY,363.1366,-0.014266317256445782
2022-12-23,SPY,365.2255,0.005752380784531219
2022-12-27,SPY,363.7852,-0.003943591014318626
2022-12-28,SPY,359.2641,-0.012427938244876313
2022-12-29,SPY,365.7309,0.018000128596205478
2022-12-30,SPY,364.7676,-0.0026339037800743315
2023-01-03,SPY,363.2319,-0.004210077868758155
2023-01-04,SPY,366.0362,0.00772041222150377
2023-01-05,SPY,361.8585,-0.01141335201272442
2023-01-06,SPY,370.1567,0.022932168237031814
2023-01-09,SPY,369.9468,-0.0005670571409351899
2023-01-10,SPY,372.5412,0.007012900233222652
2023-01-11,SPY,377.2531,0.01264799705374875
2023-01-12,SPY,378.6266,0.0036407918185430432
2023-01-13,SPY,380.0955,0.0038795478183519805
2023-01-17,SPY,379.3991,-0.0018321711254146722
2023-01-18,SPY,373.4091,-0.015788123904352802
2023-01-19,SPY,370.6908,-0.007279683328552999
2023-01-20,SPY,377.5965,0.018629272698432064
2023-01-23,SPY,382.127,0.011998257399101986
2023-01-24,SPY,381.7169,-0.001073203411431245
2023-01-25,SPY,381.86,0.00037488515703665293
2023-01-26,SPY,386.0568,0.010990415335463188
2023-01-27,SPY,386.9439,0.002297848399509972
2023-01-30,SPY,382.089,-0.012546780037106076
2023-01-31,SPY,387.7069,0.014703118906851609
2023-02-01,SPY,391.8274,0.0106278737881631
2023-02-02,SPY,397.5312,0.014556919704951765
2023-02-03,SPY,393.3058,-0.010629102822621306
2023-02-06,SPY,390.9022,-0.006111275246894365
2023-02-07,SPY,396.0146,0.01307846310407057
2023-02-08,SPY,391.6843,-0.0109346978621494
2023-02-09,SPY,388.2887,-0.008669226721622514
2023-02-10,SPY,389.1948,0.0023335729316871223
2023-02-13,SPY,393.7635,0.011738851598222855
2023-02-14,SPY,393.5824,-0.0004599207392255167
2023-02-15,SPY,394.8604,0.0032470964148803017
2023-02-16,SPY,389.4237,-0.013768663558057503
2023-02-17,SPY,388.4509,-0.002498050324107104
2023-02-21,SPY,380.6582,-0.020060965233958727
2023-02-22,SPY,380.1336,-0.001378139233569664
2023-02-23,SPY,382.1557,0.0053194455843945665
2023-02-24,SPY,378.0733,-0.010682556874069937
2023-02-27,SPY,379.361,0.003405953290010144
2023-02-28,SPY,377.9589,-0.0036959518769719146
2023-03-01,SPY,376.5091,-0.003835866809856925
2023-03-02,SPY,379.4373,0.007777235663095627
2023-03-03,SPY,385.5227,0.016037959367726895
2023-03-06,SPY,385.7897,0.0006925662224299689
2023-03-07,SPY,379.8761,-0.015328558538499015
2023-03-08,SPY,380.4961,0.0016321111014880874
2023-03-09,SPY,373.476,-0.01844986058989828
2023-03-10,SPY,368.0869,-0.014429575126647998
2023-03-13,SPY,367.5623,-0.0014252069280379365
2023-03-14,SPY,373.6381,0.01652998688929741
2023-03-15,SPY,371.3013,-0.006254180181303748
2023-03-16,SPY,377.8158,0.017545050340518564
2023-03-17,SPY,373.398,-0.011692999604569154
2023-03-20,SPY,376.9886,0.009616012940615537
2023-03-21,SPY,381.9387,0.013130635780498334
2023-03-22,SPY,375.4279,-0.017046714564405097
2023-03-23,SPY,376.4428,0.0027033153369793173
2023-03-24,SPY,378.9131,0.006562218748771498
2023-03-27,SPY,379.6216,0.0018698218668080635
2023-03-28,SPY,378.7694,-0.0022448669938696098
2023-03-29,SPY,384.2748,0.014534965073736084
2023-03-30,SPY,386.5248,0.005855184883317932
2023-03-31,SPY,391.9728,0.01409482651565952
2023-04-03,SPY,393.4664,0.003810468481486584
2023-04-04,SPY,391.2835,-0.005547868890456775
2023-04-05,SPY,390.2589,-0.002618561733372382
2023-04-06,SPY,391.7813,0.003901000079690631
2023-04-10,SPY,392.1835,0.0010265931528636862
2023-04-11,SPY,392.2887,0.00026824177967710305
2023-04-12,SPY,390.6898,-0.004075824768850156
2023-04-13,SPY,395.8792,0.013282660566004134
2023-04-14,SPY,394.9121,-0.0024429169302151443
2023-04-17,SPY,396.3292,0.0035883934678122564
2023-04-18,SPY,396.5877,0.0006522355657871959
2023-04-19,SPY,396.5207,-0.00016894119510013628
2023-04-20,SPY,394.3569,-0.0054569660549878
2023-04-21,SPY,394.6632,0.0007767075965958714
2023-04-24,SPY,395.075,0.0010434213273493587
2023-04-25,SPY,388.8036,-0.015873947984559766
2023-04-26,SPY,387.1567,-0.004235814688958728
2023-04-27,SPY,394.8643,0.019908218041945425
2023-04-28,SPY,398.2345,0.008535084078251653
2023-05-01,SPY,397.8324,-0.00100970659247257
2023-05-02,SPY,393.3612,-0.011238903618709828
2023-05-03,SPY,390.6611,-0.006864174707622461
2023-05-04,SPY,387.894,-0.007083121406252002
2023-05-05,SPY,395.075,0.018512789576533795
2023-05-08,SPY,395.1802,0.0002662785547049573
2023-05-09,SPY,393.4472,-0.0043853411684087185
2023-05-10,SPY,395.2855,0.004672291479009161
2023-05-11,SPY,394.5962,-0.001743802896893465
2023-05-12,SPY,394.0792,-0.0013102001489116999
2023-05-15,SPY,395.4387,0.003449814149034003
2023-05-16,SPY,392.7962,-0.006682451666971345
2023-05-17,SPY,397.5643,0.012138864887185852
2023-05-18,SPY,401.3941,0.00963315871168513
2023-05-19,SPY,400.81,-0.001455178339691554
2023-05-22,SPY,400.9729,0.0004064269853545355
2023-05-23,SPY,396.4727,-0.011223202366045237
2023-05-24,SPY,393.6004,-0.007244635002611743
2023-05-25,SPY,397.0089,0.008659798109961203
2023-05-26,SPY,402.1505,0.01295084316749584
2023-05-30,SPY,402.3037,0.0003809519073083578
2023-05-31,SPY,400.0728,-0.005545313155210896
2023-06-01,SPY,403.8739,0.009501020814211891
2023-06-02,SPY,409.7145,0.014461444525135203
2023-06-05,SPY,408.9294,-0.0019162123869181924
2023-06-06,SPY,409.8198,0.002177392968077063
2023-06-07,SPY,408.4027,-0.003457861235596771
2023-06-08,SPY,410.873,0.006048686749622334
2023-06-09,SPY,411.6102,0.0017942283868739306
2023-06-12,SPY,415.3442,0.009071689671441563
2023-06-13,SPY,418.0826,0.006593085927286468
2023-06-14,SPY,418.5804,0.0011906738046500998
2023-06-15,SPY,423.7699,0.012397857138079171
2023-06-16,SPY,422.3264,-0.003406329708646183
2023-06-20,SPY,420.1353,-0.00518816725641591
2023-06-21,SPY,417.9827,-0.005123587568099941
2023-06-22,SPY,419.4915,0.003609718775442028
2023-06-23,SPY,416.3201,-0.007560105508693127
2023-06-26,SPY,414.6191,-0.004085798403680285
2023-06-27,SPY,419.1647,0.010963315486430814
2023-06-28,SPY,419.3761,0.0005043363622938557
2023-06-29,SPY,421.029,0.003941330943751931
2023-06-30,SPY,425.9975,0.011800849822696247
2023-07-03,SPY,426.4876,0.0011504762351890463
2023-07-05,SPY,425.8533,-0.0014872648114505616
2023-07-06,SPY,422.5186,-0.007830630876877076
2023-07-07,SPY,421.4519,-0.0025246225846624615
2023-07-10,SPY,422.5186,0.0025310124358199904
2023-07-11,SPY,425.2095,0.0063687137086982926
2023-07-12,SPY,428.6307,0.008045916189548974
2023-07-13,SPY,432.0327,0.007936902326408202
2023-07-14,SPY,431.7635,-0.0006231009828653322
2023-07-17,SPY,433.2627,0.0034722712781418696
2023-07-18,SPY,436.4821,0.007430595802500495
2023-07-19,SPY,437.4528,0.002223917086176197
2023-07-20,SPY,434.5504,-0.006634772940074862
2023-07-21,SPY,434.5504,0.0
2023-07-24,SPY,436.4918,0.00446760605904406
2023-07-25,SPY,437.6834,0.002729948191466658
2023-07-26,SPY,437.7507,0.0001537641135120893
2023-07-27,SPY,434.8484,-0.006630029375167101
2023-07-28,SPY,439.1057,0.009790308530513103
2023-07-31,SPY,439.9418,0.001904097350592382
2023-08-01,SPY,438.6829,-0.0028615148640115384
2023-08-02,SPY,432.5805,-0.013910731418981803
2023-08-03,SPY,431.3407,-0.002866056144463114
2023-08-04,SPY,429.3899,-0.004522643005865246
2023-08-07,SPY,433.1378,0.008728430733932147
2023-08-08,SPY,431.2542,-0.004348731512234694
2023-08-09,SPY,428.3712,-0.006685152283734341
2023-08-10,SPY,428.525,0.00035903440754192495
2023-08-11,SPY,428.2751,-0.0005831631760107037
2023-08-14,SPY,430.6392,0.00552005007996037
2023-08-15,SPY,425.6227,-0.011648962751184766
2023-08-16,SPY,422.4994,-0.00733818943397524
2023-08-17,SPY,419.28,-0.007619892477953805
2023-08-18,SPY,419.4819,0.00048153978248421936
2023-08-21,SPY,422.2111,0.00650612100307546
2023-08-22,SPY,421.0675,-0.0027085976659543265
2023-08-23,SPY,425.7573,0.011137881693552565
2023-08-24,SPY,419.8566,-0.013859304350154367
2023-08-25,SPY,422.8166,0.007050026127968456
2023-08-28,SPY,425.4978,0.006341283667670616
2023-08-29,SPY,431.6482,0.014454598825187848
2023-08-30,SPY,433.4261,0.004118863463348221
2023-08-31,SPY,432.7919,-0.0014632252187859462
2023-09-01,SPY,433.5991,0.001865099600986131
2023-09-05,SPY,431.7251,-0.004321964690424895
2023-09-06,SPY,428.8229,-0.006722333262532132
2023-09-07,SPY,427.5063,-0.0030702651374261425
2023-09-08,SPY,428.1501,0.0015059427194406005
2023-09-11,SPY,430.9659,0.00657666551987246
2023-09-12,SPY,428.6018,-0.005485584822372158
2023-09-13,SPY,429.1016,0.0011661173611496878
2023-09-14,SPY,432.8015,0.008622433474962499
2023-09-15,SPY,427.587,-0.012048248446458687
2023-09-18,SPY,427.8377,0.0005863134286121507
2023-09-19,SPY,426.9505,-0.0020736835486915295
2023-09-20,SPY,423.0253,-0.009193571620129126
2023-09-21,SPY,416.0334,-0.01652832584717756
2023-09-22,SPY,415.098,-0.0022483771735634095
2023-09-25,SPY,416.8435,0.004205031101089274
2023-09-26,SPY,410.7195,-0.014691364984700583
2023-09-27,SPY,410.8835,0.0003992992784613847
2023-09-28,SPY,413.2656,0.0057975070792573025
2023-09-29,SPY,412.2625,-0.002427252594941365
2023-10-02,SPY,412.0986,-0.0003975622328007411
2023-10-03,SPY,406.5823,-0.013385874157301192
2023-10-04,SPY,409.5429,0.007281674583472952
2023-10-05,SPY,409.3886,-0.00037676150654786245
2023-10-06,SPY,414.2492,0.011872826942420867
2023-10-09,SPY,416.9014,0.006402426365579084
2023-10-10,SPY,419.0713,0.00520482780820597
2023-10-11,SPY,420.7879,0.00409620033631497
2023-10-12,SPY,418.2226,-0.006096420548214354
2023-10-13,SPY,416.1394,-0.004981079453860171
2023-10-16,SPY,420.5179,0.01052171459852147
2023-10-17,SPY,420.4986,-4.5895787075811434e-05
2023-10-18,SPY,414.8954,-0.013325133543845347
2023-10-19,SPY,411.25,-0.00878631095934057
2023-10-20,SPY,406.1964,-0.01228838905775076
2023-10-23,SPY,405.4925,-0.0017329055599704102
2023-10-24,SPY,408.5497,0.007539473603087599
2023-10-25,SPY,402.6861,-0.014352231809251048
2023-10-26,SPY,397.864,-0.011974835982667464
2023-10-27,SPY,396.0606,-0.004532704642792429
2023-10-30,SPY,400.7958,0.011955746166116832
2023-10-31,SPY,403.313,0.006280504935430864
2023-11-01,SPY,407.6142,0.010664669871786936
2023-11-02,SPY,415.4258,0.019164199873311638
2023-11-03,SPY,419.2159,0.009123410245584163
2023-11-06,SPY,420.1803,0.0023004852630827965
2023-11-07,SPY,421.3762,0.0028461591369228767
2023-11-08,SPY,421.6848,0.0007323621979600237
2023-11-09,SPY,418.3962,-0.007798716007785811
2023-11-10,SPY,424.9251,0.015604587230954703
2023-11-13,SPY,424.5201,-0.0009531091479415554
2023-11-14,SPY,432.7561,0.01940073037766643
2023-11-15,SPY,433.6723,0.002117127869485813
2023-11-16,SPY,434.2028,0.00122327388675747
2023-11-17,SPY,434.7428,0.0012436584932200567
2023-11-20,SPY,438.0893,0.007697654797273135
2023-11-21,SPY,437.1345,-0.002179464323826208
2023-11-22,SPY,438.8222,0.0038608254438852185
2023-11-24,SPY,439.0922,0.0006152833653356726
2023-11-27,SPY,438.3015,-0.0018007607513866875
2023-11-28,SPY,438.7355,0.000990185979286018
2023-11-29,SPY,438.4268,-0.0007036129968966964
2023-11-30,SPY,440.1531,0.003937487398124384
2023-12-01,SPY,442.757,0.005915896082522298
2023-12-04,SPY,440.4328,-0.005249380585738983
2023-12-05,SPY,440.346,-0.00019707887332642837
2023-12-06,SPY,438.5715,-0.004029785668542396
2023-12-07,SPY,441.9179,0.0076302267703212134
2023-12-08,SPY,443.8178,0.004299214854161848
2023-12-11,SPY,445.5441,0.0038896592250243778
2023-12-12,SPY,447.579,0.004567224658569069
2023-12-13,SPY,453.7512,0.013790191228810977
2023-12-14,SPY,455.2074,0.003209247711080554
2023-12-15,SPY,454.4579,-0.0016465022317300182
2023-12-18,SPY,457.0143,0.005625163518997001
2023-12-19,SPY,459.7933,0.006080772527249145
2023-12-20,SPY,453.4218,-0.013857313710312846
2023-12-21,SPY,457.7212,0.009482120180370757
2023-12-22,SPY,458.6411,0.002009738679353168
2023-12-26,SPY,460.5776,0.004222255702770683
2023-12-27,SPY,461.4104,0.0018081643571028483
2023-12-28,SPY,461.5847,0.00037775481436930214
2023-12-29,SPY,460.2484,-0.0028950266332484764
2024-01-02,SPY,457.6727,-0.005596325810149461
2024-01-03,SPY,453.9351,-0.008166534731042563
2024-01-04,SPY,452.4729,-0.0032211653163635168
2024-01-05,SPY,453.0926,0.0013695847861827648
2024-01-08,SPY,459.5609,0.014275889740861025
2024-01-09,SPY,458.8637,-0.0015171003451338594
2024-01-10,SPY,461.4588,0.005655492033908915
2024-01-11,SPY,461.2555,-0.0004405593738813218
2024-01-12,SPY,461.575,0.0006926746672939466
2024-01-16,SPY,459.8805,-0.00367112603585551
2024-01-17,SPY,457.3241,-0.005558835393107531
2024-01-18,SPY,461.3911,0.008893036688860212
2024-01-19,SPY,467.1427,0.012465780115827885
2024-01-22,SPY,468.1305,0.0021145572862424356
2024-01-23,SPY,469.4958,0.002916494439050732
2024-01-24,SPY,470.009,0.0010930875206978108
2024-01-25,SPY,472.5654,0.0054390447842487255
2024-01-26,SPY,471.965,-0.0012705119756969419
2024-01-29,SPY,475.7027,0.007919443179049246
2024-01-30,SPY,475.3347,-0.00077359241391739
2024-01-31,SPY,467.5785,-0.016317344389122024
2024-02-01,SPY,473.6983,0.013088283571635495
2024-02-02,SPY,478.6851,0.010527375757945379
2024-02-05,SPY,476.9421,-0.003641224679857391
2024-02-06,SPY,478.3268,0.0029032874220999982
2024-02-07,SPY,482.3163,0.008340532037928838
2024-02-08,SPY,482.5293,0.0004416189127340875
2024-02-09,SPY,485.318,0.005779338166614911
2024-02-12,SPY,485.105,-0.0004388874923245689
2024-02-13,SPY,478.4236,-0.01377310066892734
2024-02-14,SPY,482.7714,0.00908776239299236
2024-02-15,SPY,486.1024,0.006899745925297074
2024-02-16,SPY,483.6816,-0.004980020670541818
2024-02-20,SPY,481.0188,-0.005505274544245653
2024-02-21,SPY,481.4545,0.0009057858029666299
2024-02-22,SPY,491.4184,0.020695413585292144
2024-02-23,SPY,491.7574,0.0006898398594761268
2024-02-26,SPY,489.9562,-0.003662781688694494
2024-02-27,SPY,490.8665,0.0018579211774438775
2024-02-28,SPY,490.2177,-0.001321744303186323
2024-02-29,SPY,491.98,0.0035949334346760953
2024-03-01,SPY,496.5988,0.009388186511646746
2024-03-04,SPY,496.0663,-0.0010722941738884328
2024-03-05,SPY,491.1086,-0.009994027008083384
2024-03-06,SPY,493.5971,0.0050671073567027936
2024-03-07,SPY,498.4967,0.009926314396903724
2024-03-08,SPY,495.5047,-0.006002045750754137
2024-03-11,SPY,495.0786,-0.0008599312983308405
2024-03-12,SPY,500.4043,0.010757281773035698
2024-03-13,SPY,499.62,-0.0015673326548152344
2024-03-14,SPY,498.6324,-0.001976702293743249
2024-03-15,SPY,495.2084,-0.006866782022187157
2024-03-18,SPY,498.1515,0.005943154437606513
2024-03-19,SPY,500.9198,0.005557144764193334
2024-03-20,SPY,505.553,0.00924938483166371
2024-03-21,SPY,507.2237,0.0033046980237483314
2024-03-22,SPY,506.262,-0.0018960076195178033
2024-03-25,SPY,504.8634,-0.002762601182786706
2024-03-26,SPY,503.9309,-0.0018470342670908746
2024-03-27,SPY,508.1658,0.0084037315433525
2024-03-28,SPY,508.0687,-0.00019107936819051652
2024-04-01,SPY,507.1849,-0.0017395285322633347
2024-04-02,SPY,503.9601,-0.006358233456871476
2024-04-03,SPY,504.5136,0.0010983012345620047
2024-04-04,SPY,498.3555,-0.012206013871578492
2024-04-05,SPY,503.5619,0.010447160711580361
2024-04-08,SPY,503.8435,0.000559216255241024
2024-04-09,SPY,504.4263,0.0011567083826624636
2024-04-10,SPY,499.3754,-0.01001315752172327
2024-04-11,SPY,503.1441,0.007546827496909048
2024-04-12,SPY,496.1992,-0.013803003950558002
2024-04-15,SPY,489.9828,-0.012528033096385505
2024-04-16,SPY,489.0891,-0.0018239415750920251
2024-04-17,SPY,486.1946,-0.005918144567114703
2024-04-18,SPY,485.1941,-0.0020578180012694736
2024-04-19,SPY,480.9592,-0.008728259473888889
2024-04-22,SPY,485.3884,0.00920909715418694
2024-04-23,SPY,491.1483,0.011866579423818191
2024-04-24,SPY,490.9152,-0.0004746020702911524
2024-04-25,SPY,489.0502,-0.0037990267972961567
2024-04-26,SPY,493.6835,0.009474078530179453
2024-04-29,SPY,495.4318,0.003541337719409343
2024-04-30,SPY,487.5836,-0.015841130908431866
2024-05-01,SPY,486.0003,-0.0032472380121070232
2024-05-02,SPY,490.5461,0.009353492168626243
2024-05-03,SPY,496.6266,0.012395369161022796
2024-05-06,SPY,501.7551,0.010326671990586123
2024-05-07,SPY,502.3088,0.0011035264016250323
2024-05-08,SPY,502.3574,9.675323227464894e-05
2024-05-09,SPY,505.2519,0.005761834104563768
2024-05-10,SPY,505.9027,0.001288070366484595
2024-05-13,SPY,505.9706,0.00013421553195902547
2024-05-14,SPY,508.2921,0.0045882112518000895
2024-05-15,SPY,514.5863,0.012383037233905547
2024-05-16,SPY,513.5276,-0.002057380851375301
2024-05-17,SPY,514.2659,0.001437702666808871
2024-05-20,SPY,514.8583,0.0011519332703180396
2024-05-21,SPY,516.121,0.0024525194602087463
2024-05-22,SPY,514.6349,-0.002879363560095327
2024-05-23,SPY,510.8759,-0.007304207312795907
2024-05-24,SPY,514.256,0.0066162839155261555
2024-05-28,SPY,514.6155,0.0006990681683831657
2024-05-29,SPY,511.0117,-0.0070028982803665984
2024-05-30,SPY,507.6219,-0.006633507608534317
2024-05-31,SPY,512.2454,0.009108157075177425
2024-06-03,SPY,512.663,0.000815234260766351
2024-06-04,SPY,513.2363,0.0011182784792349576
2024-06-05,SPY,519.3361,0.011884973841483903
2024-06-06,SPY,519.3263,-1.8870246070057384e-05
2024-06-07,SPY,518.6949,-0.0012158059393486687
2024-06-10,SPY,520.2975,0.0030896775734639004
2024-06-11,SPY,521.5507,0.002408621990303672
2024-06-12,SPY,525.8342,0.008213007862898136
2024-06-13,SPY,526.8928,0.0020131821018867235
2024-06-14,SPY,527.2134,0.0006084729189694826
2024-06-17,SPY,531.4096,0.007959205892718257
2024-06-18,SPY,532.7596,0.00254041327066723
2024-06-20,SPY,531.3124,-0.0027164221911720743
2024-06-21,SPY,530.6001,-0.0013406425297057822
2024-06-24,SPY,528.8753,-0.0032506590179683936
2024-06-25,SPY,530.9119,0.003850813225726224
2024-06-26,SPY,531.5746,0.0012482296968669981
2024-06-27,SPY,532.4126,0.001576448536103836
2024-06-28,SPY,530.3174,-0.003935293792821537
2024-07-01,SPY,531.409,0.0020583899377994985
2024-07-02,SPY,534.9851,0.006729468262675287
2024-07-03,SPY,537.3726,0.004462741111855406
2024-07-05,SPY,540.4714,0.0057665761149712225
2024-07-08,SPY,541.095,0.0011538075835280104
2024-07-09,SPY,541.6212,0.0009724724863471312
2024-07-10,SPY,546.9807,0.009895292134059597
2024-07-11,SPY,542.2643,-0.008622607708096308
2024-07-12,SPY,545.6846,0.006307440854948387
2024-07-15,SPY,547.1853,0.0027501234229441174
2024-07-16,SPY,550.4303,0.005930349371593202
2024-07-17,SPY,542.7125,-0.014021393807717386
2024-07-18,SPY,538.5418,-0.007684916046709844
2024-07-19,SPY,534.9656,-0.006640524468109921
2024-07-22,SPY,540.4811,0.010310008718317443
2024-07-23,SPY,539.6333,-0.0015686024913730279
2024-07-24,SPY,527.4039,-0.022662426503330946
2024-07-25,SPY,524.656,-0.005210238301233794
2024-07-26,SPY,530.5319,0.011199528834131334
2024-07-29,SPY,530.8437,0.0005877120678323688
2024-07-30,SPY,528.1542,-0.005066463066247362
2024-07-31,SPY,536.7391,0.01625453324048176
2024-08-01,SPY,529.1384,-0.014160883751528353
2024-08-02,SPY,519.2868,-0.018618191384333627
2024-08-05,SPY,504.1631,-0.029123983124546893
2024-08-06,SPY,508.8113,0.009219635471140242
2024-08-07,SPY,505.4105,-0.006683813822531026
2024-08-08,SPY,517.0942,0.023117248256615097
2024-08-09,SPY,519.3745,0.004409834803793977
2024-08-12,SPY,519.6472,0.0005250546570922943
2024-08-13,SPY,528.1932,0.01644577320920826
2024-08-14,SPY,529.8594,0.003154527547874597
2024-08-15,SPY,538.9415,0.01714058484194103
2024-08-16,SPY,540.1498,0.002241987302889159
2024-08-19,SPY,545.3143,0.00956123653105112
2024-08-20,SPY,544.4276,-0.0016260347473008308
2024-08-21,SPY,546.2985,0.003436453258431449
2024-08-22,SPY,542.0109,-0.007848456475717969
2024-08-23,SPY,547.77,0.010625432071569074
2024-08-26,SPY,546.4642,-0.0023838472351533913
2024-08-27,SPY,547.2145,0.0013730085154710636
2024-08-28,SPY,544.0378,-0.005805218977201987
2024-08-29,SPY,544.0865,8.951583878924474e-05
2024-08-30,SPY,549.2804,0.009546092395234851
2024-09-03,SPY,537.9767,-0.020579106773152556
2024-09-04,SPY,536.8757,-0.0020465570349050832
2024-09-05,SPY,535.5698,-0.0024324066073395656
2024-09-06,SPY,526.556,-0.016830299243907998
2024-09-09,SPY,532.4515,0.011196339990428239
2024-09-10,SPY,534.7708,0.004355889691361581
2024-09-11,SPY,540.257,0.01025897449898161
2024-09-12,SPY,544.8077,0.008423213396587137
2024-09-13,SPY,547.6531,0.005222760251002434
2024-09-16,SPY,548.4619,0.0014768472962172208
2024-09-17,SPY,548.6859,0.00040841487804343934
2024-09-18,SPY,547.0587,-0.002965631156185866
2024-09-19,SPY,556.3939,0.01706434793926137
2024-09-20,SPY,555.4321,-0.0017286314605534647
2024-09-23,SPY,556.8201,0.002498955317850715
2024-09-24,SPY,558.4134,0.0028614268773703433
2024-09-25,SPY,557.1816,-0.002205892623636907
2024-09-26,SPY,559.3907,0.003964775577657287
2024-09-27,SPY,558.5794,-0.0014503280086709536
2024-09-30,SPY,560.8178,0.004007308540200594
2024-10-01,SPY,555.7938,-0.008958346186586752
2024-10-02,SPY,556.0283,0.0004219190642282822
2024-10-03,SPY,555.0118,-0.0018281443588391566
2024-10-04,SPY,560.0555,0.009087554534876752
2024-10-07,SPY,554.9923,-0.009040532590073758
2024-10-08,SPY,560.2411,0.009457428508467425
2024-10-09,SPY,564.1216,0.006926482187758154
2024-10-10,SPY,563.1343,-0.00175015457660177
2024-10-11,SPY,566.5065,0.005988269583294681
2024-10-14,SPY,571.1395,0.008178193895392205
2024-10-15,SPY,566.702,-0.00776955542385005
2024-10-16,SPY,569.1652,0.004346552509078894
2024-10-17,SPY,569.2141,8.591530191948138e-05
2024-10-18,SPY,571.4035,0.0038463558790970964
2024-10-21,SPY,570.4651,-0.0016422720546863667
2024-10-22,SPY,570.1622,-0.0005309702556738349
2024-10-23,SPY,564.9523,-0.009137575237362139
2024-10-24,SPY,566.1743,0.0021630144704252174
2024-10-25,SPY,565.9787,-0.00034547664915207665
2024-10-28,SPY,567.7283,0.0030912824104512016
2024-10-29,SPY,568.6472,0.0016185559183856668
2024-10-30,SPY,566.9268,-0.003025425958309569
2024-10-31,SPY,555.8134,-0.01960288347631467
2024-11-01,SPY,558.1591,0.004220301273772709
2024-11-04,SPY,556.9568,-0.0021540453250693536
2024-11-05,SPY,563.6915,0.01209196117185396
2024-11-06,SPY,577.7079,0.02486537405655387
2024-11-07,SPY,582.175,0.007732454411649936
2024-11-08,SPY,584.6968,0.004331687207455026
2024-11-11,SPY,585.2539,0.0009528015203776885
2024-11-12,SPY,583.4359,-0.003106344101252656
2024-11-13,SPY,583.7193,0.00048574316390204153
2024-11-14,SPY,579.9659,-0.006430145448334423
2024-11-15,SPY,572.5374,-0.012808511672841472
2024-11-18,SPY,574.8832,0.004097199589057299
2024-11-19,SPY,576.9847,0.0036555251571102065
2024-11-20,SPY,577.1802,0.00033883047505423036
2024-11-21,SPY,580.2787,0.005368340771218394
2024-11-22,SPY,582.0773,0.0030995450978987815
2024-11-25,SPY,584.0516,0.0033918175472569256
2024-11-26,SPY,587.1013,0.005221627678102525
2024-11-27,SPY,585.3223,-0.003030141476436876
2024-11-29,SPY,588.9583,0.006211962195870502
2024-12-02,SPY,590.014,0.0017924868365044588
2024-12-03,SPY,590.2877,0.00046388729758950475
2024-12-04,SPY,593.9531,0.006209514445244313
2024-12-05,SPY,592.9757,-0.00164558447459906
2024-12-06,SPY,594.0997,0.0018955245552221278
2024-12-09,SPY,591.0403,-0.0051496407084534734
2024-12-10,SPY,589.2028,-0.0031089250597632345
2024-12-11,SPY,593.7576,0.007730445272833064
2024-12-12,SPY,590.6983,-0.0051524393119347645
2024-12-13,SPY,590.581,-0.00019857852985183388
2024-12-16,SPY,593.1028,0.004270032391830991
2024-12-17,SPY,590.6591,-0.004120196363935569
2024-12-18,SPY,573.0555,-0.029803316329164997
2024-12-19,SPY,572.8795,-0.00030712557509704475
2024-12-20,SPY,579.7603,0.012010902816386393
2024-12-23,SPY,583.2321,0.005988336904061864
2024-12-24,SPY,589.7148,0.011115128951235675
2024-12-26,SPY,589.754,6.647281024663165e-05
2024-12-27,SPY,583.5459,-0.01052659244362919
2024-12-30,SPY,576.8868,-0.01141144167065511
2024-12-31,SPY,574.788,-0.003638148766794469
2025-01-02,SPY,573.3757,-0.002457079827692943
2025-01-03,SPY,580.5449,0.012503494654551917
2025-01-06,SPY,583.8892,0.005760622477262167
2025-01-07,SPY,577.2889,-0.011304028230013419
2025-01-08,SPY,578.1323,0.001460966943933828
2025-01-10,SPY,569.3056,-0.015267612620848081
2025-01-13,SPY,570.1884,0.0015506610158058098
2025-01-14,SPY,570.973,0.0013760364118244883
2025-01-15,SPY,581.3589,0.01818982683944781
2025-01-16,SPY,580.2408,-0.0019232525725501048
2025-01-17,SPY,586.0663,0.010039797270374518
2025-01-21,SPY,591.431,0.009153742503194673
2025-01-22,SPY,594.7557,0.005621450346701584
2025-01-23,SPY,598.002,0.005458207462324394
2025-01-24,SPY,596.2562,-0.0029193882294706874
2025-01-27,SPY,587.8218,-0.014145597144314737
2025-01-28,SPY,592.8727,0.008592570061198845
2025-01-29,SPY,590.2149,-0.00448291850847593
2025-01-30,SPY,593.3826,0.00536702817905832
2025-01-31,SPY,590.2247,-0.005321861476895395
2025-02-03,SPY,586.2527,-0.006729640423384531
2025-02-04,SPY,590.1854,0.006708199382279956
2025-02-05,SPY,592.5784,0.004054658078630924
2025-02-06,SPY,594.638,0.0034756582420150117
2025-02-07,SPY,589.1949,-0.009153636330002546
2025-02-10,SPY,593.1963,0.006791301146700235
2025-02-11,SPY,593.6475,0.0007606251084171234
2025-02-12,SPY,591.735,-0.0032216087829899376
2025-02-13,SPY,597.9823,0.010557597573237931
2025-02-14,SPY,597.9529,-4.916533482679508e-05
2025-02-18,SPY,599.7084,0.002935849964102566
2025-02-19,SPY,601.1206,0.0023548111048636855
2025-02-20,SPY,598.6198,-0.004160230076959426
2025-02-21,SPY,588.3809,-0.0171041786456112
2025-02-24,SPY,585.7036,-0.004550283668283472
2025-02-25,SPY,582.7908,-0.004973163900648836
2025-02-26,SPY,583.085,0.0005048123614854738
2025-02-27,SPY,573.7778,-0.015961995249406336
2025-02-28,SPY,582.7319,0.015605518373140281
2025-03-03,SPY,572.5224,-0.017520063686233822
2025-03-04,SPY,565.7457,-0.011836567442601198
2025-03-05,SPY,571.8261,0.010747585001529725
2025-03-06,SPY,561.6756,-0.01775102605494916
2025-03-07,SPY,564.8237,0.005604836670846991
2025-03-10,SPY,549.7793,-0.026635567877197786
2025-03-11,SPY,545.209,-0.008312972132635932
2025-03-12,SPY,548.1022,0.005306588849413929
2025-03-13,SPY,540.7958,-0.013330360651717998
2025-03-14,SPY,551.9663,0.020655670772591117
2025-03-17,SPY,556.2227,0.0077113403481334775
2025-03-18,SPY,550.2109,-0.010808260791945412
2025-03-19,SPY,556.2031,0.010890732989840668
2025-03-20,SPY,554.5947,-0.0028917494346938355
2025-03-21,SPY,554.7776,0.00032979038566360863
2025-03-24,SPY,564.713,0.01790879804808254
2025-03-25,SPY,566.0704,0.0024036988700455453
2025-03-26,SPY,559.3124,-0.011938444405501403
2025-03-27,SPY,557.8271,-0.0026555821040263883
2025-03-28,SPY,546.5933,-0.020138498111690883
2025-03-31,SPY,550.2625,0.006712852133387015
2025-04-01,SPY,551.8167,0.002824470139251689
2025-04-02,SPY,555.3088,0.006328369547351498
2025-04-03,SPY,527.9428,-0.04928068851060885
2025-04-04,SPY,497.0355,-0.05854289517728062
2025-04-07,SPY,496.1501,-0.001781361693480643
2025-04-08,SPY,488.3791,-0.015662598878847356
2025-04-09,SPY,539.6683,0.10501923608115105
2025-04-10,SPY,516.0206,-0.04381895323479279
2025-04-11,SPY,525.2278,0.017842698527927192
2025-04-14,SPY,530.3232,0.009701314363025126
2025-04-15,SPY,528.8379,-0.0028007449042396493
2025-04-16,SPY,517.0828,-0.022228172375693855
2025-04-17,SPY,517.8207,0.0014270441793846622
2025-04-21,SPY,505.4951,-0.023802833683551072
2025-04-22,SPY,518.6469,0.026017660705316414
2025-04-23,SPY,526.6837,0.015495706230963746
2025-04-24,SPY,537.7698,0.021048876204067035
2025-04-25,SPY,541.6553,0.007225210489692824
2025-04-28,SPY,541.8618,0.00038123876937978807
2025-04-29,SPY,545.2752,0.006299392206647658
2025-04-30,SPY,545.4917,0.00039704721579125746
2025-05-01,SPY,549.3575,0.007086817269630119
2025-05-02,SPY,557.5122,0.014844067842889386
2025-05-05,SPY,554.3153,-0.00573422429141468
2025-05-06,SPY,549.6822,-0.008358239435209525
2025-05-07,SPY,551.9939,0.004205520935551599
2025-05-08,SPY,555.8399,0.006967468299921231
2025-05-09,SPY,555.1318,-0.0012739279781821544
2025-05-12,SPY,573.4774,0.0330472871487455
2025-05-13,SPY,577.2646,0.0066039219679798755
2025-05-14,SPY,578.0024,0.0012780967341492477
2025-05-15,SPY,580.8256,0.004884408784461947
2025-05-16,SPY,584.5046,0.006334087202767957
2025-05-19,SPY,585.1439,0.0010937467386913369
2025-05-20,SPY,583.1765,-0.0033622498670839995
2025-05-21,SPY,573.3495,-0.0168508161765778
2025-05-22,SPY,573.5758,0.0003946981727549481
2025-05-23,SPY,569.6608,-0.006825601777480816
2025-05-27,SPY,581.5043,0.020790442312337287
2025-05-28,SPY,578.1401,-0.005785339850453375
2025-05-29,SPY,580.4222,0.003947313116664963
2025-05-30,SPY,579.7731,-0.0011183238683840635
2025-06-02,SPY,583.0389,0.005632893281871887
2025-06-03,SPY,586.3638,0.005702706972039007
2025-06-04,SPY,586.2064,-0.0002684340336152058
2025-06-05,SPY,583.3733,-0.004832939387901747
2025-06-06,SPY,589.3641,0.010269239267549635
2025-06-09,SPY,589.8951,0.0009009710635581314
2025-06-10,SPY,593.2396,0.005669652112723078
2025-06-11,SPY,591.5477,-0.002851967400692823
2025-06-12,SPY,593.8987,0.003974320245011542
2025-06-13,SPY,587.2589,-0.011180021104609139
2025-06-16,SPY,592.8462,0.009514202339036437
2025-06-17,SPY,587.7802,-0.008545217967155572
2025-06-18,SPY,587.6917,-0.00015056648726863298
2025-06-20,SPY,586.3115,-0.002348510281836469
2025-06-23,SPY,592.1027,0.009877343357583834
2025-06-24,SPY,598.6439,0.011047407823000954
2025-06-25,SPY,598.9793,0.00056026629520467
2025-06-26,SPY,603.6655,0.007823642653427276
2025-06-27,SPY,606.6647,0.004968314405908725
2025-06-30,SPY,609.5654,0.004781389126481184
2025-07-01,SPY,609.3682,-0.0003235091755535713
2025-07-02,SPY,612.1306,0.00453321981685284
2025-07-03,SPY,616.955,0.007881324671565215
2025-07-07,SPY,612.3574,-0.007452083215145455
2025-07-08,SPY,612.022,-0.0005477193547427373
2025-07-09,SPY,615.6921,0.005996679857913412
2025-07-10,SPY,617.4285,0.0028202408314155214
2025-07-11,SPY,615.258,-0.0035153868018724665
2025-07-14,SPY,616.4321,0.0019083051337811519
2025-07-15,SPY,613.7979,-0.004273301147036279
2025-07-16,SPY,615.85,0.003343282862323216
2025-07-17,SPY,619.6187,0.006119509620849284
2025-07-18,SPY,619.1649,-0.0007323859012001721
2025-07-21,SPY,620.339,0.0018962638224486739
2025-07-22,SPY,620.4277,0.0001429863348909599
2025-07-23,SPY,625.7061,0.008507679460475481
2025-07-24,SPY,625.9132,0.0003309860651830032
2025-07-25,SPY,628.5573,0.004224387662698392
2025-07-28,SPY,628.3994,-0.0002512101919746046
2025-07-29,SPY,626.7419,-0.0026376536960410757
2025-07-30,SPY,625.9527,-0.0012592105298846468
2025-07-31,SPY,623.6046,-0.003751241906936542
2025-08-01,SPY,613.3835,-0.016390353759417442
2025-08-04,SPY,622.7068,0.015199789365054617
2025-08-05,SPY,619.5497,-0.005069962300074504
2025-08-06,SPY,624.2952,0.007659595348040726
2025-08-07,SPY,623.7722,-0.0008377447079522815
2025-08-08,SPY,628.6362,0.007797718461964198
2025-08-11,SPY,627.393,-0.0019776143976436567
2025-08-12,SPY,634.0723,0.010646118142854766
2025-08-13,SPY,636.2428,0.0034231112130271857
2025-08-14,SPY,636.3021,9.320341228225004e-05
2025-08-15,SPY,634.8123,-0.0023413406933592285
2025-08-18,SPY,634.6741,-0.00021770214597305326
2025-08-19,SPY,631.231,-0.005424988982534407
2025-08-20,SPY,629.5537,-0.002657188889645723
2025-08-21,SPY,627.0281,-0.004011730849965756
2025-08-22,SPY,636.6571,0.015356568549320215
2025-08-25,SPY,633.8552,-0.004400956181907056
2025-08-26,SPY,636.5092,0.004187076165029557
2025-08-27,SPY,637.9595,0.002278521661588151
2025-08-28,SPY,640.2187,0.0035412906305181124
2025-08-29,SPY,636.4007,-0.005963587130460191
2025-09-02,SPY,631.6848,-0.007410268404795972
2025-09-03,SPY,635.1082,0.005419475029318388
2025-09-04,SPY,640.416,0.008357316123457359
2025-09-05,SPY,638.5613,-0.002896086293909139
2025-09-08,SPY,640.1299,0.0024564595442913006
2025-09-09,SPY,641.6099,0.0023120307300128484
2025-09-10,SPY,643.4647,0.0028908531492422007
2025-09-11,SPY,648.8121,0.008310323783107254
2025-09-12,SPY,648.5949,-0.0003347656432424184
2025-09-15,SPY,652.0479,0.005323816144715332
2025-09-16,SPY,651.1502,-0.001376739346909961
2025-09-17,SPY,650.3412,-0.0012424168801608015
2025-09-18,SPY,653.3799,0.004672470389389449
2025-09-19,SPY,656.616,0.004952861268000319
2025-09-22,SPY,659.7225,0.004731075697211207
2025-09-23,SPY,656.1313,-0.005443500865894291
2025-09-24,SPY,654.0438,-0.003181527843588605
2025-09-25,SPY,651.0263,-0.004613605388507636
2025-09-26,SPY,654.7561,0.00572910802528237
2025-09-29,SPY,656.5963,0.00281051218919548
2025-09-30,SPY,659.0695,0.0037666980456634302
2025-10-01,SPY,661.3154,0.003407683104740933
2025-10-02,SPY,662.077,0.001151644132285412
2025-10-03,SPY,662.0672,-1.480190370617418e-05
2025-10-06,SPY,664.4415,0.003586191854844989
2025-10-07,SPY,661.9781,-0.003707474623424356
2025-10-08,SPY,665.9255,0.005963037145790828
2025-10-09,SPY,663.9964,-0.0028968705958850594
2025-10-10,SPY,646.05,-0.027027857379949727
2025-10-13,SPY,655.963,0.01534401362123683
2025-10-14,SPY,655.1617,-0.001221562801560383
2025-10-15,SPY,658.0703,0.004439514703011405
2025-10-16,SPY,653.5886,-0.006810366612807095
2025-10-17,SPY,657.2986,0.005676353596130612
2025-10-20,SPY,664.1349,0.010400600275126237
2025-10-21,SPY,664.1249,-1.5057181906863448e-05
2025-10-22,SPY,660.6722,-0.005198871477338107
2025-10-23,SPY,664.59,0.005930020969552086
2025-10-24,SPY,670.0214,0.008172557516664236
2025-10-27,SPY,677.9261,0.011797682879979732
2025-10-28,SPY,679.7266,0.002655894204397713
2025-10-29,SPY,680.0531,0.00048034018383269483
2025-10-30,SPY,672.5739,-0.01099796471775516
2025-10-31,SPY,674.78,0.003280085653041276
2025-11-03,SPY,676.0463,0.0018766116363850838
2025-11-04,SPY,668.0328,-0.011853478082788138
2025-11-05,SPY,670.3478,0.0034653987049737545
2025-11-06,SPY,663.1555,-0.010729206540246783
2025-11-07,SPY,663.8083,0.00098438450710292
2025-11-10,SPY,674.1666,0.015604354449921809
2025-11-11,SPY,675.71,0.002289345096597728
2025-11-12,SPY,676.086,0.0005564517322520501
2025-11-13,SPY,664.867,-0.016594042769706885
2025-11-14,SPY,664.7581,-0.00016379215692752247
2025-11-17,SPY,658.5649,-0.009316471660894443
2025-11-18,SPY,653.0347,-0.008397350056159825
2025-11-19,SPY,655.5574,0.0038630412748357212
2025-11-20,SPY,645.5652,-0.015242296097946584
2025-11-21,SPY,651.9958,0.009961193695075199
2025-11-24,SPY,661.5923,0.01471865309561804
2025-11-25,SPY,667.8152,0.00940594381161941
2025-11-26,SPY,672.4255,0.006903556552770862
2025-11-28,SPY,676.0958,0.005458299841395009
2025-12-01,SPY,673.0092,-0.004565329351254754
2025-12-02,SPY,674.2557,0.0018521292130926348
2025-12-03,SPY,676.5905,0.0034627812564282934
2025-12-04,SPY,677.0851,0.0007310182451572
2025-12-05,SPY,678.3713,0.0018996135050084462
2025-12-08,SPY,676.3333,-0.003004254454750721
2025-12-09,SPY,675.7496,-0.0008630360208494725
2025-12-10,SPY,680.2313,0.006632190385314374
2025-12-11,SPY,681.8141,0.002326855585739862
2025-12-12,SPY,674.4833,-0.01075190436806761
2025-12-15,SPY,673.4642,-0.0015109343700577815
2025-12-16,SPY,671.6241,-0.002732290743888144
2025-12-17,SPY,664.2338,-0.011003625391048377
2025-12-18,SPY,669.2497,0.007551407350845363
2025-12-19,SPY,675.3154,0.009063433274605792
2025-12-22,SPY,679.5225,0.006229829795085573
2025-12-23,SPY,682.6282,0.004570415254829596
2025-12-24,SPY,685.0295,0.00351772751257573
2025-12-26,SPY,684.96,-0.0001014554847637017
2025-12-29,SPY,682.519,-0.0035637117495912474
2025-12-30,SPY,681.6856,-0.0012210649080831582
2025-12-31,SPY,676.635,-0.007408987368957232
2026-01-02,SPY,677.8753,0.001833041447752537
2026-01-05,SPY,682.39,0.006660074500427937
2026-01-06,SPY,686.4484,0.005947332170752828
2026-01-07,SPY,684.2357,-0.003223403244876133
2026-01-08,SPY,684.1662,-0.00010157318596493159
2026-01-09,SPY,688.6909,0.006613451526836789
2026-01-12,SPY,689.7724,0.001570370684438993
2026-01-13,SPY,688.3932,-0.001999500124968745
2026-01-14,SPY,685.0096,-0.004915214153771386
2026-01-15,SPY,686.8751,0.0027233194980040842
2026-01-16,SPY,686.2995,-0.0008379980581623148
2026-01-20,SPY,672.3286,-0.020356855862491363
2026-01-21,SPY,680.0881,0.011541231475204139
2026-01-22,SPY,683.6403,0.005223146824653968
2026-01-23,SPY,683.8883,0.0003627638686600765
2026-01-26,SPY,687.3612,0.005078168466985167
2026-01-27,SPY,690.0998,0.003984222560132755
2026-01-28,SPY,690.0303,-0.0001007100712099307
2026-01-29,SPY,688.6611,-0.0019842606911608662
2026-01-30,SPY,686.6071,-0.002982599133303898
2026-02-02,SPY,690.0205,0.004971402130854674
2026-02-03,SPY,684.186,-0.008455545885955429
2026-02-04,SPY,680.8719,-0.004843858249072741
2026-02-05,SPY,672.3683,-0.012489280288994209
2026-02-06,SPY,685.2676,0.019184872338568137
2026-02-09,SPY,688.5718,0.004821765978721304
2026-02-10,SPY,686.7559,-0.002637197747569764
2026-02-11,SPY,686.5972,-0.0002310864748303887
2026-02-12,SPY,675.9901,-0.015448795887894717
2026-02-13,SPY,676.4663,0.0007044481864453278
2026-02-17,SPY,677.5578,0.001613531967520121
2026-02-18,SPY,680.9711,0.005037651400367604
2026-02-19,SPY,679.1751,-0.002637410016372077
2026-02-20,SPY,684.0869,0.007232008358374786
2026-02-23,SPY,677.1014,-0.01021142196992808
2026-02-24,SPY,682.0229,0.007268482977586643
2026-02-25,SPY,687.778,0.008438279711722174
2026-02-26,SPY,683.9578,-0.0055544085446176394
2026-02-27,SPY,680.6735,-0.004801904444981853
2026-03-02,SPY,681.0605,0.0005685545272440251
2026-03-03,SPY,675.0574,-0.008814341750843058
2026-03-04,SPY,679.8201,0.007055251894135139
2026-03-05,SPY,676.0298,-0.005575445621569641
2026-03-06,SPY,667.1689,-0.013107262431330757
2026-03-09,SPY,673.0134,0.008760150540590317
2026-03-10,SPY,671.9318,-0.0016071002449581373
2026-03-11,SPY,671.0884,-0.001255186910338213
2026-03-12,SPY,660.8979,-0.015185033745181653
2026-03-13,SPY,657.1572,-0.005660027063181916
2026-03-16,SPY,663.845,0.010176864835385047
2026-03-17,SPY,665.5912,0.0026304333089801624
2026-03-18,SPY,656.3038,-0.013953609963593183
2026-03-19,SPY,654.6865,-0.002464255120875447
2026-03-20,SPY,645.301,-0.01433586915264018
2026-03-23,SPY,652.0767,0.010500061211744516
2026-03-24,SPY,649.8878,-0.0033568136999834186
2026-03-25,SPY,653.5094,0.005572654233546359
2026-03-26,SPY,641.8386,-0.017858656662015804
2026-03-27,SPY,630.894,-0.017051950443616293
2026-03-30,SPY,628.7847,-0.0033433508640119403
2026-03-31,SPY,647.0621,0.0290678192392404
2026-04-01,SPY,651.9374,0.007534516393403523
2026-04-02,SPY,652.5244,0.0009003931972608736
2026-04-06,SPY,655.6088,0.004726873048731983
2026-04-07,SPY,655.8973,0.00044004900483329834
2026-04-08,SPY,672.6027,0.025469536160615425
2026-04-09,SPY,676.483,0.005769081807134979
2026-04-10,SPY,676.0353,-0.0006618052486166981
2026-04-13,SPY,682.6418,0.00977241868878731
2026-04-14,SPY,690.9597,0.012184867671449329
2026-04-15,SPY,696.4121,0.00789105355927422
2026-04-16,SPY,698.1234,0.0024573094005688745
2026-04-17,SPY,706.5607,0.012085685711150873
2026-04-20,SPY,705.1478,-0.0019996866511257094
2026-04-21,SPY,700.5313,-0.006546854432503357
2026-04-22,SPY,707.6253,0.010126599625170263
2026-04-23,SPY,704.8792,-0.0038807261413633665
2026-04-24,SPY,710.3416,0.007749412949055623
2026-04-27,SPY,711.5653,0.0017226922933979427
2026-04-28,SPY,708.1028,-0.004866032674724297
2026-04-29,SPY,707.9934,-0.0001544973413465378
2026-04-30,SPY,715.0377,0.009949669022338403
2026-05-01,SPY,717.0177,0.0027690847629433524
2026-05-04,SPY,714.391,-0.003663368421727986
2026-05-05,SPY,720.122,0.008022217525136766
2026-05-06,SPY,730.1313,0.013899450370909339
2026-05-07,SPY,727.8926,-0.003066160839838017
2026-05-08,SPY,733.9022,0.008256163065814892
2026-05-11,SPY,735.5737,0.0022775514230644056
2026-05-12,SPY,734.4594,-0.0015148719971909141
2026-05-13,SPY,738.5685,0.005594727223860119
2026-05-14,SPY,744.399,0.007894325306319061
2026-05-15,SPY,735.4444,-0.012029301490195432
2026-05-18,SPY,734.927,-0.0007035202117249284
2026-05-19,SPY,730.0318,-0.006660797603027291
2026-05-20,SPY,737.5139,0.010249005591263405
2026-05-21,SPY,738.9764,0.0019830134726952497
2026-05-22,SPY,741.8818,0.003931654650946914
2026-05-26,SPY,746.8068,0.00663852381875385
2026-05-27,SPY,746.6775,-0.00017313714872435604
2026-05-28,SPY,750.7966,0.00551657174616893
2026-05-29,SPY,752.6671,0.002491353850030853
2026-06-01,SPY,754.7167,0.0027231162355840777
2026-06-02,SPY,755.7416,0.001357993005852487
2026-06-03,SPY,750.4384,-0.007017213290891999
2026-06-04,SPY,753.274,0.0037785912874395144
2026-06-05,SPY,733.8325,-0.025809333655482658
2026-06-08,SPY,735.4941,0.0022642769296807863
2026-06-09,SPY,733.335,-0.002935577593348393
2026-06-10,SPY,721.7736,-0.015765509623841822
2026-06-11,SPY,734.0415,0.0169968810164296
2026-06-12,SPY,738.0114,0.005408277324919553
2026-06-15,SPY,751.0255,0.017634009447550447
2026-06-16,SPY,746.5482,-0.005961581863731635
2026-06-17,SPY,737.2253,-0.012488008142006124
2026-06-18,SPY,744.8903,0.010397092991789814
2026-06-22,SPY,742.5461,-0.0031470405776528043
2026-06-23,SPY,731.7629,-0.014521926652096173
2026-06-24,SPY,731.4237,-0.00046353812143240525
2026-06-25,SPY,732.4811,0.00144567369091253
2026-06-26,SPY,727.1843,-0.007231312862543415
2026-06-29,SPY,739.1645,0.016474778127085532
2026-06-30,SPY,744.9202,0.0077867646511704525
2026-07-01,SPY,743.9127,-0.0013524938644435824
2026-07-02,SPY,742.9352,-0.0013139982688828988
2026-07-06,SPY,749.4191,0.008727409873700909
2026-07-07,SPY,745.8579,-0.00475194720817762
2026-07-08,SPY,743.5536,-0.00308946248340336
2026-07-09,SPY,749.848,0.008465294230301623
2026-07-10,SPY,753.08,0.00431020686859207
2026-07-13,SPY,747.3143,-0.007656158708238214
2026-07-14,SPY,749.9677,0.00355058106073991
2026-07-15,SPY,752.9403,0.003963637367315975
2026-07-16,SPY,748.8604,-0.005418623495116348
2026-07-17,SPY,741.4488,-0.00989717175591076
2026-07-20,SPY,740.2518,-0.0016144068208081563
2026-07-21,SPY,746.4265,0.008341350875472386
2026-07-22,SPY,745.5586,-0.0011627400688480893
2026-07-23,SPY,736.3515,-0.012349264028340579
2026-07-24,SPY,737.0996,0.0010159550160486752
2026-07-27,SPY,737.2593,0.0002166600009008146
2026-07-28,SPY,739.0248,0.0023946798636518274
2026-07-29,SPY,727.6531,-0.015387440313234468
2026-07-30,SPY,739.8528,0.01676581876721195
2026-07-31,SPY,745.1796,0.0071998105569108795
2026-08-03,SPY,755.7932,0.01424300933627265
2026-08-04,SPY,769.4194,0.018029005817993715
2026-08-05,SPY,767.8832,-0.0019965704010063146
2026-08-06,SPY,766.6563,-0.0015977690357075192
2026-08-07,SPY,771.3446,0.006115256601948005
2026-08-10,SPY,771.1152,-0.00029740274320977367
2026-08-11,SPY,768.6513,-0.0031952424229220178
2026-08-12,SPY,770.5765,0.0025046467754623603
2026-08-13,SPY,775.9532,0.006977503207014513
2026-08-14,SPY,774.417,-0.0019797585730686462
2026-08-17,SPY,770.756,-0.004727427212987356
2026-08-18,SPY,765.549,-0.006755704788545258
2026-08-19,SPY,767.155,0.0020978408958798322
2026-08-20,SPY,760.711,-0.008399867041210651
2026-08-21,SPY,763.8232,0.004091172600370063
2026-08-24,SPY,761.5788,-0.002938376315356761
2026-08-25,SPY,764.0128,0.0031959923254165634
2026-08-26,SPY,764.1824,0.0002219858096619287
2026-08-27,SPY,769.1899,0.006552754944369132
2026-08-28,SPY,767.4443,-0.0022694005732524225
2026-08-31,SPY,765.15,-0.00298953292115145
2026-09-01,SPY,759.8931,-0.006870417565183251
2026-09-02,SPY,763.2646,0.0044368082826387045
2026-09-03,SPY,771.2548,0.0104684535349866
2026-09-04,SPY,768.2822,-0.0038542385732964757
2026-09-08,SPY,764.0627,-0.005492122556008727
2026-09-09,SPY,760.5115,-0.004647786104465035
2026-09-10,SPY,755.9528,-0.005994255182202979
2026-09-11,SPY,762.3968,0.008524341731388496
2026-09-14,SPY,758.9952,-0.004461718622113864
2026-09-15,SPY,755.5139,-0.004586722024065404
2026-09-16,SPY,752.1822,-0.004409846066366296
2026-09-17,SPY,760.711,0.011338742129234136
2026-09-18,SPY,761.69,0.0012869539154818366
2026-09-21,SPY,773.5,0.015504995470598137
2026-09-22,SPY,773.38,-0.00015513897866836768
2026-09-23,SPY,767.81,-0.007202151594300377
2026-09-24,SPY,767.18,-0.0008205154921139268
2021-09-27,TLT,122.7029,
2021-09-28,TLT,120.7916,-0.01557664896265698
2021-09-29,TLT,121.0012,0.0017352199987414885
2021-09-30,TLT,120.9844,-0.0001388415982651603
2021-10-01,TLT,122.0025,0.008415134513209965
2021-10-04,TLT,121.6919,-0.0025458494702976786
2021-10-05,TLT,120.5169,-0.009655531715750953
2021-10-06,TLT,121.1967,0.005640702673235021
2021-10-07,TLT,119.9293,-0.010457380440226594
2021-10-08,TLT,119.0899,-0.006999123650350603
2021-10-11,TLT,118.7878,-0.00253673905175833
2021-10-12,TLT,120.819,0.017099399096540235
2021-10-13,TLT,121.9941,0.009726119236212805
2021-10-14,TLT,122.4474,0.003715753466766003
2021-10-15,TLT,121.7339,-0.00582699183486135
2021-10-18,TLT,122.3047,0.004688915741629884
2021-10-19,TLT,120.6176,-0.013794236852712971
2021-10-20,TLT,119.8034,-0.0067502586687183674
2021-10-21,TLT,119.6607,-0.00119111811517858
2021-10-22,TLT,120.9785,0.011012805373861179
2021-10-25,TLT,120.7938,-0.0015267175572518665
2021-10-26,TLT,121.7927,0.00826946416123997
2021-10-27,TLT,124.0086,0.018194029691434688
2021-10-28,TLT,123.589,-0.003383636296192427
2021-10-29,TLT,123.9667,0.003056097225481169
2021-11-01,TLT,123.0742,-0.007199514063050749
2021-11-02,TLT,123.6204,0.00443797319015693
2021-11-03,TLT,122.3429,-0.010334054897088163
2021-11-04,TLT,123.6288,0.010510622193850239
2021-11-05,TLT,125.4777,0.014955253144898206
2021-11-08,TLT,125.2424,-0.001875233607246507
2021-11-09,TLT,126.8729,0.013018754032180668
2021-11-10,TLT,124.5532,-0.018283652379665005
2021-11-11,TLT,124.3683,-0.0014845062190292913
2021-11-12,TLT,123.8221,-0.0043917943720385155
2021-11-15,TLT,122.2673,-0.012556724526558649
2021-11-16,TLT,121.9563,-0.0025436073259162972
2021-11-17,TLT,122.9228,0.007924969845756191
2021-11-18,TLT,123.3851,0.003760897083372683
2021-11-19,TLT,124.6878,0.010558000925557476
2021-11-22,TLT,123.2253,-0.011729295087410274
2021-11-23,TLT,121.4436,-0.01445888141477436
2021-11-24,TLT,123.3935,0.016056012832294186
2021-11-26,TLT,126.5115,0.025268754026751772
2021-11-29,TLT,125.4945,-0.00803879489216397
2021-11-30,TLT,127.4023,0.015202259859993905
2021-12-01,TLT,128.1883,0.0061694333618780295
2021-12-02,TLT,128.3482,0.0012473837315885028
2021-12-03,TLT,129.8796,0.011931604806300511
2021-12-06,TLT,128.0957,-0.013735028441726138
2021-12-07,TLT,127.0608,-0.008079115848541263
2021-12-08,TLT,124.8645,-0.017285425560046752
2021-12-09,TLT,125.563,0.005594063965338458
2021-12-10,TLT,125.26,-0.002413131256819301
2021-12-13,TLT,127.1112,0.014778859971259717
2021-12-14,TLT,126.8082,-0.0023837395917905013
2021-12-15,TLT,125.5882,-0.009620828936929948
2021-12-16,TLT,125.637,0.0003885715377718313
2021-12-17,TLT,127.0607,0.011331852877735082
2021-12-20,TLT,126.1088,-0.007491694914320446
2021-12-21,TLT,125.6286,-0.003807823086097062
2021-12-22,TLT,126.2099,0.004627131083208669
2021-12-23,TLT,125.1148,-0.008676815368683477
2021-12-27,TLT,125.418,0.002423374372975795
2021-12-28,TLT,124.921,-0.003962748568785979
2021-12-29,TLT,123.5563,-0.010924504286709324
2021-12-30,TLT,124.5924,0.008385650913794063
2021-12-31,TLT,124.8368,0.0019615963734544994
2022-01-03,TLT,121.5598,-0.026250272355587412
2022-01-04,TLT,121.0543,-0.004158447118208453
2022-01-05,TLT,120.3972,-0.005428142577339257
2022-01-06,TLT,120.7089,0.002588930639582987
2022-01-07,TLT,119.8412,-0.0071883680490834045
2022-01-10,TLT,120.1361,0.002460756400970654
2022-01-11,TLT,120.9364,0.006661611289196179
2022-01-12,TLT,120.473,-0.0038317661183895346
2022-01-13,TLT,121.543,0.008881658130867498
2022-01-14,TLT,119.7065,-0.01510987880832304
2022-01-18,TLT,118.0216,-0.014075259071144819
2022-01-19,TLT,118.8388,0.006924156256142844
2022-01-20,TLT,119.5717,0.006167177723100492
2022-01-21,TLT,120.9953,0.011905827214968134
2022-01-24,TLT,120.0013,-0.00821519513567881
2022-01-25,TLT,119.8075,-0.0016149825043562105
2022-01-26,TLT,118.3586,-0.012093566763349606
2022-01-27,TLT,120.532,0.018362839709155088
2022-01-28,TLT,120.5742,0.000350114492416953
2022-01-31,TLT,119.9508,-0.0051702603044432305
2022-02-01,TLT,119.5526,-0.0033196944080406965
2022-02-02,TLT,119.9575,0.0033867937627454214
2022-02-03,TLT,119.0211,-0.007806097993039107
2022-02-04,TLT,117.2665,-0.014741923910970511
2022-02-07,TLT,117.3424,0.000647243671466402
2022-02-08,TLT,116.5578,-0.006686415140648161
2022-02-09,TLT,116.7772,0.0018823279094148937
2022-02-10,TLT,114.9213,-0.015892657128274923
2022-02-11,TLT,116.6254,0.01482840865879509
2022-02-14,TLT,115.1744,-0.012441543608853634
2022-02-15,TLT,113.8668,-0.011353217381640412
2022-02-16,TLT,114.5417,0.005927100787938233
2022-02-17,TLT,115.3937,0.007438339050319653
2022-02-18,TLT,116.6085,0.010527437806396867
2022-02-22,TLT,116.9122,0.0026044413571908454
2022-02-23,TLT,115.3009,-0.013782137364620639
2022-02-24,TLT,115.3769,0.0006591448982620207
2022-02-25,TLT,115.4612,0.0007306488560534508
2022-02-28,TLT,117.992,0.021919051594821548
2022-03-01,TLT,119.3561,0.011560953284968312
2022-03-02,TLT,115.2762,-0.03418258471917224
2022-03-03,TLT,116.4504,0.010185970738105565
2022-03-04,TLT,118.4608,0.017264002528114997
2022-03-07,TLT,117.5569,-0.007630372241281602
2022-03-08,TLT,116.3744,-0.010058958682986785
2022-03-09,TLT,115.234,-0.009799406054939896
2022-03-10,TLT,113.5784,-0.014367287432528575
2022-03-11,TLT,113.9585,0.00334658702711077
2022-03-14,TLT,111.2977,-0.023348850678097666
2022-03-15,TLT,111.1034,-0.001745768331241404
2022-03-16,TLT,112.1931,0.009807980673858907
2022-03-17,TLT,111.3568,-0.007454112596942175
2022-03-18,TLT,112.7168,0.012212994626282336
2022-03-21,TLT,110.1067,-0.02315626419486716
2022-03-22,TLT,108.6961,-0.012811209490430686
2022-03-23,TLT,111.0781,0.02191430971304409
2022-03-24,TLT,110.208,-0.007833227251816566
2022-03-25,TLT,108.6792,-0.013871951219512235
2022-03-28,TLT,109.6083,0.008549013978755848
2022-03-29,TLT,110.4361,0.007552347769283818
2022-03-30,TLT,111.2977,0.007801796695102503
2022-03-31,TLT,111.568,0.00242862161572055
2022-04-01,TLT,111.9927,0.0038066470672595276
2022-04-04,TLT,111.2144,-0.0069495601052568245
2022-04-05,TLT,108.7018,-0.02259239810671987
2022-04-06,TLT,107.8219,-0.008094622168170251
2022-04-07,TLT,107.0098,-0.0075318650478242155
2022-04-08,TLT,105.8508,-0.010830783722612258
2022-04-11,TLT,104.1757,-0.015825104770110343
2022-04-12,TLT,104.0319,-0.001380360295155314
2022-04-13,TLT,104.2434,0.002033030253220325
2022-04-14,TLT,102.1538,-0.020045393761139674
2022-04-18,TLT,101.6462,-0.0049689781486348394
2022-04-19,TLT,100.8848,-0.007490688289380154
2022-04-20,TLT,102.9152,0.020125925808446965
2022-04-21,TLT,102.1538,-0.007398324057087735
2022-04-22,TLT,101.5109,-0.006293451638607617
2022-04-25,TLT,102.5261,0.010000896455454544
2022-04-26,TLT,103.5581,0.010065729604461726
2022-04-27,TLT,102.2299,-0.012825650528543786
2022-04-28,TLT,102.3822,0.0014897794089596683
2022-04-29,TLT,101.054,-0.012972958189997774
2022-05-02,TLT,99.3024,-0.01733330694480173
2022-05-03,TLT,99.9718,0.006741025393142586
2022-05-04,TLT,100.5227,0.005510553976221244
2022-05-05,TLT,97.7685,-0.027398786542741083
2022-05-06,TLT,96.3279,-0.014734807223185431
2022-05-09,TLT,97.1753,0.00879703595739123
2022-05-10,TLT,98.0566,0.009069177043960819
2022-05-11,TLT,99.9464,0.019272542592747355
2022-05-12,TLT,99.76,-0.001864999639806908
2022-05-13,TLT,98.2854,-0.01478147554129916
2022-05-16,TLT,98.1837,-0.0010347416808599297
2022-05-17,TLT,96.9973,-0.012083472103821769
2022-05-18,TLT,99.065,0.021317088207609913
2022-05-19,TLT,99.3024,0.0023964063998385132
2022-05-20,TLT,100.4295,0.011350178847641113
2022-05-23,TLT,98.777,-0.01645432865841212
2022-05-24,TLT,100.7261,0.019732326351276086
2022-05-25,TLT,101.1244,0.003954287915445942
2022-05-26,TLT,100.6667,-0.004526108436737175
2022-05-27,TLT,100.9125,0.0024417210457876592
2022-05-31,TLT,98.777,-0.021161897683636743
2022-06-01,TLT,98.664,-0.0011439910100529138
2022-06-02,TLT,98.715,0.0005169058623206713
2022-06-03,TLT,98.5027,-0.0021506356683381744
2022-06-06,TLT,96.686,-0.01844314927408075
2022-06-07,TLT,97.7302,0.010799908983720297
2022-06-08,TLT,96.8643,-0.008860106701920167
2022-06-09,TLT,97.1869,0.0033304323677556535
2022-06-10,TLT,96.5841,-0.006202482021753886
2022-06-13,TLT,93.5534,-0.031378870849342766
2022-06-14,TLT,92.3734,-0.012613117214339553
2022-06-15,TLT,94.0967,0.01865580351053442
2022-06-16,TLT,94.8438,0.00793970458050075
2022-06-17,TLT,95.1494,0.003222139981738481
2022-06-21,TLT,93.5364,-0.01695228766550283
2022-06-22,TLT,96.1087,0.02750052386022972
2022-06-23,TLT,96.8983,0.008215697434259317
2022-06-24,TLT,95.5569,-0.013843380121219995
2022-06-27,TLT,94.742,-0.008527903270198145
2022-06-28,TLT,95.1834,0.004658968567266886
2022-06-29,TLT,96.669,0.01560776353860005
2022-06-30,TLT,97.518,0.008782546628184784
2022-07-01,TLT,98.5191,0.010265797083615302
2022-07-05,TLT,99.2932,0.007857359638892447
2022-07-06,TLT,97.626,-0.01679067650151267
2022-07-07,TLT,96.7669,-0.008799909860078281
2022-07-08,TLT,95.6951,-0.011076101435511632
2022-07-11,TLT,97.3453,0.01724435211416253
2022-07-12,TLT,97.9237,0.005941735245563962
2022-07-13,TLT,99.0465,0.011466070011652008
2022-07-14,TLT,98.2384,-0.008158794101760236
2022-07-15,TLT,98.7913,0.00562814540953438
2022-07-18,TLT,97.7621,-0.010417921416157161
2022-07-19,TLT,97.2347,-0.005394728632056811
2022-07-20,TLT,97.4899,0.002624577439946929
2022-07-21,TLT,99.1741,0.017275635732521888
2022-07-22,TLT,100.8413,0.016810840733618937
2022-07-25,TLT,99.8546,-0.009784681474752865
2022-07-26,TLT,99.9312,0.0007671153857709001
2022-07-27,TLT,99.3698,-0.005617865091182783
2022-07-28,TLT,100.1608,0.0079601649595753
2022-07-29,TLT,99.8886,-0.002717630050878217
2022-08-01,TLT,102.2943,0.024083829385936006
2022-08-02,TLT,100.1298,-0.02115953674838189
2022-08-03,TLT,101.7063,0.015744563556503666
2022-08-04,TLT,101.6723,-0.0003342959089062125
2022-08-05,TLT,99.2521,-0.02380392692995048
2022-08-08,TLT,100.8541,0.016140716418090895
2022-08-09,TLT,100.4622,-0.003885811285808005
2022-08-10,TLT,99.806,-0.006531809974298808
2022-08-11,TLT,97.4796,-0.023309219886579857
2022-08-12,TLT,98.4681,0.010140583260497493
2022-08-15,TLT,98.3829,-0.0008652548388767833
2022-08-16,TLT,98.7919,0.004157226509891476
2022-08-17,TLT,97.7608,-0.010437090490212242
2022-08-18,TLT,97.9057,0.0014821891801211073
2022-08-19,TLT,96.3292,-0.016102228981560773
2022-08-22,TLT,96.0053,-0.0033624280072915846
2022-08-23,TLT,95.477,-0.005502821198413055
2022-08-24,TLT,94.7782,-0.007319040187689252
2022-08-25,TLT,96.0991,0.01393674916805776
2022-08-26,TLT,96.8234,0.007537011272738203
2022-08-29,TLT,96.0224,-0.00827279356023447
2022-08-30,TLT,96.261,0.0024848368713965563
2022-08-31,TLT,95.3406,-0.009561504659207798
2022-09-01,TLT,93.5951,-0.018308045051111388
2022-09-02,TLT,94.1246,0.00565734744660773
2022-09-06,TLT,91.7932,-0.024769295168319494
2022-09-07,TLT,93.245,0.01581598636936077
2022-09-08,TLT,92.2885,-0.010257922676819242
2022-09-09,TLT,92.4935,0.0022212951776223733
2022-09-12,TLT,91.7335,-0.008216793612524032
2022-09-13,TLT,91.9469,0.0023263039129652885
2022-09-14,TLT,92.2629,0.0034367662205034843
2022-09-15,TLT,92.2032,-0.0006470639878001228
2022-09-16,TLT,91.4346,-0.008335936279868728
2022-09-19,TLT,91.648,0.0023339086079010585
2022-09-20,TLT,90.7343,-0.0099696665502792
2022-09-21,TLT,92.2544,0.016753311592198283
2022-09-22,TLT,89.8974,-0.025548916908028185
2022-09-23,TLT,90.2646,0.004084656508419604
2022-09-26,TLT,88.5396,-0.019110481850027727
2022-09-27,TLT,86.2083,-0.026330591057560637
2022-09-28,TLT,89.0947,0.03348169491800679
2022-09-29,TLT,88.6335,-0.0051765144279065645
2022-09-30,TLT,87.4892,-0.012910468389491614
2022-10-03,TLT,88.8794,0.015889961275220355
2022-10-04,TLT,88.6311,-0.002793673224616766
2022-10-05,TLT,87.7837,-0.009560978031413425
2022-10-06,TLT,87.2958,-0.005557979442652794
2022-10-07,TLT,86.4483,-0.009708370849456638
2022-10-10,TLT,85.1044,-0.015545707665737818
2022-10-11,TLT,85.481,0.004425153106067281
2022-10-12,TLT,85.9005,0.004907523309273465
2022-10-13,TLT,85.0787,-0.009566882614187255
2022-10-14,TLT,84.3768,-0.008250008521521801
2022-10-17,TLT,83.9659,-0.004869822036389082
2022-10-18,TLT,84.1628,0.00234499957720935
2022-10-19,TLT,82.6305,-0.018206380966412805
2022-10-20,TLT,81.2181,-0.01709296204186095
2022-10-21,TLT,79.7543,-0.018023076136969518
2022-10-24,TLT,79.0952,-0.008264131212987857
2022-10-25,TLT,81.3979,0.02911301823625201
2022-10-26,TLT,82.5706,0.014407005586139165
2022-10-27,TLT,83.4352,0.010471039328768361
2022-10-28,TLT,82.8616,-0.006874796249065174
2022-10-31,TLT,82.271,-0.007127547621576191
2022-11-01,TLT,83.0399,0.009345942069502122
2022-11-02,TLT,82.6795,-0.004340082297786929
2022-11-03,TLT,82.2332,-0.0053979523340127455
2022-11-04,TLT,80.8517,-0.016799784028835085
2022-11-07,TLT,80.0451,-0.009976289923402826
2022-11-08,TLT,80.9203,0.010933836049926704
2022-11-09,TLT,81.1864,0.0032884208288896932
2022-11-10,TLT,84.3099,0.038473192554417945
2022-11-11,TLT,84.001,-0.0036638639115927907
2022-11-14,TLT,83.795,-0.002452351757717186
2022-11-15,TLT,85.1509,0.01618115639357942
2022-11-16,TLT,87.013,0.021868236272311936
2022-11-17,TLT,86.0948,-0.010552446186202102
2022-11-18,TLT,85.5026,-0.006878464204574608
2022-11-21,TLT,85.8631,0.00421624605567561
2022-11-22,TLT,87.0816,0.014191195053521177
2022-11-23,TLT,88.6005,0.017442261051703323
2022-11-25,TLT,88.3001,-0.0033905000536114116
2022-11-28,TLT,88.549,0.0028187963547041672
2022-11-29,TLT,87.5106,-0.011726840506386393
2022-11-30,TLT,88.1542,0.007354537621728108
2022-12-01,TLT,90.9704,0.03194629410737093
2022-12-02,TLT,92.1144,0.012575519069939256
2022-12-05,TLT,90.8242,-0.014006496269855728
2022-12-06,TLT,91.994,0.01287982718262315
2022-12-07,TLT,94.1616,0.023562406243885503
2022-12-08,TLT,93.9035,-0.0027410324378516204
2022-12-09,TLT,91.4607,-0.02601393984249778
2022-12-12,TLT,91.7531,0.0031970015536728624
2022-12-13,TLT,92.6391,0.009656349485739346
2022-12-14,TLT,93.0348,0.004271414553898012
2022-12-15,TLT,93.3978,0.003901765790865319
2022-12-16,TLT,92.3545,-0.011170498662709472
2022-12-19,TLT,90.8024,-0.016805894677573874
2022-12-20,TLT,89.1901,-0.01775613860426606
2022-12-21,TLT,89.4142,0.0025126107045512214
2022-12-22,TLT,89.397,-0.00019236318168691646
2022-12-23,TLT,88.0864,-0.014660447218586836
2022-12-27,TLT,86.3447,-0.01977263232462667
2022-12-28,TLT,85.836,-0.005891502315718333
2022-12-29,TLT,86.8103,0.011350715317582472
2022-12-30,TLT,85.8446,-0.011124255992664422
2023-01-03,TLT,87.4828,0.019083320325332
2023-01-04,TLT,88.6813,0.013699835853447695
2023-01-05,TLT,89.0521,0.004181264821332187
2023-01-06,TLT,90.6904,0.018397095632781246
2023-01-09,TLT,91.1732,0.005323606467718678
2023-01-10,TLT,89.6643,-0.016549819464491744
2023-01-11,TLT,91.1215,0.016251730064250847
2023-01-12,TLT,92.9149,0.019681414375312123
2023-01-13,TLT,92.0441,-0.009372016759421786
2023-01-17,TLT,91.4491,-0.006464292659714155
2023-01-18,TLT,93.6651,0.024232059145469886
2023-01-19,TLT,93.0788,-0.006259535301835983
2023-01-20,TLT,91.5698,-0.016212069773138493
2023-01-23,TLT,91.1387,-0.004707884040371368
2023-01-24,TLT,92.4493,0.014380279727492118
2023-01-25,TLT,92.6735,0.0024251130078865035
2023-01-26,TLT,92.2424,-0.004651815243839952
2023-01-27,TLT,92.0096,-0.0025237851573679526
2023-01-30,TLT,91.6733,-0.0036550533857337975
2023-01-31,TLT,92.4062,0.007994694202128727
2023-02-01,TLT,93.5171,0.012021920607058867
2023-02-02,TLT,93.6381,0.001293881012135678
2023-02-03,TLT,92.2376,-0.014956518767467397
2023-02-06,TLT,91.5547,-0.0074037052134920955
2023-02-07,TLT,90.8199,-0.008025803153743016
2023-02-08,TLT,91.2521,0.004758868926303617
2023-02-09,TLT,90.3877,-0.009472658711416004
2023-02-10,TLT,89.3763,-0.01118957557278255
2023-02-13,TLT,90.1283,0.008413863630514884
2023-02-14,TLT,89.9209,-0.0023011640073095085
2023-02-15,TLT,89.0824,-0.00932486218443096
2023-02-16,TLT,87.8203,-0.014167781739153895
2023-02-17,TLT,88.5032,0.007776106435527952
2023-02-21,TLT,86.7829,-0.019437715246454434
2023-02-22,TLT,87.5782,0.009164247795360625
2023-02-23,TLT,88.434,0.009771838197176974
2023-02-24,TLT,87.2843,-0.0130006558563448
2023-02-27,TLT,87.5263,0.0027725490151149224
2023-02-28,TLT,87.924,0.004543777127560489
2023-03-01,TLT,86.9794,-0.010743369273463532
2023-03-02,TLT,86.2081,-0.008867616929985722
2023-03-03,TLT,88.2966,0.024226261801385318
2023-03-06,TLT,87.612,-0.007753412928697134
2023-03-07,TLT,88.1493,0.00613272154499378
2023-03-08,TLT,88.236,0.0009835585761883703
2023-03-09,TLT,88.4526,0.0024547803617571695
2023-03-10,TLT,91.503,0.03448626722108794
2023-03-13,TLT,91.711,0.002273149514223638
2023-03-14,TLT,90.2031,-0.01644186629739064
2023-03-15,TLT,91.945,0.01931086625625933
2023-03-16,TLT,91.2257,-0.007823155147098748
2023-03-17,TLT,92.5949,0.015008928405043642
2023-03-20,TLT,91.7803,-0.00879746076727772
2023-03-21,TLT,90.9917,-0.008592257815675075
2023-03-22,TLT,92.2049,0.013333084226363479
2023-03-23,TLT,92.2049,0.0
2023-03-24,TLT,92.5949,0.004229710134710851
2023-03-27,TLT,90.4198,-0.023490494616874136
2023-03-28,TLT,90.5844,0.0018203977447417419
2023-03-29,TLT,90.4024,-0.002009175972904842
2023-03-30,TLT,90.8184,0.004601647743865067
2023-03-31,TLT,92.1789,0.014980444491424771
2023-04-03,TLT,92.6125,0.0047038964448480325
2023-04-04,TLT,93.0729,0.004971251180996061
2023-04-05,TLT,94.046,0.010455245296966176
2023-04-06,TLT,94.2892,0.0025859685685727385
2023-04-10,TLT,92.7688,-0.016124858414325205
2023-04-11,TLT,92.96,0.0020610377626959497
2023-04-12,TLT,92.8644,-0.001028399311531758
2023-04-13,TLT,92.1346,-0.007858770422250028
2023-04-14,TLT,91.2919,-0.00914640102632458
2023-04-17,TLT,90.2059,-0.011895907523011284
2023-04-18,TLT,90.5274,0.0035640684256794675
2023-04-19,TLT,90.4405,-0.0009599303636247392
2023-04-20,TLT,91.2137,0.008549267197770938
2023-04-21,TLT,90.7011,-0.0056197698372065785
2023-04-24,TLT,91.5786,0.009674634596493314
2023-04-25,TLT,92.9252,0.014704308648527231
2023-04-26,TLT,91.9348,-0.010658034634308144
2023-04-27,TLT,91.0226,-0.009922249246204884
2023-04-28,TLT,92.4908,0.016130060007075064
2023-05-01,TLT,89.8239,-0.028834219187205634
2023-05-02,TLT,92.0623,0.024919870992018867
2023-05-03,TLT,92.5762,0.005582089519814426
2023-05-04,TLT,91.6617,-0.009878348862882746
2023-05-05,TLT,91.3568,-0.0033263620465253663
2023-05-08,TLT,90.0765,-0.01401428246173253
2023-05-09,TLT,89.7543,-0.003576959584353223
2023-05-10,TLT,90.6252,0.009703156283320302
2023-05-11,TLT,91.5833,0.01057211459947105
2023-05-12,TLT,90.8168,-0.00836942979779054
2023-05-15,TLT,89.8762,-0.010357114542683732
2023-05-16,TLT,89.6061,-0.0030052449925563884
2023-05-17,TLT,89.3449,-0.0029149801185410773
2023-05-18,TLT,88.6829,-0.007409488398330444
2023-05-19,TLT,88.0558,-0.0070712617652332055
2023-05-22,TLT,87.7423,-0.0035602424826076673
2023-05-23,TLT,87.9949,0.0028788850987493397
2023-05-24,TLT,87.5594,-0.0049491504621290705
2023-05-25,TLT,87.3417,-0.0024863121492380014
2023-05-26,TLT,88.0471,0.008076325512326843
2023-05-30,TLT,88.9268,0.009991243323175913
2023-05-31,TLT,89.702,0.0087172820791932
2023-06-01,TLT,90.0539,0.0039229894539698495
2023-06-02,TLT,89.0671,-0.010957881890734322
2023-06-05,TLT,88.9011,-0.001863763387378703
2023-06-06,TLT,89.4251,0.005894190285609557
2023-06-07,TLT,88.0977,-0.014843707191828703
2023-06-08,TLT,89.1282,0.011697240677111864
2023-06-09,TLT,89.006,-0.001371058767034472
2023-06-12,TLT,89.2679,0.0029424982585444237
2023-06-13,TLT,88.3859,-0.009880371331687954
2023-06-14,TLT,89.0933,0.008003539026021134
2023-06-15,TLT,89.9491,0.009605660582782338
2023-06-16,TLT,89.5998,-0.0038833073371495885
2023-06-20,TLT,90.2198,0.006919658302808829
2023-06-21,TLT,90.4382,0.0024207546458758777
2023-06-22,TLT,89.3465,-0.012071226539227764
2023-06-23,TLT,90.2373,0.009970172306693614
2023-06-26,TLT,90.3334,0.001064969807385463
2023-06-27,TLT,90.0976,-0.002610330176878062
2023-06-28,TLT,90.4818,0.004264264530908779
2023-06-29,TLT,88.8488,-0.018047828403060184
2023-06-30,TLT,89.8967,0.01179419418157579
2023-07-03,TLT,89.3871,-0.0056687286630098255
2023-07-05,TLT,88.5377,-0.00950248973285861
2023-07-06,TLT,87.2855,-0.014143127729769334
2023-07-07,TLT,86.7601,-0.0060193273796907976
2023-07-10,TLT,86.8739,0.0013116628496279148
2023-07-11,TLT,87.3205,0.005140784516408203
2023-07-12,TLT,88.2925,0.011131406714345538
2023-07-13,TLT,89.2207,0.010512784211569315
2023-07-14,TLT,88.6953,-0.005888767965281483
2023-07-17,TLT,88.7391,0.0004938254901893924
2023-07-18,TLT,89.1419,0.004539149033515155
2023-07-19,TLT,90.1489,0.01129659565254948
2023-07-20,TLT,89.0543,-0.01214213373651818
2023-07-21,TLT,89.0806,0.0002953254362787483
2023-07-24,TLT,88.7566,-0.003637155564735761
2023-07-25,TLT,88.5902,-0.0018747901564504232
2023-07-26,TLT,88.6778,0.000988822691448954
2023-07-27,TLT,86.9528,-0.019452444693034865
2023-07-28,TLT,87.3993,0.005134969776706466
2023-07-31,TLT,87.6095,0.0024050535873856305
2023-08-01,TLT,86.1739,-0.016386350795290383
2023-08-02,TLT,85.2519,-0.010699295262254549
2023-08-03,TLT,83.285,-0.023071626556123825
2023-08-04,TLT,84.7602,0.017712673350543273
2023-08-07,TLT,83.926,-0.009841883336754731
2023-08-08,TLT,84.9006,0.011612611109787174
2023-08-09,TLT,85.3397,0.005171930469278108
2023-08-10,TLT,83.9348,-0.01646244362237037
2023-08-11,TLT,83.7416,-0.002301786624856361
2023-08-14,TLT,83.5572,-0.0022020119032835073
2023-08-15,TLT,83.0479,-0.006095225785449965
2023-08-16,TLT,82.3981,-0.007824400135343579
2023-08-17,TLT,82.0469,-0.004262234202002335
2023-08-18,TLT,82.3367,0.0035321261376115576
2023-08-21,TLT,81.2391,-0.013330628990474436
2023-08-22,TLT,81.8625,0.007673644833583904
2023-08-23,TLT,83.8909,0.02477813406626983
2023-08-24,TLT,83.3377,-0.006594278998079739
2023-08-25,TLT,83.6099,0.003266228849608366
2023-08-28,TLT,83.6977,0.0010501148787405157
2023-08-29,TLT,84.567,0.010386187434063165
2023-08-30,TLT,84.4792,-0.0010382300424514046
2023-08-31,TLT,84.8568,0.004469739296773634
2023-09-01,TLT,83.5348,-0.015579187525336824
2023-09-05,TLT,82.3635,-0.014021701135335185
2023-09-06,TLT,82.566,0.002458613342074978
2023-09-07,TLT,82.795,0.0027735387447618276
2023-09-08,TLT,83.1121,0.003829941421583438
2023-09-11,TLT,82.5132,-0.00720593030377048
2023-09-12,TLT,82.9888,0.005763926256647345
2023-09-13,TLT,82.9712,-0.00021207681036483628
2023-09-14,TLT,82.3723,-0.0072181672676784325
2023-09-15,TLT,81.8703,-0.006094281694210224
2023-09-18,TLT,82.3371,0.005701701349573707
2023-09-19,TLT,81.7294,-0.007380634003383735
2023-09-20,TLT,81.9848,0.0031249464696916363
2023-09-21,TLT,79.8799,-0.025674271328343767
2023-09-22,TLT,80.5228,0.008048332559254634
2023-09-25,TLT,78.5412,-0.02460917901513604
2023-09-26,TLT,78.2682,-0.003475882721425294
2023-09-27,TLT,77.8631,-0.005175792978502014
2023-09-28,TLT,78.1009,0.0030540782475909634
2023-09-29,TLT,78.1097,0.00011267475790943671
2023-10-02,TLT,76.8021,-0.016740558470971
2023-10-03,TLT,75.15,-0.02151113055502374
2023-10-04,TLT,76.2102,0.014107784431137693
2023-10-05,TLT,75.8302,-0.004986209195094515
2023-10-06,TLT,74.9114,-0.012116544595688894
2023-10-09,TLT,76.6696,0.02347039302429277
2023-10-10,TLT,76.5636,-0.0013825557978652814
2023-10-11,TLT,78.1627,0.02088590400660384
2023-10-12,TLT,76.0423,-0.027128029098278383
2023-10-13,TLT,77.4029,0.017892672893902617
2023-10-16,TLT,76.1571,-0.016095004192349438
2023-10-17,TLT,75.3178,-0.011020640229210343
2023-10-18,TLT,74.6552,-0.008797389196179561
2023-10-19,TLT,73.1268,-0.02047278689227261
2023-10-20,TLT,73.542,0.005677808956497499
2023-10-23,TLT,74.4255,0.012013543281390149
2023-10-24,TLT,75.4062,0.013176935324586303
2023-10-25,TLT,73.7275,-0.0222620951592839
2023-10-26,TLT,74.8584,0.015338916957715831
2023-10-27,TLT,74.5404,-0.0042480202622551255
2023-10-30,TLT,74.2046,-0.004504939603221958
2023-10-31,TLT,73.8424,-0.0048810990154248834
2023-11-01,TLT,75.4435,0.021682664702122434
2023-11-02,TLT,77.1633,0.022795867105847467
2023-11-03,TLT,77.6864,0.006779129456619959
2023-11-06,TLT,76.9328,-0.009700539605387859
2023-11-07,TLT,78.0676,0.014750535532308762
2023-11-08,TLT,79.3974,0.01703395518755557
2023-11-09,TLT,77.5711,-0.02300201266036428
2023-11-10,TLT,78.0055,0.0056000237201740966
2023-11-13,TLT,77.8282,-0.002272916653312973
2023-11-14,TLT,79.5924,0.022667876168278367
2023-11-15,TLT,78.4754,-0.014034003246541138
2023-11-16,TLT,79.4506,0.012426824202234066
2023-11-17,TLT,79.8229,0.004685930628592017
2023-11-20,TLT,80.3105,0.006108522742220623
2023-11-21,TLT,80.275,-0.00044203435416290127
2023-11-22,TLT,80.5587,0.0035341015260044184
2023-11-24,TLT,79.6102,-0.011774023165716407
2023-11-27,TLT,80.9399,0.016702633582128756
2023-11-28,TLT,81.0995,0.001971833422082403
2023-11-29,TLT,82.119,0.012570977626249258
2023-11-30,TLT,81.1704,-0.01155152887882216
2023-12-01,TLT,82.6992,0.018834451967712385
2023-12-04,TLT,82.3702,-0.00397827306672871
2023-12-05,TLT,84.1399,0.021484711703990023
2023-12-06,TLT,85.2605,0.013318294887443294
2023-12-07,TLT,84.7713,-0.0057377097249018405
2023-12-08,TLT,84.0777,-0.008182014431771134
2023-12-11,TLT,83.8998,-0.0021158999354168317
2023-12-12,TLT,84.1488,0.0029678259066170387
2023-12-13,TLT,86.1231,0.023462010153442403
2023-12-14,TLT,88.3634,0.02601276544852671
2023-12-15,TLT,88.4616,0.0011113198450942718
2023-12-18,TLT,87.7567,-0.007968429239353703
2023-12-19,TLT,88.2296,0.005388762339513686
2023-12-20,TLT,88.8274,0.006775503912519021
2023-12-21,TLT,88.2653,-0.0063280023956572284
2023-12-22,TLT,87.8638,-0.004548786442690411
2023-12-26,TLT,88.1137,0.002844174734077054
2023-12-27,TLT,89.675,0.0177191515053845
2023-12-28,TLT,89.0237,-0.007262893783105517
2023-12-29,TLT,88.2207,-0.009020069936432784
2024-01-02,TLT,87.7121,-0.005765086878702919
2024-01-03,TLT,88.0779,0.004170462228130445
2024-01-04,TLT,86.7396,-0.015194503956157068
2024-01-05,TLT,85.9099,-0.00956541187646709
2024-01-08,TLT,86.7575,0.009866150466942614
2024-01-09,TLT,86.2043,-0.006376393971702643
2024-01-10,TLT,85.8028,-0.004657540285113337
2024-01-11,TLT,86.2846,0.0056152013687198465
2024-01-12,TLT,86.1151,-0.001964429341968277
2024-01-16,TLT,84.5984,-0.017612474467311734
2024-01-17,TLT,84.4645,-0.001582772251011777
2024-01-18,TLT,83.6794,-0.009295029272653021
2024-01-19,TLT,83.9471,0.00319911471640566
2024-01-22,TLT,84.4467,0.005951366991831852
2024-01-23,TLT,83.7776,-0.007923340994970829
2024-01-24,TLT,83.2868,-0.005858367869215675
2024-01-25,TLT,83.8311,0.006535249283199818
2024-01-26,TLT,83.6705,-0.0019157568014734894
2024-01-29,TLT,84.634,0.01151540865657541
2024-01-30,TLT,85.4014,0.009067277926128936
2024-01-31,TLT,86.24,0.009819511155554794
2024-02-01,TLT,87.9317,0.01961618738404458
2024-02-02,TLT,85.9894,-0.022088734779379893
2024-02-05,TLT,84.253,-0.02019318660206959
2024-02-06,TLT,85.0764,0.00977294577047716
2024-02-07,TLT,84.6647,-0.004839179843058816
2024-02-08,TLT,84.1724,-0.005814701995046301
2024-02-09,TLT,84.0023,-0.002020852440942522
2024-02-12,TLT,84.1008,0.001172586941071918
2024-02-13,TLT,82.6597,-0.017135389913056742
2024-02-14,TLT,83.0804,0.005089541820258114
2024-02-15,TLT,83.5101,0.005172098352920651
2024-02-16,TLT,83.0267,-0.0057885213884307785
2024-02-20,TLT,83.0983,0.0008623731883838914
2024-02-21,TLT,82.5076,-0.007108448668624923
2024-02-22,TLT,82.9103,0.004880762499454683
2024-02-23,TLT,84.0203,0.01338796265361486
2024-02-26,TLT,83.7696,-0.0029838027238656695
2024-02-27,TLT,83.1789,-0.007051484070593639
2024-02-28,TLT,83.7069,0.006347763675643714
2024-02-29,TLT,84.2977,0.007057960574337274
2024-03-01,TLT,84.823,0.0062314867428172604
2024-03-04,TLT,84.4818,-0.0040224938990602865
2024-03-05,TLT,85.6849,0.014240937101245299
2024-03-06,TLT,86.1878,0.005869178816804377
2024-03-07,TLT,86.107,-0.0009374876722690884
2024-03-08,TLT,85.9543,-0.0017733749869348614
2024-03-11,TLT,85.9094,-0.0005223706085675239
2024-03-12,TLT,85.1911,-0.008361133938777354
2024-03-13,TLT,84.7781,-0.004847924254998581
2024-03-14,TLT,83.4762,-0.015356560243742101
2024-03-15,TLT,83.4492,-0.00032344548506046955
2024-03-18,TLT,83.1978,-0.0030126112652967274
2024-03-19,TLT,83.4312,0.002805362641800757
2024-03-20,TLT,83.4043,-0.00032242134836846237
2024-03-21,TLT,83.5839,0.002153366193349715
2024-03-22,TLT,84.383,0.009560453628031151
2024-03-25,TLT,83.961,-0.00500100731189923
2024-03-26,TLT,84.1945,0.0027810531079905942
2024-03-27,TLT,85.0295,0.009917512426583563
2024-03-28,TLT,84.9577,-0.0008444128214325497
2024-04-01,TLT,83.374,-0.018641041365291322
2024-04-02,TLT,82.9145,-0.005511310480485365
2024-04-03,TLT,82.8965,-0.00021709109986789432
2024-04-04,TLT,83.4911,0.007172799816638875
2024-04-05,TLT,82.329,-0.013918848835384967
2024-04-08,TLT,82.3199,-0.00011053213327005817
2024-04-09,TLT,83.0857,0.009302732389130597
2024-04-10,TLT,81.275,-0.021793160555907853
2024-04-11,TLT,80.9056,-0.004545063057520782
2024-04-12,TLT,81.338,0.005344500257089546
2024-04-15,TLT,80.0768,-0.015505667707590431
2024-04-16,TLT,79.5453,-0.006637378117007819
2024-04-17,TLT,80.4282,0.011099335850138337
2024-04-18,TLT,80.0228,-0.005040520613416644
2024-04-19,TLT,80.3111,0.00360272322388111
2024-04-22,TLT,80.1759,-0.0016834534703172865
2024-04-23,TLT,80.203,0.00033800680753204304
2024-04-24,TLT,79.6354,-0.0070770420059099726
2024-04-25,TLT,79.0769,-0.007013212716957651
2024-04-26,TLT,79.4913,0.005240468455389724
2024-04-29,TLT,80.1579,0.008385823354253974
2024-04-30,TLT,79.4732,-0.008541890443736544
2024-05-01,TLT,80.059,0.0073710382871206015
2024-05-02,TLT,80.4026,0.004291834771855907
2024-05-03,TLT,81.2162,0.010119075751281681
2024-05-06,TLT,81.5326,0.0038957744883409973
2024-05-07,TLT,82.0298,0.00609817422724146
2024-05-08,TLT,81.5326,-0.006061211901040697
2024-05-09,TLT,81.9304,0.004879029983098748
2024-05-10,TLT,81.4693,-0.005627947623836893
2024-05-13,TLT,81.6772,0.0025518815062850475
2024-05-14,TLT,82.1383,0.005645394308325891
2024-05-15,TLT,83.2592,0.013646496214311687
2024-05-16,TLT,83.1779,-0.0009764686665258981
2024-05-17,TLT,82.6174,-0.006738568778485554
2024-05-20,TLT,82.3733,-0.0029545834170525698
2024-05-21,TLT,82.7982,0.005158224813137213
2024-05-22,TLT,82.8977,0.001201716945537612
2024-05-23,TLT,82.3643,-0.00643443666108956
2024-05-24,TLT,82.6084,0.002963662654815291
2024-05-28,TLT,81.4241,-0.014336314466809719
2024-05-29,TLT,80.4388,-0.01210083992331501
2024-05-30,TLT,81.2162,0.009664490270864246
2024-05-31,TLT,81.7676,0.006789285881388274
2024-06-03,TLT,83.0902,0.016175110924131264
2024-06-04,TLT,84.0608,0.011681281306339386
2024-06-05,TLT,84.6776,0.007337546157067276
2024-06-06,TLT,84.5506,-0.0014998063242226412
2024-06-07,TLT,82.9995,-0.018345227591525126
2024-06-10,TLT,82.4462,-0.006666305218706037
2024-06-11,TLT,83.2988,0.010341289228612105
2024-06-12,TLT,83.9247,0.007513913765864633
2024-06-13,TLT,85.1584,0.01470008233571285
2024-06-14,TLT,85.875,0.008414906808958289
2024-06-17,TLT,85.0223,-0.00992954876273655
2024-06-18,TLT,85.8024,0.009175239907647903
2024-06-20,TLT,85.2309,-0.006660652848871407
2024-06-21,TLT,85.2309,0.0
2024-06-24,TLT,85.5756,0.004044307874256692
2024-06-25,TLT,85.7208,0.0016967453339502558
2024-06-26,TLT,84.4962,-0.014285914270515399
2024-06-27,TLT,84.8318,0.003971776245558889
2024-06-28,TLT,83.2535,-0.01860505140760893
2024-07-01,TLT,81.8166,-0.017259334442395913
2024-07-02,TLT,82.4536,0.007785706079206367
2024-07-03,TLT,83.5365,0.013133447175138535
2024-07-05,TLT,84.228,0.008277818678062765
2024-07-08,TLT,84.4101,0.002161988887305899
2024-07-09,TLT,84.037,-0.004420087169663245
2024-07-10,TLT,84.3008,0.003139093494532119
2024-07-11,TLT,85.1199,0.00971639652292744
2024-07-12,TLT,85.4838,0.004275145999936614
2024-07-15,TLT,84.5011,-0.011495745392694379
2024-07-16,TLT,85.6931,0.014106325243103512
2024-07-17,TLT,85.7113,0.00021238582803051465
2024-07-18,TLT,85.0561,-0.007644266275275147
2024-07-19,TLT,84.5556,-0.005884351622047146
2024-07-22,TLT,84.31,-0.0029045976848368626
2024-07-23,TLT,84.1917,-0.0014031550231289325
2024-07-24,TLT,83.2817,-0.010808666412484791
2024-07-25,TLT,83.9642,0.008195077670124506
2024-07-26,TLT,84.6194,0.007803325703097164
2024-07-29,TLT,85.0743,0.005375835801246565
2024-07-30,TLT,85.4019,0.0038507516370984707
2024-07-31,TLT,86.2755,0.010229280613194724
2024-08-01,TLT,87.0196,0.008624696466551951
2024-08-02,TLT,89.7313,0.031161945125006474
2024-08-05,TLT,90.2061,0.005291353184451841
2024-08-06,TLT,88.1883,-0.02236877550409566
2024-08-07,TLT,87.5674,-0.007040616499013996
2024-08-08,TLT,87.0288,-0.006150690782186108
2024-08-09,TLT,87.887,0.009861103450811592
2024-08-12,TLT,88.2066,0.0036364877626953174
2024-08-13,TLT,88.8183,0.006934855214915769
2024-08-14,TLT,89.3752,0.006270104246534958
2024-08-15,TLT,88.6539,-0.008070471450693395
2024-08-16,TLT,88.9643,0.0035012560079139554
2024-08-19,TLT,89.3752,0.004618706604784251
2024-08-20,TLT,90.0874,0.00796865349671938
2024-08-21,TLT,90.1421,0.0006071881306375371
2024-08-22,TLT,89.2474,-0.009925439944265757
2024-08-23,TLT,89.8317,0.006546969435524241
2024-08-26,TLT,89.6035,-0.0025403059276402074
2024-08-27,TLT,89.4482,-0.001733191225789188
2024-08-28,TLT,89.3387,-0.0012241722024590729
2024-08-29,TLT,89.0465,-0.0032706990363639
2024-08-30,TLT,88.097,-0.010662968224466995
2024-09-03,TLT,89.5378,0.016354699933028405
2024-09-04,TLT,90.692,0.012890645068339701
2024-09-05,TLT,91.2049,0.005655405107396483
2024-09-06,TLT,91.1958,-9.977534101779373e-05
2024-09-09,TLT,91.5896,0.0043181813197537
2024-09-10,TLT,92.2308,0.007000794850070324
2024-09-11,TLT,92.1576,-0.0007936611197126853
2024-09-12,TLT,91.7271,-0.004671345607958677
2024-09-13,TLT,91.9744,0.002696040755676421
2024-09-16,TLT,92.8171,0.009162332127200523
2024-09-17,TLT,92.3682,-0.004836393293908059
2024-09-18,TLT,91.2233,-0.012394958438077253
2024-09-19,TLT,90.921,-0.0033138463528504802
2024-09-20,TLT,90.5729,-0.0038285984536026163
2024-09-23,TLT,90.3806,-0.002123151627031916
2024-09-24,TLT,90.3622,-0.00020358351239091466
2024-09-25,TLT,89.6111,-0.008312103954972394
2024-09-26,TLT,89.8218,0.002351271215284667
2024-09-27,TLT,90.2889,0.005200296587242859
2024-09-30,TLT,89.8584,-0.004768027963570232
2024-10-01,TLT,90.5072,0.0072202487469172905
2024-10-02,TLT,89.7445,-0.008426953877702537
2024-10-03,TLT,88.8991,-0.009420075882087486
2024-10-04,TLT,87.8055,-0.0123015868552101
2024-10-07,TLT,87.1439,-0.007534835517137184
2024-10-08,TLT,87.2909,0.0016868650588279799
2024-10-09,TLT,86.7947,-0.0056844413335179755
2024-10-10,TLT,86.4547,-0.0039172898806033585
2024-10-11,TLT,86.1054,-0.004040266174077267
2024-10-14,TLT,86.1698,0.0007479205717642046
2024-10-15,TLT,87.2174,0.01215739156873985
2024-10-16,TLT,87.585,0.004214755312586638
2024-10-17,TLT,86.1973,-0.015844037220985263
2024-10-18,TLT,86.2617,0.0007471231697513403
2024-10-21,TLT,84.7546,-0.0174712531749317
2024-10-22,TLT,84.8373,0.0009757582479299476
2024-10-23,TLT,84.6076,-0.002707535482623702
2024-10-24,TLT,85.1497,0.006407225828412466
2024-10-25,TLT,84.6719,-0.00561129399164062
2024-10-28,TLT,84.4421,-0.0027140054728900243
2024-10-29,TLT,84.5708,0.001524121261787803
2024-10-30,TLT,84.8189,0.0029336366689212134
2024-10-31,TLT,84.9568,0.0016258168875098455
2024-11-01,TLT,83.759,-0.014098930279859867
2024-11-04,TLT,85.0591,0.015521914062966324
2024-11-05,TLT,85.5109,0.0053116009927216545
2024-11-06,TLT,83.1689,-0.027388321254951276
2024-11-07,TLT,84.2108,0.012527519301084977
2024-11-08,TLT,85.2804,0.012701458720259184
2024-11-11,TLT,84.8655,-0.00486512727426236
2024-11-12,TLT,83.5931,-0.014993136197865908
2024-11-13,TLT,82.8001,-0.00948642890382112
2024-11-14,TLT,83.2796,0.005791055807903733
2024-11-15,TLT,83.0583,-0.0026573134357033013
2024-11-18,TLT,83.2058,0.001775861051815264
2024-11-19,TLT,83.6299,0.0050970004494879095
2024-11-20,TLT,83.3625,-0.0031974210180809592
2024-11-21,TLT,83.298,-0.0007737291947818026
2024-11-22,TLT,83.3441,0.000553434656294316
2024-11-25,TLT,85.5017,0.02588785528909665
2024-11-26,TLT,85.1698,-0.0038817941631570374
2024-11-27,TLT,85.7599,0.006928512219120053
2024-11-29,TLT,86.645,0.010320674347801262
2024-12-02,TLT,86.8532,0.002402908419412597
2024-12-03,TLT,86.1038,-0.008628352208093548
2024-12-04,TLT,87.029,0.010745170364141687
2024-12-05,TLT,87.2048,0.0020200163164003637
2024-12-06,TLT,87.3343,0.0014850099994494492
2024-12-09,TLT,86.5294,-0.00921631020114666
2024-12-10,TLT,86.1223,-0.004704759307241235
2024-12-11,TLT,85.3081,-0.009453997396725367
2024-12-12,TLT,84.2718,-0.012147732747535112
2024-12-13,TLT,83.4113,-0.010211007715510978
2024-12-16,TLT,83.6611,0.0029947980669287055
2024-12-17,TLT,83.8647,0.0024336280541374933
2024-12-18,TLT,82.816,-0.01250466525248406
2024-12-19,TLT,81.5621,-0.015140794049459005
2024-12-20,TLT,82.0265,0.0056938210271682
2024-12-23,TLT,81.2741,-0.00917264542556362
2024-12-24,TLT,81.6178,0.004228899489505222
2024-12-26,TLT,81.5713,-0.0005697286621302311
2024-12-27,TLT,80.9025,-0.008198962134966514
2024-12-30,TLT,81.5528,0.008038070516980245
2024-12-31,TLT,81.1162,-0.005353586878684702
2025-01-02,TLT,81.3391,0.0027479097886735637
2025-01-03,TLT,81.079,-0.0031977240957916653
2025-01-06,TLT,80.7168,-0.0044672479926983755
2025-01-07,TLT,79.8065,-0.011277701791944206
2025-01-08,TLT,79.9087,0.0012805974450702529
2025-01-10,TLT,79.3793,-0.0066250608506958075
2025-01-13,TLT,79.3514,-0.0003514770223471686
2025-01-14,TLT,79.2214,-0.0016382823743499308
2025-01-15,TLT,80.5868,0.017235241992693773
2025-01-16,TLT,80.8468,0.0032263348339927056
2025-01-17,TLT,80.9862,0.0017242488261748345
2025-01-21,TLT,81.7107,0.00894596857242358
2025-01-22,TLT,81.2834,-0.005229425277228139
2025-01-23,TLT,80.6518,-0.007770344252332029
2025-01-24,TLT,81.014,0.00449091030826354
2025-01-27,TLT,81.9707,0.011809070037277491
2025-01-28,TLT,81.915,-0.0006795110935978732
2025-01-29,TLT,81.7478,-0.0020411402063115203
2025-01-30,TLT,82.0543,0.003749336373578327
2025-01-31,TLT,81.5156,-0.0065651647750329944
2025-02-03,TLT,82.1793,0.008141999813532586
2025-02-04,TLT,82.431,0.0030628150884712824
2025-02-05,TLT,83.7919,0.01650956557605765
2025-02-06,TLT,83.7546,-0.0004451504262344974
2025-02-07,TLT,83.214,-0.006454570853421715
2025-02-10,TLT,82.9623,-0.0030247314153868388
2025-02-11,TLT,82.431,-0.0064041136757297945
2025-02-12,TLT,81.3124,-0.013570137448290054
2025-02-13,TLT,82.664,0.016622310988237965
2025-02-14,TLT,83.1022,0.005300977450885425
2025-02-18,TLT,82.1234,-0.01177826820469241
2025-02-19,TLT,82.2259,0.0012481217290076785
2025-02-20,TLT,82.5335,0.0037409137510202584
2025-02-21,TLT,83.5309,0.01208478981262151
2025-02-24,TLT,83.7733,0.0029019201277611373
2025-02-25,TLT,85.2182,0.017247738838030546
2025-02-26,TLT,85.7215,0.005906015381690777
2025-02-27,TLT,85.1156,-0.007068238423266093
2025-02-28,TLT,86.1596,0.012265671627762709
2025-03-03,TLT,86.5617,0.004666920459240886
2025-03-04,TLT,85.4957,-0.012314915256978587
2025-03-05,TLT,84.8131,-0.00798402726686831
2025-03-06,TLT,84.5326,-0.0033072721077286316
2025-03-07,TLT,84.2614,-0.003208229724390388
2025-03-10,TLT,85.1404,0.01043182287500577
2025-03-11,TLT,84.5326,-0.007138796622989774
2025-03-12,TLT,84.0276,-0.005974026588558723
2025-03-13,TLT,84.7663,0.008791159095344891
2025-03-14,TLT,84.3175,-0.005294556917076809
2025-03-17,TLT,84.7383,0.004990660301835259
2025-03-18,TLT,84.8224,0.0009924673966790198
2025-03-19,TLT,85.2619,0.005181414343381041
2025-03-20,TLT,85.318,0.0006579726700906008
2025-03-21,TLT,84.8131,-0.005917860240511885
2025-03-24,TLT,83.9435,-0.010253133065528885
2025-03-25,TLT,83.9341,-0.00011198008184076791
2025-03-26,TLT,83.3824,-0.006573013828706009
2025-03-27,TLT,83.1393,-0.0029154833633956434
2025-03-28,TLT,84.2894,0.013833409711171418
2025-03-31,TLT,85.1217,0.009874313970677173
2025-04-01,TLT,85.8593,0.008665240473345825
2025-04-02,TLT,85.803,-0.0006557239576843177
2025-04-03,TLT,86.1971,0.004593079496054919
2025-04-04,TLT,87.1356,0.010887837293829916
2025-04-07,TLT,84.5079,-0.030156445815487487
2025-04-08,TLT,82.9126,-0.01887752505978746
2025-04-09,TLT,83.4006,0.00588571580194075
2025-04-10,TLT,81.1013,-0.027569346023889496
2025-04-11,TLT,81.5424,0.005438877058690839
2025-04-14,TLT,82.1242,0.007134938387881595
2025-04-15,TLT,82.4152,0.00354341351270393
2025-04-16,TLT,82.875,0.005579067938923821
2025-04-17,TLT,82.143,-0.008832579185520384
2025-04-21,TLT,80.7072,-0.01747927394908877
2025-04-22,TLT,81.1576,0.005580666904563714
2025-04-23,TLT,81.9459,0.00971319999605691
2025-04-24,TLT,82.8093,0.010536219627827581
2025-04-25,TLT,83.4193,0.007366322381665125
2025-04-28,TLT,83.9448,0.006299501434320343
2025-04-29,TLT,84.6487,0.008385272226510754
2025-04-30,TLT,83.9636,-0.008093449751738757
2025-05-01,TLT,83.5379,-0.00507005416632933
2025-05-02,TLT,82.6336,-0.010825026724396891
2025-05-05,TLT,82.1721,-0.005584895248421984
2025-05-06,TLT,82.4453,0.00332472943979778
2025-05-07,TLT,82.7938,0.004227045083224912
2025-05-08,TLT,81.8707,-0.011149385582012283
2025-05-09,TLT,81.9932,0.0014962617884053397
2025-05-12,TLT,81.2302,-0.009305649736807475
2025-05-13,TLT,80.9005,-0.004058835260777438
2025-05-14,TLT,80.3636,-0.006636547363736756
2025-05-15,TLT,81.0701,0.00879129357072106
2025-05-16,TLT,81.2867,0.0026717618456126857
2025-05-19,TLT,81.0512,-0.0028971529167748367
2025-05-20,TLT,80.4673,-0.007204088280000742
2025-05-21,TLT,79.0921,-0.017090172032614426
2025-05-22,TLT,79.5065,0.005239461336846496
2025-05-23,TLT,79.6384,0.0016589838566658521
2025-05-27,TLT,80.7498,0.01395557921806545
2025-05-28,TLT,80.4013,-0.004315800162972394
2025-05-29,TLT,81.1454,0.009254825481677331
2025-05-30,TLT,81.2679,0.0015096357895827417
2025-06-02,TLT,80.5115,-0.009307487950346971
2025-06-03,TLT,80.3697,-0.0017612390776473585
2025-06-04,TLT,81.6744,0.01623372987581151
2025-06-05,TLT,81.7311,0.0006942199759041312
2025-06-06,TLT,80.6912,-0.012723430860468121
2025-06-09,TLT,80.7763,0.0010546379282996288
2025-06-10,TLT,81.1922,0.005148787453745696
2025-06-11,TLT,81.438,0.0030273844039205855
2025-06-12,TLT,82.4118,0.011957562808516897
2025-06-13,TLT,81.6177,-0.009635756044644062
2025-06-16,TLT,80.7952,-0.01007747094073963
2025-06-17,TLT,81.7784,0.01216903974493544
2025-06-18,TLT,81.9202,0.0017339541981744588
2025-06-20,TLT,81.7689,-0.001846919319044571
2025-06-23,TLT,82.0337,0.0032383950377221637
2025-06-24,TLT,82.6293,0.007260430774181925
2025-06-25,TLT,82.7333,0.0012586334387438836
2025-06-26,TLT,83.1492,0.005026996384768889
2025-06-27,TLT,82.6198,-0.006366868232045464
2025-06-30,TLT,83.4329,0.009841466573388136
2025-07-01,TLT,83.6397,0.002478638522693144
2025-07-02,TLT,83.1083,-0.006353442205077275
2025-07-03,TLT,82.5295,-0.0069644066838089325
2025-07-07,TLT,81.7419,-0.009543254230305553
2025-07-08,TLT,81.6375,-0.0012771907675255267
2025-07-09,TLT,82.4915,0.010460878885316216
2025-07-10,TLT,82.5485,0.0006909802828169997
2025-07-11,TLT,81.4098,-0.013794314857326295
2025-07-14,TLT,81.2389,-0.002099255863544758
2025-07-15,TLT,80.6696,-0.007007726594033148
2025-07-16,TLT,80.7834,0.0014106925037435936
2025-07-17,TLT,80.7645,-0.00023395895691447066
2025-07-18,TLT,80.8878,0.0015266608472781495
2025-07-21,TLT,81.609,0.008916054089739056
2025-07-22,TLT,82.1025,0.006047127155093257
2025-07-23,TLT,81.647,-0.005547943119880605
2025-07-24,TLT,81.5046,-0.0017440934755718063
2025-07-25,TLT,82.0171,0.0062879886534013
2025-07-28,TLT,81.4857,-0.006479136667841279
2025-07-29,TLT,82.8616,0.01688517126317879
2025-07-30,TLT,82.4346,-0.005153171070797491
2025-07-31,TLT,82.482,0.0005750012737368859
2025-08-01,TLT,83.6547,0.014217647486724383
2025-08-04,TLT,83.8833,0.002732661763176436
2025-08-05,TLT,84.1405,0.0030661645404985727
2025-08-06,TLT,83.6547,-0.005773676172592279
2025-08-07,TLT,83.5118,-0.001708212449509805
2025-08-08,TLT,83.1498,-0.004334716770564073
2025-08-11,TLT,83.245,0.0011449215752774577
2025-08-12,TLT,82.8259,-0.005034536608805373
2025-08-13,TLT,83.5118,0.008281226041612522
2025-08-14,TLT,82.8926,-0.007414521061694157
2025-08-15,TLT,82.302,-0.007124882076325223
2025-08-18,TLT,82.0639,-0.0028930038152171766
2025-08-19,TLT,82.5401,0.005802795138909911
2025-08-20,TLT,82.7211,0.0021928735245051456
2025-08-21,TLT,82.3115,-0.004951578255124933
2025-08-22,TLT,82.9212,0.007407227422656648
2025-08-25,TLT,82.683,-0.00287260676401202
2025-08-26,TLT,82.6354,-0.0005756927058766514
2025-08-27,TLT,82.5401,-0.0011532587728746435
2025-08-28,TLT,83.0831,0.006578620573515215
2025-08-29,TLT,82.4925,-0.007108545540549072
2025-09-02,TLT,81.8787,-0.007440676425129689
2025-09-03,TLT,82.7775,0.010977213854152623
2025-09-04,TLT,83.4085,0.007622844371961035
2025-09-05,TLT,84.6803,0.015247846442508761
2025-09-08,TLT,85.8086,0.013324232436587868
2025-09-09,TLT,85.3209,-0.00568357950135534
2025-09-10,TLT,85.8086,0.005716067223857202
2025-09-11,TLT,86.3823,0.006685810047011742
2025-09-12,TLT,86.0094,-0.004316856578257422
2025-09-15,TLT,86.2102,0.0023346285406014022
2025-09-16,TLT,86.3919,0.00210763923526458
2025-09-17,TLT,86.1719,-0.0025465350339558546
2025-09-18,TLT,85.2827,-0.010318909064323645
2025-09-19,TLT,85.1201,-0.0019066000490135515
2025-09-22,TLT,84.8142,-0.003593745778024182
2025-09-23,TLT,85.407,0.006989395643653973
2025-09-24,TLT,85.0819,-0.0038064795625650794
2025-09-25,TLT,85.0819,0.0
2025-09-26,TLT,85.0054,-0.0008991336582752085
2025-09-29,TLT,85.7034,0.008211243050441519
2025-09-30,TLT,85.4548,-0.002900701722452048
2025-10-01,TLT,85.6755,0.00258265188146245
2025-10-02,TLT,85.925,0.0029121510816978446
2025-10-03,TLT,85.7618,-0.0018993308117545293
2025-10-06,TLT,85.0806,-0.007942930302302309
2025-10-07,TLT,85.5699,0.005751017270682057
2025-10-08,TLT,85.6371,0.0007853228763852194
2025-10-09,TLT,85.5699,-0.0007847066283187543
2025-10-10,TLT,86.9517,0.01614820164567221
2025-10-13,TLT,86.9037,-0.0005520306100973427
2025-10-14,TLT,87.1819,0.003201244596029884
2025-10-15,TLT,86.99,-0.00220114496242918
2025-10-16,TLT,87.6425,0.007500862168065225
2025-10-17,TLT,87.5082,-0.0015323615825655335
2025-10-20,TLT,87.844,0.003837354670762183
2025-10-21,TLT,88.2758,0.004915532079595719
2025-10-22,TLT,88.3334,0.0006525004587893957
2025-10-23,TLT,87.7289,-0.006843391061591708
2025-10-24,TLT,87.7673,0.0004377120880350027
2025-10-27,TLT,88.0647,0.0033885057418878706
2025-10-28,TLT,88.295,0.0026151227449817682
2025-10-29,TLT,87.4026,-0.010107027578005523
2025-10-30,TLT,86.8941,-0.005817904730523016
2025-10-31,TLT,86.635,-0.0029817904782947213
2025-11-03,TLT,86.4183,-0.0025012985513938046
2025-11-04,TLT,86.6109,0.0022286946167651145
2025-11-05,TLT,85.6672,-0.010895857218895189
2025-11-06,TLT,86.4376,0.008992940121773652
2025-11-07,TLT,86.2546,-0.0021171342101123924
2025-11-10,TLT,86.2354,-0.00022259682382153034
2025-11-11,TLT,86.6302,0.0045781662751027685
2025-11-12,TLT,86.7843,0.001778825398071282
2025-11-13,TLT,86.0717,-0.008211162618123269
2025-11-14,TLT,85.5805,-0.005706869970036665
2025-11-17,TLT,85.7924,0.0024760313389147193
2025-11-18,TLT,85.7635,-0.0003368596752160169
2025-11-19,TLT,85.5902,-0.0020206731301777303
2025-11-20,TLT,85.9272,0.003937366661136421
2025-11-21,TLT,86.1872,0.0030258172034001163
2025-11-24,TLT,86.6784,0.005699222158278561
2025-11-25,TLT,86.8998,0.0025542695758113965
2025-11-26,TLT,87.285,0.004432691444629322
2025-11-28,TLT,86.8709,-0.0047442286761756325
2025-12-01,TLT,85.7895,-0.012448357274990829
2025-12-02,TLT,85.8282,0.00045110415610283283
2025-12-03,TLT,86.0698,0.002814925630503895
2025-12-04,TLT,85.6059,-0.0053898115250644585
2025-12-05,TLT,85.2097,-0.004628185674118379
2025-12-08,TLT,84.9294,-0.0032895315908869627
2025-12-09,TLT,85.0164,0.0010243802499487753
2025-12-10,TLT,85.3449,0.003863960365294128
2025-12-11,TLT,85.229,-0.0013580190497615163
2025-12-12,TLT,84.4075,-0.00963873798824344
2025-12-15,TLT,84.4655,0.0006871427302077571
2025-12-16,TLT,84.9294,0.005492183199057532
2025-12-17,TLT,84.8521,-0.0009101677393223984
2025-12-18,TLT,85.258,0.004783617612292401
2025-12-19,TLT,84.9398,-0.003732201083769149
2025-12-22,TLT,84.7554,-0.002170949307627401
2025-12-23,TLT,84.8912,0.0016022577912440106
2025-12-24,TLT,85.4054,0.006057164935823867
2025-12-26,TLT,85.1241,-0.0032937027401077623
2025-12-29,TLT,85.4443,0.0037615669358030956
2025-12-30,TLT,85.2405,-0.002385179584828978
2025-12-31,TLT,84.5614,-0.007966870208410248
2026-01-02,TLT,84.4353,-0.0014912241282666328
2026-01-05,TLT,84.8524,0.004939877041948204
2026-01-06,TLT,84.6778,-0.0020576907665545985
2026-01-07,TLT,85.1726,0.005843326113810221
2026-01-08,TLT,84.7457,-0.005012175277025799
2026-01-09,TLT,85.3084,0.006639864913500215
2026-01-12,TLT,85.0562,-0.002956332553417984
2026-01-13,TLT,85.2017,0.0017106336751464557
2026-01-14,TLT,85.6965,0.005807395861819664
2026-01-15,TLT,85.6771,-0.00022638030724708713
2026-01-16,TLT,85.1823,-0.005775172128841821
2026-01-20,TLT,84.0666,-0.013097791442588491
2026-01-21,TLT,84.7069,0.007616580187613353
2026-01-22,TLT,85.0756,0.004352656041007208
2026-01-23,TLT,85.3084,0.002736389752173496
2026-01-26,TLT,85.7159,0.00477678634225942
2026-01-27,TLT,85.1823,-0.006225216091763741
2026-01-28,TLT,84.9883,-0.0022774684412137924
2026-01-29,TLT,85.0077,0.000228266714359604
2026-01-30,TLT,84.5323,-0.005592434567691984
2026-02-02,TLT,84.2908,-0.002856896121364305
2026-02-03,TLT,84.4953,0.0024261247965375876
2026-02-04,TLT,84.281,-0.002536235743289761
2026-02-05,TLT,85.1965,0.010862471968771104
2026-02-06,TLT,85.2549,0.0006854741685398125
2026-02-09,TLT,85.2354,-0.00022872585622657482
2026-02-10,TLT,86.2191,0.011540979452199451
2026-02-11,TLT,85.7613,-0.005309728354853993
2026-02-12,TLT,86.9008,0.013286878813637326
2026-02-13,TLT,87.378,0.005491318837110848
2026-02-17,TLT,87.5241,0.0016720455950010038
2026-02-18,TLT,87.193,-0.003782958065264408
2026-02-19,TLT,87.2806,0.0010046678059019154
2026-02-20,TLT,87.0761,-0.0023430178069354657
2026-02-23,TLT,87.3975,0.0036910242879504285
2026-02-24,TLT,87.5533,0.0017826596870620381
2026-02-25,TLT,87.563,0.00011078965612965064
2026-02-26,TLT,87.9137,0.004005116316252444
2026-02-27,TLT,88.4493,0.006092338281746601
2026-03-02,TLT,87.5611,-0.010041911015689187
2026-03-03,TLT,87.3852,-0.0020088829400269903
2026-03-04,TLT,87.1116,-0.0031309649688963104
2026-03-05,TLT,86.7598,-0.004038497743124925
2026-03-06,TLT,86.4374,-0.0037160067220072257
2026-03-09,TLT,87.1898,0.008704565384891394
2026-03-10,TLT,86.2615,-0.010646887594649934
2026-03-11,TLT,85.1476,-0.01291306086724675
2026-03-12,TLT,84.9814,-0.0019519046925574601
2026-03-13,TLT,84.5613,-0.004943434681000669
2026-03-16,TLT,85.216,0.00774231238166867
2026-03-17,TLT,85.4505,0.002751830642133024
2026-03-18,TLT,84.9717,-0.005603243983358874
2026-03-19,TLT,85.4896,0.006094970443100367
2026-03-20,TLT,83.8675,-0.018974237802024896
2026-03-23,TLT,84.4147,0.006524577458490999
2026-03-24,TLT,84.0434,-0.004398523006064026
2026-03-25,TLT,84.8544,0.009649776187065084
2026-03-26,TLT,84.1411,-0.008406163970283265
2026-03-27,TLT,83.6818,-0.005458687846961796
2026-03-30,TLT,84.7958,0.013312333147709632
2026-03-31,TLT,84.7078,-0.0010377872488966933
2026-04-01,TLT,84.6245,-0.00098338051513569
2026-04-02,TLT,85.1444,0.0061436108928265565
2026-04-06,TLT,85.0071,-0.0016125546718281925
2026-04-07,TLT,84.9973,-0.00011528448800157687
2026-04-08,TLT,85.2719,0.003230690857239038
2026-04-09,TLT,85.0561,-0.0025307281765739598
2026-04-10,TLT,84.8501,-0.002421930937346106
2026-04-13,TLT,85.1052,0.0030064784838201852
2026-04-14,TLT,85.5564,0.005301673693264286
2026-04-15,TLT,85.1836,-0.004357359589697518
2026-04-16,TLT,84.6441,-0.0063333787254824525
2026-04-17,TLT,85.4191,0.009155983701167658
2026-04-20,TLT,85.3995,-0.00022945687791131597
2026-04-21,TLT,84.9286,-0.005514083806111292
2026-04-22,TLT,85.0954,0.0019640027034473206
2026-04-23,TLT,84.909,-0.002190482681790007
2026-04-24,TLT,85.0659,0.0018478606508143258
2026-04-27,TLT,84.6441,-0.004958508638596704
2026-04-28,TLT,84.7324,0.0010431914333073333
2026-04-29,TLT,84.0751,-0.007757363181026267
2026-04-30,TLT,83.9966,-0.0009336890470543757
2026-05-01,TLT,84.2969,0.003575144708238165
2026-05-04,TLT,83.6569,-0.007592212762272399
2026-05-05,TLT,84.1197,0.00553211988491098
2026-05-06,TLT,84.7597,0.007608205925603739
2026-05-07,TLT,84.3363,-0.004995298473213117
2026-05-08,TLT,84.7597,0.005020376753545053
2026-05-11,TLT,84.2477,-0.006040606561844797
2026-05-12,TLT,83.6864,-0.006662496424234554
2026-05-13,TLT,83.4993,-0.002235727669011922
2026-05-14,TLT,83.6175,0.0014155807294193856
2026-05-15,TLT,82.3768,-0.014837803091458213
2026-05-18,TLT,82.2783,-0.0011957250099542405
2026-05-19,TLT,81.7466,-0.00646221421687132
2026-05-20,TLT,82.623,0.010720935182625402
2026-05-21,TLT,82.9282,0.003693886690146808
2026-05-22,TLT,83.3812,0.005462556765973403
2026-05-26,TLT,83.7947,0.004959151463399314
2026-05-27,TLT,83.9917,0.002350984012115198
2026-05-28,TLT,84.4249,0.0051576524823286896
2026-05-29,TLT,84.4446,0.0002333434804187018
2026-06-01,TLT,84.4901,0.000538814796920084
2026-06-02,TLT,84.668,0.002105572132119704
2026-06-03,TLT,84.3319,-0.00396962252562949
2026-06-04,TLT,84.5197,0.00222691531911412
2026-06-05,TLT,84.0848,-0.005145545949642449
2026-06-08,TLT,83.6498,-0.0051733488097730485
2026-06-09,TLT,84.1441,0.00590915937635228
2026-06-10,TLT,83.9068,-0.0028201620790998527
2026-06-11,TLT,84.9942,0.012959617098971643
2026-06-12,TLT,84.7866,-0.002442519607220195
2026-06-15,TLT,84.7372,-0.0005826392378041056
2026-06-16,TLT,85.2018,0.005482833985545943
2026-06-17,TLT,85.3402,0.0016243788276772975
2026-06-18,TLT,85.7554,0.00486523350074175
2026-06-22,TLT,85.103,-0.00760768418082125
2026-06-23,TLT,85.2117,0.0012772757717118832
2026-06-24,TLT,86.3782,0.01368943466683592
2026-06-25,TLT,86.3485,-0.0003438367551072963
2026-06-26,TLT,86.3584,0.00011465167316160318
2026-06-29,TLT,86.4474,0.001030588802015675
2026-06-30,TLT,85.4292,-0.011778260537621765
2026-07-01,TLT,84.8517,-0.00675998370580555
2026-07-02,TLT,84.8418,-0.00011667415031146877
2026-07-06,TLT,84.7823,-0.0007013052528352937
2026-07-07,TLT,83.8893,-0.010532858863229744
2026-07-08,TLT,83.7008,-0.002247008855718269
2026-07-09,TLT,83.8298,0.0015412039072506545
2026-07-10,TLT,83.8099,-0.0002373857506520194
2026-07-13,TLT,83.3139,-0.005918155253734847
2026-07-14,TLT,83.423,0.0013095053766538634
2026-07-15,TLT,83.5817,0.0019023530680986056
2026-07-16,TLT,83.552,-0.00035534094185674103
2026-07-17,TLT,83.8595,0.003680342780543633
2026-07-20,TLT,83.2345,-0.007452942123432615
2026-07-21,TLT,83.0063,-0.0027416515987961354
2026-07-22,TLT,82.788,-0.0026299208614285474
2026-07-23,TLT,82.5201,-0.0032359762284388527
2026-07-24,TLT,82.5995,0.0009621898179958954
2026-07-27,TLT,83.0956,0.006006089625239852
2026-07-28,TLT,83.5817,0.0058498885620899
2026-07-29,TLT,82.2026,-0.01650002333046585
2026-07-30,TLT,82.153,-0.0006033872407928964
2026-07-31,TLT,81.6073,-0.006642484145436112
2026-08-03,TLT,81.8763,0.003296273740216904
2026-08-04,TLT,82.5039,0.007665221804111777
2026-08-05,TLT,82.6832,0.0021732305987958167
2026-08-06,TLT,82.205,-0.005783520715211821
2026-08-07,TLT,82.4441,0.002908582203029031
2026-08-10,TLT,81.7467,-0.008459064990702814
2026-08-11,TLT,81.8763,0.0015853850981140116
2026-08-12,TLT,81.7966,-0.0009734196586802524
2026-08-13,TLT,82.2747,0.0058449862219212
2026-08-14,TLT,81.7268,-0.006659398332658717
2026-08-17,TLT,81.0395,-0.008409726062931555
2026-08-18,TLT,81.3483,0.0038104874783284615
2026-08-19,TLT,82.7031,0.01665431238268056
2026-08-20,TLT,82.0257,-0.008190744966029118
2026-08-21,TLT,81.7368,-0.00352206686440959
2026-08-24,TLT,82.2448,0.006215070812657153
2026-08-25,TLT,83.1514,0.011023189308017045
2026-08-26,TLT,82.982,-0.0020372477192205363
2026-08-27,TLT,82.8127,-0.0020402014894795872
2026-08-28,TLT,82.5636,-0.003007992735413967
2026-08-31,TLT,82.205,-0.0043433183630557926
2026-09-01,TLT,81.87,-0.0040751779088862294
2026-09-02,TLT,81.95,0.0009771589104679013
2026-09-03,TLT,82.07,0.0014643075045759346
2026-09-04,TLT,82.21,0.0017058608504934014
2026-09-08,TLT,82.2,-0.00012163970319900574
2026-09-09,TLT,81.73,-0.005717761557177625
2026-09-10,TLT,80.78,-0.011623638810718262
2026-09-11,TLT,80.87,0.001114137162664175
2026-09-14,TLT,80.93,0.0007419314949919098
2026-09-15,TLT,80.71,-0.0027183986160881357
2026-09-16,TLT,80.88,0.0021063065295503502
2026-09-17,TLT,81.78,0.011127596439169274
2026-09-18,TLT,81.25,-0.006480802152115439
2026-09-21,TLT,81.8,0.006769230769230639
2026-09-22,TLT,81.75,-0.0006112469437652424
2026-09-23,TLT,80.46,-0.01577981651376159
2026-09-24,TLT,79.42,-0.012925677355207443
2021-09-27,VNQ,85.8686,
2021-09-28,VNQ,85.2874,-0.006768481144446281
2021-09-29,VNQ,85.9267,0.0074958317406790265
2021-09-30,VNQ,84.5069,-0.0165233856298449
2021-10-01,VNQ,85.7025,0.014147957149061252
2021-10-04,VNQ,85.7191,0.0001936932994952567
2021-10-05,VNQ,85.1296,-0.006877113735445195
2021-10-06,VNQ,85.9433,0.009558367477352059
2021-10-07,VNQ,86.1758,0.002705271964190459
2021-10-08,VNQ,85.3621,-0.009442326035847604
2021-10-11,VNQ,85.578,0.0025292254993727337
2021-10-12,VNQ,86.6988,0.013096823950080605
2021-10-13,VNQ,87.3299,0.007279224164578935
2021-10-14,VNQ,88.3927,0.012169944085588247
2021-10-15,VNQ,88.3262,-0.0007523245697892422
2021-10-18,VNQ,88.5504,0.0025383181887139727
2021-10-19,VNQ,88.5919,0.00046865965596998294
2021-10-20,VNQ,89.9868,0.01574523178755638
2021-10-21,VNQ,90.1113,0.0013835362519836192
2021-10-22,VNQ,90.5348,0.00469974353937852
2021-10-25,VNQ,90.8254,0.0032098154521797984
2021-10-26,VNQ,91.0745,0.0027426248604465187
2021-10-27,VNQ,90.3023,-0.008478772872758
2021-10-28,VNQ,91.5644,0.013976388198307266
2021-10-29,VNQ,90.5348,-0.011244544823097224
2021-11-01,VNQ,90.9831,0.004951687086070633
2021-11-02,VNQ,91.4149,0.004745936333231171
2021-11-03,VNQ,91.7221,0.0033605025001393063
2021-11-04,VNQ,90.8503,-0.009504797644188212
2021-11-05,VNQ,91.3153,0.005118310011084093
2021-11-08,VNQ,91.2405,-0.0008191398374641778
2021-11-09,VNQ,91.3983,0.0017294951255200086
2021-11-10,VNQ,90.9748,-0.004633565394542405
2021-11-11,VNQ,91.1243,0.00164331221393188
2021-11-12,VNQ,91.0579,-0.0007286750076543891
2021-11-15,VNQ,91.6972,0.007020807639974036
2021-11-16,VNQ,91.0911,-0.006609798336263295
2021-11-17,VNQ,91.3734,0.003099095301297261
2021-11-18,VNQ,91.39,0.00018167212777453479
2021-11-19,VNQ,90.8503,-0.005905460115986361
2021-11-22,VNQ,90.402,-0.004934491135417329
2021-11-23,VNQ,91.1326,0.008081679608858083
2021-11-24,VNQ,92.2369,0.012117507895089252
2021-11-26,VNQ,89.6713,-0.0278153320417317
2021-11-29,VNQ,90.3355,0.00740705220064819
2021-11-30,VNQ,88.6251,-0.018933863209922963
2021-12-01,VNQ,87.1638,-0.016488556853532566
2021-12-02,VNQ,89.7792,0.030005575709182164
2021-12-03,VNQ,89.4803,-0.0033292789421157654
2021-12-06,VNQ,91.0496,0.01753793851831076
2021-12-07,VNQ,92.3614,0.01440753171897513
2021-12-08,VNQ,93.0257,0.0071923985561066495
2021-12-09,VNQ,91.6806,-0.014459445078080613
2021-12-10,VNQ,91.9629,0.003079168330050175
2021-12-13,VNQ,92.8264,0.009389656046079553
2021-12-14,VNQ,91.6391,-0.012790542345712086
2021-12-15,VNQ,92.926,0.014043132243769296
2021-12-16,VNQ,92.8928,-0.0003572735294751217
2021-12-17,VNQ,92.7766,-0.0012509042681455584
2021-12-20,VNQ,92.0542,-0.0077864461512925365
2021-12-21,VNQ,93.0921,0.011274879364548296
2021-12-22,VNQ,94.0469,0.010256509413795412
2021-12-23,VNQ,93.9473,-0.0010590460716939365
2021-12-27,VNQ,95.5422,0.016976538974510236
2021-12-28,VNQ,95.8942,0.0036842358664548325
2021-12-29,VNQ,96.5395,0.006729291239720547
2021-12-30,VNQ,96.9585,0.0043401923564965195
2021-12-31,VNQ,97.2267,0.0027661319017928676
2022-01-03,VNQ,96.4641,-0.007843524463958862
2022-01-04,VNQ,96.3467,-0.0012170330724072809
2022-01-05,VNQ,93.5894,-0.02861852040599211
2022-01-06,VNQ,93.6732,0.0008954005474979265
2022-01-07,VNQ,93.053,-0.006620890500164345
2022-01-10,VNQ,92.5167,-0.005763382158554764
2022-01-11,VNQ,92.6591,0.0015391815747858306
2022-01-12,VNQ,92.7681,0.0011763550476964202
2022-01-13,VNQ,92.5837,-0.0019877522553551907
2022-01-14,VNQ,91.7456,-0.009052349387635106
2022-01-18,VNQ,90.7818,-0.01050513594112401
2022-01-19,VNQ,89.5582,-0.013478472557274745
2022-01-20,VNQ,88.41,-0.012820713234522385
2022-01-21,VNQ,88.1921,-0.0024646533197602016
2022-01-24,VNQ,88.3597,0.001900396974332308
2022-01-25,VNQ,88.0078,-0.003982584820908186
2022-01-26,VNQ,86.6333,-0.015617933864952804
2022-01-27,VNQ,85.2002,-0.016542137953881597
2022-01-28,VNQ,87.9574,0.03236142638162831
2022-01-31,VNQ,89.0386,0.012292314233935953
2022-02-01,VNQ,88.7201,-0.0035771002688721465
2022-02-02,VNQ,89.8516,0.01275359247791652
2022-02-03,VNQ,88.8961,-0.010634201283004407
2022-02-04,VNQ,88.0161,-0.0098991969276494
2022-02-07,VNQ,87.8904,-0.001428147804776514
2022-02-08,VNQ,87.4797,-0.004672865295868522
2022-02-09,VNQ,89.4576,0.02260981690609376
2022-02-10,VNQ,87.3457,-0.023607832090286385
2022-02-11,VNQ,86.5495,-0.009115503110055823
2022-02-14,VNQ,85.7617,-0.009102305617016748
2022-02-15,VNQ,86.5327,0.008990027016722024
2022-02-16,VNQ,86.935,0.004649109527380846
2022-02-17,VNQ,86.0131,-0.010604474607465386
2022-02-18,VNQ,85.4935,-0.006040940275376605
2022-02-22,VNQ,85.1834,-0.0036271763350429476
2022-02-23,VNQ,83.7754,-0.016529042043402886
2022-02-24,VNQ,85.1834,0.01680684305894098
2022-02-25,VNQ,87.2367,0.02410446166741398
2022-02-28,VNQ,85.9377,-0.014890521993610406
2022-03-01,VNQ,85.4851,-0.005266605924989842
2022-03-02,VNQ,87.0858,0.01872490059671228
2022-03-03,VNQ,87.7982,0.008180438142613156
2022-03-04,VNQ,88.2005,0.004582098494046782
2022-03-07,VNQ,86.4573,-0.019764060294442776
2022-03-08,VNQ,86.0382,-0.004847479622889006
2022-03-09,VNQ,87.3624,0.015390838023110476
2022-03-10,VNQ,87.5803,0.002494208034577783
2022-03-11,VNQ,86.8847,-0.00794242540845369
2022-03-14,VNQ,86.2059,-0.007812652860630154
2022-03-15,VNQ,86.7841,0.006707197535203546
2022-03-16,VNQ,87.815,0.011878904084964947
2022-03-17,VNQ,89.1727,0.015460912144850125
2022-03-18,VNQ,89.1727,0.0
2022-03-21,VNQ,88.6279,-0.0061094931520522255
2022-03-22,VNQ,88.8542,0.00255337201942063
2022-03-23,VNQ,87.8573,-0.011219503411206366
2022-03-24,VNQ,88.4135,0.006330720384077448
2022-03-25,VNQ,89.5174,0.012485649815921818
2022-03-28,VNQ,90.4696,0.010637038162413237
2022-03-29,VNQ,93.1241,0.029341347811861596
2022-03-30,VNQ,92.4499,-0.007239801512175625
2022-03-31,VNQ,91.3207,-0.012214183033188775
2022-04-01,VNQ,93.0988,0.019470941418539223
2022-04-04,VNQ,92.6437,-0.004888355166769109
2022-04-05,VNQ,92.1887,-0.004911289164832522
2022-04-06,VNQ,93.2841,0.011882150415397863
2022-04-07,VNQ,92.3572,-0.009936312833591088
2022-04-08,VNQ,92.5089,0.0016425357200087198
2022-04-11,VNQ,91.5145,-0.010749236019453212
2022-04-12,VNQ,91.3797,-0.0014729906189728803
2022-04-13,VNQ,92.0286,0.007101139530989897
2022-04-14,VNQ,91.6325,-0.004304096769917276
2022-04-18,VNQ,91.2617,-0.0040465991869695905
2022-04-19,VNQ,93.2505,0.021792274305650672
2022-04-20,VNQ,94.801,0.01662725669031273
2022-04-21,VNQ,94.1437,-0.0069334711659160275
2022-04-22,VNQ,92.4921,-0.017543393769312243
2022-04-25,VNQ,92.2561,-0.002551569269159115
2022-04-26,VNQ,90.7393,-0.01644118925469429
2022-04-27,VNQ,90.141,-0.006593614894538469
2022-04-28,VNQ,91.8011,0.018416702721292255
2022-04-29,VNQ,87.5877,-0.04589705352114526
2022-05-02,VNQ,85.4725,-0.024149509577258033
2022-05-03,VNQ,86.5343,0.012422709058469206
2022-05-04,VNQ,87.5287,0.011491397052960428
2022-05-05,VNQ,85.1945,-0.026667824382174077
2022-05-06,VNQ,84.1833,-0.01186931081231768
2022-05-09,VNQ,80.4755,-0.044044365093789506
2022-05-10,VNQ,79.0093,-0.01821920957309986
2022-05-11,VNQ,78.8407,-0.00213392600617901
2022-05-12,VNQ,79.4559,0.0078030763298651
2022-05-13,VNQ,81.5541,0.026407101297700963
2022-05-16,VNQ,81.0401,-0.006302564800543586
2022-05-17,VNQ,82.144,0.013621651503391563
2022-05-18,VNQ,79.7592,-0.029031943903389146
2022-05-19,VNQ,79.4053,-0.00443710568812139
2022-05-20,VNQ,79.9109,0.006367333162899724
2022-05-23,VNQ,80.8378,0.011599168573999341
2022-05-24,VNQ,81.5204,0.008444069482345995
2022-05-25,VNQ,82.2114,0.008476405905761153
2022-05-26,VNQ,82.3125,0.001229756457133746
2022-05-27,VNQ,84.5203,0.026822171602126188
2022-05-31,VNQ,83.4838,-0.012263326088525539
2022-06-01,VNQ,82.7928,-0.008277054949583085
2022-06-02,VNQ,83.9305,0.01374153308017112
2022-06-03,VNQ,82.8097,-0.013353905910246988
2022-06-06,VNQ,82.5485,-0.0031542198558864865
2022-06-07,VNQ,83.6861,0.01378098935777139
2022-06-08,VNQ,81.7563,-0.02305998248215657
2022-06-09,VNQ,79.8182,-0.023705818389530786
2022-06-10,VNQ,78.0486,-0.022170382193534954
2022-06-13,VNQ,74.147,-0.04998936560040779
2022-06-14,VNQ,73.5824,-0.007614603422930077
2022-06-15,VNQ,75.3267,0.023705396942747203
2022-06-16,VNQ,73.3465,-0.026288155461476448
2022-06-17,VNQ,73.9026,0.007581820536767259
2022-06-21,VNQ,74.9307,0.013911553856021275
2022-06-22,VNQ,75.8829,0.012707741953565055
2022-06-23,VNQ,77.3246,0.018999010317212406
2022-06-24,VNQ,78.9698,0.021276540712787506
2022-06-27,VNQ,78.8511,-0.001503106250744013
2022-06-28,VNQ,77.8928,-0.012153286384083528
2022-06-29,VNQ,77.4094,-0.0062059651212947875
2022-06-30,VNQ,77.2652,-0.0018628228613064568
2022-07-01,VNQ,78.656,0.018000341680342702
2022-07-05,VNQ,78.4355,-0.0028033462164361866
2022-07-06,VNQ,78.2914,-0.0018371783184910617
2022-07-07,VNQ,78.5033,0.0027065552538336757
2022-07-08,VNQ,78.0878,-0.005292771131914176
2022-07-11,VNQ,77.9182,-0.0021719141786553653
2022-07-12,VNQ,77.6129,-0.003918211663000437
2022-07-13,VNQ,77.2398,-0.004807190557239771
2022-07-14,VNQ,76.5444,-0.009003130510436441
2022-07-15,VNQ,77.8419,0.01695094611754744
2022-07-18,VNQ,77.2907,-0.007081019348191608
2022-07-19,VNQ,79.292,0.02589315402758685
2022-07-20,VNQ,79.1055,-0.0023520657821721747
2022-07-21,VNQ,79.733,0.00793244464670595
2022-07-22,VNQ,80.1486,0.005212396372894501
2022-07-25,VNQ,80.2842,0.0016918573749260535
2022-07-26,VNQ,80.3691,0.001057493255210984
2022-07-27,VNQ,80.8524,0.006013505190427759
2022-07-28,VNQ,83.4729,0.032410911735458514
2022-07-29,VNQ,83.9224,0.0053849812334303415
2022-08-01,VNQ,83.2439,-0.00808484981363733
2022-08-02,VNQ,82.1754,-0.012835775354110068
2022-08-03,VNQ,82.4383,0.00319925427804435
2022-08-04,VNQ,82.3111,-0.0015429721379505157
2022-08-05,VNQ,82.5401,0.0027821278053627996
2022-08-08,VNQ,83.2779,0.008938685560109683
2022-08-09,VNQ,83.7358,0.005498457573978044
2022-08-10,VNQ,85.0079,0.015191829540053492
2022-08-11,VNQ,84.8043,-0.002395071516882674
2022-08-12,VNQ,86.263,0.01720077873409731
2022-08-15,VNQ,86.6107,0.004030696822507673
2022-08-16,VNQ,86.3817,-0.002644015115915277
2022-08-17,VNQ,85.8644,-0.0059885369239085495
2022-08-18,VNQ,85.2962,-0.006617410708046667
2022-08-19,VNQ,84.3973,-0.01053857029973193
2022-08-22,VNQ,82.557,-0.02180519992938157
2022-08-23,VNQ,81.4969,-0.012840825126882116
2022-08-24,VNQ,81.9634,0.005724144108548934
2022-08-25,VNQ,83.1846,0.014899333116976665
2022-08-26,VNQ,81.0899,-0.025181343662168287
2022-08-29,VNQ,80.3606,-0.00899372178286073
2022-08-30,VNQ,79.2496,-0.013825182987683093
2022-08-31,VNQ,78.8765,-0.004707910197654042
2022-09-01,VNQ,79.0207,0.0018281744245753906
2022-09-02,VNQ,77.9182,-0.013952040414726863
2022-09-06,VNQ,78.6221,0.009033832917084927
2022-09-07,VNQ,80.157,0.019522500670930754
2022-09-08,VNQ,80.3775,0.002750851454021541
2022-09-09,VNQ,81.251,0.010867469130042773
2022-09-12,VNQ,82.0397,0.009706957452831233
2022-09-13,VNQ,78.9019,-0.03824733635057176
2022-09-14,VNQ,78.003,-0.011392628060921228
2022-09-15,VNQ,76.5613,-0.018482622463238507
2022-09-16,VNQ,76.5698,0.00011102214826541612
2022-09-19,VNQ,76.4596,-0.001439209714535039
2022-09-20,VNQ,74.6024,-0.02428995181769189
2022-09-21,VNQ,73.4236,-0.015801100232700427
2022-09-22,VNQ,72.4907,-0.012705724045129707
2022-09-23,VNQ,71.5272,-0.013291360133093066
2022-09-26,VNQ,69.5213,-0.02804387701461819
2022-09-27,VNQ,68.5955,-0.013316782050968534
2022-09-28,VNQ,70.0185,0.020744801043800276
2022-09-29,VNQ,67.9612,-0.02938223469511625
2022-09-30,VNQ,68.7241,0.01122552279830269
2022-10-03,VNQ,69.9499,0.017836537692017762
2022-10-04,VNQ,71.3643,0.020220186161810094
2022-10-05,VNQ,69.9671,-0.01957841665931004
2022-10-06,VNQ,68.0212,-0.0278116429007349
2022-10-07,VNQ,66.3839,-0.02407043686380128
2022-10-10,VNQ,65.7581,-0.009426984554989914
2022-10-11,VNQ,66.4267,0.010167568710166552
2022-10-12,VNQ,65.7324,-0.010452122414631448
2022-10-13,VNQ,66.9325,0.018257358623753328
2022-10-14,VNQ,65.2695,-0.024845926866619572
2022-10-17,VNQ,67.7297,0.03769294999961703
2022-10-18,VNQ,68.4669,0.010884442128047178
2022-10-19,VNQ,66.761,-0.024915689187037793
2022-10-20,VNQ,66.4696,-0.0043648237743592055
2022-10-21,VNQ,66.9925,0.00786675412519422
2022-10-24,VNQ,66.9839,-0.00012837257902009735
2022-10-25,VNQ,69.6156,0.039288545456445334
2022-10-26,VNQ,69.5727,-0.0006162411873201767
2022-10-27,VNQ,69.6756,0.0014790284120065333
2022-10-28,VNQ,71.21,0.022022056501845633
2022-10-31,VNQ,71.1329,-0.001082713102092181
2022-11-01,VNQ,71.1072,-0.00036129554678632214
2022-11-02,VNQ,69.1527,-0.027486668016741045
2022-11-03,VNQ,69.0584,-0.001363648852466981
2022-11-04,VNQ,70.0014,0.01365510929879643
2022-11-07,VNQ,70.0014,0.0
2022-11-08,VNQ,70.2157,0.003061367344081578
2022-11-09,VNQ,69.4956,-0.010255541139659652
2022-11-10,VNQ,74.579,0.07314707693724487
2022-11-11,VNQ,74.5704,-0.00011531396237529634
2022-11-14,VNQ,72.7531,-0.024370259513158077
2022-11-15,VNQ,73.5417,0.010839400657841392
2022-11-16,VNQ,72.8731,-0.009091440638440695
2022-11-17,VNQ,72.3759,-0.006822819394261992
2022-11-18,VNQ,73.2931,0.012672726694935577
2022-11-21,VNQ,73.6789,0.005263797001354931
2022-11-22,VNQ,74.0817,0.005466965440580562
2022-11-23,VNQ,74.1418,0.0008112664801158687
2022-11-25,VNQ,74.6132,0.006358086801237617
2022-11-28,VNQ,72.6159,-0.02676872188835233
2022-11-29,VNQ,73.816,0.016526683550021515
2022-11-30,VNQ,75.5048,0.022878508724395896
2022-12-01,VNQ,75.3419,-0.0021574787298291875
2022-12-02,VNQ,75.119,-0.0029585131248348606
2022-12-05,VNQ,73.7475,-0.01825769778617925
2022-12-06,VNQ,73.0531,-0.009415912403810345
2022-12-07,VNQ,73.1988,0.0019944396610138693
2022-12-08,VNQ,73.7131,0.007026071465652262
2022-12-09,VNQ,73.576,-0.0018599136381457493
2022-12-12,VNQ,74.1418,0.007690007611177663
2022-12-13,VNQ,75.5133,0.018498336970507845
2022-12-14,VNQ,74.999,-0.006810720760448863
2022-12-15,VNQ,73.996,-0.01337351164682199
2022-12-16,VNQ,72.0844,-0.025833828855613694
2022-12-19,VNQ,71.1672,-0.012723973564321978
2022-12-20,VNQ,70.9872,-0.002529255050079171
2022-12-21,VNQ,71.5958,0.00857337660874058
2022-12-22,VNQ,71.295,-0.004201363767148303
2022-12-23,VNQ,71.9296,0.008901044954064075
2022-12-27,VNQ,71.9035,-0.0003628547913515634
2022-12-28,VNQ,70.6778,-0.01704645810009231
2022-12-29,VNQ,72.2252,0.0218937205176164
2022-12-30,VNQ,71.7036,-0.007221856083472367
2023-01-03,VNQ,71.7731,0.0009692679307595764
2023-01-04,VNQ,73.3988,0.022650547349912342
2023-01-05,VNQ,71.4254,-0.026885998136209288
2023-01-06,VNQ,73.3467,0.026899394333108395
2023-01-09,VNQ,73.3727,0.0003544808423554535
2023-01-10,VNQ,73.5379,0.0022515186165972256
2023-01-11,VNQ,76.172,0.03581962498249203
2023-01-12,VNQ,77.137,0.012668697159061049
2023-01-13,VNQ,76.6589,-0.006198063186278913
2023-01-17,VNQ,76.8762,0.0028346349869354803
2023-01-18,VNQ,75.7547,-0.014588390164966492
2023-01-19,VNQ,75.3375,-0.005507249055174079
2023-01-20,VNQ,76.2329,0.011885183341629357
2023-01-23,VNQ,76.5806,0.004561022865455788
2023-01-24,VNQ,76.7719,0.002498021692177943
2023-01-25,VNQ,76.8066,0.00045198829259152085
2023-01-26,VNQ,77.6673,0.011206068228511556
2023-01-27,VNQ,78.5366,0.01119261259242954
2023-01-30,VNQ,77.5369,-0.012729097007000645
2023-01-31,VNQ,79.1626,0.020966791295499165
2023-02-01,VNQ,79.6494,0.006149368514930087
2023-02-02,VNQ,81.4576,0.02270199147765073
2023-02-03,VNQ,79.9276,-0.018782777788690086
2023-02-06,VNQ,79.3451,-0.007287845500177581
2023-02-07,VNQ,79.1713,-0.0021904314192054963
2023-02-08,VNQ,78.7974,-0.004722670967888698
2023-02-09,VNQ,77.9368,-0.010921680156959379
2023-02-10,VNQ,78.2063,0.0034579300150889836
2023-02-13,VNQ,78.9018,0.008893145437132155
2023-02-14,VNQ,78.2758,-0.007933912787794317
2023-02-15,VNQ,78.5888,0.003998681584857611
2023-02-16,VNQ,77.8238,-0.009734211490695865
2023-02-17,VNQ,77.5195,-0.003910114900583239
2023-02-21,VNQ,75.9634,-0.020073658885828682
2023-02-22,VNQ,75.2766,-0.009041196154990327
2023-02-23,VNQ,75.8417,0.007506980921029971
2023-02-24,VNQ,74.5116,-0.017537845275092723
2023-02-27,VNQ,74.6246,0.001516542390715081
2023-02-28,VNQ,74.5203,-0.0013976624330314102
2023-03-01,VNQ,73.5814,-0.012599251479127216
2023-03-02,VNQ,74.442,0.011695890537554154
2023-03-03,VNQ,75.5722,0.015182289567717167
2023-03-06,VNQ,75.2766,-0.003911491262659994
2023-03-07,VNQ,73.5205,-0.023328630676730966
2023-03-08,VNQ,74.3638,0.011470270196747734
2023-03-09,VNQ,72.6599,-0.022913030264725687
2023-03-10,VNQ,70.2518,-0.0331420769915729
2023-03-13,VNQ,71.1733,0.013117101625865768
2023-03-14,VNQ,71.8601,0.00964968604799843
2023-03-15,VNQ,71.8079,-0.0007264114578187097
2023-03-16,VNQ,71.6514,-0.002179425940599944
2023-03-17,VNQ,70.0258,-0.022687623689139236
2023-03-20,VNQ,70.8255,0.011420076600338724
2023-03-21,VNQ,70.5126,-0.00441790033250733
2023-03-22,VNQ,67.8785,-0.03735644409651617
2023-03-23,VNQ,67.4525,-0.006275919473765601
2023-03-24,VNQ,69.1823,0.02564471294614723
2023-03-27,VNQ,69.1032,-0.0011433560318173663
2023-03-28,VNQ,68.9364,-0.0024137811273572396
2023-03-29,VNQ,70.4642,0.02216245698934083
2023-03-30,VNQ,71.3862,0.013084658592590337
2023-03-31,VNQ,72.914,0.021401895604472587
2023-04-03,VNQ,72.3345,-0.007947719230874672
2023-04-04,VNQ,72.2379,-0.0013354623312528124
2023-04-05,VNQ,71.8516,-0.00534760838839432
2023-04-06,VNQ,72.3433,0.006843271409404883
2023-04-10,VNQ,72.6769,0.004611346178568176
2023-04-11,VNQ,72.9843,0.004229679581820411
2023-04-12,VNQ,72.633,-0.004813363970059492
2023-04-13,VNQ,72.4135,-0.003022042322360363
2023-04-14,VNQ,71.2896,-0.01552058663094602
2023-04-17,VNQ,72.7735,0.02081509785438551
2023-04-18,VNQ,72.6067,-0.00229204312009168
2023-04-19,VNQ,73.0369,0.005925073030450312
2023-04-20,VNQ,72.3169,-0.009858030666690332
2023-04-21,VNQ,72.3257,0.00012168663203193653
2023-04-24,VNQ,72.0535,-0.003763530805785509
2023-04-25,VNQ,71.3423,-0.009870443489906844
2023-04-26,VNQ,70.6574,-0.009600195115660681
2023-04-27,VNQ,72.2555,0.02261758853283591
2023-04-28,VNQ,73.1423,0.012273114157399956
2023-05-01,VNQ,72.5979,-0.007443025444920481
2023-05-02,VNQ,71.3686,-0.01693299668447701
2023-05-03,VNQ,71.0876,-0.003937305761917753
2023-05-04,VNQ,71.676,0.008277111620029531
2023-05-05,VNQ,72.8701,0.016659690830961527
2023-05-08,VNQ,72.4487,-0.005782893120772292
2023-05-09,VNQ,72.1413,-0.004243002289896158
2023-05-10,VNQ,72.835,0.00961585111440999
2023-05-11,VNQ,72.036,-0.010970000686483017
2023-05-12,VNQ,72.0272,-0.00012216114165153336
2023-05-15,VNQ,71.9043,-0.0017062998422816555
2023-05-16,VNQ,70.1042,-0.02503466412996158
2023-05-17,VNQ,71.0525,0.013527006941095987
2023-05-18,VNQ,70.7101,-0.004818971886984991
2023-05-19,VNQ,70.5959,-0.001615045092568046
2023-05-22,VNQ,71.0262,0.0060952548235804205
2023-05-23,VNQ,70.3589,-0.009395124615986794
2023-05-24,VNQ,68.8486,-0.021465656796794685
2023-05-25,VNQ,68.8398,-0.00012781668763062193
2023-05-26,VNQ,69.6301,0.011480277397668326
2023-05-30,VNQ,69.8935,0.003782846786088312
2023-05-31,VNQ,70.2447,0.005024787712734291
2023-06-01,VNQ,70.2535,0.00012527635536918602
2023-06-02,VNQ,71.9657,0.02437173948628879
2023-06-05,VNQ,71.4652,-0.006954702031662374
2023-06-06,VNQ,72.1501,0.009583685486082683
2023-06-07,VNQ,73.476,0.01837696690649082
2023-06-08,VNQ,73.0194,-0.006214274048668922
2023-06-09,VNQ,72.5979,-0.005772438557424597
2023-06-12,VNQ,72.6155,0.00024243125489853412
2023-06-13,VNQ,73.0808,0.00640772286908442
2023-06-14,VNQ,73.3531,0.003726012851528626
2023-06-15,VNQ,73.7394,0.0052663077634074185
2023-06-16,VNQ,73.6867,-0.000714678991149964
2023-06-20,VNQ,72.8174,-0.01179724427881823
2023-06-21,VNQ,72.3784,-0.006028778835827753
2023-06-22,VNQ,71.3423,-0.01431504426735053
2023-06-23,VNQ,70.3589,-0.013784248615477668
2023-06-26,VNQ,71.9833,0.023087342184144433
2023-06-27,VNQ,72.8701,0.012319524111842561
2023-06-28,VNQ,72.9755,0.0014464094326753774
2023-06-29,VNQ,73.7906,0.01116950209316836
2023-06-30,VNQ,74.1991,0.0055359354714557
2023-07-03,VNQ,74.9272,0.009812787486640717
2023-07-05,VNQ,75.096,0.002252853436402358
2023-07-06,VNQ,74.5188,-0.0076861617130074
2023-07-07,VNQ,74.3501,-0.00226385824785158
2023-07-10,VNQ,74.6697,0.004298581979042426
2023-07-11,VNQ,75.7353,0.014270848818195292
2023-07-12,VNQ,76.1438,0.005393785988832223
2023-07-13,VNQ,76.6322,0.006414179486708083
2023-07-14,VNQ,76.4812,-0.0019704510636520123
2023-07-17,VNQ,75.9839,-0.006502251533710202
2023-07-18,VNQ,75.5666,-0.005491952900548824
2023-07-19,VNQ,76.419,0.01128011581836419
2023-07-20,VNQ,76.1704,-0.003253117680158013
2023-07-21,VNQ,76.5256,0.004663228760778404
2023-07-24,VNQ,77.1561,0.008239072937683556
2023-07-25,VNQ,76.6055,-0.007136182362768362
2023-07-26,VNQ,76.9518,0.004520563144943868
2023-07-27,VNQ,75.2824,-0.021694099423275492
2023-07-28,VNQ,75.2203,-0.0008248939991286619
2023-07-31,VNQ,75.7087,0.006492928105843676
2023-08-01,VNQ,75.5844,-0.0016418192360982964
2023-08-02,VNQ,75.1492,-0.005757801874460955
2023-08-03,VNQ,74.3323,-0.010870375200268123
2023-08-04,VNQ,73.7285,-0.008122982875546803
2023-08-07,VNQ,74.652,0.012525685454064739
2023-08-08,VNQ,74.1725,-0.006423136687563669
2023-08-09,VNQ,74.1636,-0.00011999056253997331
2023-08-10,VNQ,73.8794,-0.003832068561936075
2023-08-11,VNQ,73.9949,0.0015633586629020257
2023-08-14,VNQ,73.5065,-0.006600454896215746
2023-08-15,VNQ,72.6807,-0.011234380633005303
2023-08-16,VNQ,71.7838,-0.012340277405143318
2023-08-17,VNQ,71.2066,-0.008040811436563766
2023-08-18,VNQ,71.4286,0.0031176885288723977
2023-08-21,VNQ,70.7715,-0.00919939632024147
2023-08-22,VNQ,70.9758,0.002886755261652052
2023-08-23,VNQ,72.0946,0.015763119260367553
2023-08-24,VNQ,71.8193,-0.0038185939030107585
2023-08-25,VNQ,71.8726,0.0007421403438909735
2023-08-28,VNQ,72.5475,0.009390226595392237
2023-08-29,VNQ,73.4266,0.012117578138460816
2023-08-30,VNQ,73.693,0.003628112972682951
2023-08-31,VNQ,73.1513,-0.007350766015768007
2023-09-01,VNQ,73.2756,0.0016992179223060955
2023-09-05,VNQ,72.4232,-0.011632794545524017
2023-09-06,VNQ,72.2722,-0.0020849672480640624
2023-09-07,VNQ,72.7251,0.006266586598996593
2023-09-08,VNQ,72.4409,-0.003907866747519084
2023-09-11,VNQ,72.4498,0.00012285877177120597
2023-09-12,VNQ,72.4143,-0.0004899944513304666
2023-09-13,VNQ,71.624,-0.010913590271534823
2023-09-14,VNQ,72.9204,0.018100078186082946
2023-09-15,VNQ,72.6451,-0.003775349559245411
2023-09-18,VNQ,71.9969,-0.008922831684449517
2023-09-19,VNQ,71.6684,-0.0045626964494303035
2023-09-20,VNQ,71.7305,0.0008664906709232589
2023-09-21,VNQ,69.2886,-0.03404270150075639
2023-09-22,VNQ,68.7647,-0.0075611283818693975
2023-09-25,VNQ,68.7026,-0.0009030796324277501
2023-09-26,VNQ,67.4505,-0.01822492889643179
2023-09-27,VNQ,66.9976,-0.006714553635629117
2023-09-28,VNQ,67.6405,0.009595866120577501
2023-09-29,VNQ,67.8378,0.0029168915073070067
2023-10-02,VNQ,66.5915,-0.018371763235246474
2023-10-03,VNQ,65.2914,-0.019523512760637574
2023-10-04,VNQ,66.0894,0.012222130326505543
2023-10-05,VNQ,66.457,0.005562162767402956
2023-10-06,VNQ,66.6363,0.0026979851633388563
2023-10-09,VNQ,67.3626,0.010899464706173534
2023-10-10,VNQ,67.6853,0.004790492053454054
2023-10-11,VNQ,68.8599,0.017353841971595063
2023-10-12,VNQ,67.8557,-0.014583233492932668
2023-10-13,VNQ,67.6853,-0.0025112112910190554
2023-10-16,VNQ,68.4923,0.011922825192471675
2023-10-17,VNQ,68.3937,-0.0014395778795572856
2023-10-18,VNQ,66.9412,-0.021237336187397426
2023-10-19,VNQ,65.3541,-0.023708866886162694
2023-10-20,VNQ,64.9148,-0.006721843006024186
2023-10-23,VNQ,64.2782,-0.009806700475084251
2023-10-24,VNQ,65.1031,0.01283327784536592
2023-10-25,VNQ,63.7044,-0.021484384000147405
2023-10-26,VNQ,64.9238,0.01914153496461779
2023-10-27,VNQ,63.8837,-0.016020319204975708
2023-10-30,VNQ,64.2872,0.006316165156370124
2023-10-31,VNQ,65.381,0.017014273447902628
2023-11-01,VNQ,65.7845,0.006171517719214981
2023-11-02,VNQ,67.9454,0.03284816332114726
2023-11-03,VNQ,69.5682,0.023883883235656933
2023-11-06,VNQ,68.564,-0.014434756109831914
2023-11-07,VNQ,67.9992,-0.008237559068899003
2023-11-08,VNQ,68.2233,0.0032956270073765115
2023-11-09,VNQ,67.1474,-0.015770272033161503
2023-11-10,VNQ,67.775,0.009346601655462417
2023-11-13,VNQ,67.2101,-0.00833493175949851
2023-11-14,VNQ,70.9401,0.05549761122212282
2023-11-15,VNQ,71.1463,0.002906677605472696
2023-11-16,VNQ,70.9939,-0.0021420650125164586
2023-11-17,VNQ,70.9401,-0.0007578115866292423
2023-11-20,VNQ,71.4601,0.0073301278120554425
2023-11-21,VNQ,70.958,-0.007026298591801594
2023-11-22,VNQ,71.3077,0.004928267425801103
2023-11-24,VNQ,71.5139,0.0028916933234419684
2023-11-27,VNQ,71.7739,0.0036356568443336457
2023-11-28,VNQ,72.2491,0.006620791123235659
2023-11-29,VNQ,72.7512,0.006949567537865464
2023-11-30,VNQ,73.2802,0.007271357723309002
2023-12-01,VNQ,75.0824,0.02459327348997431
2023-12-04,VNQ,75.6293,0.007283997314949886
2023-12-05,VNQ,75.1272,-0.0066389613549245885
2023-12-06,VNQ,74.9031,-0.002982940932179101
2023-12-07,VNQ,75.1183,0.002873045307871136
2023-12-08,VNQ,74.9928,-0.0016706980855530906
2023-12-11,VNQ,75.199,0.0027495972946736114
2023-12-12,VNQ,75.1541,-0.0005970824080107073
2023-12-13,VNQ,78.0323,0.038297311790042254
2023-12-14,VNQ,80.2828,0.02884062112740482
2023-12-15,VNQ,79.153,-0.014072752818785506
2023-12-18,VNQ,78.9737,-0.00226523315603977
2023-12-19,VNQ,79.5744,0.007606329702166681
2023-12-20,VNQ,78.6061,-0.012168486347368002
2023-12-21,VNQ,79.3032,0.008868268493157805
2023-12-22,VNQ,79.6118,0.0038913940421068105
2023-12-26,VNQ,80.2018,0.007410961691608486
2023-12-27,VNQ,80.5921,0.0048664743185313775
2023-12-28,VNQ,81.1639,0.007094988218448117
2023-12-29,VNQ,80.2018,-0.01185379214158011
2024-01-02,VNQ,80.8916,0.008600804470722423
2024-01-03,VNQ,78.9583,-0.023899885773059237
2024-01-04,VNQ,78.813,-0.0018402118586645644
2024-01-05,VNQ,78.6134,-0.0025325771129128816
2024-01-08,VNQ,79.7389,0.014316897628139813
2024-01-09,VNQ,79.2033,-0.006716922355337274
2024-01-10,VNQ,79.2941,0.0011464168790946694
2024-01-11,VNQ,78.5589,-0.009271812152480519
2024-01-12,VNQ,79.0309,0.006008230766978873
2024-01-16,VNQ,78.45,-0.007350289570282054
2024-01-17,VNQ,77.0158,-0.01828170809432761
2024-01-18,VNQ,76.5983,-0.00542096556810423
2024-01-19,VNQ,77.5151,0.011968934036395096
2024-01-22,VNQ,77.978,0.005971739699748735
2024-01-23,VNQ,77.4425,-0.006867321552232686
2024-01-24,VNQ,76.3351,-0.014299641669625829
2024-01-25,VNQ,77.3154,0.012842060860600135
2024-01-26,VNQ,77.0976,-0.002817032570483935
2024-01-29,VNQ,77.6058,0.006591644876105196
2024-01-30,VNQ,76.8797,-0.009356259454834537
2024-01-31,VNQ,76.1445,-0.009562992571511164
2024-02-01,VNQ,77.5242,0.018119496483659292
2024-02-02,VNQ,76.562,-0.012411608246199246
2024-02-05,VNQ,74.9554,-0.020984300305634696
2024-02-06,VNQ,75.963,0.013442660568818265
2024-02-07,VNQ,75.854,-0.0014349091004830505
2024-02-08,VNQ,76.4712,0.008136683629076824
2024-02-09,VNQ,76.5892,0.0015430645785603492
2024-02-12,VNQ,76.6074,0.00023763141539534516
2024-02-13,VNQ,75.0281,-0.020615501896683708
2024-02-14,VNQ,75.618,0.007862387558794648
2024-02-15,VNQ,77.3789,0.02328678357004965
2024-02-16,VNQ,76.5802,-0.010321935307945673
2024-02-20,VNQ,76.444,-0.0017785276089642421
2024-02-21,VNQ,76.8706,0.00558055570090521
2024-02-22,VNQ,77.0158,0.0018888885998027405
2024-02-23,VNQ,76.9795,-0.0004713318565799929
2024-02-26,VNQ,76.1354,-0.010965256984002192
2024-02-27,VNQ,76.2262,0.0011926121094787412
2024-02-28,VNQ,76.9977,0.010121191926135475
2024-02-29,VNQ,77.6512,0.008487266502765767
2024-03-01,VNQ,78.5771,0.011923833759169167
2024-03-04,VNQ,79.3123,0.009356415546005081
2024-03-05,VNQ,78.3501,-0.012131787881576983
2024-03-06,VNQ,78.7404,0.004981486941305624
2024-03-07,VNQ,78.7223,-0.0002298692920024159
2024-03-08,VNQ,79.6299,0.011529134692456866
2024-03-11,VNQ,79.2487,-0.004787146536665343
2024-03-12,VNQ,79.0763,-0.002175430007053669
2024-03-13,VNQ,78.6769,-0.005050818007418134
2024-03-14,VNQ,77.4969,-0.014998048982611256
2024-03-15,VNQ,77.3245,-0.002224605113236744
2024-03-18,VNQ,77.3608,0.0004694501742654733
2024-03-19,VNQ,77.3335,-0.0003528919039099687
2024-03-20,VNQ,77.8418,0.006572830662002982
2024-03-21,VNQ,78.4046,0.007230048637107522
2024-03-22,VNQ,77.4178,-0.012585996229813046
2024-03-25,VNQ,76.9417,-0.006149748507449204
2024-03-26,VNQ,76.6305,-0.004044620797304943
2024-03-27,VNQ,78.6078,0.025803041869751686
2024-03-28,VNQ,79.1662,0.0071036207602808155
2024-04-01,VNQ,77.8389,-0.016765993567962156
2024-04-02,VNQ,76.8593,-0.012584967156524463
2024-04-03,VNQ,76.9417,0.0010720888688811048
2024-04-04,VNQ,76.4474,-0.0064243446661562675
2024-04-05,VNQ,76.841,0.005148638148583018
2024-04-08,VNQ,77.6649,0.01072214052393905
2024-04-09,VNQ,78.6994,0.013320045477429154
2024-04-10,VNQ,75.4404,-0.041410735024663525
2024-04-11,VNQ,75.6968,0.0033987094448066912
2024-04-12,VNQ,74.7996,-0.011852548588579648
2024-04-15,VNQ,73.5272,-0.017010786153936697
2024-04-16,VNQ,72.4928,-0.014068263173356077
2024-04-17,VNQ,71.9618,-0.007324865365939903
2024-04-18,VNQ,71.971,0.00012784560697487457
2024-04-19,VNQ,72.3188,0.004832501979963988
2024-04-22,VNQ,72.9596,0.008860766495019323
2024-04-23,VNQ,73.6279,0.009159863815042968
2024-04-24,VNQ,73.7652,0.0018647822360815525
2024-04-25,VNQ,73.3441,-0.0057086539452206875
2024-04-26,VNQ,73.3807,0.0004990176442278837
2024-04-29,VNQ,74.1314,0.010230210395921535
2024-04-30,VNQ,72.8772,-0.016918606690282334
2024-05-01,VNQ,72.9047,0.00037734709895564933
2024-05-02,VNQ,73.93,0.014063565174810444
2024-05-03,VNQ,74.4243,0.006686054375760753
2024-05-06,VNQ,74.4884,0.0008612778353305206
2024-05-07,VNQ,75.1933,0.0094632184340111
2024-05-08,VNQ,74.5616,-0.008401014452085409
2024-05-09,VNQ,76.0904,0.02050385184867287
2024-05-10,VNQ,75.8798,-0.0027677604533554723
2024-05-13,VNQ,76.127,0.003257784021570842
2024-05-14,VNQ,76.7129,0.007696349521195023
2024-05-15,VNQ,77.7748,0.013842521922649231
2024-05-16,VNQ,77.7198,-0.0007071699316487656
2024-05-17,VNQ,77.7107,-0.00011708728020409787
2024-05-20,VNQ,77.253,-0.0058897938121778015
2024-05-21,VNQ,77.2255,-0.00035597323081304477
2024-05-22,VNQ,76.5298,-0.009008682365280962
2024-05-23,VNQ,74.882,-0.021531481854127232
2024-05-24,VNQ,74.937,0.0007344889292486556
2024-05-28,VNQ,74.4426,-0.006597541935225548
2024-05-29,VNQ,73.7194,-0.009714867562390372
2024-05-30,VNQ,74.7996,0.014652859355881898
2024-05-31,VNQ,76.2002,0.0187246990625618
2024-06-03,VNQ,76.0263,-0.002282146241085803
2024-06-04,VNQ,76.6122,0.00770654365660306
2024-06-05,VNQ,76.5206,-0.0011956320272750176
2024-06-06,VNQ,76.6671,0.0019145171365619884
2024-06-07,VNQ,75.9439,-0.009432990161360011
2024-06-10,VNQ,76.2002,0.0033748596003102538
2024-06-11,VNQ,75.9256,-0.0036036650822437455
2024-06-12,VNQ,76.603,0.008921891957389683
2024-06-13,VNQ,76.9143,0.00406380951137697
2024-06-14,VNQ,76.896,-0.00023792714748749333
2024-06-17,VNQ,76.5939,-0.003928682896379487
2024-06-18,VNQ,76.896,0.003944178322294434
2024-06-20,VNQ,76.6763,-0.0028571057012068968
2024-06-21,VNQ,76.8685,0.0025066415567782663
2024-06-24,VNQ,77.4635,0.007740491878988065
2024-06-25,VNQ,76.5115,-0.012289659000690678
2024-06-26,VNQ,76.2735,-0.0031106434980362474
2024-06-27,VNQ,77.015,0.009721594000537515
2024-06-28,VNQ,77.6294,0.007977666688307572
2024-07-01,VNQ,76.8973,-0.009430705377086568
2024-07-02,VNQ,77.2587,0.004699774894567188
2024-07-03,VNQ,77.1846,-0.000959115284103973
2024-07-05,VNQ,77.3977,0.0027609134464645635
2024-07-08,VNQ,77.648,0.003233946228376139
2024-07-09,VNQ,77.6294,-0.00023954255099922772
2024-07-10,VNQ,78.2041,0.007403123043589144
2024-07-11,VNQ,80.4469,0.028678803285249854
2024-07-12,VNQ,81.0586,0.007603773420728377
2024-07-15,VNQ,81.6054,0.006745737034688615
2024-07-16,VNQ,82.6064,0.0122663451193179
2024-07-17,VNQ,83.1718,0.006844505994693106
2024-07-18,VNQ,82.4396,-0.008803464635850244
2024-07-19,VNQ,82.2913,-0.0017988927651273467
2024-07-22,VNQ,83.144,0.010361970220424288
2024-07-23,VNQ,83.0791,-0.0007805734629078298
2024-07-24,VNQ,81.8557,-0.014725725242569987
2024-07-25,VNQ,81.5869,-0.0032838275159823294
2024-07-26,VNQ,83.0142,0.0174942300786034
2024-07-29,VNQ,83.4405,0.005135266014729911
2024-07-30,VNQ,84.0893,0.007775600577657027
2024-07-31,VNQ,83.7927,-0.0035272026286340408
2024-08-01,VNQ,84.6361,0.010065315952344278
2024-08-02,VNQ,84.5898,-0.000547047890911867
2024-08-05,VNQ,82.1708,-0.028596828459223178
2024-08-06,VNQ,83.7927,0.019738155159740423
2024-08-07,VNQ,83.2181,-0.006857399272251485
2024-08-08,VNQ,84.0337,0.009800752480529917
2024-08-09,VNQ,84.423,0.004632665228354815
2024-08-12,VNQ,83.802,-0.007355815358373818
2024-08-13,VNQ,84.5342,0.008737261640533456
2024-08-14,VNQ,84.7566,0.0026308878536736025
2024-08-15,VNQ,84.6917,-0.0007657220794605735
2024-08-16,VNQ,84.6454,-0.0005466887546241583
2024-08-19,VNQ,85.3497,0.008320593912959362
2024-08-20,VNQ,85.2478,-0.0011939116364790836
2024-08-21,VNQ,85.702,0.00532799673422657
2024-08-22,VNQ,85.9522,0.0029194184499778952
2024-08-23,VNQ,87.8429,0.02199711002161653
2024-08-26,VNQ,87.8058,-0.0004223448907082483
2024-08-27,VNQ,87.9355,0.001477123379093337
2024-08-28,VNQ,87.5926,-0.0038994490279807836
2024-08-29,VNQ,87.3238,-0.0030687523831921526
2024-08-30,VNQ,88.1672,0.009658306212052103
2024-09-03,VNQ,88.1209,-0.0005251386002956826
2024-09-04,VNQ,88.3712,0.002840415837786381
2024-09-05,VNQ,88.0838,-0.003252190758980311
2024-09-06,VNQ,88.0004,-0.0009468256364961736
2024-09-09,VNQ,88.9828,0.011163585620065364
2024-09-10,VNQ,90.2711,0.014478078909632153
2024-09-11,VNQ,90.095,-0.0019507904523153874
2024-09-12,VNQ,90.475,0.004217770131527798
2024-09-13,VNQ,91.4203,0.010448190107764654
2024-09-16,VNQ,91.7262,0.0033460839660339747
2024-09-17,VNQ,91.0867,-0.006971835745948396
2024-09-18,VNQ,90.9755,-0.0012208148939416574
2024-09-19,VNQ,90.994,0.00020335145176453295
2024-09-20,VNQ,90.6326,-0.003971690441127995
2024-09-23,VNQ,91.5316,0.009919168158035951
2024-09-24,VNQ,91.6613,0.0014169969715376318
2024-09-25,VNQ,91.0496,-0.006673481611105259
2024-09-26,VNQ,90.2248,-0.009058798720697259
2024-09-27,VNQ,90.3397,0.001273485782179451
2024-09-30,VNQ,91.05,0.007862545481111871
2024-10-01,VNQ,90.4612,-0.00646677649643046
2024-10-02,VNQ,90.1435,-0.0035120029360654614
2024-10-03,VNQ,89.321,-0.009124340634654837
2024-10-04,VNQ,88.8911,-0.004812977911129557
2024-10-07,VNQ,88.106,-0.008832155300136924
2024-10-08,VNQ,88.2836,0.002015753751163585
2024-10-09,VNQ,88.377,0.001057954138707462
2024-10-10,VNQ,87.592,-0.008882401529809791
2024-10-11,VNQ,88.5826,0.011309251986482804
2024-10-14,VNQ,89.1154,0.006014725239493979
2024-10-15,VNQ,90.1902,0.012060766152651725
2024-10-16,VNQ,91.1809,0.010984563733088315
2024-10-17,VNQ,90.4612,-0.007893100419056887
2024-10-18,VNQ,91.1341,0.007438548239466103
2024-10-21,VNQ,89.349,-0.019587618684992814
2024-10-22,VNQ,89.4799,0.0014650415785291138
2024-10-23,VNQ,90.1341,0.007311139149686063
2024-10-24,VNQ,90.3304,0.0021778660906359715
2024-10-25,VNQ,89.4799,-0.00941543489235075
2024-10-28,VNQ,89.7603,0.0031336646554143144
2024-10-29,VNQ,89.1154,-0.00718469078200501
2024-10-30,VNQ,89.5079,0.004404401483918852
2024-10-31,VNQ,87.9938,-0.016915825307040055
2024-11-01,VNQ,87.0219,-0.01104509635906159
2024-11-04,VNQ,87.9751,0.010953564562483642
2024-11-05,VNQ,89.1434,0.013279893969998291
2024-11-06,VNQ,87.2461,-0.02128368449038298
2024-11-07,VNQ,88.2929,0.011998244047584983
2024-11-08,VNQ,89.6107,0.014925322421168508
2024-11-11,VNQ,89.1621,-0.005006098602064246
2024-11-12,VNQ,87.9284,-0.01383659649111002
2024-11-13,VNQ,88.4144,0.005527224423508281
2024-11-14,VNQ,87.62,-0.008984961725691742
2024-11-15,VNQ,87.6667,0.0005329833371376935
2024-11-18,VNQ,88.3023,0.007250187357343174
2024-11-19,VNQ,88.7322,0.004868502858929036
2024-11-20,VNQ,88.62,-0.001264478960287252
2024-11-21,VNQ,89.2743,0.007383209207853625
2024-11-22,VNQ,89.9472,0.007537443586788095
2024-11-25,VNQ,91.1996,0.013923724140384675
2024-11-26,VNQ,91.5641,0.003996728055824628
2024-11-27,VNQ,92.1529,0.006430467836193499
2024-11-29,VNQ,91.7416,-0.004463234472273814
2024-12-02,VNQ,90.4052,-0.014567001229540466
2024-12-03,VNQ,89.9472,-0.005066080269718998
2024-12-04,VNQ,89.7042,-0.002701584929825418
2024-12-05,VNQ,89.4892,-0.0023967662606656503
2024-12-06,VNQ,89.3584,-0.0014616288892960183
2024-12-09,VNQ,89.6107,0.0028234614764810484
2024-12-10,VNQ,88.3116,-0.014497152683775494
2024-12-11,VNQ,88.106,-0.0023281199751788995
2024-12-12,VNQ,87.9658,-0.0015912650670781847
2024-12-13,VNQ,87.7135,-0.002868160125867214
2024-12-16,VNQ,87.405,-0.003517132482456997
2024-12-17,VNQ,86.9845,-0.00481093758938278
2024-12-18,VNQ,83.3956,-0.041259074892653236
2024-12-19,VNQ,82.1058,-0.015466043772093485
2024-12-20,VNQ,83.489,0.016846556516104894
2024-12-23,VNQ,83.8155,0.0039106948220724025
2024-12-24,VNQ,84.3723,0.006643162660844304
2024-12-26,VNQ,84.5987,0.002683345126303305
2024-12-27,VNQ,83.7495,-0.010037979307010558
2024-12-30,VNQ,83.3343,-0.004957641538158475
2024-12-31,VNQ,84.0609,0.008719098858453345
2025-01-02,VNQ,83.3154,-0.00886857028654231
2025-01-03,VNQ,84.41,0.013138027303475797
2025-01-06,VNQ,83.3248,-0.01285629664731669
2025-01-07,VNQ,82.5321,-0.009513374169514921
2025-01-08,VNQ,82.7492,0.002630491651127276
2025-01-10,VNQ,80.7298,-0.024403861306212082
2025-01-13,VNQ,81.7206,0.012273039199899083
2025-01-14,VNQ,82.4661,0.009122546824178901
2025-01-15,VNQ,82.9379,0.00572113874670932
2025-01-16,VNQ,84.6554,0.020708264858406045
2025-01-17,VNQ,84.5987,-0.0006697741667986978
2025-01-21,VNQ,86.1841,0.01874024068927782
2025-01-22,VNQ,84.6837,-0.017409243700404087
2025-01-23,VNQ,85.3065,0.007354425940293119
2025-01-24,VNQ,85.599,0.0034288125758294985
2025-01-27,VNQ,86.7409,0.013340109113424203
2025-01-28,VNQ,85.6934,-0.012076194736277857
2025-01-29,VNQ,84.561,-0.013214553279482288
2025-01-30,VNQ,85.6368,0.012722176890055614
2025-01-31,VNQ,85.448,-0.0022046596790165074
2025-02-03,VNQ,85.2687,-0.0020983522142121735
2025-02-04,VNQ,85.3348,0.0007751965258060434
2025-02-05,VNQ,86.5332,0.014043508627195278
2025-02-06,VNQ,86.7503,0.0025088636500210093
2025-02-07,VNQ,86.4672,-0.0032633892908726647
2025-02-10,VNQ,86.4294,-0.00043715998667703815
2025-02-11,VNQ,86.8069,0.004367726722619869
2025-02-12,VNQ,86.0048,-0.009240048890122754
2025-02-13,VNQ,86.8635,0.009984326456197845
2025-02-14,VNQ,86.4672,-0.004562330553109173
2025-02-18,VNQ,86.8541,0.00447452906998258
2025-02-19,VNQ,86.9201,0.0007598950423757245
2025-02-20,VNQ,87.3354,0.0047779512448788974
2025-02-21,VNQ,86.4766,-0.009833355088543771
2025-02-24,VNQ,86.8163,0.003928230295825674
2025-02-25,VNQ,87.8827,0.012283407608939756
2025-02-26,VNQ,87.5146,-0.004188537675788306
2025-02-27,VNQ,87.8638,0.003990191350928818
2025-02-28,VNQ,88.6093,0.008484722946196399
2025-03-03,VNQ,89.0245,0.00468573840443387
2025-03-04,VNQ,87.9959,-0.011554122741492479
2025-03-05,VNQ,88.9773,0.011152792346006857
2025-03-06,VNQ,86.6937,-0.025664972976253364
2025-03-07,VNQ,87.2127,0.005986594181583982
2025-03-10,VNQ,86.3728,-0.009630478129905362
2025-03-11,VNQ,85.3631,-0.011690022784950793
2025-03-12,VNQ,85.0989,-0.003095014122026951
2025-03-13,VNQ,83.4192,-0.019738210482156626
2025-03-14,VNQ,85.0895,0.020022968333429203
2025-03-17,VNQ,86.5427,0.017078487945046072
2025-03-18,VNQ,86.0897,-0.00523441029688243
2025-03-19,VNQ,86.1935,0.0012057191510714826
2025-03-20,VNQ,86.1369,-0.0006566620452819194
2025-03-21,VNQ,85.1838,-0.011064944292167422
2025-03-24,VNQ,86.4955,0.0153984677837804
2025-03-25,VNQ,85.525,-0.011220236890936541
2025-03-26,VNQ,85.8587,0.003901783104355294
2025-03-27,VNQ,85.6394,-0.002554196604421022
2025-03-28,VNQ,85.525,-0.0013358337400775078
2025-03-31,VNQ,86.3163,0.009252265419467998
2025-04-01,VNQ,86.3544,0.00044139982830593283
2025-04-02,VNQ,86.8787,0.006071491435294618
2025-04-03,VNQ,83.9138,-0.03412689186187179
2025-04-04,VNQ,80.272,-0.043399297850889695
2025-04-07,VNQ,78.1651,-0.026247010165437623
2025-04-08,VNQ,76.0678,-0.026831667841530127
2025-04-09,VNQ,80.6057,0.059655991102674166
2025-04-10,VNQ,78.7657,-0.02282716979072208
2025-04-11,VNQ,79.7286,0.012224864376245037
2025-04-14,VNQ,81.3779,0.02068642870939663
2025-04-15,VNQ,81.6258,0.003046281607168577
2025-04-16,VNQ,81.5686,-0.0007007588287035738
2025-04-17,VNQ,82.7889,0.014960413688600793
2025-04-21,VNQ,81.0633,-0.020843373930563125
2025-04-22,VNQ,82.6363,0.019404588759648345
2025-04-23,VNQ,82.7889,0.0018466460865260714
2025-04-24,VNQ,83.094,0.0036852766494057665
2025-04-25,VNQ,82.9509,-0.0017221460033214342
2025-04-28,VNQ,83.4658,0.0062072864791098414
2025-04-29,VNQ,83.9138,0.005367467873068854
2025-04-30,VNQ,84.2094,0.0035226625417990043
2025-05-01,VNQ,84.4858,0.0032822939006809104
2025-05-02,VNQ,85.525,0.012300291883369896
2025-05-05,VNQ,85.3343,-0.002229757380882824
2025-05-06,VNQ,84.6765,-0.0077085064270755455
2025-05-07,VNQ,84.7718,0.001125459838325904
2025-05-08,VNQ,84.4382,-0.003935270927360346
2025-05-09,VNQ,85.0006,0.0066604925258948455
2025-05-12,VNQ,85.4201,0.004935259280522741
2025-05-13,VNQ,84.3333,-0.012723000792553618
2025-05-14,VNQ,83.5039,-0.009834786495962922
2025-05-15,VNQ,85.0293,0.01826741026467027
2025-05-16,VNQ,86.0875,0.012445121857994845
2025-05-19,VNQ,86.1065,0.00022070567736309776
2025-05-20,VNQ,85.6013,-0.005867152886251392
2025-05-21,VNQ,83.3227,-0.026618754621717144
2025-05-22,VNQ,82.9414,-0.004576183921068289
2025-05-23,VNQ,83.0272,0.0010344652971856494
2025-05-27,VNQ,84.4763,0.017453316503507343
2025-05-28,VNQ,84.3905,-0.0010156694836301883
2025-05-29,VNQ,85.1532,0.009037747139784669
2025-05-30,VNQ,85.1532,0.0
2025-06-02,VNQ,85.2676,0.0013434609621247873
2025-06-03,VNQ,85.096,-0.0020124877444656075
2025-06-04,VNQ,85.3343,0.002800366644730712
2025-06-05,VNQ,85.2676,-0.0007816317705775511
2025-06-06,VNQ,85.6775,0.0048072186856435994
2025-06-09,VNQ,85.7919,0.0013352397070409694
2025-06-10,VNQ,86.526,0.00855675186118976
2025-06-11,VNQ,86.0589,-0.005398377366340745
2025-06-12,VNQ,86.4783,0.004873406469290353
2025-06-13,VNQ,85.6394,-0.009700699481835384
2025-06-16,VNQ,85.7061,0.0007788471194334345
2025-06-17,VNQ,85.4011,-0.0035586731866227295
2025-06-18,VNQ,85.6966,0.0034601427850462496
2025-06-20,VNQ,85.6394,-0.0006674710548610907
2025-06-23,VNQ,86.9264,0.015028129575872962
2025-06-24,VNQ,87.1552,0.002632111763514855
2025-06-25,VNQ,85.0578,-0.024065116022910726
2025-06-26,VNQ,84.9789,-0.0009276045230420804
2025-06-27,VNQ,85.1907,0.002492383403409626
2025-06-30,VNQ,85.7394,0.006440843894932158
2025-07-01,VNQ,86.3652,0.007298861433600035
2025-07-02,VNQ,86.5674,0.0023412207694766263
2025-07-03,VNQ,86.6637,0.0011124280040755163
2025-07-07,VNQ,85.9224,-0.008553754340052566
2025-07-08,VNQ,85.7972,-0.0014571287580420478
2025-07-09,VNQ,85.8646,0.0007855734219763821
2025-07-10,VNQ,86.4037,0.006278489622032923
2025-07-11,VNQ,86.4134,0.00011226371092898368
2025-07-14,VNQ,86.9717,0.006460803532785553
2025-07-15,VNQ,85.6913,-0.014722030269616493
2025-07-16,VNQ,86.5,0.009437364119811553
2025-07-17,VNQ,86.4037,-0.0011132947976878471
2025-07-18,VNQ,86.5866,0.0021168074978270557
2025-07-21,VNQ,86.9428,0.00411380051878707
2025-07-22,VNQ,88.4351,0.017164158504211935
2025-07-23,VNQ,88.6083,0.0019584983790372767
2025-07-24,VNQ,88.3003,-0.003475972341191569
2025-07-25,VNQ,88.3099,0.00010871990242389273
2025-07-28,VNQ,86.8947,-0.016025383337542
2025-07-29,VNQ,88.2906,0.016064270893391575
2025-07-30,VNQ,87.0391,-0.014174781913363299
2025-07-31,VNQ,85.8165,-0.014046560683646736
2025-08-01,VNQ,85.6047,-0.002468056842215738
2025-08-04,VNQ,86.4808,0.01023425115677079
2025-08-05,VNQ,86.8755,0.004564018834238404
2025-08-06,VNQ,86.2016,-0.007757077657107092
2025-08-07,VNQ,86.4519,0.0029036584007720023
2025-08-08,VNQ,85.7394,-0.008241577108195286
2025-08-11,VNQ,85.1715,-0.0066235592971259916
2025-08-12,VNQ,85.6528,0.005650951315874453
2025-08-13,VNQ,86.4519,0.009329525713111408
2025-08-14,VNQ,85.8357,-0.007127662896940334
2025-08-15,VNQ,86.3267,0.005720230626650613
2025-08-18,VNQ,85.595,-0.008475940815529937
2025-08-19,VNQ,87.068,0.017208949120859796
2025-08-20,VNQ,87.3183,0.002874764551844544
2025-08-21,VNQ,87.0584,-0.0029764665597015183
2025-08-22,VNQ,88.7431,0.01935137792562225
2025-08-25,VNQ,88.2329,-0.0057491793728188245
2025-08-26,VNQ,88.0018,-0.0026192044010794335
2025-08-27,VNQ,88.5506,0.006236236076989421
2025-08-28,VNQ,88.3195,-0.002609807274033149
2025-08-29,VNQ,88.8009,0.005450664915448877
2025-09-02,VNQ,87.3279,-0.016587669719563602
2025-09-03,VNQ,87.3761,0.0005519427353686268
2025-09-04,VNQ,88.0307,0.007491751176809336
2025-09-05,VNQ,89.0223,0.011264252130222863
2025-09-08,VNQ,88.5024,-0.005840109725316123
2025-09-09,VNQ,88.3003,-0.0022835538923238197
2025-09-10,VNQ,88.1559,-0.0016353285322925348
2025-09-11,VNQ,89.7636,0.018237009661293158
2025-09-12,VNQ,89.3496,-0.004612114487386854
2025-09-15,VNQ,89.2052,-0.001616123631219324
2025-09-16,VNQ,88.7335,-0.005287808334043298
2025-09-17,VNQ,88.618,-0.00130165044768904
2025-09-18,VNQ,88.8105,0.002172244916382793
2025-09-19,VNQ,88.2329,-0.006503735481728001
2025-09-22,VNQ,88.2521,0.0002176059043734746
2025-09-23,VNQ,88.7335,0.005454827703816667
2025-09-24,VNQ,87.8607,-0.00983619489820653
2025-09-25,VNQ,87.5983,-0.002986545747985181
2025-09-26,VNQ,88.4633,0.009874620854514404
2025-09-29,VNQ,88.4925,0.00033008038361681535
2025-09-30,VNQ,88.8521,0.004063621210836921
2025-10-01,VNQ,88.9881,0.001530633490936184
2025-10-02,VNQ,88.5216,-0.005242273966968525
2025-10-03,VNQ,88.8521,0.003733552037016752
2025-10-06,VNQ,88.0162,-0.00940776864024595
2025-10-07,VNQ,87.6955,-0.003643647419452334
2025-10-08,VNQ,87.2387,-0.005208933183572739
2025-10-09,VNQ,86.7625,-0.0054585866135097305
2025-10-10,VNQ,85.6545,-0.012770494165105895
2025-10-13,VNQ,86.1988,0.006354598999468886
2025-10-14,VNQ,87.0832,0.010260003619539937
2025-10-15,VNQ,88.3467,0.014509113124000939
2025-10-16,VNQ,88.0357,-0.0035202220343260038
2025-10-17,VNQ,88.6091,0.0065132667770007036
2025-10-20,VNQ,89.5033,0.010091514302706939
2025-10-21,VNQ,89.2506,-0.0028233595856240745
2025-10-22,VNQ,89.6296,0.004246470051741946
2025-10-23,VNQ,89.5713,-0.0006504547604809785
2025-10-24,VNQ,89.8337,0.0029295097871750997
2025-10-27,VNQ,90.0864,0.0028129755314543203
2025-10-28,VNQ,88.3175,-0.01963559427394146
2025-10-29,VNQ,86.0433,-0.02575027599286661
2025-10-30,VNQ,86.4514,0.0047429608115914235
2025-10-31,VNQ,86.675,0.0025864242799999992
2025-11-03,VNQ,86.5487,-0.0014571675800404416
2025-11-04,VNQ,86.6944,0.0016834452741636419
2025-11-05,VNQ,86.7722,0.0008974051380481463
2025-11-06,VNQ,86.3543,-0.004816058599413253
2025-11-07,VNQ,87.6955,0.015531363232635709
2025-11-10,VNQ,87.6469,-0.000554190351842343
2025-11-11,VNQ,88.6285,0.01119948338161425
2025-11-12,VNQ,87.9676,-0.007456969259324042
2025-11-13,VNQ,86.8888,-0.012263606145899164
2025-11-14,VNQ,87.0735,0.002125705499442798
2025-11-17,VNQ,86.3543,-0.008259688653838415
2025-11-18,VNQ,86.7042,0.004051911717193102
2025-11-19,VNQ,86.0238,-0.007847370715605595
2025-11-20,VNQ,85.6642,-0.004180238492138222
2025-11-21,VNQ,87.054,0.01622381344832502
2025-11-24,VNQ,87.2873,0.002679945780779791
2025-11-25,VNQ,88.094,0.009241894296191822
2025-11-26,VNQ,88.4827,0.0044123322814266785
2025-11-28,VNQ,88.7743,0.0032955594709473957
2025-12-01,VNQ,87.7538,-0.011495444064329452
2025-12-02,VNQ,87.4428,-0.0035440060715318245
2025-12-03,VNQ,87.6663,0.0025559565796153816
2025-12-04,VNQ,87.4525,-0.002438793470238898
2025-12-05,VNQ,87.3553,-0.0011114605071324002
2025-12-08,VNQ,86.6847,-0.00767669506028823
2025-12-09,VNQ,86.3543,-0.0038115146040766934
2025-12-10,VNQ,86.6653,0.0036014419664105457
2025-12-11,VNQ,87.0443,0.0043731458842235504
2025-12-12,VNQ,86.9374,-0.00122811028407388
2025-12-15,VNQ,87.2095,0.003129838251431538
2025-12-16,VNQ,86.5681,-0.007354703329339185
2025-12-17,VNQ,86.8888,0.003704597883053884
2025-12-18,VNQ,86.432,-0.005257294380863864
2025-12-19,VNQ,86.1016,-0.0038226582747130644
2025-12-22,VNQ,86.5439,0.0051369544816819435
2025-12-23,VNQ,86.4851,-0.0006794239686447323
2025-12-24,VNQ,87.0539,0.006576855435213691
2025-12-26,VNQ,87.152,0.0011268880544121895
2025-12-29,VNQ,87.3285,0.0020251973563429893
2025-12-30,VNQ,87.5051,0.0020222493229586913
2025-12-31,VNQ,86.7891,-0.008182380226981034
2026-01-02,VNQ,86.8185,0.0003387522165800849
2026-01-05,VNQ,87.0147,0.00225988700564983
2026-01-06,VNQ,87.6522,0.007326348306665231
2026-01-07,VNQ,86.7989,-0.0097350665471031
2026-01-08,VNQ,87.5737,0.008926380403438294
2026-01-09,VNQ,87.7503,0.002016587171719264
2026-01-12,VNQ,87.8679,0.0013401663584058365
2026-01-13,VNQ,88.3583,0.005581105272801423
2026-01-14,VNQ,89.1234,0.008659062023601782
2026-01-15,VNQ,89.7412,0.006931961751908133
2026-01-16,VNQ,90.8397,0.012240754525234543
2026-01-20,VNQ,89.1528,-0.01857007453789472
2026-01-21,VNQ,89.5059,0.003960615931299927
2026-01-22,VNQ,88.6232,-0.009861919717024215
2026-01-23,VNQ,88.7997,0.0019915778261223593
2026-01-26,VNQ,88.682,-0.0013254549283386874
2026-01-27,VNQ,88.6526,-0.00033152161656246903
2026-01-28,VNQ,87.7404,-0.01028960233540821
2026-01-29,VNQ,88.9664,0.013973038645823443
2026-01-30,VNQ,89.0547,0.0009925095316885013
2026-02-02,VNQ,88.1328,-0.010352064517650361
2026-02-03,VNQ,87.9366,-0.002226185937585168
2026-02-04,VNQ,89.2018,0.014387638366732514
2026-02-05,VNQ,89.0743,-0.001429343354057977
2026-02-06,VNQ,90.4768,0.015745282309263198
2026-02-09,VNQ,90.8593,0.0042276030982528745
2026-02-10,VNQ,92.0755,0.013385531255468708
2026-02-11,VNQ,91.5655,-0.005538932723688772
2026-02-12,VNQ,91.4576,-0.0011783914247178728
2026-02-13,VNQ,92.7718,0.014369500183691652
2026-02-17,VNQ,93.6545,0.009514744782358475
2026-02-18,VNQ,92.5561,-0.011728213807131516
2026-02-19,VNQ,92.3599,-0.002119795453784268
2026-02-20,VNQ,93.0563,0.007540068796090038
2026-02-23,VNQ,93.0661,0.00010531259033519369
2026-02-24,VNQ,93.3015,0.0025293850284904273
2026-02-25,VNQ,93.0465,-0.0027330750309481067
2026-02-26,VNQ,93.684,0.006851413003175821
2026-02-27,VNQ,93.8507,0.0017793860210921775
2026-03-02,VNQ,94.0861,0.002508239150054381
2026-03-03,VNQ,93.5859,-0.005316406993169043
2026-03-04,VNQ,93.7036,0.0012576680888893854
2026-03-05,VNQ,92.762,-0.010048706773272298
2026-03-06,VNQ,91.7518,-0.01089023522563115
2026-03-09,VNQ,91.9578,0.002245187560353079
2026-03-10,VNQ,91.8205,-0.0014930761718963126
2026-03-11,VNQ,90.8691,-0.010361520575470573
2026-03-12,VNQ,90.2414,-0.006907738714260425
2026-03-13,VNQ,90.3885,0.00163007222848921
2026-03-16,VNQ,91.1438,0.00835615150157376
2026-03-17,VNQ,91.5459,0.004411709847515821
2026-03-18,VNQ,90.1924,-0.014784933022669478
2026-03-19,VNQ,89.8295,-0.004023620615484336
2026-03-20,VNQ,87.0441,-0.031007631123405988
2026-03-23,VNQ,87.7208,0.0077742201941315425
2026-03-24,VNQ,87.1419,-0.006599347019178969
2026-03-25,VNQ,87.0725,-0.0007964021899913298
2026-03-26,VNQ,86.9536,-0.001365528726061771
2026-03-27,VNQ,86.2399,-0.00820782578294621
2026-03-30,VNQ,86.567,0.003792907923130473
2026-03-31,VNQ,87.925,0.01568727113103141
2026-04-01,VNQ,88.2422,0.0036076201307932987
2026-04-02,VNQ,89.4417,0.013593269433445743
2026-04-06,VNQ,89.5705,0.0014400441852067125
2026-04-07,VNQ,89.6994,0.0014390898789222728
2026-04-08,VNQ,91.3152,0.018013498418049778
2026-04-09,VNQ,91.9694,0.007164196103167875
2026-04-10,VNQ,92.1676,0.002155064619319136
2026-04-13,VNQ,92.5146,0.0037648805003061003
2026-04-14,VNQ,93.3968,0.009535792188476222
2026-04-15,VNQ,93.4662,0.0007430661435938735
2026-04-16,VNQ,94.3286,0.009226864898754794
2026-04-17,VNQ,95.8353,0.015972886272032083
2026-04-20,VNQ,96.1823,0.003620795260201648
2026-04-21,VNQ,94.4773,-0.01772675429886783
2026-04-22,VNQ,93.6942,-0.008288763544258781
2026-04-23,VNQ,94.6557,0.010262108006685589
2026-04-24,VNQ,94.4674,-0.0019893149593738224
2026-04-27,VNQ,93.9519,-0.00545690894424955
2026-04-28,VNQ,94.8143,0.00917916508340988
2026-04-29,VNQ,94.0709,-0.007840589446950652
2026-04-30,VNQ,95.4884,0.015068421796751164
2026-05-01,VNQ,95.2207,-0.0028034818888996726
2026-05-04,VNQ,94.626,-0.006245490738883364
2026-05-05,VNQ,94.9233,0.0031418426225349183
2026-05-06,VNQ,96.2417,0.013889108364331992
2026-05-07,VNQ,95.5478,-0.007209972392424491
2026-05-08,VNQ,95.7758,0.002386240185540789
2026-05-11,VNQ,95.8452,0.0007246089304395742
2026-05-12,VNQ,95.8452,0.0
2026-05-13,VNQ,95.0522,-0.008273758101605577
2026-05-14,VNQ,94.4872,-0.005944102293266251
2026-05-15,VNQ,93.0895,-0.014792479827955507
2026-05-18,VNQ,94.1799,0.011713458553327838
2026-05-19,VNQ,94.4475,0.002841370610926486
2026-05-20,VNQ,95.647,0.012700177347203523
2026-05-21,VNQ,95.8254,0.0018651917990109013
2026-05-22,VNQ,95.9245,0.0010341725680247382
2026-05-26,VNQ,96.3706,0.004650532449999689
2026-05-27,VNQ,96.0732,-0.003086003407678284
2026-05-28,VNQ,95.7065,-0.003816881294679386
2026-05-29,VNQ,94.8639,-0.00880399972833612
2026-06-01,VNQ,93.2679,-0.016824102740874092
2026-06-02,VNQ,93.6942,0.00457070439025653
2026-06-03,VNQ,93.5851,-0.0011644263999265325
2026-06-04,VNQ,95.2604,0.01790135395484982
2026-06-05,VNQ,95.9444,0.007180318369437888
2026-06-08,VNQ,94.6359,-0.013638107070344851
2026-06-09,VNQ,96.8167,0.023044109053752315
2026-06-10,VNQ,96.8266,0.00010225508615757661
2026-06-11,VNQ,96.7572,-0.0007167451919204426
2026-06-12,VNQ,97.6493,0.009219985696155009
2026-06-15,VNQ,96.9653,-0.007004658507536621
2026-06-16,VNQ,97.2032,0.0024534549988499688
2026-06-17,VNQ,94.7747,-0.024983745391098267
2026-06-18,VNQ,94.7251,-0.000523346420510884
2026-06-22,VNQ,95.7461,0.010778558164625807
2026-06-23,VNQ,97.005,0.013148316223846157
2026-06-24,VNQ,97.01,5.154373485916075e-05
2026-06-25,VNQ,97.19,0.0018554788166167402
2026-06-26,VNQ,98.67,0.015227904105360679
2026-06-29,VNQ,98.15,-0.005270092226613898
2026-06-30,VNQ,96.43,-0.017524197656647922
2026-07-01,VNQ,96.82,0.0040443845276365575
2026-07-02,VNQ,98.02,0.012394133443503375
2026-07-06,VNQ,97.24,-0.007957559681697646
2026-07-07,VNQ,98.4,0.01192924722336497
2026-07-08,VNQ,96.8,-0.016260162601626105
2026-07-09,VNQ,97.09,0.002995867768595062
2026-07-10,VNQ,97.32,0.0023689360387268987
2026-07-13,VNQ,97.83,0.005240443896424196
2026-07-14,VNQ,97.57,-0.0026576714709189986
2026-07-15,VNQ,97.86,0.002972225069181267
2026-07-16,VNQ,100.07,0.022583282239934555
2026-07-17,VNQ,100.02,-0.0004996502448285645
2026-07-20,VNQ,99.48,-0.005398920215956782
2026-07-21,VNQ,99.52,0.0004020908725370642
2026-07-22,VNQ,99.02,-0.005024115755627001
2026-07-23,VNQ,98.69,-0.0033326600686729435
2026-07-24,VNQ,100.81,0.021481406424156413
2026-07-27,VNQ,100.54,-0.0026783057236384744
2026-07-28,VNQ,100.95,0.004077978913865188
2026-07-29,VNQ,100.66,-0.0028727092620109973
2026-07-30,VNQ,99.49,-0.0116232863103517
2026-07-31,VNQ,98.95,-0.0054276811739872866
2026-08-03,VNQ,99.07,0.0012127337038907449
2026-08-04,VNQ,98.92,-0.0015140809528615407
2026-08-05,VNQ,98.92,0.0
2026-08-06,VNQ,98.04,-0.008896077638495758
2026-08-07,VNQ,98.43,0.00397796817625462
2026-08-10,VNQ,97.11,-0.013410545565376464
2026-08-11,VNQ,96.38,-0.007517248481103911
2026-08-12,VNQ,97.31,0.009649304835028127
2026-08-13,VNQ,98.58,0.01305107388757576
2026-08-14,VNQ,98.83,0.002536011361330859
2026-08-17,VNQ,97.98,-0.008600627339876543
2026-08-18,VNQ,97.62,-0.003674219228413933
2026-08-19,VNQ,98.61,0.010141364474492987
2026-08-20,VNQ,98.6,-0.00010140959334759003
2026-08-21,VNQ,98.5,-0.001014198782961384
2026-08-24,VNQ,99.1,0.006091370558375608
2026-08-25,VNQ,99.25,0.0015136226034309086
2026-08-26,VNQ,98.61,-0.006448362720403056
2026-08-27,VNQ,97.65,-0.00973532096136287
2026-08-28,VNQ,97.24,-0.004198668714797904
2026-08-31,VNQ,96.44,-0.008227067050596393
2026-09-01,VNQ,96.3,-0.001451679800912542
2026-09-02,VNQ,95.78,-0.0053997923156801075
2026-09-03,VNQ,96.66,0.00918772186260175
2026-09-04,VNQ,96.02,-0.006621146285950785
2026-09-08,VNQ,95.93,-0.0009373047281815428
2026-09-09,VNQ,94.94,-0.010320025018242585
2026-09-10,VNQ,94.12,-0.008637033916157555
2026-09-11,VNQ,94.8,0.007224819379515468
2026-09-14,VNQ,94.33,-0.004957805907172985
2026-09-15,VNQ,94.1,-0.0024382487013675513
2026-09-16,VNQ,93.48,-0.006588735387885181
2026-09-17,VNQ,93.81,0.003530166880616248
2026-09-18,VNQ,92.91,-0.009593859929645121
2026-09-21,VNQ,93.81,0.009686793671294769
2026-09-23,VNQ,91.45,-0.02515723270440251
2026-09-24,VNQ,91.17,-0.003061782394751189
