date,ticker,ann_volatility_21d
2021-10-26,EFA,0.12155135396839835
2021-10-27,EFA,0.09333817881353
2021-10-28,EFA,0.09716328952022846
2021-10-29,EFA,0.09869293428841464
2021-11-01,EFA,0.10266970527743342
2021-11-02,EFA,0.09367819971813877
2021-11-03,EFA,0.09457608731334256
2021-11-04,EFA,0.0895108161643756
2021-11-05,EFA,0.08758310352997978
2021-11-08,EFA,0.08758048454230674
2021-11-09,EFA,0.08685013270228714
2021-11-10,EFA,0.10023055016453616
2021-11-11,EFA,0.09606461289003387
2021-11-12,EFA,0.09225071679768891
2021-11-15,EFA,0.08908269298595071
2021-11-16,EFA,0.08791305026166095
2021-11-17,EFA,0.08610513180941119
2021-11-18,EFA,0.08544370236536948
2021-11-19,EFA,0.08922549216633156
2021-11-22,EFA,0.08897269152265246
2021-11-23,EFA,0.08881061055647708
2021-11-24,EFA,0.09099833350166826
2021-11-26,EFA,0.12825354360101962
2021-11-29,EFA,0.12390460700806924
2021-11-30,EFA,0.12545903727575244
2021-12-01,EFA,0.11824303432374646
2021-12-02,EFA,0.12966588949494243
2021-12-03,EFA,0.1241668697672793
2021-12-06,EFA,0.13128076581462134
2021-12-07,EFA,0.15403317703060293
2021-12-08,EFA,0.15439756792081102
2021-12-09,EFA,0.15628351277071587
2021-12-10,EFA,0.15190746017162213
2021-12-13,EFA,0.15370209330129123
2021-12-14,EFA,0.15208200993204926
2021-12-15,EFA,0.16141653678900852
2021-12-16,EFA,0.1614520071969336
2021-12-17,EFA,0.16624768136848847
2021-12-20,EFA,0.1659595095494605
2021-12-21,EFA,0.16994822205099
2021-12-22,EFA,0.17252675960450553
2021-12-23,EFA,0.17378202938535064
2021-12-27,EFA,0.1738983276309023
2021-12-28,EFA,0.14195712164748303
2021-12-29,EFA,0.14177569143636606
2021-12-30,EFA,0.13751384955013796
2021-12-31,EFA,0.1350330306599318
2022-01-03,EFA,0.13094930437879562
2022-01-04,EFA,0.12949200070744402
2022-01-05,EFA,0.13249159975336205
2022-01-06,EFA,0.11384451031013774
2022-01-07,EFA,0.11407033477878713
2022-01-10,EFA,0.11505722355835313
2022-01-11,EFA,0.12056361027047868
2022-01-12,EFA,0.11834966521011325
2022-01-13,EFA,0.1200037868022992
2022-01-14,EFA,0.11212230992680026
2022-01-18,EFA,0.12455990902718017
2022-01-19,EFA,0.11558340509254522
2022-01-20,EFA,0.11682762981593221
2022-01-21,EFA,0.12030703900445194
2022-01-24,EFA,0.1190404100751568
2022-01-25,EFA,0.11700198296396253
2022-01-26,EFA,0.11160935934639168
2022-01-27,EFA,0.11132318530813903
2022-01-28,EFA,0.11307340804095248
2022-01-31,EFA,0.12777298241741405
2022-02-01,EFA,0.1336099442530613
2022-02-02,EFA,0.13435535968420897
2022-02-03,EFA,0.14090052201536696
2022-02-04,EFA,0.13967873164840774
2022-02-07,EFA,0.13960890260316072
2022-02-08,EFA,0.14066633028046038
2022-02-09,EFA,0.14983881046417333
2022-02-10,EFA,0.1503656386344012
2022-02-11,EFA,0.15215896950203678
2022-02-14,EFA,0.1518584725048221
2022-02-15,EFA,0.167978910715624
2022-02-16,EFA,0.16168951921621905
2022-02-17,EFA,0.1704734389711857
2022-02-18,EFA,0.17031417256430315
2022-02-22,EFA,0.16871642648431615
2022-02-23,EFA,0.1676680941650077
2022-02-24,EFA,0.17228385626128062
2022-02-25,EFA,0.1946795346702548
2022-02-28,EFA,0.20504573180759988
2022-03-01,EFA,0.2169593778251271
2022-03-02,EFA,0.21512812552736527
2022-03-03,EFA,0.21917378689856176
2022-03-04,EFA,0.23234105603363614
2022-03-07,EFA,0.24757413879910017
2022-03-08,EFA,0.25117126606559953
2022-03-09,EFA,0.29966808943257184
2022-03-10,EFA,0.29917416291349835
2022-03-11,EFA,0.2901117161414304
2022-03-14,EFA,0.29342885222058906
2022-03-15,EFA,0.29489116731928583
2022-03-16,EFA,0.3246719421652183
2022-03-17,EFA,0.31876186824006203
2022-03-18,EFA,0.32078397399926034
2022-03-21,EFA,0.31700561229393004
2022-03-22,EFA,0.3189267254904888
2022-03-23,EFA,0.3195189927980017
2022-03-24,EFA,0.3200971031776892
2022-03-25,EFA,0.3162831276614243
2022-03-28,EFA,0.30395432693783553
2022-03-29,EFA,0.30589168367839403
2022-03-30,EFA,0.29486698467639577
2022-03-31,EFA,0.299275499516011
2022-04-01,EFA,0.2909055756633452
2022-04-04,EFA,0.26780448672437934
2022-04-05,EFA,0.24370695317890534
2022-04-06,EFA,0.2498660629821427
2022-04-07,EFA,0.20788731843573513
2022-04-08,EFA,0.20188116000214687
2022-04-11,EFA,0.2016820006062275
2022-04-12,EFA,0.2029125124766673
2022-04-13,EFA,0.20355936223506518
2022-04-14,EFA,0.16190481293731546
2022-04-18,EFA,0.15982023413069532
2022-04-19,EFA,0.1565483871950487
2022-04-20,EFA,0.15764602401118025
2022-04-21,EFA,0.1571021991768145
2022-04-22,EFA,0.16058611571425524
2022-04-25,EFA,0.15581973516971293
2022-04-26,EFA,0.178769051632262
2022-04-27,EFA,0.18103469718351173
2022-04-28,EFA,0.16852399505969423
2022-04-29,EFA,0.17077463689523825
2022-05-02,EFA,0.16462899397698938
2022-05-03,EFA,0.1628733010416139
2022-05-04,EFA,0.17683913023356004
2022-05-05,EFA,0.20120698458554043
2022-05-06,EFA,0.2001975407937912
2022-05-09,EFA,0.21889474624404784
2022-05-10,EFA,0.22252149153107587
2022-05-11,EFA,0.22159108213472262
2022-05-12,EFA,0.22145034595083374
2022-05-13,EFA,0.24288388410311243
2022-05-16,EFA,0.2433316321093503
2022-05-17,EFA,0.25461512549105014
2022-05-18,EFA,0.26400761394425604
2022-05-19,EFA,0.2656159294855381
2022-05-20,EFA,0.26641393013619474
2022-05-23,EFA,0.2695955865142401
2022-05-24,EFA,0.2692379458446048
2022-05-25,EFA,0.250431530704924
2022-05-26,EFA,0.2527282789150013
2022-05-27,EFA,0.2514432029915466
2022-05-31,EFA,0.2486463875561669
2022-06-01,EFA,0.2516589527618272
2022-06-02,EFA,0.2602793927567989
2022-06-03,EFA,0.25861481865407765
2022-06-06,EFA,0.23113692425311008
2022-06-07,EFA,0.22751807708230404
2022-06-08,EFA,0.20425758687081835
2022-06-09,EFA,0.2194543190558422
2022-06-10,EFA,0.23571825752125072
2022-06-13,EFA,0.2631198643811866
2022-06-14,EFA,0.2430394059916689
2022-06-15,EFA,0.2538364652186895
2022-06-16,EFA,0.2518319151538732
2022-06-17,EFA,0.24090506218241986
2022-06-21,EFA,0.24518467396782284
2022-06-22,EFA,0.24321498961726926
2022-06-23,EFA,0.23224435115254582
2022-06-24,EFA,0.2601718464840416
2022-06-27,EFA,0.2600437657915779
2022-06-28,EFA,0.2554958227852609
2022-06-29,EFA,0.2491348880931791
2022-06-30,EFA,0.24909493293082835
2022-07-01,EFA,0.24899539827169792
2022-07-05,EFA,0.23958102815064283
2022-07-06,EFA,0.23841813335155662
2022-07-07,EFA,0.24665856384071252
2022-07-08,EFA,0.24603589176347662
2022-07-11,EFA,0.24724303709819814
2022-07-12,EFA,0.2402427547517348
2022-07-13,EFA,0.22843338272005478
2022-07-14,EFA,0.20453803364554277
2022-07-15,EFA,0.21095128832244198
2022-07-18,EFA,0.2000896433886079
2022-07-19,EFA,0.2076652657639044
2022-07-20,EFA,0.20869392173539614
2022-07-21,EFA,0.2052885213830791
2022-07-22,EFA,0.20381636172209697
2022-07-25,EFA,0.20487557588881
2022-07-26,EFA,0.18372487767343018
2022-07-27,EFA,0.20117606444139752
2022-07-28,EFA,0.19973871199625706
2022-07-29,EFA,0.2033216920512396
2022-08-01,EFA,0.20146229921668607
2022-08-02,EFA,0.2114158015763878
2022-08-03,EFA,0.19434690872443897
2022-08-04,EFA,0.19431141185156328
2022-08-05,EFA,0.19225248832361666
2022-08-08,EFA,0.19221946172241167
2022-08-09,EFA,0.1825976967566434
2022-08-10,EFA,0.19465541169256864
2022-08-11,EFA,0.19460488171303464
2022-08-12,EFA,0.18381448653076246
2022-08-15,EFA,0.18282799560984944
2022-08-16,EFA,0.18336355264977314
2022-08-17,EFA,0.16578906943693794
2022-08-18,EFA,0.16404331225030577
2022-08-19,EFA,0.16978198478181758
2022-08-22,EFA,0.18052753023292617
2022-08-23,EFA,0.17845462611753843
2022-08-24,EFA,0.17127958941989016
2022-08-25,EFA,0.15459652030553295
2022-08-26,EFA,0.1778782122193442
2022-08-29,EFA,0.16882910126167466
2022-08-30,EFA,0.16910069889448917
2022-08-31,EFA,0.16289928517541954
2022-09-01,EFA,0.1645067469448164
2022-09-02,EFA,0.1620847784647015
2022-09-06,EFA,0.16168295961723553
2022-09-07,EFA,0.16611719758421828
2022-09-08,EFA,0.1664374813896511
2022-09-09,EFA,0.17228713205595145
2022-09-12,EFA,0.18166381697066922
2022-09-13,EFA,0.21011075136861676
2022-09-14,EFA,0.2115158233588129
2022-09-15,EFA,0.2118574936677552
2022-09-16,EFA,0.21151798066621813
2022-09-19,EFA,0.21309537134391204
2022-09-20,EFA,0.21533124837968368
2022-09-21,EFA,0.21272367520644414
2022-09-22,EFA,0.21222384258222646
2022-09-23,EFA,0.23239157105716254
2022-09-26,EFA,0.22660865160532184
2022-09-27,EFA,0.21509281720206555
2022-09-28,EFA,0.23851824884501413
2022-09-29,EFA,0.23971551565002822
2022-09-30,EFA,0.23961514564684397
2022-10-03,EFA,0.2513623872457931
2022-10-04,EFA,0.29154250204376847
2022-10-05,EFA,0.2935252256524359
2022-10-06,EFA,0.29652912036685813
2022-10-07,EFA,0.29997746493134964
2022-10-10,EFA,0.2814307546506129
2022-10-11,EFA,0.2738975153094151
2022-10-12,EFA,0.25284180729951466
2022-10-13,EFA,0.2661828892175842
2022-10-14,EFA,0.26858036175535116
2022-10-17,EFA,0.2857406955590074
2022-10-18,EFA,0.28695102043474074
2022-10-19,EFA,0.2843229681074598
2022-10-20,EFA,0.2814020896662306
2022-10-21,EFA,0.2892384340184757
2022-10-24,EFA,0.26555548840104004
2022-10-25,EFA,0.2683322581058223
2022-10-26,EFA,0.26681890501738437
2022-10-27,EFA,0.259620011855114
2022-10-28,EFA,0.2558737310440614
2022-10-31,EFA,0.2585556822444289
2022-11-01,EFA,0.2519203880855973
2022-11-02,EFA,0.2173531432896031
2022-11-03,EFA,0.21621138375120919
2022-11-04,EFA,0.24783056663858896
2022-11-07,EFA,0.2385638361085248
2022-11-08,EFA,0.23767076429331385
2022-11-09,EFA,0.24028781502089108
2022-11-10,EFA,0.29838702931253497
2022-11-11,EFA,0.2979927410577129
2022-11-14,EFA,0.2942885871574517
2022-11-15,EFA,0.28729816303176003
2022-11-16,EFA,0.2887861521823108
2022-11-17,EFA,0.2822910851050117
2022-11-18,EFA,0.28102778063924083
2022-11-21,EFA,0.281799118558292
2022-11-22,EFA,0.2826414898091683
2022-11-23,EFA,0.27725707165367813
2022-11-25,EFA,0.2768803058697653
2022-11-28,EFA,0.2795046003432555
2022-11-29,EFA,0.27902917638486774
2022-11-30,EFA,0.2775429902065377
2022-12-01,EFA,0.2777594288980469
2022-12-02,EFA,0.2687712887799569
2022-12-05,EFA,0.2725628638010672
2022-12-06,EFA,0.24598419460208126
2022-12-07,EFA,0.24643418035540002
2022-12-08,EFA,0.2451402539186213
2022-12-09,EFA,0.2367467448370269
2022-12-12,EFA,0.1452030116630112
2022-12-13,EFA,0.13748153604009905
2022-12-14,EFA,0.1303639786837316
2022-12-15,EFA,0.1610791360659116
2022-12-16,EFA,0.16420026031616533
2022-12-19,EFA,0.16449208639216742
2022-12-20,EFA,0.1648759538263451
2022-12-21,EFA,0.16554607235302085
2022-12-22,EFA,0.16207919040208849
2022-12-23,EFA,0.15789178513231883
2022-12-27,EFA,0.1568931826262856
2022-12-28,EFA,0.15473524046675372
2022-12-29,EFA,0.16403774351040795
2022-12-30,EFA,0.15541972862858933
2023-01-03,EFA,0.1547240296180072
2023-01-04,EFA,0.16231299884300074
2023-01-05,EFA,0.15948353832375384
2023-01-06,EFA,0.18145303682301228
2023-01-09,EFA,0.18164261017230354
2023-01-10,EFA,0.18126574084970412
2023-01-11,EFA,0.18244500292176366
2023-01-12,EFA,0.18786737604094306
2023-01-13,EFA,0.1832921125488353
2023-01-17,EFA,0.18303566392218595
2023-01-18,EFA,0.15479121426184944
2023-01-19,EFA,0.1496841955072413
2023-01-20,EFA,0.14909375356035287
2023-01-23,EFA,0.14909342449534513
2023-01-24,EFA,0.14834466458149617
2023-01-25,EFA,0.14239616523854576
2023-01-26,EFA,0.14286511442512453
2023-01-27,EFA,0.14415380725233734
2023-01-30,EFA,0.13949029509617608
2023-01-31,EFA,0.13312562238427786
2023-02-01,EFA,0.12416357198376535
2023-02-02,EFA,0.12478426631778515
2023-02-03,EFA,0.12826228174950627
2023-02-06,EFA,0.12856739013248558
2023-02-07,EFA,0.10149589084569921
2023-02-08,EFA,0.10517160672653299
2023-02-09,EFA,0.10507748785885437
2023-02-10,EFA,0.10470700875251068
2023-02-13,EFA,0.09800976894406538
2023-02-14,EFA,0.09676342992806793
2023-02-15,EFA,0.09791505829487596
2023-02-16,EFA,0.09871288027225236
2023-02-17,EFA,0.09878897600076719
2023-02-21,EFA,0.10142877223493527
2023-02-22,EFA,0.10143519997975688
2023-02-23,EFA,0.10360545474600054
2023-02-24,EFA,0.11391421068611984
2023-02-27,EFA,0.12313337239108567
2023-02-28,EFA,0.12490658958243281
2023-03-01,EFA,0.12569258442938683
2023-03-02,EFA,0.12383174504408453
2023-03-03,EFA,0.13096094461150218
2023-03-06,EFA,0.13108234173596336
2023-03-07,EFA,0.13930178742871602
2023-03-08,EFA,0.13714928959852218
2023-03-09,EFA,0.13499859267615527
2023-03-10,EFA,0.137926900161842
2023-03-13,EFA,0.13858692418998822
2023-03-14,EFA,0.14785560503562173
2023-03-15,EFA,0.17492587777201735
2023-03-16,EFA,0.18578808827532242
2023-03-17,EFA,0.18863212406607635
2023-03-20,EFA,0.19873148773599458
2023-03-21,EFA,0.2067148997818667
2023-03-22,EFA,0.20381184381459688
2023-03-23,EFA,0.203076327052727
2023-03-24,EFA,0.20219197227634148
2023-03-27,EFA,0.19665363798625743
2023-03-28,EFA,0.19215986733947746
2023-03-29,EFA,0.19482080503653013
2023-03-30,EFA,0.19790351353179475
2023-03-31,EFA,0.19837177216413104
2023-04-03,EFA,0.19400739044260557
2023-04-04,EFA,0.19363467975593543
2023-04-05,EFA,0.18516456229260803
2023-04-06,EFA,0.184986277466408
2023-04-10,EFA,0.18245651148918188
2023-04-11,EFA,0.17681226577579548
2023-04-12,EFA,0.1739941124155817
2023-04-13,EFA,0.1736033268695583
2023-04-14,EFA,0.12561002322039067
2023-04-17,EFA,0.12030793771961756
2023-04-18,EFA,0.10657602002014559
2023-04-19,EFA,0.10113587128613756
2023-04-20,EFA,0.09229482994322953
2023-04-21,EFA,0.08981636410659233
2023-04-24,EFA,0.08920157939917708
2023-04-25,EFA,0.10538408916473324
2023-04-26,EFA,0.10302662990318465
2023-04-27,EFA,0.10873323234313081
2023-04-28,EFA,0.10377085597506246
2023-05-01,EFA,0.09852500467925564
2023-05-02,EFA,0.10545807038613916
2023-05-03,EFA,0.10248997803967091
2023-05-04,EFA,0.10289344800427264
2023-05-05,EFA,0.11025658487214456
2023-05-08,EFA,0.10969235672949104
2023-05-09,EFA,0.11107576197914319
2023-05-10,EFA,0.11129788823618054
2023-05-11,EFA,0.11000539422883938
2023-05-12,EFA,0.10058212891542244
2023-05-15,EFA,0.10310330016958046
2023-05-16,EFA,0.10842390706772505
2023-05-17,EFA,0.1079370961750858
2023-05-18,EFA,0.10750255714922326
2023-05-19,EFA,0.10940917727506994
2023-05-22,EFA,0.10802846734903558
2023-05-23,EFA,0.11890647083588411
2023-05-24,EFA,0.11982881205616455
2023-05-25,EFA,0.11984578607301344
2023-05-26,EFA,0.11635947190346597
2023-05-30,EFA,0.12056460113603258
2023-05-31,EFA,0.12448128876521045
2023-06-01,EFA,0.13336401438540346
2023-06-02,EFA,0.14115977471974597
2023-06-05,EFA,0.14237314830511294
2023-06-06,EFA,0.13541980633514708
2023-06-07,EFA,0.13825755234095335
2023-06-08,EFA,0.1434814525928459
2023-06-09,EFA,0.14343425845343055
2023-06-12,EFA,0.14411499709032385
2023-06-13,EFA,0.14762930792429024
2023-06-14,EFA,0.14584298018348557
2023-06-15,EFA,0.14542039141173435
2023-06-16,EFA,0.14533784519740892
2023-06-20,EFA,0.15326476023940658
2023-06-21,EFA,0.15203566481788075
2023-06-22,EFA,0.15362941533250865
2023-06-23,EFA,0.1547044060014483
2023-06-26,EFA,0.14556013374229554
2023-06-27,EFA,0.1480317806987024
2023-06-28,EFA,0.14458003134420616
2023-06-29,EFA,0.13947953608994137
2023-06-30,EFA,0.1382077129118733
2023-07-03,EFA,0.13052084418064444
2023-07-05,EFA,0.13027587459345424
2023-07-06,EFA,0.14251332450890203
2023-07-07,EFA,0.14194472224780338
2023-07-10,EFA,0.1389353059153092
2023-07-11,EFA,0.13754723003252464
2023-07-12,EFA,0.15220483245882271
2023-07-13,EFA,0.1604800933705772
2023-07-14,EFA,0.1597436321392274
2023-07-17,EFA,0.15957089745869438
2023-07-18,EFA,0.1569929213244514
2023-07-19,EFA,0.15674371554288333
2023-07-20,EFA,0.15013817720412037
2023-07-21,EFA,0.15017266213642838
2023-07-24,EFA,0.14845566582269784
2023-07-25,EFA,0.13549089727127797
2023-07-26,EFA,0.13549051471569437
2023-07-27,EFA,0.13399405212427568
2023-07-28,EFA,0.13537482228185915
2023-07-31,EFA,0.13500072846140468
2023-08-01,EFA,0.13819717527627642
2023-08-02,EFA,0.15357764933971169
2023-08-03,EFA,0.14862940826316126
2023-08-04,EFA,0.13427187906615892
2023-08-07,EFA,0.13485350076087113
2023-08-08,EFA,0.13705216715528054
2023-08-09,EFA,0.13383221989907557
2023-08-10,EFA,0.11648840502208849
2023-08-11,EFA,0.1021609901440523
2023-08-14,EFA,0.10160369850779735
2023-08-15,EFA,0.10859853520983885
2023-08-16,EFA,0.10624550254144416
2023-08-17,EFA,0.10711139527099765
2023-08-18,EFA,0.10722079240597455
2023-08-21,EFA,0.10830074267254011
2023-08-22,EFA,0.10832648762017855
2023-08-23,EFA,0.11733662794758053
2023-08-24,EFA,0.12262485792840609
2023-08-25,EFA,0.12703304643304922
2023-08-28,EFA,0.13070914075068388
2023-08-29,EFA,0.140062331412931
2023-08-30,EFA,0.13442435323650695
2023-08-31,EFA,0.11900541806931497
2023-09-01,EFA,0.11869420910311931
2023-09-05,EFA,0.12156341960898659
2023-09-06,EFA,0.11681352508965595
2023-09-07,EFA,0.11579055256887508
2023-09-08,EFA,0.11574338536575976
2023-09-11,EFA,0.12120492843217152
2023-09-12,EFA,0.11994661966425056
2023-09-13,EFA,0.1195317834499494
2023-09-14,EFA,0.12101609629421377
2023-09-15,EFA,0.11737865149766406
2023-09-18,EFA,0.11498619870848001
2023-09-19,EFA,0.1149404151432776
2023-09-20,EFA,0.11502363085579442
2023-09-21,EFA,0.12951863642801117
2023-09-22,EFA,0.1233840757799768
2023-09-25,EFA,0.11478044837461053
2023-09-26,EFA,0.12013485780815532
2023-09-27,EFA,0.11253467071290227
2023-09-28,EFA,0.1066942983462629
2023-09-29,EFA,0.10665228972129574
2023-10-02,EFA,0.11530836827461279
2023-10-03,EFA,0.12018079490942433
2023-10-04,EFA,0.11943637854958801
2023-10-05,EFA,0.12569891294234184
2023-10-06,EFA,0.13344495279139368
2023-10-09,EFA,0.13344542510634894
2023-10-10,EFA,0.1376069106019483
2023-10-11,EFA,0.1383693656033684
2023-10-12,EFA,0.1406467257918917
2023-10-13,EFA,0.13342988908251616
2023-10-16,EFA,0.13732797073497394
2023-10-17,EFA,0.13735347325833155
2023-10-18,EFA,0.14769391922261507
2023-10-19,EFA,0.14943028553919474
2023-10-20,EFA,0.14256899209696003
2023-10-23,EFA,0.14253944669968271
2023-10-24,EFA,0.14488707436872877
2023-10-25,EFA,0.14059989376086873
2023-10-26,EFA,0.14199443822291297
2023-10-27,EFA,0.13736868492688625
2023-10-30,EFA,0.14685488560507845
2023-10-31,EFA,0.13974279447811563
2023-11-01,EFA,0.13692444577871934
2023-11-02,EFA,0.1535527483001332
2023-11-03,EFA,0.15478983153389522
2023-11-06,EFA,0.1520829318621585
2023-11-07,EFA,0.15369064671419708
2023-11-08,EFA,0.14583719169245474
2023-11-09,EFA,0.1449125234678108
2023-11-10,EFA,0.14304305514865293
2023-11-13,EFA,0.1391502657078231
2023-11-14,EFA,0.16256601120511036
2023-11-15,EFA,0.1628838086209441
2023-11-16,EFA,0.14822392686387253
2023-11-17,EFA,0.14750748191055682
2023-11-20,EFA,0.1406911309708848
2023-11-21,EFA,0.14287830565191736
2023-11-22,EFA,0.1427375546728048
2023-11-24,EFA,0.13796188201135967
2023-11-27,EFA,0.13461461696000393
2023-11-28,EFA,0.13280270448192477
2023-11-29,EFA,0.1295701647041149
2023-11-30,EFA,0.13065045591191138
2023-12-01,EFA,0.1312870678070848
2023-12-04,EFA,0.1224882068126188
2023-12-05,EFA,0.12052725846310786
2023-12-06,EFA,0.11795677380442694
2023-12-07,EFA,0.11430245350989213
2023-12-08,EFA,0.11335353285481997
2023-12-11,EFA,0.11281765404106942
2023-12-12,EFA,0.1127752323309745
2023-12-13,EFA,0.1197335945709175
2023-12-14,EFA,0.09057948092248173
2023-12-15,EFA,0.09934515165733836
2023-12-18,EFA,0.09876200869393395
2023-12-19,EFA,0.09292833255363567
2023-12-20,EFA,0.1018745994024622
2023-12-21,EFA,0.11177709299277433
2023-12-22,EFA,0.11190043395697871
2023-12-26,EFA,0.11057739740104912
2023-12-27,EFA,0.10906066664142734
2023-12-28,EFA,0.11032939057380638
2023-12-29,EFA,0.11043612467385237
2024-01-02,EFA,0.11971390801607275
2024-01-03,EFA,0.1198267211615769
2024-01-04,EFA,0.11539012466151059
2024-01-05,EFA,0.11391524399755963
2024-01-08,EFA,0.11793641350260749
2024-01-09,EFA,0.1235291297092884
2024-01-10,EFA,0.12462951640592859
2024-01-11,EFA,0.12474709913048784
2024-01-12,EFA,0.12507108229974134
2024-01-16,EFA,0.13131160196769176
2024-01-17,EFA,0.13263248087685425
2024-01-18,EFA,0.13222982350348217
2024-01-19,EFA,0.1322065482580692
2024-01-22,EFA,0.12929160670509923
2024-01-23,EFA,0.12451489252154702
2024-01-24,EFA,0.11380087316937924
2024-01-25,EFA,0.11419649063972014
2024-01-26,EFA,0.11413091736184781
2024-01-29,EFA,0.11445942864034514
2024-01-30,EFA,0.11415894756648706
2024-01-31,EFA,0.11546116089580585
2024-02-01,EFA,0.11325897951533476
2024-02-02,EFA,0.11364270594524886
2024-02-05,EFA,0.11542132748749051
2024-02-06,EFA,0.11711658401698734
2024-02-07,EFA,0.11139933556258819
2024-02-08,EFA,0.1066838190965593
2024-02-09,EFA,0.10506802433056105
2024-02-12,EFA,0.1051560334362187
2024-02-13,EFA,0.11752462048165933
2024-02-14,EFA,0.10820281538188001
2024-02-15,EFA,0.10716792024782577
2024-02-16,EFA,0.1040533741266393
2024-02-20,EFA,0.10440817248516901
2024-02-21,EFA,0.10428750170212688
2024-02-22,EFA,0.10830986156145897
2024-02-23,EFA,0.10650613454256708
2024-02-26,EFA,0.10702449923859216
2024-02-27,EFA,0.1066288774130176
2024-02-28,EFA,0.10833373452944635
2024-02-29,EFA,0.10812649268173433
2024-03-01,EFA,0.1094924133758013
2024-03-04,EFA,0.10650333658576903
2024-03-05,EFA,0.10183805949675964
2024-03-06,EFA,0.10449604223591674
2024-03-07,EFA,0.10882962205193003
2024-03-08,EFA,0.11024956567014647
2024-03-11,EFA,0.11299211371927764
2024-03-12,EFA,0.11463048844600608
2024-03-13,EFA,0.11491280608077878
2024-03-14,EFA,0.10173172346456794
2024-03-15,EFA,0.09742142169154001
2024-03-18,EFA,0.09212367790691144
2024-03-19,EFA,0.09211991809389877
2024-03-20,EFA,0.0968187956914621
2024-03-21,EFA,0.09714654424120919
2024-03-22,EFA,0.09215206333561761
2024-03-25,EFA,0.09298101364296482
2024-03-26,EFA,0.09246762609468812
2024-03-27,EFA,0.09376960287666475
2024-03-28,EFA,0.09102112058817055
2024-04-01,EFA,0.09326207852879294
2024-04-02,EFA,0.09249937981738676
2024-04-03,EFA,0.0932849602905208
2024-04-04,EFA,0.09861992588143575
2024-04-05,EFA,0.09047055271205112
2024-04-08,EFA,0.08211175115986273
2024-04-09,EFA,0.08128965394368887
2024-04-10,EFA,0.09158233235007443
2024-04-11,EFA,0.0872762456219043
2024-04-12,EFA,0.10262841802099268
2024-04-15,EFA,0.10052330319448138
2024-04-16,EFA,0.10478607057295194
2024-04-17,EFA,0.1049799283675255
2024-04-18,EFA,0.10433979199892998
2024-04-19,EFA,0.0945774674383346
2024-04-22,EFA,0.10615505212442064
2024-04-23,EFA,0.11471887366908605
2024-04-24,EFA,0.11469656613906713
2024-04-25,EFA,0.11505393001689795
2024-04-26,EFA,0.11684251867725776
2024-04-29,EFA,0.11807265192737054
2024-04-30,EFA,0.12445223015894032
2024-05-01,EFA,0.12277404451942167
2024-05-02,EFA,0.1309870287166193
2024-05-03,EFA,0.1327543070667227
2024-05-06,EFA,0.13440273268307532
2024-05-07,EFA,0.1336440485966326
2024-05-08,EFA,0.13372200460423575
2024-05-09,EFA,0.12674214763964003
2024-05-10,EFA,0.12665108929814525
2024-05-13,EFA,0.110120768803779
2024-05-14,EFA,0.11023803160450488
2024-05-15,EFA,0.1042048972291754
2024-05-16,EFA,0.10820653272349992
2024-05-17,EFA,0.10610402904017623
2024-05-20,EFA,0.10598950624972366
2024-05-21,EFA,0.10282995419801362
2024-05-22,EFA,0.10661201950790378
2024-05-23,EFA,0.10853543352132879
2024-05-24,EFA,0.10829445464331862
2024-05-28,EFA,0.10655582780698189
2024-05-29,EFA,0.12247416759388607
2024-05-30,EFA,0.1145374542174624
2024-05-31,EFA,0.11644385954530669
2024-06-03,EFA,0.10939301064446082
2024-06-04,EFA,0.1058921159017024
2024-06-05,EFA,0.10600106566147718
2024-06-06,EFA,0.1061452288587595
2024-06-07,EFA,0.11417751821767096
2024-06-10,EFA,0.11170426466419663
2024-06-11,EFA,0.11901483679755831
2024-06-12,EFA,0.12582902449980238
2024-06-13,EFA,0.1331185159279205
2024-06-14,EFA,0.1315076068514519
2024-06-17,EFA,0.13203550550066565
2024-06-18,EFA,0.13227379617500784
2024-06-20,EFA,0.1322577493476728
2024-06-21,EFA,0.1338600128115371
2024-06-24,EFA,0.13409699921173932
2024-06-25,EFA,0.13336906600319245
2024-06-26,EFA,0.13202200179643456
2024-06-27,EFA,0.1321339497063748
2024-06-28,EFA,0.1204278942917413
2024-07-01,EFA,0.11673827756086137
2024-07-02,EFA,0.11162044957424405
2024-07-03,EFA,0.11876370583146684
2024-07-05,EFA,0.12106290830920677
2024-07-08,EFA,0.11960355505546187
2024-07-09,EFA,0.11935289720556788
2024-07-10,EFA,0.12410041575317293
2024-07-11,EFA,0.1243121575927009
2024-07-12,EFA,0.12104622780166698
2024-07-15,EFA,0.1202761680229746
2024-07-16,EFA,0.10801454334345188
2024-07-17,EFA,0.10117699524209305
2024-07-18,EFA,0.10858835497606359
2024-07-19,EFA,0.11089650066836323
2024-07-22,EFA,0.11606298230911467
2024-07-23,EFA,0.11491373542682347
2024-07-24,EFA,0.12164041975389159
2024-07-25,EFA,0.12342619123815912
2024-07-26,EFA,0.12825842723306136
2024-07-29,EFA,0.1295089145191836
2024-07-30,EFA,0.1296358480279562
2024-07-31,EFA,0.13787494198081351
2024-08-01,EFA,0.16774472484673855
2024-08-02,EFA,0.17034848191445584
2024-08-05,EFA,0.18136552126988095
2024-08-06,EFA,0.1818611653075938
2024-08-07,EFA,0.18350155410011132
2024-08-08,EFA,0.18664685453198934
2024-08-09,EFA,0.18701950258308794
2024-08-12,EFA,0.1814110844851337
2024-08-13,EFA,0.1920606157319427
2024-08-14,EFA,0.19164753603263435
2024-08-15,EFA,0.19655145971218413
2024-08-16,EFA,0.19448137438993693
2024-08-19,EFA,0.19724680967240688
2024-08-20,EFA,0.19466924178907838
2024-08-21,EFA,0.19562299924811596
2024-08-22,EFA,0.19094406097815952
2024-08-23,EFA,0.19718154403411248
2024-08-26,EFA,0.19511216787832744
2024-08-27,EFA,0.1939576268551357
2024-08-28,EFA,0.19499324864193415
2024-08-29,EFA,0.1901212823238096
2024-08-30,EFA,0.16054571430048215
2024-09-03,EFA,0.16063906145319004
2024-09-04,EFA,0.1364420796352821
2024-09-05,EFA,0.13680557434873983
2024-09-06,EFA,0.15717084880007767
2024-09-09,EFA,0.15109048157038918
2024-09-10,EFA,0.15292303145874703
2024-09-11,EFA,0.15327819916347327
2024-09-12,EFA,0.14502437939282187
2024-09-13,EFA,0.14486040913048695
2024-09-16,EFA,0.14177120125347395
2024-09-17,EFA,0.1429223759562868
2024-09-18,EFA,0.1373718917449355
2024-09-19,EFA,0.15259437731536094
2024-09-20,EFA,0.15427473155433136
2024-09-23,EFA,0.15302227348109454
2024-09-24,EFA,0.1406316653492685
2024-09-25,EFA,0.14106467495137973
2024-09-26,EFA,0.15971168440717784
2024-09-27,EFA,0.1608436015958533
2024-09-30,EFA,0.16113549933412247
2024-10-01,EFA,0.1633698803576137
2024-10-02,EFA,0.1531857115070551
2024-10-03,EFA,0.15615420708017985
2024-10-04,EFA,0.1572462020478067
2024-10-07,EFA,0.14248243873747524
2024-10-08,EFA,0.13925267527638233
2024-10-09,EFA,0.13768085326722998
2024-10-10,EFA,0.13670633607209137
2024-10-11,EFA,0.13501112945316987
2024-10-14,EFA,0.13512071958390778
2024-10-15,EFA,0.1446493334372785
2024-10-16,EFA,0.14383061541211895
2024-10-17,EFA,0.14341281963664837
2024-10-18,EFA,0.1269577155897583
2024-10-21,EFA,0.12893132463927567
2024-10-22,EFA,0.1289404725178243
2024-10-23,EFA,0.12973775675963414
2024-10-24,EFA,0.13163996794131605
2024-10-25,EFA,0.10034814189257264
2024-10-28,EFA,0.10595513295940148
2024-10-29,EFA,0.10598252030822564
2024-10-30,EFA,0.10542559857141257
2024-10-31,EFA,0.10644551853328676
2024-11-01,EFA,0.10400248063100082
2024-11-04,EFA,0.10087863728589354
2024-11-05,EFA,0.10767507615024749
2024-11-06,EFA,0.11726095268091898
2024-11-07,EFA,0.13096006516240233
2024-11-08,EFA,0.1383377081294712
2024-11-11,EFA,0.1363790596967705
2024-11-12,EFA,0.14690769793537917
2024-11-13,EFA,0.13872380750231353
2024-11-14,EFA,0.13850518966189856
2024-11-15,EFA,0.13827231126098816
2024-11-18,EFA,0.13723253936179505
2024-11-19,EFA,0.13307009882811172
2024-11-20,EFA,0.13245402966041298
2024-11-21,EFA,0.12926725342791154
2024-11-22,EFA,0.1281883166710643
2024-11-25,EFA,0.13003768765442505
2024-11-26,EFA,0.12655291235047397
2024-11-27,EFA,0.12875727508231977
2024-11-29,EFA,0.13686959029024226
2024-12-02,EFA,0.13564273676205646
2024-12-03,EFA,0.1369114480248674
2024-12-04,EFA,0.1369113198511142
2024-12-05,EFA,0.13345118919219937
2024-12-06,EFA,0.12275986204408529
2024-12-09,EFA,0.11079305443673243
2024-12-10,EFA,0.10433616220994472
2024-12-11,EFA,0.10652270104390295
2024-12-12,EFA,0.08841420611140752
2024-12-13,EFA,0.0860159066269896
2024-12-16,EFA,0.08718679381753973
2024-12-17,EFA,0.0861805339359742
2024-12-18,EFA,0.12142639677656009
2024-12-19,EFA,0.12174252204215046
2024-12-20,EFA,0.12175921164836491
2024-12-23,EFA,0.12426785074465055
2024-12-24,EFA,0.12413829998771994
2024-12-26,EFA,0.12391491812931509
2024-12-27,EFA,0.12244967592816967
2024-12-30,EFA,0.12256684473118257
2024-12-31,EFA,0.1114184559234788
2025-01-02,EFA,0.11055403090267449
2025-01-03,EFA,0.10954571268803118
2025-01-06,EFA,0.1160857023047386
2025-01-07,EFA,0.1138879318545695
2025-01-08,EFA,0.1137599778159242
2025-01-10,EFA,0.1229162682823541
2025-01-13,EFA,0.12056321313989753
2025-01-14,EFA,0.11854557822477277
2025-01-15,EFA,0.1267406487613673
2025-01-16,EFA,0.12843400911031674
2025-01-17,EFA,0.12916100192876637
2025-01-21,EFA,0.14748729612201078
2025-01-22,EFA,0.11668068212083799
2025-01-23,EFA,0.11741199112918464
2025-01-24,EFA,0.11652734072763925
2025-01-27,EFA,0.11593300695788336
2025-01-28,EFA,0.11645616848335077
2025-01-29,EFA,0.11625149387650807
2025-01-30,EFA,0.11980416563633624
2025-01-31,EFA,0.12280776694307634
2025-02-03,EFA,0.1319250337737001
2025-02-04,EFA,0.1348094430032894
2025-02-05,EFA,0.13703704342269932
2025-02-06,EFA,0.13502139879619815
2025-02-07,EFA,0.14085500771482384
2025-02-10,EFA,0.1411313320232294
2025-02-11,EFA,0.12577459590633927
2025-02-12,EFA,0.12374772900931778
2025-02-13,EFA,0.1271412801609249
2025-02-14,EFA,0.12339634315291745
2025-02-18,EFA,0.12393551284114233
2025-02-19,EFA,0.13300645537782987
2025-02-20,EFA,0.11768340276140307
2025-02-21,EFA,0.12033827214912698
2025-02-24,EFA,0.11853073778435619
2025-02-25,EFA,0.1206000923068935
2025-02-26,EFA,0.12043764168032195
2025-02-27,EFA,0.1284636503183019
2025-02-28,EFA,0.12836446084978426
2025-03-03,EFA,0.12839809007834133
2025-03-04,EFA,0.12241634513338895
2025-03-05,EFA,0.13397890498360215
2025-03-06,EFA,0.13892583999510763
2025-03-07,EFA,0.13939429672512937
2025-03-10,EFA,0.16591998383170803
2025-03-11,EFA,0.16227383895006506
2025-03-12,EFA,0.16244060558598555
2025-03-13,EFA,0.16441840687717832
2025-03-14,EFA,0.17493310806141965
2025-03-17,EFA,0.1742901874160758
2025-03-18,EFA,0.17440148747769238
2025-03-19,EFA,0.17330268431270432
2025-03-20,EFA,0.1717779014601714
2025-03-21,EFA,0.1733611077876934
2025-03-24,EFA,0.1714475897056986
2025-03-25,EFA,0.17190728406970945
2025-03-26,EFA,0.17665336844901305
2025-03-27,EFA,0.1767256142026319
2025-03-28,EFA,0.17488374891555902
2025-03-31,EFA,0.17784598326161657
2025-04-01,EFA,0.17350330237890352
2025-04-02,EFA,0.17374272851078815
2025-04-03,EFA,0.16466667481606964
2025-04-04,EFA,0.27481292229215126
2025-04-07,EFA,0.27648877999679305
2025-04-08,EFA,0.26964955618807523
2025-04-09,EFA,0.39393746509892147
2025-04-10,EFA,0.39720102295645543
2025-04-11,EFA,0.40865195888158334
2025-04-14,EFA,0.4048014204514617
2025-04-15,EFA,0.4039657730870617
2025-04-16,EFA,0.40394634911477584
2025-04-17,EFA,0.40614316382484084
2025-04-21,EFA,0.4056776658255572
2025-04-22,EFA,0.4125874259732649
2025-04-23,EFA,0.4128760151023176
2025-04-24,EFA,0.41512521964950533
2025-04-25,EFA,0.4125680597111282
2025-04-28,EFA,0.4130284009178684
2025-04-29,EFA,0.4114078463521415
2025-04-30,EFA,0.40978821533696336
2025-05-01,EFA,0.4101876809754862
2025-05-02,EFA,0.41457723663037327
2025-05-05,EFA,0.40566307255690326
2025-05-06,EFA,0.3180582890476103
2025-05-07,EFA,0.3002647740928118
2025-05-08,EFA,0.3003021808422893
2025-05-09,EFA,0.16272665136231804
2025-05-12,EFA,0.1372083592937692
2025-05-13,EFA,0.11791690590397932
2025-05-14,EFA,0.11966885640906379
2025-05-15,EFA,0.12091761830273075
2025-05-16,EFA,0.11790057082560475
2025-05-19,EFA,0.1170179587747338
2025-05-20,EFA,0.1119344114389923
2025-05-21,EFA,0.10058397524784464
2025-05-22,EFA,0.101354969583257
2025-05-23,EFA,0.09418353564234956
2025-05-27,EFA,0.10305608737511764
2025-05-28,EFA,0.11339779022767676
2025-05-29,EFA,0.11370264190586134
2025-05-30,EFA,0.11310054482316767
2025-06-02,EFA,0.11489614229587423
2025-06-03,EFA,0.10405458620052614
2025-06-04,EFA,0.10452245683022021
2025-06-05,EFA,0.10432069010438938
2025-06-06,EFA,0.10274782219983278
2025-06-09,EFA,0.10106832582006817
2025-06-10,EFA,0.10066035775166435
2025-06-11,EFA,0.10086209835299029
2025-06-12,EFA,0.10287067311318092
2025-06-13,EFA,0.11289699235306291
2025-06-16,EFA,0.10817623737038805
2025-06-17,EFA,0.11795238801770133
2025-06-18,EFA,0.11361746829237222
2025-06-20,EFA,0.11674910649748503
2025-06-23,EFA,0.11795857918631597
2025-06-24,EFA,0.12484285873614735
2025-06-25,EFA,0.126750268932383
2025-06-26,EFA,0.12257068131516441
2025-06-27,EFA,0.11790355065099509
2025-06-30,EFA,0.117419536898516
2025-07-01,EFA,0.1178421562365101
2025-07-02,EFA,0.1128114419731927
2025-07-03,EFA,0.10876164516501859
2025-07-07,EFA,0.11545002403830201
2025-07-08,EFA,0.1178718680443568
2025-07-09,EFA,0.11984140868799627
2025-07-10,EFA,0.11991682382631955
2025-07-11,EFA,0.12524139083484945
2025-07-14,EFA,0.12503246025067674
2025-07-15,EFA,0.12756133377815398
2025-07-16,EFA,0.12005563800163467
2025-07-17,EFA,0.11971592232171079
2025-07-18,EFA,0.11136769849954975
2025-07-21,EFA,0.1124407079967142
2025-07-22,EFA,0.10743380011623753
2025-07-23,EFA,0.1330905461629442
2025-07-24,EFA,0.13238843491460417
2025-07-25,EFA,0.13036787592250954
2025-07-28,EFA,0.13938016704319264
2025-07-29,EFA,0.13600712069924706
2025-07-30,EFA,0.13816946385679899
2025-07-31,EFA,0.142670366390312
2025-08-01,EFA,0.14210018760020487
2025-08-04,EFA,0.15064464098618743
2025-08-05,EFA,0.14590662209619587
2025-08-06,EFA,0.14543366769451985
2025-08-07,EFA,0.14648707252148185
2025-08-08,EFA,0.14797043702044377
2025-08-11,EFA,0.14456807580991834
2025-08-12,EFA,0.1500343040726033
2025-08-13,EFA,0.14470925733577694
2025-08-14,EFA,0.14462831403739937
2025-08-15,EFA,0.14531379307720646
2025-08-18,EFA,0.14472216791984907
2025-08-19,EFA,0.144346309123076
2025-08-20,EFA,0.14386736497027017
2025-08-21,EFA,0.11890852091287779
2025-08-22,EFA,0.12601438006778534
2025-08-25,EFA,0.13545374559105838
2025-08-26,EFA,0.12127151083467617
2025-08-27,EFA,0.12141277306947972
2025-08-28,EFA,0.11753235122982024
2025-08-29,EFA,0.11201491057646232
2025-09-02,EFA,0.1184745844096491
2025-09-03,EFA,0.11085185612039289
2025-09-04,EFA,0.11266290921783315
2025-09-05,EFA,0.11173521326904838
2025-09-08,EFA,0.11266532193524723
2025-09-09,EFA,0.11257812645647246
2025-09-10,EFA,0.11105500345219282
2025-09-11,EFA,0.10917340246380076
2025-09-12,EFA,0.1090804567901833
2025-09-15,EFA,0.11096730705986768
2025-09-16,EFA,0.1102442945790627
2025-09-17,EFA,0.11114565020647697
2025-09-18,EFA,0.11174488274311957
2025-09-19,EFA,0.11227224440735491
2025-09-22,EFA,0.11004593495724399
2025-09-23,EFA,0.09730857468558782
2025-09-24,EFA,0.08760003795350188
2025-09-25,EFA,0.09124143928654371
2025-09-26,EFA,0.09453287521173324
2025-09-29,EFA,0.09461055511855578
2025-09-30,EFA,0.09240405328679455
2025-10-01,EFA,0.08676553211851343
2025-10-02,EFA,0.08676359881102834
2025-10-03,EFA,0.08771217311848553
2025-10-06,EFA,0.08722806318518452
2025-10-07,EFA,0.08910268447310975
2025-10-08,EFA,0.08797991124373018
2025-10-09,EFA,0.09380782341964006
2025-10-10,EFA,0.10841397312295521
2025-10-13,EFA,0.1115674125364787
2025-10-14,EFA,0.11019363947407744
2025-10-15,EFA,0.11099256198166098
2025-10-16,EFA,0.11124144691806657
2025-10-17,EFA,0.11072918691496361
2025-10-20,EFA,0.11251048797285716
2025-10-21,EFA,0.11599770342502558
2025-10-22,EFA,0.1158806924178154
2025-10-23,EFA,0.11413948490117537
2025-10-24,EFA,0.11004725188050117
2025-10-27,EFA,0.10953403639200564
2025-10-28,EFA,0.10940518237169772
2025-10-29,EFA,0.11153527021577381
2025-10-30,EFA,0.10964718684554609
2025-10-31,EFA,0.10987778954025788
2025-11-03,EFA,0.10572434609512717
2025-11-04,EFA,0.11073041775796902
2025-11-05,EFA,0.10959850048784099
2025-11-06,EFA,0.10922512542008567
2025-11-07,EFA,0.10620772860753601
2025-11-10,EFA,0.08808939266542114
2025-11-11,EFA,0.0874943438189675
2025-11-12,EFA,0.08824012075000537
2025-11-13,EFA,0.09699551420284364
2025-11-14,EFA,0.09644417149405733
2025-11-17,EFA,0.10697072105780976
2025-11-18,EFA,0.11097425253565066
2025-11-19,EFA,0.10896675499553114
2025-11-20,EFA,0.11766585965444058
2025-11-21,EFA,0.1301966100539271
2025-11-24,EFA,0.13003398702533778
2025-11-25,EFA,0.13503849095960424
2025-11-26,EFA,0.1411793537042625
2025-11-28,EFA,0.14037756982741753
2025-12-01,EFA,0.1405990989017916
2025-12-02,EFA,0.14079929129343313
2025-12-03,EFA,0.14188454789347935
2025-12-04,EFA,0.1364440645520138
2025-12-05,EFA,0.1351401003020914
2025-12-08,EFA,0.1354358492871921
2025-12-09,EFA,0.13520663767367155
2025-12-10,EFA,0.13579203801442066
2025-12-11,EFA,0.13498225741710942
2025-12-12,EFA,0.13491009284777
2025-12-15,EFA,0.13064068738489373
2025-12-16,EFA,0.13142162070662197
2025-12-17,EFA,0.12594792456122614
2025-12-18,EFA,0.11685577472073039
2025-12-19,EFA,0.1165664117730958
2025-12-22,EFA,0.10058694610966788
2025-12-23,EFA,0.09095933804043331
2025-12-24,EFA,0.09087128736970498
2025-12-26,EFA,0.08445100750782081
2025-12-29,EFA,0.07998869973437812
2025-12-30,EFA,0.07972218732710182
2025-12-31,EFA,0.07905920443512521
2026-01-02,EFA,0.08482926550542766
2026-01-05,EFA,0.09041404306074535
2026-01-06,EFA,0.09041370926189066
2026-01-07,EFA,0.09243058479578024
2026-01-08,EFA,0.09087141364536344
2026-01-09,EFA,0.09290469017114794
2026-01-12,EFA,0.08859513450210656
2026-01-13,EFA,0.09176988382551367
2026-01-14,EFA,0.08858475187461831
2026-01-15,EFA,0.08786275678800645
2026-01-16,EFA,0.08457742831483057
2026-01-20,EFA,0.0979750747672228
2026-01-21,EFA,0.1006828432168868
2026-01-22,EFA,0.0995077137612688
2026-01-23,EFA,0.1002675189647676
2026-01-26,EFA,0.09975279623549638
2026-01-27,EFA,0.11093861185650208
2026-01-28,EFA,0.1201735773122469
2026-01-29,EFA,0.11962424076306445
2026-01-30,EFA,0.12661947173655397
2026-02-02,EFA,0.12530386201323723
2026-02-03,EFA,0.12211823976563752
2026-02-04,EFA,0.11747448296207705
2026-02-05,EFA,0.129912316924142
2026-02-06,EFA,0.14870352063905362
2026-02-09,EFA,0.15336962427234377
2026-02-10,EFA,0.15182108937457442
2026-02-11,EFA,0.1520231107431631
2026-02-12,EFA,0.15338730104334464
2026-02-13,EFA,0.15329097862621976
2026-02-17,EFA,0.15324459057335976
2026-02-18,EFA,0.15329566957217422
2026-02-19,EFA,0.14102518800352645
2026-02-20,EFA,0.13979848342941412
2026-02-23,EFA,0.14172077245794004
2026-02-24,EFA,0.14126960745093145
2026-02-25,EFA,0.14326427426221822
2026-02-26,EFA,0.13464411135646373
2026-02-27,EFA,0.12787782251917715
2026-03-02,EFA,0.1470965153087449
2026-03-03,EFA,0.1812552426838887
2026-03-04,EFA,0.1855284387201128
2026-03-05,EFA,0.20047527991748867
2026-03-06,EFA,0.2016243107468029
2026-03-09,EFA,0.19833070428212402
2026-03-10,EFA,0.17987869714514002
2026-03-11,EFA,0.17142231416520226
2026-03-12,EFA,0.17654531232058232
2026-03-13,EFA,0.17522767868341144
2026-03-16,EFA,0.1914150120580946
2026-03-17,EFA,0.19197860361840735
2026-03-18,EFA,0.19803056367874258
2026-03-19,EFA,0.1974268900756204
2026-03-20,EFA,0.21797402607320787
2026-03-23,EFA,0.23617618830047765
2026-03-24,EFA,0.23625436535967217
2026-03-25,EFA,0.24440574059869175
2026-03-26,EFA,0.24624181805989714
2026-03-27,EFA,0.2461011615746206
2026-03-30,EFA,0.24751648794992134
2026-03-31,EFA,0.27385606160320447
2026-04-01,EFA,0.26023282093434125
2026-04-02,EFA,0.25614957196866356
2026-04-06,EFA,0.245888785345962
2026-04-07,EFA,0.2439267514921994
2026-04-08,EFA,0.2780760673881819
2026-04-09,EFA,0.2784067289625277
2026-04-10,EFA,0.2781149062027981
2026-04-13,EFA,0.27119689258271024
2026-04-14,EFA,0.26644350678298057
2026-04-15,EFA,0.2616022166895771
2026-04-16,EFA,0.2622923452745663
2026-04-17,EFA,0.2547169663663499
2026-04-20,EFA,0.2554182451496224
2026-04-21,EFA,0.24265138022680413
2026-04-22,EFA,0.23149479043317622
2026-04-23,EFA,0.23212570945542127
2026-04-24,EFA,0.2284735574219665
2026-04-27,EFA,0.21385884594468613
2026-04-28,EFA,0.21090102462270308
2026-04-29,EFA,0.21625781660558505
2026-04-30,EFA,0.20308272500574476
2026-05-01,EFA,0.1982804189761816
2026-05-04,EFA,0.20370655534618942
2026-05-05,EFA,0.20756618499717405
2026-05-06,EFA,0.22490255099662748
2026-05-07,EFA,0.19531873708770983
2026-05-08,EFA,0.19803393936517502
2026-05-11,EFA,0.19826476876187682
2026-05-12,EFA,0.19850765220055577
2026-05-13,EFA,0.19787523124707607
2026-05-14,EFA,0.1979602262458203
2026-05-15,EFA,0.20634889943246526
2026-05-18,EFA,0.2038759751518117
2026-05-19,EFA,0.2048474363050373
2026-05-20,EFA,0.19830616991140035
2026-05-21,EFA,0.19876765818884984
2026-05-22,EFA,0.1968642690551241
2026-05-26,EFA,0.19933311974742604
2026-05-27,EFA,0.19919756295357016
2026-05-28,EFA,0.19830288282225186
2026-05-29,EFA,0.1934926524727691
2026-06-01,EFA,0.1776058268830505
2026-06-02,EFA,0.1778689933047094
2026-06-03,EFA,0.17319351224983592
2026-06-04,EFA,0.1696177987421571
2026-06-05,EFA,0.16716842560323608
2026-06-08,EFA,0.15655980116389923
2026-06-09,EFA,0.15197745878418661
2026-06-10,EFA,0.15797048525189156
2026-06-11,EFA,0.19184380508213925
2026-06-12,EFA,0.19080478289022462
2026-06-15,EFA,0.19129902339366542
2026-06-16,EFA,0.17985386555312569
2026-06-17,EFA,0.17943855402156925
2026-06-18,EFA,0.17736497505879154
2026-06-22,EFA,0.16909493591195623
2026-06-23,EFA,0.1838406028113179
2026-06-24,EFA,0.1838319303855063
2026-06-25,EFA,0.1822224397965197
2026-06-26,EFA,0.18299789530716826
2026-06-29,EFA,0.1856592787004224
2026-06-30,EFA,0.18614014924162325
2026-07-01,EFA,0.18814084347313023
2026-07-02,EFA,0.19263145446666513
2026-07-06,EFA,0.19258409876898194
2026-07-07,EFA,0.19668640815867863
2026-07-08,EFA,0.1753545285804619
2026-07-09,EFA,0.17514876475721322
2026-07-10,EFA,0.17533634207265816
2026-07-13,EFA,0.17296839157382685
2026-07-14,EFA,0.13764915766136096
2026-07-15,EFA,0.13912085637223626
2026-07-16,EFA,0.1403350752771932
2026-07-17,EFA,0.14092160267690804
2026-07-20,EFA,0.14208635607037345
2026-07-21,EFA,0.14983666037828194
2026-07-22,EFA,0.1498672381003404
2026-07-23,EFA,0.1392231373754314
2026-07-24,EFA,0.13990729391739043
2026-07-27,EFA,0.13769804465458715
2026-07-28,EFA,0.13581368568973376
2026-07-29,EFA,0.13372806292469278
2026-07-30,EFA,0.16445588544570944
2026-07-31,EFA,0.1631180177899979
2026-08-03,EFA,0.15776361551751172
2026-08-04,EFA,0.1592832975047927
2026-08-05,EFA,0.15187675181437138
2026-08-06,EFA,0.14842638113209866
2026-08-07,EFA,0.1514099756752713
2026-08-10,EFA,0.1531981426453608
2026-08-11,EFA,0.14679215922062938
2026-08-12,EFA,0.14590747469394486
2026-08-13,EFA,0.14496219991115547
2026-08-14,EFA,0.1407792142735269
2026-08-17,EFA,0.13936723535487752
2026-08-18,EFA,0.14294716812135597
2026-08-19,EFA,0.1358935632722419
2026-08-20,EFA,0.13679377247727226
2026-08-21,EFA,0.1281748527574238
2026-08-24,EFA,0.12869621009415302
2026-08-25,EFA,0.1295936032161804
2026-08-26,EFA,0.13175183457872391
2026-08-27,EFA,0.1302679723891833
2026-08-28,EFA,0.0918326317190819
2026-08-31,EFA,0.08918995599117133
2026-09-01,EFA,0.094445180542788
2026-09-02,EFA,0.08600820072428167
2026-09-03,EFA,0.09384139935266705
2026-09-04,EFA,0.09381882986797747
2026-09-08,EFA,0.08747941506356306
2026-09-09,EFA,0.09396168291833773
2026-09-10,EFA,0.09759597829963478
2026-09-11,EFA,0.10346343695367297
2026-09-14,EFA,0.10591957360129725
2026-09-15,EFA,0.10638155937112312
2026-09-16,EFA,0.10664805938972091
2026-09-17,EFA,0.10769724804632273
2026-09-18,EFA,0.11144364822011393
2026-09-21,EFA,0.11896213321770019
2026-09-23,EFA,0.12137985401484257
2026-09-24,EFA,0.12146317701798774
2021-10-26,GLD,0.12920577149776788
2021-10-27,GLD,0.12299919631319592
2021-10-28,GLD,0.12112547974119536
2021-10-29,GLD,0.11142299918854089
2021-11-01,GLD,0.11240622784282056
2021-11-02,GLD,0.11197474333198972
2021-11-03,GLD,0.11479577684481022
2021-11-04,GLD,0.12076335179999267
2021-11-05,GLD,0.12578782637169875
2021-11-08,GLD,0.1258774245545376
2021-11-09,GLD,0.12557435699315517
2021-11-10,GLD,0.12897188856620706
2021-11-11,GLD,0.11703195796202463
2021-11-12,GLD,0.11701200498263604
2021-11-15,GLD,0.09878006358794965
2021-11-16,GLD,0.1030818015220775
2021-11-17,GLD,0.10576646602430995
2021-11-18,GLD,0.10504775676780174
2021-11-19,GLD,0.10987545097093765
2021-11-22,GLD,0.13655189324479494
2021-11-23,GLD,0.13770810772778355
2021-11-24,GLD,0.13538940483904371
2021-11-26,GLD,0.13510118925738973
2021-11-29,GLD,0.13514954104958324
2021-11-30,GLD,0.13393245108575058
2021-12-01,GLD,0.13335962923935746
2021-12-02,GLD,0.13444602167548395
2021-12-03,GLD,0.13470559576941968
2021-12-06,GLD,0.12878149358333174
2021-12-07,GLD,0.12020324810275439
2021-12-08,GLD,0.11925004183052373
2021-12-09,GLD,0.11849421146043598
2021-12-10,GLD,0.11181272643435512
2021-12-13,GLD,0.10972707241198298
2021-12-14,GLD,0.11163589466539633
2021-12-15,GLD,0.11406852036020608
2021-12-16,GLD,0.12269341088030879
2021-12-17,GLD,0.11667803702615956
2021-12-20,GLD,0.11688304653329289
2021-12-21,GLD,0.11506190131079858
2021-12-22,GLD,0.09299058352361145
2021-12-23,GLD,0.08777110972170357
2021-12-27,GLD,0.08783451917174863
2021-12-28,GLD,0.08919625060668375
2021-12-29,GLD,0.08898407417219856
2021-12-30,GLD,0.08763936496300002
2021-12-31,GLD,0.08930200803198299
2022-01-03,GLD,0.10417663145155719
2022-01-04,GLD,0.10328625982850963
2022-01-05,GLD,0.10352453349105717
2022-01-06,GLD,0.1123707748558841
2022-01-07,GLD,0.1134338752550138
2022-01-10,GLD,0.11136172425077268
2022-01-11,GLD,0.11762373991355665
2022-01-12,GLD,0.11764326341317642
2022-01-13,GLD,0.11270607968882317
2022-01-14,GLD,0.11309645528505605
2022-01-18,GLD,0.10593455353551663
2022-01-19,GLD,0.1182363929733614
2022-01-20,GLD,0.11737799948559616
2022-01-21,GLD,0.11831500228201187
2022-01-24,GLD,0.11563646653610635
2022-01-25,GLD,0.11581262604556636
2022-01-26,GLD,0.13004282012810828
2022-01-27,GLD,0.1369725302323714
2022-01-28,GLD,0.13729762817009605
2022-01-31,GLD,0.13649433857858473
2022-02-01,GLD,0.1340234974123602
2022-02-02,GLD,0.12361237700318917
2022-02-03,GLD,0.12088717142675985
2022-02-04,GLD,0.12060441071321962
2022-02-07,GLD,0.11458436733346196
2022-02-08,GLD,0.11410141978679163
2022-02-09,GLD,0.11419554006356106
2022-02-10,GLD,0.10760149901421323
2022-02-11,GLD,0.12594890477239165
2022-02-14,GLD,0.12585232187521941
2022-02-15,GLD,0.130618734633318
2022-02-16,GLD,0.13408704909093958
2022-02-17,GLD,0.1312974402719809
2022-02-18,GLD,0.13077096440499497
2022-02-22,GLD,0.12961011554747584
2022-02-23,GLD,0.1292986863431111
2022-02-24,GLD,0.1322102410061202
2022-02-25,GLD,0.11753637327618095
2022-02-28,GLD,0.10789551794464479
2022-03-01,GLD,0.11756707640312677
2022-03-02,GLD,0.12740114466377297
2022-03-03,GLD,0.12742504980521793
2022-03-04,GLD,0.13454592360792594
2022-03-07,GLD,0.1379779847368707
2022-03-08,GLD,0.15778970950426358
2022-03-09,GLD,0.20042397513758817
2022-03-10,GLD,0.20041909777959982
2022-03-11,GLD,0.20422462536926467
2022-03-14,GLD,0.21305397075799207
2022-03-15,GLD,0.21788301966483048
2022-03-16,GLD,0.21811035606770282
2022-03-17,GLD,0.21462963264630877
2022-03-18,GLD,0.21573510963315104
2022-03-21,GLD,0.212359168347884
2022-03-22,GLD,0.21421983094543928
2022-03-23,GLD,0.21887427016998104
2022-03-24,GLD,0.21959921494904744
2022-03-25,GLD,0.21869260915298663
2022-03-28,GLD,0.2286566961944237
2022-03-29,GLD,0.22597886424562222
2022-03-30,GLD,0.2184914973191728
2022-03-31,GLD,0.21530402842047489
2022-04-01,GLD,0.21547981774326855
2022-04-04,GLD,0.20829147218017452
2022-04-05,GLD,0.20102632178677118
2022-04-06,GLD,0.17188919315680617
2022-04-07,GLD,0.14299113906512884
2022-04-08,GLD,0.14464537078981882
2022-04-11,GLD,0.1445579210858561
2022-04-12,GLD,0.13728556503913567
2022-04-13,GLD,0.11894859708994517
2022-04-14,GLD,0.11877693761804262
2022-04-18,GLD,0.11821423742253044
2022-04-19,GLD,0.12654533498601647
2022-04-20,GLD,0.12499435998555303
2022-04-21,GLD,0.122718822611321
2022-04-22,GLD,0.11835554044950383
2022-04-25,GLD,0.1295914035556382
2022-04-26,GLD,0.12967637778110994
2022-04-27,GLD,0.11680247355399347
2022-04-28,GLD,0.11871226388912487
2022-04-29,GLD,0.1145549749984582
2022-05-02,GLD,0.1295491390216788
2022-05-03,GLD,0.12935674386031612
2022-05-04,GLD,0.13347879837863533
2022-05-05,GLD,0.1325702776889296
2022-05-06,GLD,0.13236849594767713
2022-05-09,GLD,0.1388330425382127
2022-05-10,GLD,0.13717597657489655
2022-05-11,GLD,0.13984885242967007
2022-05-12,GLD,0.1414154121403891
2022-05-13,GLD,0.13879011675631575
2022-05-16,GLD,0.14677119296391505
2022-05-17,GLD,0.14494757465734295
2022-05-18,GLD,0.13996980451895846
2022-05-19,GLD,0.15091051118976526
2022-05-20,GLD,0.1513798396232035
2022-05-23,GLD,0.15110841700466646
2022-05-24,GLD,0.1426571147167078
2022-05-25,GLD,0.14353495104193054
2022-05-26,GLD,0.14165561961881268
2022-05-27,GLD,0.13994608453036395
2022-05-31,GLD,0.143164341247208
2022-06-01,GLD,0.13141395013555565
2022-06-02,GLD,0.13827565861919416
2022-06-03,GLD,0.13790454971638413
2022-06-06,GLD,0.13808037598314823
2022-06-07,GLD,0.14021305842051993
2022-06-08,GLD,0.13090986223043535
2022-06-09,GLD,0.12786388345864252
2022-06-10,GLD,0.1331355826689995
2022-06-13,GLD,0.15368714134325293
2022-06-14,GLD,0.1536171250234856
2022-06-15,GLD,0.15681867550465692
2022-06-16,GLD,0.1594916925568653
2022-06-17,GLD,0.1626565783410354
2022-06-21,GLD,0.15482614230182554
2022-06-22,GLD,0.15551312586153673
2022-06-23,GLD,0.15580019689430916
2022-06-24,GLD,0.15292673028645545
2022-06-27,GLD,0.1518634411761065
2022-06-28,GLD,0.15184820529782828
2022-06-29,GLD,0.15176942992447634
2022-06-30,GLD,0.14947581621145759
2022-07-01,GLD,0.147244257151712
2022-07-05,GLD,0.15452297289710437
2022-07-06,GLD,0.1591914571239274
2022-07-07,GLD,0.1595350919263252
2022-07-08,GLD,0.15647579724599553
2022-07-11,GLD,0.15649887201393797
2022-07-12,GLD,0.15650976147963785
2022-07-13,GLD,0.14756485738437392
2022-07-14,GLD,0.1284833628739982
2022-07-15,GLD,0.12723238648676838
2022-07-18,GLD,0.11457526375594647
2022-07-19,GLD,0.10401019659854749
2022-07-20,GLD,0.10472776109417564
2022-07-21,GLD,0.121731606246123
2022-07-22,GLD,0.12076793017359193
2022-07-25,GLD,0.12023841328244823
2022-07-26,GLD,0.12020362534211886
2022-07-27,GLD,0.1283766951148739
2022-07-28,GLD,0.13789404416300166
2022-07-29,GLD,0.13874419541599492
2022-08-01,GLD,0.139824400612395
2022-08-02,GLD,0.14088858375501062
2022-08-03,GLD,0.12094292003970822
2022-08-04,GLD,0.11971206382291565
2022-08-05,GLD,0.1275856385799272
2022-08-08,GLD,0.13020888117953397
2022-08-09,GLD,0.1280276578227095
2022-08-10,GLD,0.12745154773392858
2022-08-11,GLD,0.12782577888132882
2022-08-12,GLD,0.11734560840068543
2022-08-15,GLD,0.1281514721077598
2022-08-16,GLD,0.12876898892707986
2022-08-17,GLD,0.1319359046717404
2022-08-18,GLD,0.12690245947351664
2022-08-19,GLD,0.12227799527258847
2022-08-22,GLD,0.12470465529419916
2022-08-23,GLD,0.1262468640262174
2022-08-24,GLD,0.12624844539202124
2022-08-25,GLD,0.12204342245549975
2022-08-26,GLD,0.12214700459627277
2022-08-29,GLD,0.12162818342298831
2022-08-30,GLD,0.12217371557882432
2022-08-31,GLD,0.12318246556368244
2022-09-01,GLD,0.12492745572758382
2022-09-02,GLD,0.11281770309319446
2022-09-06,GLD,0.10889091788603768
2022-09-07,GLD,0.1110903706305082
2022-09-08,GLD,0.11038141431939529
2022-09-09,GLD,0.11351806737370666
2022-09-12,GLD,0.11608508277349047
2022-09-13,GLD,0.11545988063277113
2022-09-14,GLD,0.10952149698616394
2022-09-15,GLD,0.12334745892549262
2022-09-16,GLD,0.12616926597127492
2022-09-19,GLD,0.12667372606953944
2022-09-20,GLD,0.12599522830346818
2022-09-21,GLD,0.12711237425504182
2022-09-22,GLD,0.12321910039404504
2022-09-23,GLD,0.1323891734637823
2022-09-26,GLD,0.13362624652185795
2022-09-27,GLD,0.1314074866461151
2022-09-28,GLD,0.15499584549552456
2022-09-29,GLD,0.1534307216517085
2022-09-30,GLD,0.15195612660511074
2022-10-03,GLD,0.17329968078456623
2022-10-04,GLD,0.177744313010855
2022-10-05,GLD,0.17761220223733007
2022-10-06,GLD,0.174142871712397
2022-10-07,GLD,0.17710716882939678
2022-10-10,GLD,0.1831254224132392
2022-10-11,GLD,0.1816872031888058
2022-10-12,GLD,0.17823969115985158
2022-10-13,GLD,0.17923720141986427
2022-10-14,GLD,0.1726176445190747
2022-10-17,GLD,0.17167102406352813
2022-10-18,GLD,0.1718854736023445
2022-10-19,GLD,0.1767478344957646
2022-10-20,GLD,0.17555950798325207
2022-10-21,GLD,0.18765653385315362
2022-10-24,GLD,0.17780166059382319
2022-10-25,GLD,0.1725311463042783
2022-10-26,GLD,0.17353113266042275
2022-10-27,GLD,0.15821984181391985
2022-10-28,GLD,0.16217973262798926
2022-10-31,GLD,0.16436226363591844
2022-11-01,GLD,0.1430893239738652
2022-11-02,GLD,0.1320410837776899
2022-11-03,GLD,0.1316734216621056
2022-11-04,GLD,0.1746976137979012
2022-11-07,GLD,0.17126338639612398
2022-11-08,GLD,0.18111832077799886
2022-11-09,GLD,0.1820894297553375
2022-11-10,GLD,0.2082957659879268
2022-11-11,GLD,0.20599338944775614
2022-11-14,GLD,0.1982829394645542
2022-11-15,GLD,0.19826350598783568
2022-11-16,GLD,0.19929401220635634
2022-11-17,GLD,0.193808859556075
2022-11-18,GLD,0.19651130505634695
2022-11-21,GLD,0.19170780642248908
2022-11-22,GLD,0.19067688318259812
2022-11-23,GLD,0.1910812198654409
2022-11-25,GLD,0.19073885914181912
2022-11-28,GLD,0.19370160876581613
2022-11-29,GLD,0.188475693528296
2022-11-30,GLD,0.18686572420035003
2022-12-01,GLD,0.1923811161854533
2022-12-02,GLD,0.19014742374153432
2022-12-05,GLD,0.2027171404000238
2022-12-06,GLD,0.17770030878891213
2022-12-07,GLD,0.17740972181396672
2022-12-08,GLD,0.16197812399230813
2022-12-09,GLD,0.15993848646263747
2022-12-12,GLD,0.12771690074060707
2022-12-13,GLD,0.1385492359702318
2022-12-14,GLD,0.13904381824176906
2022-12-15,GLD,0.15095164382299964
2022-12-16,GLD,0.15363260541532456
2022-12-19,GLD,0.15154844503596374
2022-12-20,GLD,0.15833953013230917
2022-12-21,GLD,0.15658582967703982
2022-12-22,GLD,0.16406924864120387
2022-12-23,GLD,0.1632522324643221
2022-12-27,GLD,0.16511612775522697
2022-12-28,GLD,0.16305441977413704
2022-12-29,GLD,0.1632309768137556
2022-12-30,GLD,0.15871924462013814
2023-01-03,GLD,0.148711233676353
2023-01-04,GLD,0.15057972390579277
2023-01-05,GLD,0.14394310171362346
2023-01-06,GLD,0.15544712869355995
2023-01-09,GLD,0.15364175749457226
2023-01-10,GLD,0.15363487176917673
2023-01-11,GLD,0.15392139816198913
2023-01-12,GLD,0.15233407401956553
2023-01-13,GLD,0.14739584668397865
2023-01-17,GLD,0.14992196014300815
2023-01-18,GLD,0.13488813796897248
2023-01-19,GLD,0.14066001364851455
2023-01-20,GLD,0.14097063017400419
2023-01-23,GLD,0.13288838904840614
2023-01-24,GLD,0.1318521032384248
2023-01-25,GLD,0.11962891146089523
2023-01-26,GLD,0.12786067853110966
2023-01-27,GLD,0.12751097170024514
2023-01-30,GLD,0.12625809470436505
2023-01-31,GLD,0.1259350455854519
2023-02-01,GLD,0.13023968680775763
2023-02-02,GLD,0.1530307987432868
2023-02-03,GLD,0.17634869844351325
2023-02-06,GLD,0.1702111759163985
2023-02-07,GLD,0.15753417762571303
2023-02-08,GLD,0.15757459126900022
2023-02-09,GLD,0.15939342379447533
2023-02-10,GLD,0.15959186697098454
2023-02-13,GLD,0.1543294711015537
2023-02-14,GLD,0.14705512394229367
2023-02-15,GLD,0.1489615551851667
2023-02-16,GLD,0.14894298767150474
2023-02-17,GLD,0.13592474432648366
2023-02-21,GLD,0.13597028923895568
2023-02-22,GLD,0.13552599868250154
2023-02-23,GLD,0.13384794383302365
2023-02-24,GLD,0.1317618089653651
2023-02-27,GLD,0.13245918143469865
2023-02-28,GLD,0.13484932185791532
2023-03-01,GLD,0.13788727817484847
2023-03-02,GLD,0.13642613554896665
2023-03-03,GLD,0.13397310855624942
2023-03-06,GLD,0.11686680693331773
2023-03-07,GLD,0.09971600502138585
2023-03-08,GLD,0.09900820213156444
2023-03-09,GLD,0.1062662219579139
2023-03-10,GLD,0.13171178058456745
2023-03-13,GLD,0.15070676023592433
2023-03-14,GLD,0.15269736840695744
2023-03-15,GLD,0.1527709961015877
2023-03-16,GLD,0.15274544487443686
2023-03-17,GLD,0.17381453226348287
2023-03-20,GLD,0.17348617974515163
2023-03-21,GLD,0.19015671862621716
2023-03-22,GLD,0.19505691751376825
2023-03-23,GLD,0.19446452416685406
2023-03-24,GLD,0.20131082561082111
2023-03-27,GLD,0.20286117238317897
2023-03-28,GLD,0.20343555273999062
2023-03-29,GLD,0.20575803280984617
2023-03-30,GLD,0.20651584256573083
2023-03-31,GLD,0.20833648752934147
2023-04-03,GLD,0.20714595779844744
2023-04-04,GLD,0.2113294762360451
2023-04-05,GLD,0.19694914031140193
2023-04-06,GLD,0.20069245746264064
2023-04-10,GLD,0.2042042351351021
2023-04-11,GLD,0.19435540231765291
2023-04-12,GLD,0.18103231135776943
2023-04-13,GLD,0.18224222374694005
2023-04-14,GLD,0.19545927364722387
2023-04-17,GLD,0.1968176696940489
2023-04-18,GLD,0.17048633742379438
2023-04-19,GLD,0.17153910781458542
2023-04-20,GLD,0.15672395837018033
2023-04-21,GLD,0.15083062865253524
2023-04-24,GLD,0.1445401528187599
2023-04-25,GLD,0.13980156210960232
2023-04-26,GLD,0.13701428214490727
2023-04-27,GLD,0.13432852283160324
2023-04-28,GLD,0.13292633443491017
2023-05-01,GLD,0.13036964888002917
2023-05-02,GLD,0.14491026144606253
2023-05-03,GLD,0.14564724751215707
2023-05-04,GLD,0.13315344095656356
2023-05-05,GLD,0.1446340658472034
2023-05-08,GLD,0.14235942238299296
2023-05-09,GLD,0.14127115714744656
2023-05-10,GLD,0.14016308985532036
2023-05-11,GLD,0.14279319768646598
2023-05-12,GLD,0.1341450371373783
2023-05-15,GLD,0.11922759071050554
2023-05-16,GLD,0.12627100420527762
2023-05-17,GLD,0.12588660510002186
2023-05-18,GLD,0.13243469303137917
2023-05-19,GLD,0.1367074609676852
2023-05-22,GLD,0.13268478137523113
2023-05-23,GLD,0.1322650785968955
2023-05-24,GLD,0.13333106938575967
2023-05-25,GLD,0.13586624205455572
2023-05-26,GLD,0.13698753295627092
2023-05-30,GLD,0.13917601804371513
2023-05-31,GLD,0.13866170774395264
2023-06-01,GLD,0.12300658682793957
2023-06-02,GLD,0.12686184536492512
2023-06-05,GLD,0.1259948256101714
2023-06-06,GLD,0.11626791017653926
2023-06-07,GLD,0.12157570575320906
2023-06-08,GLD,0.12892383464271306
2023-06-09,GLD,0.12897239738970076
2023-06-12,GLD,0.1265229666232154
2023-06-13,GLD,0.1282466461418927
2023-06-14,GLD,0.1277812870705804
2023-06-15,GLD,0.12479899823658532
2023-06-16,GLD,0.12444763673296763
2023-06-20,GLD,0.12147120694734871
2023-06-21,GLD,0.11541403423668947
2023-06-22,GLD,0.11938671304881512
2023-06-23,GLD,0.11993827683131088
2023-06-26,GLD,0.11780845592651365
2023-06-27,GLD,0.11434894276570651
2023-06-28,GLD,0.1132062235649118
2023-06-29,GLD,0.11019530103928055
2023-06-30,GLD,0.11324017216626464
2023-07-03,GLD,0.108844888982981
2023-07-05,GLD,0.09785164565560066
2023-07-06,GLD,0.09482891678753677
2023-07-07,GLD,0.09932420353218867
2023-07-10,GLD,0.09091653707170741
2023-07-11,GLD,0.07814686916749876
2023-07-12,GLD,0.09216891871488725
2023-07-13,GLD,0.09214839419689234
2023-07-14,GLD,0.08899205558452707
2023-07-17,GLD,0.08900085591705083
2023-07-18,GLD,0.09440152658906871
2023-07-19,GLD,0.09412932139220168
2023-07-20,GLD,0.0879974939026312
2023-07-21,GLD,0.08869380393905851
2023-07-24,GLD,0.08207679455921602
2023-07-25,GLD,0.08340520808570216
2023-07-26,GLD,0.08439953850730829
2023-07-27,GLD,0.10124727946985514
2023-07-28,GLD,0.1035843828815694
2023-07-31,GLD,0.10334865350873626
2023-08-01,GLD,0.10912509684437785
2023-08-02,GLD,0.11066804792416152
2023-08-03,GLD,0.10981626747222749
2023-08-04,GLD,0.10957895201695278
2023-08-07,GLD,0.10724359481827066
2023-08-08,GLD,0.10967192206030102
2023-08-09,GLD,0.10995318838440661
2023-08-10,GLD,0.0975248070841297
2023-08-11,GLD,0.09738714215555172
2023-08-14,GLD,0.09734994095759787
2023-08-15,GLD,0.0972391912724227
2023-08-16,GLD,0.08647637768671909
2023-08-17,GLD,0.08610954623033291
2023-08-18,GLD,0.08582855069751123
2023-08-21,GLD,0.08722578832880067
2023-08-22,GLD,0.08741557448283273
2023-08-23,GLD,0.09328351903339152
2023-08-24,GLD,0.09074911085101461
2023-08-25,GLD,0.07441396342189362
2023-08-28,GLD,0.06876386748536077
2023-08-29,GLD,0.07735280963309682
2023-08-30,GLD,0.06940541210537186
2023-08-31,GLD,0.06754432072296347
2023-09-01,GLD,0.06753548980266824
2023-09-05,GLD,0.07210616498906271
2023-09-06,GLD,0.07326116191419166
2023-09-07,GLD,0.07026418727108517
2023-09-08,GLD,0.06824737428423407
2023-09-11,GLD,0.0683746940180701
2023-09-12,GLD,0.07087665151297355
2023-09-13,GLD,0.07052869521576093
2023-09-14,GLD,0.0698683856766224
2023-09-15,GLD,0.06976503066395355
2023-09-18,GLD,0.07141282028685804
2023-09-19,GLD,0.07170242905638201
2023-09-20,GLD,0.07144586605088836
2023-09-21,GLD,0.0768104093448647
2023-09-22,GLD,0.06922452891039381
2023-09-25,GLD,0.07166892248270755
2023-09-26,GLD,0.07673257327232687
2023-09-27,GLD,0.08624092457206413
2023-09-28,GLD,0.07758268157392133
2023-09-29,GLD,0.08124078699403121
2023-10-02,GLD,0.08588251601648
2023-10-03,GLD,0.0850363719773465
2023-10-04,GLD,0.08339632136329088
2023-10-05,GLD,0.08312559010609193
2023-10-06,GLD,0.08644630105037047
2023-10-09,GLD,0.11209005401248891
2023-10-10,GLD,0.11146327845787643
2023-10-11,GLD,0.11472232732504549
2023-10-12,GLD,0.1148590800328334
2023-10-13,GLD,0.16253815246460337
2023-10-16,GLD,0.16196020255415697
2023-10-17,GLD,0.16069400820605564
2023-10-18,GLD,0.16852935559856314
2023-10-19,GLD,0.17341052025872788
2023-10-20,GLD,0.17082741954906286
2023-10-23,GLD,0.17152760403994166
2023-10-24,GLD,0.17005799414478123
2023-10-25,GLD,0.1667508541107969
2023-10-26,GLD,0.15837562214087011
2023-10-27,GLD,0.15868473207321376
2023-10-30,GLD,0.15437696513901647
2023-10-31,GLD,0.1494433987623199
2023-11-01,GLD,0.14959709204683452
2023-11-02,GLD,0.1488979793147749
2023-11-03,GLD,0.14735375958055788
2023-11-06,GLD,0.15317504729333414
2023-11-07,GLD,0.14572520450215373
2023-11-08,GLD,0.15154878297059182
2023-11-09,GLD,0.15059203061279894
2023-11-10,GLD,0.1563364775911258
2023-11-13,GLD,0.11201724421053685
2023-11-14,GLD,0.11390819053034033
2023-11-15,GLD,0.11460592306058716
2023-11-16,GLD,0.11030878263554268
2023-11-17,GLD,0.10205445595858809
2023-11-20,GLD,0.10179420252637181
2023-11-21,GLD,0.10761173066056236
2023-11-22,GLD,0.10892839752821648
2023-11-24,GLD,0.10941442350261808
2023-11-27,GLD,0.11150270008535518
2023-11-28,GLD,0.11373226758897047
2023-11-29,GLD,0.11128926181865655
2023-11-30,GLD,0.1104111163668448
2023-12-01,GLD,0.12226657096749784
2023-12-04,GLD,0.14729857545139785
2023-12-05,GLD,0.14786398496291392
2023-12-06,GLD,0.14492753979972647
2023-12-07,GLD,0.14362280506861094
2023-12-08,GLD,0.14743136038423085
2023-12-11,GLD,0.15307641409424377
2023-12-12,GLD,0.14736782844481386
2023-12-13,GLD,0.1646277682051384
2023-12-14,GLD,0.1633198601370191
2023-12-15,GLD,0.16705361383851497
2023-12-18,GLD,0.16364413175172718
2023-12-19,GLD,0.1647439075629631
2023-12-20,GLD,0.16616546580678299
2023-12-21,GLD,0.16395840781225166
2023-12-22,GLD,0.16314831643176336
2023-12-26,GLD,0.16405220102605023
2023-12-27,GLD,0.1633625919211235
2023-12-28,GLD,0.15932317600707047
2023-12-29,GLD,0.15946094074473424
2024-01-02,GLD,0.15892106509218687
2024-01-03,GLD,0.1494304227465771
2024-01-04,GLD,0.1285893429604677
2024-01-05,GLD,0.1276971957767165
2024-01-08,GLD,0.13036851747757888
2024-01-09,GLD,0.1302427869824094
2024-01-10,GLD,0.1213263959184014
2024-01-11,GLD,0.11386905470472815
2024-01-12,GLD,0.11753510863430304
2024-01-16,GLD,0.0960330625862864
2024-01-17,GLD,0.10092071100822426
2024-01-18,GLD,0.10055988383408927
2024-01-19,GLD,0.09983736154376761
2024-01-22,GLD,0.0974959245135937
2024-01-23,GLD,0.09685290205186631
2024-01-24,GLD,0.09725684698583686
2024-01-25,GLD,0.09695779801716232
2024-01-26,GLD,0.09204308018833678
2024-01-29,GLD,0.09439587170479233
2024-01-30,GLD,0.09309882318620276
2024-01-31,GLD,0.09304645626878671
2024-02-01,GLD,0.10033541806808671
2024-02-02,GLD,0.10156310425336251
2024-02-05,GLD,0.10315821681106098
2024-02-06,GLD,0.10499394460836693
2024-02-07,GLD,0.10126709153478004
2024-02-08,GLD,0.10133407721131792
2024-02-09,GLD,0.10195713541999024
2024-02-12,GLD,0.10210162907387749
2024-02-13,GLD,0.10571211519382269
2024-02-14,GLD,0.10143096383419933
2024-02-15,GLD,0.09762298163073478
2024-02-16,GLD,0.09396525109258487
2024-02-20,GLD,0.09588349601764831
2024-02-21,GLD,0.09494533178823475
2024-02-22,GLD,0.09394354133154004
2024-02-23,GLD,0.09101528600063145
2024-02-26,GLD,0.0906374403424524
2024-02-27,GLD,0.09069648626390756
2024-02-28,GLD,0.08751057317468892
2024-02-29,GLD,0.08920851411302824
2024-03-01,GLD,0.11012771499304036
2024-03-04,GLD,0.11780024943241865
2024-03-05,GLD,0.11187099044382677
2024-03-06,GLD,0.11012485568289487
2024-03-07,GLD,0.11026372458871321
2024-03-08,GLD,0.11132085878623411
2024-03-11,GLD,0.11043959572765302
2024-03-12,GLD,0.11867994225524384
2024-03-13,GLD,0.11759219262029558
2024-03-14,GLD,0.10369064947963556
2024-03-15,GLD,0.10549922957548026
2024-03-18,GLD,0.1052150511509797
2024-03-19,GLD,0.10647890271937205
2024-03-20,GLD,0.11021966809928363
2024-03-21,GLD,0.1107294593291567
2024-03-22,GLD,0.11742007187755375
2024-03-25,GLD,0.11707434520866712
2024-03-26,GLD,0.1154876528701471
2024-03-27,GLD,0.11510296673174632
2024-03-28,GLD,0.11913569859299145
2024-04-01,GLD,0.12089857609919256
2024-04-02,GLD,0.11539927740771047
2024-04-03,GLD,0.10842544496438902
2024-04-04,GLD,0.11311524974947615
2024-04-05,GLD,0.12178605793961564
2024-04-08,GLD,0.12190710931994161
2024-04-09,GLD,0.12091789176476579
2024-04-10,GLD,0.12914419191554957
2024-04-11,GLD,0.13027114009539492
2024-04-12,GLD,0.1437187606554194
2024-04-15,GLD,0.1498185092530543
2024-04-16,GLD,0.14764662939875955
2024-04-17,GLD,0.153349459905849
2024-04-18,GLD,0.15204125766014126
2024-04-19,GLD,0.14983014795463825
2024-04-22,GLD,0.1798612410035637
2024-04-23,GLD,0.17650153504563743
2024-04-24,GLD,0.1774539360807244
2024-04-25,GLD,0.17771351323530707
2024-04-26,GLD,0.17714185481730865
2024-04-29,GLD,0.1742971713209293
2024-04-30,GLD,0.18806775969672784
2024-05-01,GLD,0.18378518682342446
2024-05-02,GLD,0.18181478725353584
2024-05-03,GLD,0.18060176376516324
2024-05-06,GLD,0.1742366182721615
2024-05-07,GLD,0.17345090801297747
2024-05-08,GLD,0.1722676742362702
2024-05-09,GLD,0.17844005620202805
2024-05-10,GLD,0.1671411768009474
2024-05-13,GLD,0.16527467344891844
2024-05-14,GLD,0.15400417848228437
2024-05-15,GLD,0.16081905181198206
2024-05-16,GLD,0.15926196417409294
2024-05-17,GLD,0.16880996756326108
2024-05-20,GLD,0.16899571390430512
2024-05-21,GLD,0.1417764413131911
2024-05-22,GLD,0.1577795578666762
2024-05-23,GLD,0.17376461477795818
2024-05-24,GLD,0.17256668243462703
2024-05-28,GLD,0.1760607846829806
2024-05-29,GLD,0.17910374046480979
2024-05-30,GLD,0.1637012212123985
2024-05-31,GLD,0.16271214414435223
2024-06-03,GLD,0.16478520400678145
2024-06-04,GLD,0.16828150172023337
2024-06-05,GLD,0.16932988442810865
2024-06-06,GLD,0.16975706963413464
2024-06-07,GLD,0.2123685124700667
2024-06-10,GLD,0.2072119066265138
2024-06-11,GLD,0.2051944195698951
2024-06-12,GLD,0.20203926730448998
2024-06-13,GLD,0.20119439493092633
2024-06-14,GLD,0.20129993054709996
2024-06-17,GLD,0.20158123902659186
2024-06-18,GLD,0.19226308332127506
2024-06-20,GLD,0.19759881144357988
2024-06-21,GLD,0.20362878579062046
2024-06-24,GLD,0.1954920936982682
2024-06-25,GLD,0.18363714907520703
2024-06-26,GLD,0.18620871953124768
2024-06-27,GLD,0.18685314979006926
2024-06-28,GLD,0.18417742477073654
2024-07-01,GLD,0.18429471174722245
2024-07-02,GLD,0.18312226747172325
2024-07-03,GLD,0.18472246222962127
2024-07-05,GLD,0.1869860869555707
2024-07-08,GLD,0.18861995876873958
2024-07-09,GLD,0.18688828058732868
2024-07-10,GLD,0.13507445970347567
2024-07-11,GLD,0.14396666427551644
2024-07-12,GLD,0.14425943116941103
2024-07-15,GLD,0.14430574369443747
2024-07-16,GLD,0.15194668843721906
2024-07-17,GLD,0.15015470381532034
2024-07-18,GLD,0.15097860703632562
2024-07-19,GLD,0.16649032496149405
2024-07-22,GLD,0.16156158085967917
2024-07-23,GLD,0.15038422662090573
2024-07-24,GLD,0.15121875562012702
2024-07-25,GLD,0.16107709929978298
2024-07-26,GLD,0.15999731268753298
2024-07-29,GLD,0.15649768913041728
2024-07-30,GLD,0.15933183926421193
2024-07-31,GLD,0.16920870637384086
2024-08-01,GLD,0.17023909556874023
2024-08-02,GLD,0.16754825232286052
2024-08-05,GLD,0.1687498352672764
2024-08-06,GLD,0.16519836805890908
2024-08-07,GLD,0.16520410489821477
2024-08-08,GLD,0.17318020888170454
2024-08-09,GLD,0.1623929042016214
2024-08-12,GLD,0.17243422293028626
2024-08-13,GLD,0.1725086131208711
2024-08-14,GLD,0.1605999947081215
2024-08-15,GLD,0.16026489284642
2024-08-16,GLD,0.17607934466306638
2024-08-19,GLD,0.1620772301740043
2024-08-20,GLD,0.16202127835950453
2024-08-21,GLD,0.16242820434878064
2024-08-22,GLD,0.16861470745550983
2024-08-23,GLD,0.15953716449952637
2024-08-26,GLD,0.15714733193263436
2024-08-27,GLD,0.15647156550212893
2024-08-28,GLD,0.15771288739223646
2024-08-29,GLD,0.1470531497483979
2024-08-30,GLD,0.1491104784135131
2024-09-03,GLD,0.14997653365437402
2024-09-04,GLD,0.1414237122103792
2024-09-05,GLD,0.13858086032373218
2024-09-06,GLD,0.14242121473330693
2024-09-09,GLD,0.13399249985930536
2024-09-10,GLD,0.13431494628832272
2024-09-11,GLD,0.12234224408256072
2024-09-12,GLD,0.13495118494425937
2024-09-13,GLD,0.13278968526429036
2024-09-16,GLD,0.1330919193415319
2024-09-17,GLD,0.11416150714379779
2024-09-18,GLD,0.11788125612292387
2024-09-19,GLD,0.1282147483435292
2024-09-20,GLD,0.13357793586256858
2024-09-23,GLD,0.12347708808753631
2024-09-24,GLD,0.1259143982604721
2024-09-25,GLD,0.12674450154098577
2024-09-26,GLD,0.1270338883467756
2024-09-27,GLD,0.12794921435178114
2024-09-30,GLD,0.13276717582377295
2024-10-01,GLD,0.13143106057055762
2024-10-02,GLD,0.12921411557525447
2024-10-03,GLD,0.12960949534748867
2024-10-04,GLD,0.12924435662023956
2024-10-07,GLD,0.12605420684478044
2024-10-08,GLD,0.13066564297970526
2024-10-09,GLD,0.1330055089862777
2024-10-10,GLD,0.13379326688239895
2024-10-11,GLD,0.12588758221683574
2024-10-14,GLD,0.12284577041329887
2024-10-15,GLD,0.12296245788346769
2024-10-16,GLD,0.12081555293774941
2024-10-17,GLD,0.11623523623232979
2024-10-18,GLD,0.11044189138532885
2024-10-21,GLD,0.10409225644127576
2024-10-22,GLD,0.10869397392138797
2024-10-23,GLD,0.11049991679866512
2024-10-24,GLD,0.11254667208644119
2024-10-25,GLD,0.11177452460306311
2024-10-28,GLD,0.1068382729042396
2024-10-29,GLD,0.1054631276367743
2024-10-30,GLD,0.10206921437722574
2024-10-31,GLD,0.11914007142832846
2024-11-01,GLD,0.12051776262053462
2024-11-04,GLD,0.11989726080547528
2024-11-05,GLD,0.11856921221082445
2024-11-06,GLD,0.16041024416736718
2024-11-07,GLD,0.16720383494880514
2024-11-08,GLD,0.1683709545604048
2024-11-11,GLD,0.18436846925320838
2024-11-12,GLD,0.18645180682392026
2024-11-13,GLD,0.18833313700420667
2024-11-14,GLD,0.18682938362280369
2024-11-15,GLD,0.1846079279331292
2024-11-18,GLD,0.19406587710583806
2024-11-19,GLD,0.19763523025649762
2024-11-20,GLD,0.19439017929774388
2024-11-21,GLD,0.1935481129953211
2024-11-22,GLD,0.19720386561615647
2024-11-25,GLD,0.22088032037712627
2024-11-26,GLD,0.22119759081680637
2024-11-27,GLD,0.21687625838399083
2024-11-29,GLD,0.21855500790377957
2024-12-02,GLD,0.21458473770554104
2024-12-03,GLD,0.2148180625650351
2024-12-04,GLD,0.2151705395683326
2024-12-05,GLD,0.2156611653124401
2024-12-06,GLD,0.1892283881027337
2024-12-09,GLD,0.1835630492502771
2024-12-10,GLD,0.18826949145195657
2024-12-11,GLD,0.16982034505825383
2024-12-12,GLD,0.17565661983096298
2024-12-13,GLD,0.1774515954466044
2024-12-16,GLD,0.17688217984008708
2024-12-17,GLD,0.1775246574414259
2024-12-18,GLD,0.17938745861176783
2024-12-19,GLD,0.17635913754194318
2024-12-20,GLD,0.17927831243775655
2024-12-23,GLD,0.17691712774411875
2024-12-24,GLD,0.16998487270799365
2024-12-26,GLD,0.1385007904016
2024-12-27,GLD,0.14041757555722148
2024-12-30,GLD,0.14045996347414624
2024-12-31,GLD,0.13873108982266694
2025-01-02,GLD,0.14376087854136396
2025-01-03,GLD,0.14643295697695877
2025-01-06,GLD,0.14604788370142904
2025-01-07,GLD,0.14498283249257277
2025-01-08,GLD,0.14599071070365044
2025-01-10,GLD,0.1457052994614283
2025-01-13,GLD,0.14253934281237501
2025-01-14,GLD,0.13947511279685124
2025-01-15,GLD,0.13249555590400977
2025-01-16,GLD,0.12623389292191148
2025-01-17,GLD,0.12815212593394582
2025-01-21,GLD,0.1364085499662314
2025-01-22,GLD,0.11333699802555172
2025-01-23,GLD,0.11424306677531244
2025-01-24,GLD,0.11160638850061366
2025-01-27,GLD,0.11788690537390957
2025-01-28,GLD,0.119876474497286
2025-01-29,GLD,0.12093903213840862
2025-01-30,GLD,0.12422375896002269
2025-01-31,GLD,0.12214180334515581
2025-02-03,GLD,0.12192425614207428
2025-02-04,GLD,0.11863639465158879
2025-02-05,GLD,0.11186988367206076
2025-02-06,GLD,0.11279455221725143
2025-02-07,GLD,0.11281075914408503
2025-02-10,GLD,0.12179372313011527
2025-02-11,GLD,0.1230722840440667
2025-02-12,GLD,0.11335013107286657
2025-02-13,GLD,0.11505191834420248
2025-02-14,GLD,0.1321091277022264
2025-02-18,GLD,0.1394941768782856
2025-02-19,GLD,0.13615392220623754
2025-02-20,GLD,0.12997284583968877
2025-02-21,GLD,0.13057807402789115
2025-02-24,GLD,0.12981573701470595
2025-02-25,GLD,0.1412609870769927
2025-02-26,GLD,0.13346841109742305
2025-02-27,GLD,0.14573620504345564
2025-02-28,GLD,0.14715990421190803
2025-03-03,GLD,0.14504174637705725
2025-03-04,GLD,0.14710498531258562
2025-03-05,GLD,0.1465885493051031
2025-03-06,GLD,0.14535672768490704
2025-03-07,GLD,0.14415426805468912
2025-03-10,GLD,0.1475089482744989
2025-03-11,GLD,0.1525268700262082
2025-03-12,GLD,0.14179101486750964
2025-03-13,GLD,0.15305793956814312
2025-03-14,GLD,0.15309337920629515
2025-03-17,GLD,0.15074228456832967
2025-03-18,GLD,0.14301580169813766
2025-03-19,GLD,0.13371037019068055
2025-03-20,GLD,0.13408189992461655
2025-03-21,GLD,0.13828859423256443
2025-03-24,GLD,0.13955023802672925
2025-03-25,GLD,0.1391994077247994
2025-03-26,GLD,0.12943318800873252
2025-03-27,GLD,0.13561649036190476
2025-03-28,GLD,0.12062991943522272
2025-03-31,GLD,0.12106999661201523
2025-04-01,GLD,0.11847582805536729
2025-04-02,GLD,0.1171112796978187
2025-04-03,GLD,0.12146984516898748
2025-04-04,GLD,0.1498866520449659
2025-04-07,GLD,0.17064306978611907
2025-04-08,GLD,0.16748463600197427
2025-04-09,GLD,0.20522059691170794
2025-04-10,GLD,0.21840286252669672
2025-04-11,GLD,0.2195180515759089
2025-04-14,GLD,0.22174854080829642
2025-04-15,GLD,0.221730753755307
2025-04-16,GLD,0.2421592585056252
2025-04-17,GLD,0.24415083953807623
2025-04-21,GLD,0.2600618153977921
2025-04-22,GLD,0.2649846291902419
2025-04-23,GLD,0.2822232791093706
2025-04-24,GLD,0.28436713920680057
2025-04-25,GLD,0.28901956773058946
2025-04-28,GLD,0.28935874478529894
2025-04-29,GLD,0.2932842096023607
2025-04-30,GLD,0.29305835699902505
2025-05-01,GLD,0.3038550600301605
2025-05-02,GLD,0.3038535208050421
2025-05-05,GLD,0.31738360651021735
2025-05-06,GLD,0.31247012447231365
2025-05-07,GLD,0.3060359234944757
2025-05-08,GLD,0.3189734074337116
2025-05-09,GLD,0.29734269776673333
2025-05-12,GLD,0.3066837618603419
2025-05-13,GLD,0.29996596078612936
2025-05-14,GLD,0.3084875883928209
2025-05-15,GLD,0.31312508986013177
2025-05-16,GLD,0.292522259828453
2025-05-19,GLD,0.29677991421017086
2025-05-20,GLD,0.2827624151967835
2025-05-21,GLD,0.2806130514351581
2025-05-22,GLD,0.26945425557506725
2025-05-23,GLD,0.2755726554158729
2025-05-27,GLD,0.27949676397927536
2025-05-28,GLD,0.27479126833981066
2025-05-29,GLD,0.27363581755406213
2025-05-30,GLD,0.2733387901917621
2025-06-02,GLD,0.2769440790279077
2025-06-03,GLD,0.27966631749223336
2025-06-04,GLD,0.26127992097653174
2025-06-05,GLD,0.24220026917390777
2025-06-06,GLD,0.24109715077999727
2025-06-09,GLD,0.23157226138823192
2025-06-10,GLD,0.23023197028939418
2025-06-11,GLD,0.20643951672699276
2025-06-12,GLD,0.2096351455385871
2025-06-13,GLD,0.19507362006301035
2025-06-16,GLD,0.199173655343846
2025-06-17,GLD,0.19240921196600833
2025-06-18,GLD,0.19081506182774063
2025-06-20,GLD,0.1810474636487915
2025-06-23,GLD,0.1797680458027368
2025-06-24,GLD,0.18591204405697936
2025-06-25,GLD,0.16934959572376915
2025-06-26,GLD,0.15831925605352654
2025-06-27,GLD,0.17073066812993692
2025-06-30,GLD,0.17478052617685977
2025-07-01,GLD,0.17574780580378374
2025-07-02,GLD,0.14987116909673034
2025-07-03,GLD,0.1485738424803971
2025-07-07,GLD,0.14664809082993913
2025-07-08,GLD,0.14990921102365817
2025-07-09,GLD,0.14355227204983384
2025-07-10,GLD,0.14279774601187614
2025-07-11,GLD,0.1466491265733251
2025-07-14,GLD,0.14612014001126095
2025-07-15,GLD,0.1394769817206008
2025-07-16,GLD,0.13191247270641226
2025-07-17,GLD,0.12318120815823377
2025-07-18,GLD,0.1236336528228089
2025-07-21,GLD,0.13382005641189493
2025-07-22,GLD,0.1373402874460085
2025-07-23,GLD,0.14459005655692375
2025-07-24,GLD,0.13475501739296541
2025-07-25,GLD,0.13869411132979886
2025-07-28,GLD,0.14050682086339344
2025-07-29,GLD,0.1246185471060226
2025-07-30,GLD,0.1325488764887069
2025-07-31,GLD,0.13071461371091517
2025-08-01,GLD,0.14838129878914968
2025-08-04,GLD,0.14749705414600117
2025-08-05,GLD,0.14749777612478832
2025-08-06,GLD,0.14235682159901264
2025-08-07,GLD,0.144219150571507
2025-08-08,GLD,0.1442513735619188
2025-08-11,GLD,0.15022024805163758
2025-08-12,GLD,0.1496895657302609
2025-08-13,GLD,0.14919918603762464
2025-08-14,GLD,0.14999218292769909
2025-08-15,GLD,0.14981922597585312
2025-08-18,GLD,0.1496086083233267
2025-08-19,GLD,0.1393844080358234
2025-08-20,GLD,0.14001448744836525
2025-08-21,GLD,0.13426607953450503
2025-08-22,GLD,0.13832718989997386
2025-08-25,GLD,0.13448922625584095
2025-08-26,GLD,0.13404838035332292
2025-08-27,GLD,0.13395627679298694
2025-08-28,GLD,0.11778181134685559
2025-08-29,GLD,0.11965420920706694
2025-09-02,GLD,0.12634694670896568
2025-09-03,GLD,0.12720010094551237
2025-09-04,GLD,0.129398112812386
2025-09-05,GLD,0.13368095254368922
2025-09-08,GLD,0.13554556793331943
2025-09-09,GLD,0.13638534905494937
2025-09-10,GLD,0.12061421191116908
2025-09-11,GLD,0.1209294104863754
2025-09-12,GLD,0.12108928264322262
2025-09-15,GLD,0.11705849074759764
2025-09-16,GLD,0.11653061030917634
2025-09-17,GLD,0.12254121632484556
2025-09-18,GLD,0.12113706792517243
2025-09-19,GLD,0.12142943451660783
2025-09-22,GLD,0.12535274567159957
2025-09-23,GLD,0.12402120575415261
2025-09-24,GLD,0.1311317044800381
2025-09-25,GLD,0.1308768826764392
2025-09-26,GLD,0.13052289826203942
2025-09-29,GLD,0.13633353698504536
2025-09-30,GLD,0.13595079899362777
2025-10-01,GLD,0.11895211299372095
2025-10-02,GLD,0.12114644673990102
2025-10-03,GLD,0.11820681868894554
2025-10-06,GLD,0.12483266151762748
2025-10-07,GLD,0.12241120635363302
2025-10-08,GLD,0.12687324783734044
2025-10-09,GLD,0.1510772474392376
2025-10-10,GLD,0.15095393956250974
2025-10-13,GLD,0.16501920788015595
2025-10-14,GLD,0.16424967966601195
2025-10-15,GLD,0.1685321563169291
2025-10-16,GLD,0.170269980036424
2025-10-17,GLD,0.18984226545408384
2025-10-20,GLD,0.2151539632257652
2025-10-21,GLD,0.3282234959834258
2025-10-22,GLD,0.32857061247066877
2025-10-23,GLD,0.3249858056804402
2025-10-24,GLD,0.3262400412064912
2025-10-27,GLD,0.3448835032591278
2025-10-28,GLD,0.34289750972419225
2025-10-29,GLD,0.34250832002753795
2025-10-30,GLD,0.34840871546955626
2025-10-31,GLD,0.34886588438437643
2025-11-03,GLD,0.348173360352898
2025-11-04,GLD,0.34838977956081396
2025-11-05,GLD,0.35029479067976255
2025-11-06,GLD,0.3452964949451121
2025-11-07,GLD,0.3397123644521246
2025-11-10,GLD,0.35085820124507366
2025-11-11,GLD,0.3410780864915988
2025-11-12,GLD,0.34469233097503554
2025-11-13,GLD,0.34062176446693515
2025-11-14,GLD,0.3344466326941433
2025-11-17,GLD,0.3308239974849939
2025-11-18,GLD,0.3024325182109456
2025-11-19,GLD,0.20592838504221947
2025-11-20,GLD,0.2059253466423897
2025-11-21,GLD,0.20538569305664822
2025-11-24,GLD,0.21265349973470934
2025-11-25,GLD,0.1863054879305373
2025-11-26,GLD,0.18457661220944113
2025-11-28,GLD,0.18620442318776123
2025-12-01,GLD,0.17657098043969396
2025-12-02,GLD,0.17717740235602103
2025-12-03,GLD,0.17755973805358616
2025-12-04,GLD,0.16246752519980565
2025-12-05,GLD,0.16038376500531606
2025-12-08,GLD,0.16088702588082385
2025-12-09,GLD,0.16064486820084256
2025-12-10,GLD,0.13314019915829003
2025-12-11,GLD,0.13685934800684502
2025-12-12,GLD,0.1274140224256813
2025-12-15,GLD,0.12290181506867345
2025-12-16,GLD,0.10029375272089512
2025-12-17,GLD,0.08852666247594948
2025-12-18,GLD,0.08915657513549319
2025-12-19,GLD,0.08927062312138428
2025-12-22,GLD,0.11223717923282223
2025-12-23,GLD,0.11454960569522145
2025-12-24,GLD,0.11113199822119524
2025-12-26,GLD,0.11321672842291743
2025-12-29,GLD,0.20007407960664883
2025-12-30,GLD,0.19643926101026074
2025-12-31,GLD,0.19785518172926475
2026-01-02,GLD,0.19648682401583545
2026-01-05,GLD,0.21425314850644686
2026-01-06,GLD,0.21590699688235138
2026-01-07,GLD,0.21981193252682005
2026-01-08,GLD,0.21907265181205543
2026-01-09,GLD,0.21942658703309656
2026-01-12,GLD,0.22583845326062732
2026-01-13,GLD,0.22518295879203631
2026-01-14,GLD,0.2263133492956862
2026-01-15,GLD,0.22868457753022556
2026-01-16,GLD,0.2302039286330916
2026-01-20,GLD,0.2594778851336139
2026-01-21,GLD,0.2606942796310084
2026-01-22,GLD,0.2641431988034524
2026-01-23,GLD,0.2584839693671602
2026-01-26,GLD,0.25903947204073247
2026-01-27,GLD,0.2643272069053865
2026-01-28,GLD,0.286074366333898
2026-01-29,GLD,0.21692434720162554
2026-01-30,GLD,0.4484652239623987
2026-02-02,GLD,0.4742144191207164
2026-02-03,GLD,0.5172230840367982
2026-02-04,GLD,0.5128341956413996
2026-02-05,GLD,0.5242429451338267
2026-02-06,GLD,0.5299150797985162
2026-02-09,GLD,0.5343084644088648
2026-02-10,GLD,0.5373464932179869
2026-02-11,GLD,0.5357090744837698
2026-02-12,GLD,0.5532178408265792
2026-02-13,GLD,0.5576578072533144
2026-02-17,GLD,0.5703010459325422
2026-02-18,GLD,0.573209319814372
2026-02-19,GLD,0.5603586019827189
2026-02-20,GLD,0.5619800743109729
2026-02-23,GLD,0.5656700986533346
2026-02-24,GLD,0.5675339886803082
2026-02-25,GLD,0.5659543075624254
2026-02-26,GLD,0.5604471356382895
2026-02-27,GLD,0.5453613796430421
2026-03-02,GLD,0.5472561726713672
2026-03-03,GLD,0.43533443385227144
2026-03-04,GLD,0.4066305604425985
2026-03-05,GLD,0.34990223450014163
2026-03-06,GLD,0.35328694051711
2026-03-09,GLD,0.337900379558398
2026-03-10,GLD,0.3245410916566486
2026-03-11,GLD,0.3140859087818487
2026-03-12,GLD,0.3201505345850838
2026-03-13,GLD,0.32099939876654177
2026-03-16,GLD,0.2959619352492135
2026-03-17,GLD,0.2831814339987845
2026-03-18,GLD,0.2838288079786294
2026-03-19,GLD,0.30464474524170193
2026-03-20,GLD,0.3179270491434421
2026-03-23,GLD,0.31045381423968327
2026-03-24,GLD,0.286582265782146
2026-03-25,GLD,0.3145780813091599
2026-03-26,GLD,0.33258576984464755
2026-03-27,GLD,0.3604606490289423
2026-03-30,GLD,0.3542219410001705
2026-03-31,GLD,0.38150427167077555
2026-04-01,GLD,0.3622646460567626
2026-04-02,GLD,0.3642490884731899
2026-04-06,GLD,0.363144877127535
2026-04-07,GLD,0.35957502390662505
2026-04-08,GLD,0.3613451465051764
2026-04-09,GLD,0.35971166724826736
2026-04-10,GLD,0.35978378958197654
2026-04-13,GLD,0.3551658250056478
2026-04-14,GLD,0.36376219529357384
2026-04-15,GLD,0.36508298530561256
2026-04-16,GLD,0.36509020635287465
2026-04-17,GLD,0.3517210039203667
2026-04-20,GLD,0.31984942656739795
2026-04-21,GLD,0.3170692058329903
2026-04-22,GLD,0.3061299021800151
2026-04-23,GLD,0.30947032341721803
2026-04-24,GLD,0.2938864083481124
2026-04-27,GLD,0.259290083710432
2026-04-28,GLD,0.2429879215005753
2026-04-29,GLD,0.24628154948421666
2026-04-30,GLD,0.21289561575748545
2026-05-01,GLD,0.20240297933294124
2026-05-04,GLD,0.20330708542398668
2026-05-05,GLD,0.20605522429751616
2026-05-06,GLD,0.23046897404957714
2026-05-07,GLD,0.22943206213010622
2026-05-08,GLD,0.228366033725211
2026-05-11,GLD,0.22844734019505503
2026-05-12,GLD,0.22842790424260734
2026-05-13,GLD,0.21376425600937735
2026-05-14,GLD,0.21252608939823864
2026-05-15,GLD,0.2255681907082108
2026-05-18,GLD,0.21916703776243526
2026-05-19,GLD,0.22344997816720805
2026-05-20,GLD,0.21186209405628081
2026-05-21,GLD,0.2051963923143093
2026-05-22,GLD,0.20432847265234177
2026-05-26,GLD,0.2029483970617589
2026-05-27,GLD,0.20579578315991476
2026-05-28,GLD,0.20150987848075558
2026-05-29,GLD,0.2020360042810553
2026-06-01,GLD,0.20001801146073184
2026-06-02,GLD,0.20029112906603622
2026-06-03,GLD,0.19118148716980188
2026-06-04,GLD,0.19103104428326226
2026-06-05,GLD,0.19442412743928184
2026-06-08,GLD,0.19478688024523816
2026-06-09,GLD,0.1966518643935619
2026-06-10,GLD,0.2319218644580451
2026-06-11,GLD,0.26721930553608003
2026-06-12,GLD,0.2679775287373372
2026-06-15,GLD,0.2882001239295408
2026-06-16,GLD,0.279582414823064
2026-06-17,GLD,0.2877598853143098
2026-06-18,GLD,0.28374998840464083
2026-06-22,GLD,0.27704444073372986
2026-06-23,GLD,0.281708990398732
2026-06-24,GLD,0.29530768621875597
2026-06-25,GLD,0.29942205840654373
2026-06-26,GLD,0.3031642319067759
2026-06-29,GLD,0.3000410168546496
2026-06-30,GLD,0.2951295296029147
2026-07-01,GLD,0.2961945119704756
2026-07-02,GLD,0.30811269510653616
2026-07-06,GLD,0.3112294517372667
2026-07-07,GLD,0.3099839019601035
2026-07-08,GLD,0.28702817785782603
2026-07-09,GLD,0.289806438460419
2026-07-10,GLD,0.28525234084744594
2026-07-13,GLD,0.26234561206571905
2026-07-14,GLD,0.24134800554414715
2026-07-15,GLD,0.24134428726029136
2026-07-16,GLD,0.22711456770369093
2026-07-17,GLD,0.23073528795112336
2026-07-20,GLD,0.2199364133941487
2026-07-21,GLD,0.23283561329977875
2026-07-22,GLD,0.23621437986316213
2026-07-23,GLD,0.23736236097177602
2026-07-24,GLD,0.21157306475376134
2026-07-27,GLD,0.21049942625544035
2026-07-28,GLD,0.2127910622654576
2026-07-29,GLD,0.20799302406837417
2026-07-30,GLD,0.215164309175917
2026-07-31,GLD,0.22138448366497485
2026-08-03,GLD,0.20900278419872315
2026-08-04,GLD,0.20672801634820143
2026-08-05,GLD,0.24894046212858115
2026-08-06,GLD,0.24653889363970644
2026-08-07,GLD,0.25538440488134173
2026-08-10,GLD,0.2557969738021693
2026-08-11,GLD,0.23420360213430408
2026-08-12,GLD,0.2326547860800482
2026-08-13,GLD,0.24145784407627466
2026-08-14,GLD,0.22624735874045568
2026-08-17,GLD,0.226398061399522
2026-08-18,GLD,0.23771656485464712
2026-08-19,GLD,0.2610043037240149
2026-08-20,GLD,0.25991086112862755
2026-08-21,GLD,0.24877451518577148
2026-08-24,GLD,0.248054785055354
2026-08-25,GLD,0.24832489184522866
2026-08-26,GLD,0.2501896337454413
2026-08-27,GLD,0.25039243113760157
2026-08-28,GLD,0.2809447181585324
2026-08-31,GLD,0.2732189553635959
2026-09-01,GLD,0.2963688044258446
2026-09-02,GLD,0.299070043641224
2026-09-03,GLD,0.2720041347960465
2026-09-04,GLD,0.27457043665953634
2026-09-08,GLD,0.2720191533257094
2026-09-09,GLD,0.2715262650660043
2026-09-10,GLD,0.27800733856789733
2026-09-11,GLD,0.27654596399862014
2026-09-14,GLD,0.27664418935390084
2026-09-15,GLD,0.27589791351324616
2026-09-16,GLD,0.27364327304148345
2026-09-17,GLD,0.27455338097582044
2026-09-18,GLD,0.23867986318626075
2026-09-21,GLD,0.23875835022472552
2026-09-22,GLD,0.2271141072586143
2026-09-23,GLD,0.22974397173459757
2026-09-24,GLD,0.22834003431675234
2021-10-26,IWM,0.15127846196169048
2021-10-27,IWM,0.14346007426566215
2021-10-28,IWM,0.1579236919664619
2021-10-29,IWM,0.15302795140268213
2021-11-01,IWM,0.16745549420410163
2021-11-02,IWM,0.16210533434772081
2021-11-03,IWM,0.17008192075925269
2021-11-04,IWM,0.16769879098793067
2021-11-05,IWM,0.16629165692730338
2021-11-08,IWM,0.16111878443101604
2021-11-09,IWM,0.16118293795514307
2021-11-10,IWM,0.17548085608123595
2021-11-11,IWM,0.1761834822440601
2021-11-12,IWM,0.171436920911311
2021-11-15,IWM,0.17182274679715015
2021-11-16,IWM,0.1714254965611488
2021-11-17,IWM,0.1801200182879422
2021-11-18,IWM,0.18062492541241842
2021-11-19,IWM,0.18433661626702666
2021-11-22,IWM,0.1848919043830356
2021-11-23,IWM,0.18243332215449867
2021-11-24,IWM,0.1801220699756474
2021-11-26,IWM,0.21510995712692665
2021-11-29,IWM,0.2024100438038327
2021-11-30,IWM,0.21312801046378443
2021-12-01,IWM,0.19867337593938755
2021-12-02,IWM,0.22724031204062903
2021-12-03,IWM,0.2214527028552439
2021-12-06,IWM,0.2374952017501308
2021-12-07,IWM,0.2484432174057248
2021-12-08,IWM,0.2500206216487505
2021-12-09,IWM,0.25878275251885174
2021-12-10,IWM,0.2553128570994775
2021-12-13,IWM,0.2544613649012674
2021-12-14,IWM,0.2539807932957453
2021-12-15,IWM,0.2641352024513864
2021-12-16,IWM,0.2689003898257518
2021-12-17,IWM,0.2716693501299412
2021-12-20,IWM,0.2738508929095844
2021-12-21,IWM,0.2961455400563849
2021-12-22,IWM,0.29914960574143695
2021-12-23,IWM,0.3011876143437931
2021-12-27,IWM,0.3034879246512565
2021-12-28,IWM,0.27396606785069066
2021-12-29,IWM,0.27395974361912223
2021-12-30,IWM,0.26343977333092083
2021-12-31,IWM,0.24931859269067214
2022-01-03,IWM,0.2348890569610902
2022-01-04,IWM,0.22119621936471007
2022-01-05,IWM,0.24476316022010972
2022-01-06,IWM,0.23089178659569454
2022-01-07,IWM,0.23189178670437693
2022-01-10,IWM,0.2193590954907119
2022-01-11,IWM,0.2228082261952356
2022-01-12,IWM,0.21832849793521722
2022-01-13,IWM,0.21861657738066037
2022-01-14,IWM,0.21103634153501083
2022-01-18,IWM,0.22512717144805686
2022-01-19,IWM,0.2276991772988654
2022-01-20,IWM,0.23074407813359415
2022-01-21,IWM,0.20744809494800345
2022-01-24,IWM,0.22375316387964764
2022-01-25,IWM,0.22138462085738003
2022-01-26,IWM,0.21703177790037792
2022-01-27,IWM,0.2243586657020521
2022-01-28,IWM,0.24119901440926195
2022-01-31,IWM,0.2725655673312959
2022-02-01,IWM,0.2775700592118587
2022-02-02,IWM,0.27112462466779924
2022-02-03,IWM,0.2748193782920386
2022-02-04,IWM,0.2573625982745784
2022-02-07,IWM,0.2570043874979103
2022-02-08,IWM,0.26571565221644383
2022-02-09,IWM,0.2762765066758759
2022-02-10,IWM,0.27617562224352077
2022-02-11,IWM,0.27686766517126726
2022-02-14,IWM,0.27601884979686786
2022-02-15,IWM,0.29444128428398647
2022-02-16,IWM,0.27566711845990266
2022-02-17,IWM,0.28431995816718547
2022-02-18,IWM,0.2788098023667226
2022-02-22,IWM,0.27535576185761534
2022-02-23,IWM,0.26936992336866405
2022-02-24,IWM,0.28276898806923273
2022-02-25,IWM,0.28799849626757157
2022-02-28,IWM,0.2739793338227043
2022-03-01,IWM,0.27706541653715033
2022-03-02,IWM,0.2687449910680408
2022-03-03,IWM,0.2697557657801507
2022-03-04,IWM,0.27306016792471366
2022-03-07,IWM,0.27882880968007595
2022-03-08,IWM,0.27914095621052326
2022-03-09,IWM,0.2961758307932736
2022-03-10,IWM,0.28994035248733097
2022-03-11,IWM,0.2855627121309663
2022-03-14,IWM,0.28904375832534596
2022-03-15,IWM,0.2943356147384678
2022-03-16,IWM,0.3150561865701169
2022-03-17,IWM,0.3055671704024202
2022-03-18,IWM,0.3077018160535559
2022-03-21,IWM,0.29508023794086646
2022-03-22,IWM,0.2943741999182849
2022-03-23,IWM,0.2968336037349849
2022-03-24,IWM,0.2887530832363943
2022-03-25,IWM,0.27650133544223576
2022-03-28,IWM,0.2663963135797793
2022-03-29,IWM,0.280818048872599
2022-03-30,IWM,0.2820144793495735
2022-03-31,IWM,0.2737005425502427
2022-04-01,IWM,0.2722692340312826
2022-04-04,IWM,0.26497300177856836
2022-04-05,IWM,0.263442626128581
2022-04-06,IWM,0.26933102366916173
2022-04-07,IWM,0.2515348736708503
2022-04-08,IWM,0.253001251119812
2022-04-11,IWM,0.24775789539996693
2022-04-12,IWM,0.23625690488708434
2022-04-13,IWM,0.23889722139338246
2022-04-14,IWM,0.21507094709940114
2022-04-18,IWM,0.20765940419319798
2022-04-19,IWM,0.21692999520811812
2022-04-20,IWM,0.21570820535080729
2022-04-21,IWM,0.22473029310835685
2022-04-22,IWM,0.23379567566648163
2022-04-25,IWM,0.23043496738158453
2022-04-26,IWM,0.2503290244024677
2022-04-27,IWM,0.24975869285682875
2022-04-28,IWM,0.23827238159162267
2022-04-29,IWM,0.24711622902284192
2022-05-02,IWM,0.2522186026140205
2022-05-03,IWM,0.250325501176193
2022-05-04,IWM,0.2721058736525069
2022-05-05,IWM,0.2935205895769309
2022-05-06,IWM,0.29470700576246944
2022-05-09,IWM,0.32250603609094003
2022-05-10,IWM,0.3231506107087629
2022-05-11,IWM,0.32995182985724275
2022-05-12,IWM,0.33441940452618746
2022-05-13,IWM,0.3489774353663884
2022-05-16,IWM,0.3486462780728987
2022-05-17,IWM,0.36997559094296206
2022-05-18,IWM,0.3751009324837541
2022-05-19,IWM,0.3744508166250363
2022-05-20,IWM,0.36992820736921106
2022-05-23,IWM,0.3666342615956283
2022-05-24,IWM,0.3669348023924389
2022-05-25,IWM,0.3609514343570566
2022-05-26,IWM,0.3705708049863582
2022-05-27,IWM,0.37709337038820606
2022-05-31,IWM,0.36558525426388
2022-06-01,IWM,0.3642185805315714
2022-06-02,IWM,0.37318177747809933
2022-06-03,IWM,0.3617304219385042
2022-06-06,IWM,0.33270076627584766
2022-06-07,IWM,0.3304488674473509
2022-06-08,IWM,0.2965176735917677
2022-06-09,IWM,0.30818379621875164
2022-06-10,IWM,0.3108141293880009
2022-06-13,IWM,0.35255916196302023
2022-06-14,IWM,0.3329488377495276
2022-06-15,IWM,0.33770237355759214
2022-06-16,IWM,0.35152615626441763
2022-06-17,IWM,0.33604918203200823
2022-06-21,IWM,0.3433749136250611
2022-06-22,IWM,0.3433683811444342
2022-06-23,IWM,0.34330691586118955
2022-06-24,IWM,0.35799793553820536
2022-06-27,IWM,0.3524462358081664
2022-06-28,IWM,0.3477233469570357
2022-06-29,IWM,0.331675752720137
2022-06-30,IWM,0.3306106571298214
2022-07-01,IWM,0.3351439062862435
2022-07-05,IWM,0.32288589555779607
2022-07-06,IWM,0.32261238544415344
2022-07-07,IWM,0.33544334352863386
2022-07-08,IWM,0.328500570973049
2022-07-11,IWM,0.3309931198543756
2022-07-12,IWM,0.3252609115038222
2022-07-13,IWM,0.3132547310909855
2022-07-14,IWM,0.2692518414670911
2022-07-15,IWM,0.2780242192709278
2022-07-18,IWM,0.273922162569267
2022-07-19,IWM,0.24285785228736326
2022-07-20,IWM,0.24582447976591976
2022-07-21,IWM,0.24104303006008518
2022-07-22,IWM,0.2501188550217383
2022-07-25,IWM,0.2482590346961504
2022-07-26,IWM,0.22805129921824768
2022-07-27,IWM,0.23988446379086326
2022-07-28,IWM,0.23041003597236348
2022-07-29,IWM,0.22503913364578212
2022-08-01,IWM,0.22136530637969762
2022-08-02,IWM,0.22060891692393947
2022-08-03,IWM,0.22319672634863147
2022-08-04,IWM,0.22035691847495
2022-08-05,IWM,0.20981529713327535
2022-08-08,IWM,0.2104190870333563
2022-08-09,IWM,0.20189519581303403
2022-08-10,IWM,0.2153032892909319
2022-08-11,IWM,0.21393418749494408
2022-08-12,IWM,0.20981441489631758
2022-08-15,IWM,0.20506070141185753
2022-08-16,IWM,0.20372429359464142
2022-08-17,IWM,0.19341458936817024
2022-08-18,IWM,0.18955372485640445
2022-08-19,IWM,0.209663974489407
2022-08-22,IWM,0.21554468278835606
2022-08-23,IWM,0.21543421792221143
2022-08-24,IWM,0.2135145947340699
2022-08-25,IWM,0.20664895957775728
2022-08-26,IWM,0.23720317963812204
2022-08-29,IWM,0.23853978984229435
2022-08-30,IWM,0.24349822655358336
2022-08-31,IWM,0.2442497085827587
2022-09-01,IWM,0.23985239549401818
2022-09-02,IWM,0.24068293811940528
2022-09-06,IWM,0.23922792134560536
2022-09-07,IWM,0.250168666879207
2022-09-08,IWM,0.2495106691414746
2022-09-09,IWM,0.23811503933761513
2022-09-12,IWM,0.24236012941102436
2022-09-13,IWM,0.2614103334302254
2022-09-14,IWM,0.26154748891075663
2022-09-15,IWM,0.261320902237606
2022-09-16,IWM,0.2601026870422874
2022-09-19,IWM,0.2612264112201269
2022-09-20,IWM,0.2561672042446979
2022-09-21,IWM,0.25248469436303717
2022-09-22,IWM,0.2596414387088622
2022-09-23,IWM,0.26316793133807626
2022-09-26,IWM,0.2515433738906055
2022-09-27,IWM,0.2371591925044262
2022-09-28,IWM,0.2704171779678584
2022-09-29,IWM,0.27577540683791313
2022-09-30,IWM,0.27588780950303426
2022-10-03,IWM,0.2950210230962581
2022-10-04,IWM,0.3289213246907019
2022-10-05,IWM,0.328150188279437
2022-10-06,IWM,0.3182791495108564
2022-10-07,IWM,0.329745102506129
2022-10-10,IWM,0.31827626583820745
2022-10-11,IWM,0.312929732558292
2022-10-12,IWM,0.28792831832066285
2022-10-13,IWM,0.303485203248279
2022-10-14,IWM,0.3145232055397226
2022-10-17,IWM,0.3346857928290656
2022-10-18,IWM,0.3361160825471923
2022-10-19,IWM,0.33787711938183584
2022-10-20,IWM,0.3366747416671147
2022-10-21,IWM,0.33638380889372343
2022-10-24,IWM,0.32433058809643617
2022-10-25,IWM,0.3300976738172516
2022-10-26,IWM,0.3300993880756627
2022-10-27,IWM,0.3147711641604907
2022-10-28,IWM,0.30818211565364584
2022-10-31,IWM,0.30541352828144114
2022-11-01,IWM,0.29561112022841657
2022-11-02,IWM,0.29269781286043
2022-11-03,IWM,0.2924740070096494
2022-11-04,IWM,0.2948472060000537
2022-11-07,IWM,0.2726017875090005
2022-11-08,IWM,0.27098214455538433
2022-11-09,IWM,0.2912883297457486
2022-11-10,IWM,0.3558681089247022
2022-11-11,IWM,0.3489301092620274
2022-11-14,IWM,0.33530935318235217
2022-11-15,IWM,0.3231174817244138
2022-11-16,IWM,0.33045112592984066
2022-11-17,IWM,0.32564880196879464
2022-11-18,IWM,0.3205239320665467
2022-11-21,IWM,0.3154895086495955
2022-11-22,IWM,0.31661968827016274
2022-11-23,IWM,0.3042688665647916
2022-11-25,IWM,0.3040839483467112
2022-11-28,IWM,0.3135282559054888
2022-11-29,IWM,0.303509020608369
2022-11-30,IWM,0.3180875895292116
2022-12-01,IWM,0.31830627919507026
2022-12-02,IWM,0.2931354744725688
2022-12-05,IWM,0.3101497624778961
2022-12-06,IWM,0.31264740428650256
2022-12-07,IWM,0.3125202902795536
2022-12-08,IWM,0.31347378220019834
2022-12-09,IWM,0.3005472122829765
2022-12-12,IWM,0.21070356820937874
2022-12-13,IWM,0.2107503669367199
2022-12-14,IWM,0.20856813764508886
2022-12-15,IWM,0.21625008422187
2022-12-16,IWM,0.21028094780788167
2022-12-19,IWM,0.21255913275291827
2022-12-20,IWM,0.2119721803881499
2022-12-21,IWM,0.22245415257920154
2022-12-22,IWM,0.22128071345049855
2022-12-23,IWM,0.22196495347443795
2022-12-27,IWM,0.22173781275266777
2022-12-28,IWM,0.21776450521470872
2022-12-29,IWM,0.23801188075918145
2022-12-30,IWM,0.213195591248882
2023-01-03,IWM,0.21332334386757476
2023-01-04,IWM,0.2180688296703038
2023-01-05,IWM,0.20130527925398173
2023-01-06,IWM,0.21241542623187143
2023-01-09,IWM,0.21231133362246934
2023-01-10,IWM,0.21716810349428975
2023-01-11,IWM,0.2161382103645322
2023-01-12,IWM,0.21985571276158355
2023-01-13,IWM,0.21928162788656042
2023-01-17,IWM,0.21756561594186102
2023-01-18,IWM,0.2056262050006473
2023-01-19,IWM,0.20701095195489452
2023-01-20,IWM,0.2044845457987405
2023-01-23,IWM,0.20670022705329838
2023-01-24,IWM,0.20178867929077463
2023-01-25,IWM,0.19318787886761155
2023-01-26,IWM,0.1933194436194749
2023-01-27,IWM,0.1895422388619318
2023-01-30,IWM,0.1874906266434751
2023-01-31,IWM,0.18605065253726685
2023-02-01,IWM,0.18806766302388775
2023-02-02,IWM,0.19010021716871583
2023-02-03,IWM,0.19406221754557867
2023-02-06,IWM,0.1984230571030156
2023-02-07,IWM,0.18873006232637476
2023-02-08,IWM,0.20009908018528758
2023-02-09,IWM,0.2056377181872566
2023-02-10,IWM,0.2024217604470137
2023-02-13,IWM,0.1986729228316437
2023-02-14,IWM,0.19803117890121677
2023-02-15,IWM,0.19999779007742596
2023-02-16,IWM,0.19365699940661044
2023-02-17,IWM,0.1887782825232826
2023-02-21,IWM,0.21276252389562664
2023-02-22,IWM,0.20867441592558558
2023-02-23,IWM,0.20981235253221056
2023-02-24,IWM,0.2124727810264581
2023-02-27,IWM,0.21180547693679821
2023-02-28,IWM,0.21088817108612337
2023-03-01,IWM,0.20497602163226608
2023-03-02,IWM,0.18606176200473998
2023-03-03,IWM,0.18417402180347991
2023-03-06,IWM,0.17446751616103523
2023-03-07,IWM,0.1768333246814321
2023-03-08,IWM,0.17163515796329568
2023-03-09,IWM,0.19011783912345115
2023-03-10,IWM,0.2062683189144849
2023-03-13,IWM,0.20750075170956206
2023-03-14,IWM,0.2212288116766824
2023-03-15,IWM,0.21806291729187988
2023-03-16,IWM,0.22693451215436727
2023-03-17,IWM,0.23379590820850749
2023-03-20,IWM,0.24226235975364344
2023-03-21,IWM,0.25428304090579557
2023-03-22,IWM,0.25285919442926164
2023-03-23,IWM,0.25165336734802846
2023-03-24,IWM,0.25284386071380016
2023-03-27,IWM,0.2575995351315884
2023-03-28,IWM,0.25650725834780963
2023-03-29,IWM,0.2614616183166801
2023-03-30,IWM,0.26107273939296993
2023-03-31,IWM,0.2710426941172774
2023-04-03,IWM,0.26476468187748314
2023-04-04,IWM,0.266558225051125
2023-04-05,IWM,0.2659145442061956
2023-04-06,IWM,0.26610960050392873
2023-04-10,IWM,0.25411234839018765
2023-04-11,IWM,0.23494581195770428
2023-04-12,IWM,0.22883350105338457
2023-04-13,IWM,0.2244242109830493
2023-04-14,IWM,0.21880596536501462
2023-04-17,IWM,0.21824897948670496
2023-04-18,IWM,0.19438813104959993
2023-04-19,IWM,0.19033162096655556
2023-04-20,IWM,0.1812679525820045
2023-04-21,IWM,0.14799491894282588
2023-04-24,IWM,0.1465528530047817
2023-04-25,IWM,0.1707393124084602
2023-04-26,IWM,0.1694743665513658
2023-04-27,IWM,0.17615599974611018
2023-04-28,IWM,0.17428265492462486
2023-05-01,IWM,0.17422056854090573
2023-05-02,IWM,0.17489756086742564
2023-05-03,IWM,0.17576431935438475
2023-05-04,IWM,0.16979811896186228
2023-05-05,IWM,0.1875286252331458
2023-05-08,IWM,0.18768105119973752
2023-05-09,IWM,0.18390390523432856
2023-05-10,IWM,0.1825185640632385
2023-05-11,IWM,0.1826806995137362
2023-05-12,IWM,0.17551304870374443
2023-05-15,IWM,0.17911954605477656
2023-05-16,IWM,0.17876092839030505
2023-05-17,IWM,0.19673105808296631
2023-05-18,IWM,0.1979550730674352
2023-05-19,IWM,0.19827554678099132
2023-05-22,IWM,0.20289984920467535
2023-05-23,IWM,0.20361613652335409
2023-05-24,IWM,0.1872219124824592
2023-05-25,IWM,0.18603581269903902
2023-05-26,IWM,0.18446553107238312
2023-05-30,IWM,0.18268045155665447
2023-05-31,IWM,0.18591712248567277
2023-06-01,IWM,0.17439727047201997
2023-06-02,IWM,0.21270061770383059
2023-06-05,IWM,0.21464395168992878
2023-06-06,IWM,0.21799944513571637
2023-06-07,IWM,0.2239846217439395
2023-06-08,IWM,0.2242825143684045
2023-06-09,IWM,0.22785836587722946
2023-06-12,IWM,0.22449932328764852
2023-06-13,IWM,0.2250946178512348
2023-06-14,IWM,0.22888499197214987
2023-06-15,IWM,0.22007201109574312
2023-06-16,IWM,0.213705733673065
2023-06-20,IWM,0.21474663027806198
2023-06-21,IWM,0.21327927021430793
2023-06-22,IWM,0.2128441249425005
2023-06-23,IWM,0.2195885152713456
2023-06-26,IWM,0.21546772079322923
2023-06-27,IWM,0.2169917753521095
2023-06-28,IWM,0.21487338260448635
2023-06-29,IWM,0.2159240319083204
2023-06-30,IWM,0.210758040732816
2023-07-03,IWM,0.2092557771779935
2023-07-05,IWM,0.17637136257325367
2023-07-06,IWM,0.17945592316127304
2023-07-07,IWM,0.15852401807528085
2023-07-10,IWM,0.15625853735690912
2023-07-11,IWM,0.1593101357977258
2023-07-12,IWM,0.15943061268657105
2023-07-13,IWM,0.16074031911382072
2023-07-14,IWM,0.16175696476005852
2023-07-17,IWM,0.15925307225053986
2023-07-18,IWM,0.16190641484354554
2023-07-19,IWM,0.15771308093838574
2023-07-20,IWM,0.16090194677128633
2023-07-21,IWM,0.1612551457181677
2023-07-24,IWM,0.15717560610930909
2023-07-25,IWM,0.14350452596689584
2023-07-26,IWM,0.14386617813126568
2023-07-27,IWM,0.1499886618978946
2023-07-28,IWM,0.15399966471360627
2023-07-31,IWM,0.15407027012036228
2023-08-01,IWM,0.15618222517767372
2023-08-02,IWM,0.1660433161474454
2023-08-03,IWM,0.1613832858738747
2023-08-04,IWM,0.14794374566448185
2023-08-07,IWM,0.14545857375137436
2023-08-08,IWM,0.13814699893908006
2023-08-09,IWM,0.13762221495720442
2023-08-10,IWM,0.13316406595109279
2023-08-11,IWM,0.1298714850954076
2023-08-14,IWM,0.12561029825409087
2023-08-15,IWM,0.12680555571829968
2023-08-16,IWM,0.12189672642447538
2023-08-17,IWM,0.1233730010528942
2023-08-18,IWM,0.1252047377174554
2023-08-21,IWM,0.12524312864463244
2023-08-22,IWM,0.12393392615149704
2023-08-23,IWM,0.1321797352944381
2023-08-24,IWM,0.13259308020861413
2023-08-25,IWM,0.13018468334667121
2023-08-28,IWM,0.12481230764730783
2023-08-29,IWM,0.12839992389632768
2023-08-30,IWM,0.12998269596874995
2023-08-31,IWM,0.12312906698645298
2023-09-01,IWM,0.1315090382665809
2023-09-05,IWM,0.14896986924790254
2023-09-06,IWM,0.14883620907763484
2023-09-07,IWM,0.15051862164966656
2023-09-08,IWM,0.1491101435075608
2023-09-11,IWM,0.1495202835308296
2023-09-12,IWM,0.14914735696335704
2023-09-13,IWM,0.15010477203809422
2023-09-14,IWM,0.15396921408976844
2023-09-15,IWM,0.15240194481806832
2023-09-18,IWM,0.1486125914955023
2023-09-19,IWM,0.14759218864993218
2023-09-20,IWM,0.15106145391212814
2023-09-21,IWM,0.15901500497648943
2023-09-22,IWM,0.1524881795719671
2023-09-25,IWM,0.14824482221950178
2023-09-26,IWM,0.15171602535667966
2023-09-27,IWM,0.15212800677955207
2023-09-28,IWM,0.14636535294317257
2023-09-29,IWM,0.14472378310534478
2023-10-02,IWM,0.15064737924873345
2023-10-03,IWM,0.1463772948319179
2023-10-04,IWM,0.13500863577558941
2023-10-05,IWM,0.13596751669909696
2023-10-06,IWM,0.14156590942705777
2023-10-09,IWM,0.14462746320844344
2023-10-10,IWM,0.1514816184772981
2023-10-11,IWM,0.1514436640583264
2023-10-12,IWM,0.16694562428626591
2023-10-13,IWM,0.15615671762832126
2023-10-16,IWM,0.1686059529317224
2023-10-17,IWM,0.17433475116356253
2023-10-18,IWM,0.18615748106237848
2023-10-19,IWM,0.19025130245978633
2023-10-20,IWM,0.18827259009699654
2023-10-23,IWM,0.18933522040743353
2023-10-24,IWM,0.19199114091462505
2023-10-25,IWM,0.19481915433095223
2023-10-26,IWM,0.19081196184553703
2023-10-27,IWM,0.18751854111188418
2023-10-30,IWM,0.190532604784797
2023-10-31,IWM,0.19045228808712192
2023-11-01,IWM,0.18518616553903228
2023-11-02,IWM,0.20939675300314967
2023-11-03,IWM,0.23007989491295136
2023-11-06,IWM,0.23233540425371138
2023-11-07,IWM,0.2316110814872409
2023-11-08,IWM,0.22994602494507652
2023-11-09,IWM,0.2349395631642812
2023-11-10,IWM,0.2270567985072539
2023-11-13,IWM,0.22533127496951189
2023-11-14,IWM,0.2911886416305003
2023-11-15,IWM,0.2891286204574653
2023-11-16,IWM,0.285324123160508
2023-11-17,IWM,0.28108521188205704
2023-11-20,IWM,0.2753068284031135
2023-11-21,IWM,0.2781719060865563
2023-11-22,IWM,0.27771922835475243
2023-11-24,IWM,0.26825476314172614
2023-11-27,IWM,0.26956448167045577
2023-11-28,IWM,0.26502411915193075
2023-11-29,IWM,0.26501331626151725
2023-11-30,IWM,0.2646039705135456
2023-12-01,IWM,0.27832757513760437
2023-12-04,IWM,0.2683240407720179
2023-12-05,IWM,0.2621839960488359
2023-12-06,IWM,0.2569065402149161
2023-12-07,IWM,0.25601697627156633
2023-12-08,IWM,0.25080215346116713
2023-12-11,IWM,0.2401917219473186
2023-12-12,IWM,0.24026455018363008
2023-12-13,IWM,0.25951523831812906
2023-12-14,IWM,0.20762072065138004
2023-12-15,IWM,0.21267008293129835
2023-12-18,IWM,0.19951061581021165
2023-12-19,IWM,0.2033779290203617
2023-12-20,IWM,0.22151889928718435
2023-12-21,IWM,0.21597171776363078
2023-12-22,IWM,0.21627747170467204
2023-12-26,IWM,0.21757897093058562
2023-12-27,IWM,0.21496948485086262
2023-12-28,IWM,0.21493687899366976
2023-12-29,IWM,0.22936885767849347
2024-01-02,IWM,0.23285777433675056
2024-01-03,IWM,0.24080423502097317
2024-01-04,IWM,0.2394378668112086
2024-01-05,IWM,0.23364253418954808
2024-01-08,IWM,0.23904913092647107
2024-01-09,IWM,0.24237809269755795
2024-01-10,IWM,0.24180451347112106
2024-01-11,IWM,0.2443746465360653
2024-01-12,IWM,0.24447980815871717
2024-01-16,IWM,0.21939034396487356
2024-01-17,IWM,0.1948621734144569
2024-01-18,IWM,0.19525900785666986
2024-01-19,IWM,0.19886093820491005
2024-01-22,IWM,0.20150311022864476
2024-01-23,IWM,0.18988949990868498
2024-01-24,IWM,0.18131064555820695
2024-01-25,IWM,0.1805877669855846
2024-01-26,IWM,0.17311866017670582
2024-01-29,IWM,0.18497554766350333
2024-01-30,IWM,0.18652595155730922
2024-01-31,IWM,0.196527369748519
2024-02-01,IWM,0.20263039995202153
2024-02-02,IWM,0.18073251044331654
2024-02-05,IWM,0.1860410327350173
2024-02-06,IWM,0.18857442345806152
2024-02-07,IWM,0.17714947663371175
2024-02-08,IWM,0.18277471116589328
2024-02-09,IWM,0.190914922090262
2024-02-12,IWM,0.1967322360285567
2024-02-13,IWM,0.24775953460543082
2024-02-14,IWM,0.2551173465637096
2024-02-15,IWM,0.26624751347644515
2024-02-16,IWM,0.27275907584688375
2024-02-20,IWM,0.27743660171221873
2024-02-21,IWM,0.26874745685898116
2024-02-22,IWM,0.2695392539946924
2024-02-23,IWM,0.26747397781901994
2024-02-26,IWM,0.26692633198679894
2024-02-27,IWM,0.2704975051802507
2024-02-28,IWM,0.26663906901413476
2024-02-29,IWM,0.26519099884469866
2024-03-01,IWM,0.24921210066642094
2024-03-04,IWM,0.24684574655252778
2024-03-05,IWM,0.24900765401406766
2024-03-06,IWM,0.24338010026889365
2024-03-07,IWM,0.24319017559858047
2024-03-08,IWM,0.24276876663603544
2024-03-11,IWM,0.24179789357040615
2024-03-12,IWM,0.23658889348777903
2024-03-13,IWM,0.2289085468975149
2024-03-14,IWM,0.18532810600661265
2024-03-15,IWM,0.16826997868989718
2024-03-18,IWM,0.14077796017678804
2024-03-19,IWM,0.13357459495683843
2024-03-20,IWM,0.13996578775382965
2024-03-21,IWM,0.14179202393270365
2024-03-22,IWM,0.15119231003507813
2024-03-25,IWM,0.15119463905547298
2024-03-26,IWM,0.15054993620952933
2024-03-27,IWM,0.16084025537960814
2024-03-28,IWM,0.15697377116524525
2024-04-01,IWM,0.16067049217799903
2024-04-02,IWM,0.1704488676812083
2024-04-03,IWM,0.17198184717695786
2024-04-04,IWM,0.17229732128849107
2024-04-05,IWM,0.17068831040448515
2024-04-08,IWM,0.16921096893024892
2024-04-09,IWM,0.1697861224558376
2024-04-10,IWM,0.19144290626844418
2024-04-11,IWM,0.19321010242646394
2024-04-12,IWM,0.20153328061513517
2024-04-15,IWM,0.1984911303799492
2024-04-16,IWM,0.19830256390961495
2024-04-17,IWM,0.20027726390618988
2024-04-18,IWM,0.19912564473416772
2024-04-19,IWM,0.1833324191773262
2024-04-22,IWM,0.1830320653774682
2024-04-23,IWM,0.19057650902616002
2024-04-24,IWM,0.19033904235500887
2024-04-25,IWM,0.19091687232304294
2024-04-26,IWM,0.17584007699371365
2024-04-29,IWM,0.17865841110361266
2024-04-30,IWM,0.1878397337100798
2024-05-01,IWM,0.17972779224867375
2024-05-02,IWM,0.19104678519263824
2024-05-03,IWM,0.1920820851079054
2024-05-06,IWM,0.19721790357868169
2024-05-07,IWM,0.19642154231337924
2024-05-08,IWM,0.19681773894325247
2024-05-09,IWM,0.1759196096344835
2024-05-10,IWM,0.17719854745152183
2024-05-13,IWM,0.1641949639377257
2024-05-14,IWM,0.15588625140487497
2024-05-15,IWM,0.15762837269110533
2024-05-16,IWM,0.15426904304753664
2024-05-17,IWM,0.15380107564537301
2024-05-20,IWM,0.15370417392291283
2024-05-21,IWM,0.15200589187596059
2024-05-22,IWM,0.1485811294008783
2024-05-23,IWM,0.16034320697047097
2024-05-24,IWM,0.1613297801119436
2024-05-28,IWM,0.15945093178495576
2024-05-29,IWM,0.1673092980566624
2024-05-30,IWM,0.15157894806041727
2024-05-31,IWM,0.15321551449254758
2024-06-03,IWM,0.14371308133230573
2024-06-04,IWM,0.1478530996419385
2024-06-05,IWM,0.1506560700744786
2024-06-06,IWM,0.1525397304489482
2024-06-07,IWM,0.1565806693646688
2024-06-10,IWM,0.15241330297733835
2024-06-11,IWM,0.15081118098480276
2024-06-12,IWM,0.1605660121075571
2024-06-13,IWM,0.1585770864074695
2024-06-14,IWM,0.15873687781544377
2024-06-17,IWM,0.1618560126382667
2024-06-18,IWM,0.16207790414452022
2024-06-20,IWM,0.16174399520736107
2024-06-21,IWM,0.16234323987419652
2024-06-24,IWM,0.16166781585101828
2024-06-25,IWM,0.1520833464705374
2024-06-26,IWM,0.14630828766692142
2024-06-27,IWM,0.15139087810458512
2024-06-28,IWM,0.14293581113655668
2024-07-01,IWM,0.14193069555920548
2024-07-02,IWM,0.1389933649383385
2024-07-03,IWM,0.13784946062741105
2024-07-05,IWM,0.13133637096312797
2024-07-08,IWM,0.12190133771433008
2024-07-09,IWM,0.12033651995291529
2024-07-10,IWM,0.11774791178821546
2024-07-11,IWM,0.16974164843936249
2024-07-12,IWM,0.171471742991335
2024-07-15,IWM,0.1752271026584326
2024-07-16,IWM,0.1998686851483536
2024-07-17,IWM,0.19344306752280116
2024-07-18,IWM,0.21111247354103058
2024-07-19,IWM,0.21338576343529814
2024-07-22,IWM,0.21527488080585694
2024-07-23,IWM,0.2160159290483648
2024-07-24,IWM,0.23487272581854302
2024-07-25,IWM,0.23515656416659717
2024-07-26,IWM,0.23705433812553767
2024-07-29,IWM,0.24321985072011879
2024-07-30,IWM,0.24322956780013041
2024-07-31,IWM,0.23866465537902276
2024-08-01,IWM,0.27217194896440106
2024-08-02,IWM,0.3036260875093508
2024-08-05,IWM,0.3251857595452572
2024-08-06,IWM,0.32643130770938994
2024-08-07,IWM,0.3289121132172369
2024-08-08,IWM,0.33789277988726546
2024-08-09,IWM,0.3131610314243952
2024-08-12,IWM,0.31098708163874983
2024-08-13,IWM,0.3089756164502767
2024-08-14,IWM,0.27999296374811217
2024-08-15,IWM,0.29695708929400383
2024-08-16,IWM,0.2905363755820204
2024-08-19,IWM,0.2936582387078777
2024-08-20,IWM,0.2901145474546827
2024-08-21,IWM,0.2914959332542456
2024-08-22,IWM,0.2837081004158117
2024-08-23,IWM,0.3025523826293651
2024-08-26,IWM,0.296622824858444
2024-08-27,IWM,0.2953584162200064
2024-08-28,IWM,0.2956989311909251
2024-08-29,IWM,0.2961216683059028
2024-08-30,IWM,0.27348443049939297
2024-09-03,IWM,0.26588009251203193
2024-09-04,IWM,0.23720125540428438
2024-09-05,IWM,0.23657324372373284
2024-09-06,IWM,0.24301681260798486
2024-09-09,IWM,0.22855742849431285
2024-09-10,IWM,0.22842235283642576
2024-09-11,IWM,0.22587421645219039
2024-09-12,IWM,0.22311601759640212
2024-09-13,IWM,0.23595679097013975
2024-09-16,IWM,0.2200243519340278
2024-09-17,IWM,0.22130896702658154
2024-09-18,IWM,0.2179238638810394
2024-09-19,IWM,0.22286159160507113
2024-09-20,IWM,0.22398368874587288
2024-09-23,IWM,0.22171062024419608
2024-09-24,IWM,0.19252867686285752
2024-09-25,IWM,0.19728098062274088
2024-09-26,IWM,0.19630770298701022
2024-09-27,IWM,0.19580070693179352
2024-09-30,IWM,0.19460182329049341
2024-10-01,IWM,0.1996964538520631
2024-10-02,IWM,0.1666838632204093
2024-10-03,IWM,0.16865808970214585
2024-10-04,IWM,0.17303746748198578
2024-10-07,IWM,0.15992494902941043
2024-10-08,IWM,0.16001712936084275
2024-10-09,IWM,0.1596303426389039
2024-10-10,IWM,0.16195491743060436
2024-10-11,IWM,0.17013053485953342
2024-10-14,IWM,0.15100503035718155
2024-10-15,IWM,0.15083041295681304
2024-10-16,IWM,0.15802655793898854
2024-10-17,IWM,0.15871859177686942
2024-10-18,IWM,0.1432739024791401
2024-10-21,IWM,0.14917986491202745
2024-10-22,IWM,0.1492227877231189
2024-10-23,IWM,0.1526338947860757
2024-10-24,IWM,0.14639746367817721
2024-10-25,IWM,0.14599739589793845
2024-10-28,IWM,0.15499774293534854
2024-10-29,IWM,0.1553324580060683
2024-10-30,IWM,0.14719680981568975
2024-10-31,IWM,0.15904362002628258
2024-11-01,IWM,0.1581325509909036
2024-11-04,IWM,0.15156757717425864
2024-11-05,IWM,0.16143845684474128
2024-11-06,IWM,0.2533568695257939
2024-11-07,IWM,0.2547174153983063
2024-11-08,IWM,0.2525561624760723
2024-11-11,IWM,0.24903248692432473
2024-11-12,IWM,0.25991733940706424
2024-11-13,IWM,0.26374684849984825
2024-11-14,IWM,0.2643720685509333
2024-11-15,IWM,0.269971554093878
2024-11-18,IWM,0.26982412312586257
2024-11-19,IWM,0.2637793061155695
2024-11-20,IWM,0.2629801268381653
2024-11-21,IWM,0.2633164072842868
2024-11-22,IWM,0.2684211395701848
2024-11-25,IWM,0.2694525017104784
2024-11-26,IWM,0.2694063212242681
2024-11-27,IWM,0.26834375926131093
2024-11-29,IWM,0.26761719518391136
2024-12-02,IWM,0.2573349717155865
2024-12-03,IWM,0.26077720243913577
2024-12-04,IWM,0.2607876088188689
2024-12-05,IWM,0.26098964169963795
2024-12-06,IWM,0.16823838560358798
2024-12-09,IWM,0.1687526818507019
2024-12-10,IWM,0.16746663784704202
2024-12-11,IWM,0.159144071769885
2024-12-12,IWM,0.1537825138988498
2024-12-13,IWM,0.151795864340211
2024-12-16,IWM,0.14540664335079298
2024-12-17,IWM,0.14119202054573915
2024-12-18,IWM,0.21008087784602514
2024-12-19,IWM,0.2077463713685422
2024-12-20,IWM,0.21123786289848184
2024-12-23,IWM,0.202134436609143
2024-12-24,IWM,0.19212831103111186
2024-12-26,IWM,0.18692701032042144
2024-12-27,IWM,0.1905967556153285
2024-12-30,IWM,0.19024239308292093
2024-12-31,IWM,0.18913009165799163
2025-01-02,IWM,0.18949779143144074
2025-01-03,IWM,0.200001816313726
2025-01-06,IWM,0.19898795018422477
2025-01-07,IWM,0.1974110825570087
2025-01-08,IWM,0.1960269958937417
2025-01-10,IWM,0.20642136097981573
2025-01-13,IWM,0.20749139668638364
2025-01-14,IWM,0.21227421512970032
2025-01-15,IWM,0.22375096266103864
2025-01-16,IWM,0.22341766536796218
2025-01-17,IWM,0.2228298597129541
2025-01-21,IWM,0.2309504903611814
2025-01-22,IWM,0.1687545143943898
2025-01-23,IWM,0.16754813800975105
2025-01-24,IWM,0.16615610720395152
2025-01-27,IWM,0.17010915458004594
2025-01-28,IWM,0.16772768486990827
2025-01-29,IWM,0.16438375841570763
2025-01-30,IWM,0.15866654067032668
2025-01-31,IWM,0.15964494072353452
2025-02-03,IWM,0.16586176030292987
2025-02-04,IWM,0.1720400175644856
2025-02-05,IWM,0.16858712408521184
2025-02-06,IWM,0.16925629979042836
2025-02-07,IWM,0.17206314528838845
2025-02-10,IWM,0.1714136846018396
2025-02-11,IWM,0.15186746696365935
2025-02-12,IWM,0.15672021607792433
2025-02-13,IWM,0.1566407313830387
2025-02-14,IWM,0.1419588640196858
2025-02-18,IWM,0.14294916844217384
2025-02-19,IWM,0.14293782315002457
2025-02-20,IWM,0.12891964527817937
2025-02-21,IWM,0.16002346828794675
2025-02-24,IWM,0.15896173889730583
2025-02-25,IWM,0.15900290095443104
2025-02-26,IWM,0.1576043978097151
2025-02-27,IWM,0.16326321462089857
2025-02-28,IWM,0.17003596373241528
2025-03-03,IWM,0.18405967882314206
2025-03-04,IWM,0.1849920269607068
2025-03-05,IWM,0.18927676658795745
2025-03-06,IWM,0.1828019264096835
2025-03-07,IWM,0.17641049525752034
2025-03-10,IWM,0.1894148944104732
2025-03-11,IWM,0.18940439148051436
2025-03-12,IWM,0.18778483174259863
2025-03-13,IWM,0.19048993255924043
2025-03-14,IWM,0.21694806454745155
2025-03-17,IWM,0.21823224591816479
2025-03-18,IWM,0.2182599842697554
2025-03-19,IWM,0.22687690286058904
2025-03-20,IWM,0.22695042093133216
2025-03-21,IWM,0.22629756748958724
2025-03-24,IWM,0.2295687394490884
2025-03-25,IWM,0.22914759677993443
2025-03-26,IWM,0.23093127094836371
2025-03-27,IWM,0.23080029471141805
2025-03-28,IWM,0.2350228349638468
2025-03-31,IWM,0.23014640523373822
2025-04-01,IWM,0.21297426959329763
2025-04-02,IWM,0.21861453696102015
2025-04-03,IWM,0.30645090723217505
2025-04-04,IWM,0.3352785791505172
2025-04-07,IWM,0.33388581787459043
2025-04-08,IWM,0.3347629771158085
2025-04-09,IWM,0.46060430827261034
2025-04-10,IWM,0.48041073672159523
2025-04-11,IWM,0.48304092636150214
2025-04-14,IWM,0.4761476790000799
2025-04-15,IWM,0.4729249968702177
2025-04-16,IWM,0.4730475412398057
2025-04-17,IWM,0.4698725658856912
2025-04-21,IWM,0.47297729660256016
2025-04-22,IWM,0.48490587043431677
2025-04-23,IWM,0.47869816933450854
2025-04-24,IWM,0.48580428144768617
2025-04-25,IWM,0.48515574356403635
2025-04-28,IWM,0.48557652630831
2025-04-29,IWM,0.4814887848025545
2025-04-30,IWM,0.4816784290381642
2025-05-01,IWM,0.48226801825136323
2025-05-02,IWM,0.4856488562826797
2025-05-05,IWM,0.42761846280350824
2025-05-06,IWM,0.39544613268667766
2025-05-07,IWM,0.3925251916802141
2025-05-08,IWM,0.37836702182015125
2025-05-09,IWM,0.25080362785215504
2025-05-12,IWM,0.21711019764713788
2025-05-13,IWM,0.21528476875168848
2025-05-14,IWM,0.22012296299116493
2025-05-15,IWM,0.21974193435292758
2025-05-16,IWM,0.21314621071480805
2025-05-19,IWM,0.21592836415799369
2025-05-20,IWM,0.1960638312195106
2025-05-21,IWM,0.21686143106843286
2025-05-22,IWM,0.21354344757856808
2025-05-23,IWM,0.20551044153848574
2025-05-27,IWM,0.22051944386152308
2025-05-28,IWM,0.22562858033073968
2025-05-29,IWM,0.2253189462263695
2025-05-30,IWM,0.22477862905696688
2025-06-02,IWM,0.22439578022255902
2025-06-03,IWM,0.21821624392211084
2025-06-04,IWM,0.21611639826150697
2025-06-05,IWM,0.21088340827291072
2025-06-06,IWM,0.21587488148218276
2025-06-09,IWM,0.20881056831833683
2025-06-10,IWM,0.20825064398649704
2025-06-11,IWM,0.17400029413488932
2025-06-12,IWM,0.17473920262835899
2025-06-13,IWM,0.18422104912882892
2025-06-16,IWM,0.18725011259467292
2025-06-17,IWM,0.18911942767714215
2025-06-18,IWM,0.1893789424116652
2025-06-20,IWM,0.18956705470915805
2025-06-23,IWM,0.16334843689583642
2025-06-24,IWM,0.16715138294537812
2025-06-25,IWM,0.17342012748799257
2025-06-26,IWM,0.16053614040176778
2025-06-27,IWM,0.15419542560027186
2025-06-30,IWM,0.15421983199124276
2025-07-01,IWM,0.15405452674998288
2025-07-02,IWM,0.15849862163902814
2025-07-03,IWM,0.15336013112282648
2025-07-07,IWM,0.16486055002433078
2025-07-08,IWM,0.16526751487333313
2025-07-09,IWM,0.16090668474729744
2025-07-10,IWM,0.16045375112335122
2025-07-11,IWM,0.16984023515269042
2025-07-14,IWM,0.1692725218207897
2025-07-15,IWM,0.18447653300470795
2025-07-16,IWM,0.17181306082081488
2025-07-17,IWM,0.17274194958270064
2025-07-18,IWM,0.16975171194336444
2025-07-21,IWM,0.17131589264241456
2025-07-22,IWM,0.17146545457914203
2025-07-23,IWM,0.17379811893054223
2025-07-24,IWM,0.17985256254799373
2025-07-25,IWM,0.1728512290484578
2025-07-28,IWM,0.16615688437655593
2025-07-29,IWM,0.16858482053557272
2025-07-30,IWM,0.1701764862319416
2025-07-31,IWM,0.1710472893217872
2025-08-01,IWM,0.17797206138977126
2025-08-04,IWM,0.19292170634939554
2025-08-05,IWM,0.18652411360849677
2025-08-06,IWM,0.18502216574635727
2025-08-07,IWM,0.18092939476126416
2025-08-08,IWM,0.1800021959370592
2025-08-11,IWM,0.17378560944134783
2025-08-12,IWM,0.20141607291427793
2025-08-13,IWM,0.19687319576208864
2025-08-14,IWM,0.20204989946622814
2025-08-15,IWM,0.19871562144627694
2025-08-18,IWM,0.19684403335817613
2025-08-19,IWM,0.1984726473168168
2025-08-20,IWM,0.19728324708553752
2025-08-21,IWM,0.1900817824036538
2025-08-22,IWM,0.2269836416956851
2025-08-25,IWM,0.231293207602136
2025-08-26,IWM,0.2320938678589374
2025-08-27,IWM,0.230493064267434
2025-08-28,IWM,0.22879317276128885
2025-08-29,IWM,0.22570855273803694
2025-09-02,IWM,0.21133054074364602
2025-09-03,IWM,0.2011484871096255
2025-09-04,IWM,0.203732998876612
2025-09-05,IWM,0.20307981598341443
2025-09-08,IWM,0.2016290878994622
2025-09-09,IWM,0.2044137613454989
2025-09-10,IWM,0.204841434138387
2025-09-11,IWM,0.18988834416799827
2025-09-12,IWM,0.18510748635320065
2025-09-15,IWM,0.17768182028652676
2025-09-16,IWM,0.17638701959263198
2025-09-17,IWM,0.17633575296402723
2025-09-18,IWM,0.18851924498955508
2025-09-19,IWM,0.1910656334027532
2025-09-22,IWM,0.19112703900819242
2025-09-23,IWM,0.14251367064897832
2025-09-24,IWM,0.14111057551194195
2025-09-25,IWM,0.1446563218311373
2025-09-26,IWM,0.14550677559751338
2025-09-29,IWM,0.14550695967463606
2025-09-30,IWM,0.14402477231879499
2025-10-01,IWM,0.14180577012607212
2025-10-02,IWM,0.1421924450349802
2025-10-03,IWM,0.13861961219731678
2025-10-06,IWM,0.13839070779241414
2025-10-07,IWM,0.14519711087818277
2025-10-08,IWM,0.1460080605864485
2025-10-09,IWM,0.1484544801990924
2025-10-10,IWM,0.17303544952333133
2025-10-13,IWM,0.19471383078521604
2025-10-14,IWM,0.19960036909016
2025-10-15,IWM,0.20098458816141593
2025-10-16,IWM,0.21681072789809558
2025-10-17,IWM,0.2005005535476337
2025-10-20,IWM,0.20968781669593603
2025-10-21,IWM,0.20987347946456827
2025-10-22,IWM,0.21639322894514296
2025-10-23,IWM,0.21794543047801296
2025-10-24,IWM,0.21766472961724453
2025-10-27,IWM,0.2164616667275661
2025-10-28,IWM,0.2178855139863928
2025-10-29,IWM,0.22064183781983301
2025-10-30,IWM,0.22281771706206488
2025-10-31,IWM,0.22261069208176842
2025-11-03,IWM,0.22150475412350165
2025-11-04,IWM,0.22882795352623267
2025-11-05,IWM,0.23191322830932212
2025-11-06,IWM,0.23666905390228157
2025-11-07,IWM,0.23683034335567155
2025-11-10,IWM,0.21373859099972625
2025-11-11,IWM,0.19075893442002761
2025-11-12,IWM,0.18369244007093516
2025-11-13,IWM,0.2022428412694909
2025-11-14,IWM,0.19139095426222527
2025-11-17,IWM,0.20114943872295288
2025-11-18,IWM,0.1864575949146345
2025-11-19,IWM,0.1865447955591232
2025-11-20,IWM,0.1900215358521834
2025-11-21,IWM,0.21250146242852364
2025-11-24,IWM,0.21854985432633456
2025-11-25,IWM,0.23283382235890618
2025-11-26,IWM,0.23459703934807324
2025-11-28,IWM,0.2334714429065714
2025-12-01,IWM,0.23606418627298367
2025-12-02,IWM,0.23533567034706548
2025-12-03,IWM,0.24331563168661302
2025-12-04,IWM,0.2353768248279436
2025-12-05,IWM,0.23195405361708776
2025-12-08,IWM,0.22154374445177133
2025-12-09,IWM,0.22125547962312542
2025-12-10,IWM,0.22323698845742243
2025-12-11,IWM,0.22560792174603744
2025-12-12,IWM,0.23355531555598236
2025-12-15,IWM,0.20973496905541736
2025-12-16,IWM,0.21145729987608444
2025-12-17,IWM,0.20122333489243324
2025-12-18,IWM,0.2014615922016943
2025-12-19,IWM,0.2018032060008576
2025-12-22,IWM,0.18630655152373932
2025-12-23,IWM,0.16944467762838103
2025-12-24,IWM,0.16065267073253636
2025-12-26,IWM,0.146757656180443
2025-12-29,IWM,0.1463548349796888
2025-12-30,IWM,0.14766101615634564
2025-12-31,IWM,0.1431844143195222
2026-01-02,IWM,0.147303281169355
2026-01-05,IWM,0.14406226842713626
2026-01-06,IWM,0.14797655779021396
2026-01-07,IWM,0.14730609228821887
2026-01-08,IWM,0.15114598819993896
2026-01-09,IWM,0.15257009141337077
2026-01-12,IWM,0.14699298363325186
2026-01-13,IWM,0.14223383918286256
2026-01-14,IWM,0.13083715771418455
2026-01-15,IWM,0.12816263071146652
2026-01-16,IWM,0.1255002801625474
2026-01-20,IWM,0.1273757279240541
2026-01-21,IWM,0.14002800097791404
2026-01-22,IWM,0.13967555301142903
2026-01-23,IWM,0.15601973914597242
2026-01-26,IWM,0.1545070520956058
2026-01-27,IWM,0.15451870352985478
2026-01-28,IWM,0.15470053246217857
2026-01-29,IWM,0.15190182284095202
2026-01-30,IWM,0.15906614498688842
2026-02-02,IWM,0.15694428268425584
2026-02-03,IWM,0.1545029462880981
2026-02-04,IWM,0.15134504782936173
2026-02-05,IWM,0.15925591768449304
2026-02-06,IWM,0.2016743938804381
2026-02-09,IWM,0.1999018271549749
2026-02-10,IWM,0.19921817884060547
2026-02-11,IWM,0.19966865692219032
2026-02-12,IWM,0.21267397317774675
2026-02-13,IWM,0.21635387672994447
2026-02-17,IWM,0.21400363554094323
2026-02-18,IWM,0.2144075872503225
2026-02-19,IWM,0.21022589445136483
2026-02-20,IWM,0.19804733497941013
2026-02-23,IWM,0.2024074368308988
2026-02-24,IWM,0.19706356368569408
2026-02-25,IWM,0.1974726410571158
2026-02-26,IWM,0.19808207408863415
2026-02-27,IWM,0.2064218329736055
2026-03-02,IWM,0.20900354193448964
2026-03-03,IWM,0.2120301117692955
2026-03-04,IWM,0.21201680126429717
2026-03-05,IWM,0.22183855943956426
2026-03-06,IWM,0.23319664261501116
2026-03-09,IWM,0.22916836100301521
2026-03-10,IWM,0.18751178291854012
2026-03-11,IWM,0.18458122965651944
2026-03-12,IWM,0.19598779631585606
2026-03-13,IWM,0.1959434529319116
2026-03-16,IWM,0.19038026220513848
2026-03-17,IWM,0.18493676562765432
2026-03-18,IWM,0.1907420007973282
2026-03-19,IWM,0.1922922069528893
2026-03-20,IWM,0.20202764370384363
2026-03-23,IWM,0.2204623912193347
2026-03-24,IWM,0.2173455562644903
2026-03-25,IWM,0.2183774437187709
2026-03-26,IWM,0.22323556329238675
2026-03-27,IWM,0.22650992971120357
2026-03-30,IWM,0.22462960458849457
2026-03-31,IWM,0.2588845555978032
2026-04-01,IWM,0.2550045879428262
2026-04-02,IWM,0.2536235854013646
2026-04-06,IWM,0.2462735518212457
2026-04-07,IWM,0.23268526537542011
2026-04-08,IWM,0.2518328596454777
2026-04-09,IWM,0.25207339006762325
2026-04-10,IWM,0.25217592508421216
2026-04-13,IWM,0.24084046080871907
2026-04-14,IWM,0.24203384197488542
2026-04-15,IWM,0.24136647751422272
2026-04-16,IWM,0.24129137558430888
2026-04-17,IWM,0.2374789943713051
2026-04-20,IWM,0.2374527858658366
2026-04-21,IWM,0.22359830910173076
2026-04-22,IWM,0.2164520278007591
2026-04-23,IWM,0.21861583544538904
2026-04-24,IWM,0.21702344873278345
2026-04-27,IWM,0.20222792897517547
2026-04-28,IWM,0.1946709081907283
2026-04-29,IWM,0.18630886354550175
2026-04-30,IWM,0.16470205980853628
2026-05-01,IWM,0.16469712564371683
2026-05-04,IWM,0.1684726916934015
2026-05-05,IWM,0.17347670517105518
2026-05-06,IWM,0.17609667293112705
2026-05-07,IWM,0.16923862581775806
2026-05-08,IWM,0.16942024529457025
2026-05-11,IWM,0.16778597194886305
2026-05-12,IWM,0.1701220079886987
2026-05-13,IWM,0.16581671855958963
2026-05-14,IWM,0.16634764206810213
2026-05-15,IWM,0.19041427418544693
2026-05-18,IWM,0.17700756784221874
2026-05-19,IWM,0.17960592934111172
2026-05-20,IWM,0.1969291348990453
2026-05-21,IWM,0.19793636621440894
2026-05-22,IWM,0.1991660484087677
2026-05-26,IWM,0.20782146121199518
2026-05-27,IWM,0.20805543763555995
2026-05-28,IWM,0.20198339557818032
2026-05-29,IWM,0.2012893488862955
2026-06-01,IWM,0.1914202859777769
2026-06-02,IWM,0.1929050528174043
2026-06-03,IWM,0.19918779024947997
2026-06-04,IWM,0.19759600042645195
2026-06-05,IWM,0.22940339520037223
2026-06-08,IWM,0.22481056228028562
2026-06-09,IWM,0.22387721374569203
2026-06-10,IWM,0.2263621726361042
2026-06-11,IWM,0.24627614715133558
2026-06-12,IWM,0.24753157706329854
2026-06-15,IWM,0.2480401241191867
2026-06-16,IWM,0.2329940084571013
2026-06-17,IWM,0.23382771494511
2026-06-18,IWM,0.23575875595708914
2026-06-22,IWM,0.22375727606240062
2026-06-23,IWM,0.22682547082949164
2026-06-24,IWM,0.22558765092914773
2026-06-25,IWM,0.21822043583414624
2026-06-26,IWM,0.21814879321951994
2026-06-29,IWM,0.2181996937691542
2026-06-30,IWM,0.21709164715220977
2026-07-01,IWM,0.2166462372565511
2026-07-02,IWM,0.21646031811267763
2026-07-06,IWM,0.2098062033182395
2026-07-07,IWM,0.2075266930993539
2026-07-08,IWM,0.16513016732024838
2026-07-09,IWM,0.1677692538319361
2026-07-10,IWM,0.16923437455197823
2026-07-13,IWM,0.1675701262986767
2026-07-14,IWM,0.13458047905191045
2026-07-15,IWM,0.13213041135035966
2026-07-16,IWM,0.12927085686600645
2026-07-17,IWM,0.1268188894029561
2026-07-20,IWM,0.12565119729311247
2026-07-21,IWM,0.11652363652183421
2026-07-22,IWM,0.11653260646684828
2026-07-23,IWM,0.11357420419541976
2026-07-24,IWM,0.11233240310981452
2026-07-27,IWM,0.11103470876914288
2026-07-28,IWM,0.11046829991589145
2026-07-29,IWM,0.12255084982875299
2026-07-30,IWM,0.13221770635882069
2026-07-31,IWM,0.13250067791799502
2026-08-03,IWM,0.14593653093192413
2026-08-04,IWM,0.15912682027716912
2026-08-05,IWM,0.15738332675597522
2026-08-06,IWM,0.15480658903663866
2026-08-07,IWM,0.15323868470848048
2026-08-10,IWM,0.15369941152042044
2026-08-11,IWM,0.1502411148798231
2026-08-12,IWM,0.1508524882403361
2026-08-13,IWM,0.15055506222598497
2026-08-14,IWM,0.15099683547480383
2026-08-17,IWM,0.15007378375955055
2026-08-18,IWM,0.15599825892149707
2026-08-19,IWM,0.1492290534963773
2026-08-20,IWM,0.15341528208713057
2026-08-21,IWM,0.1533741994005631
2026-08-24,IWM,0.1551162550214565
2026-08-25,IWM,0.1545476410237344
2026-08-26,IWM,0.15469794914378537
2026-08-27,IWM,0.1413749329596562
2026-08-28,IWM,0.14382754644162363
2026-08-31,IWM,0.14455953525406867
2026-09-01,IWM,0.13658579223162376
2026-09-02,IWM,0.12616735474814408
2026-09-03,IWM,0.1258994957963572
2026-09-04,IWM,0.12540339892774957
2026-09-08,IWM,0.11898027381560754
2026-09-09,IWM,0.12608048275406447
2026-09-10,IWM,0.12818957172804277
2026-09-11,IWM,0.1270865964147817
2026-09-14,IWM,0.1259245339173123
2026-09-15,IWM,0.12360361364430592
2026-09-16,IWM,0.12367198842422633
2026-09-17,IWM,0.12190713577756207
2026-09-18,IWM,0.11925977848749376
2026-09-21,IWM,0.11558121291427056
2026-09-22,IWM,0.11371115043335779
2026-09-23,IWM,0.12648046940767307
2026-09-24,IWM,0.12427809551141934
2021-10-26,LQD,0.07176306955144854
2021-10-27,LQD,0.06524126605844772
2021-10-28,LQD,0.0654986786930359
2021-10-29,LQD,0.06477376681096383
2021-11-01,LQD,0.05983664024851639
2021-11-02,LQD,0.06113350165014401
2021-11-03,LQD,0.060001125386312075
2021-11-04,LQD,0.06254496596820364
2021-11-05,LQD,0.06432484777225451
2021-11-08,LQD,0.06227237469839198
2021-11-09,LQD,0.061537311489283424
2021-11-10,LQD,0.07046912762388163
2021-11-11,LQD,0.0693313655004926
2021-11-12,LQD,0.06734864980192341
2021-11-15,LQD,0.07123901739484274
2021-11-16,LQD,0.07136985177927911
2021-11-17,LQD,0.07040447085032568
2021-11-18,LQD,0.07019190959268609
2021-11-19,LQD,0.07060867660925725
2021-11-22,LQD,0.07632119107918277
2021-11-23,LQD,0.08012956104815912
2021-11-24,LQD,0.08051993870399815
2021-11-26,LQD,0.08285654393016711
2021-11-29,LQD,0.08279542621334299
2021-11-30,LQD,0.08318121677536071
2021-12-01,LQD,0.08293996485331476
2021-12-02,LQD,0.08223633018143586
2021-12-03,LQD,0.08655574360537195
2021-12-06,LQD,0.08678588699957568
2021-12-07,LQD,0.08265180138069787
2021-12-08,LQD,0.08530271268255184
2021-12-09,LQD,0.084502489147704
2021-12-10,LQD,0.07720312506085139
2021-12-13,LQD,0.07818033188864659
2021-12-14,LQD,0.07976788624560473
2021-12-15,LQD,0.07485260713992986
2021-12-16,LQD,0.07448260761549005
2021-12-17,LQD,0.07371146597233454
2021-12-20,LQD,0.07521258333957541
2021-12-21,LQD,0.07436729945479637
2021-12-22,LQD,0.06729504612358049
2021-12-23,LQD,0.061823799674635756
2021-12-27,LQD,0.06062510370073667
2021-12-28,LQD,0.054588416114760605
2021-12-29,LQD,0.058078458105743275
2021-12-30,LQD,0.0592842399837056
2021-12-31,LQD,0.059530633113485526
2022-01-03,LQD,0.06924965357913125
2022-01-04,LQD,0.06144376731017194
2022-01-05,LQD,0.06217404365652514
2022-01-06,LQD,0.06194485968003446
2022-01-07,LQD,0.05978333724337148
2022-01-10,LQD,0.05978078729569342
2022-01-11,LQD,0.06096843870485017
2022-01-12,LQD,0.057700513722514966
2022-01-13,LQD,0.058216493072040264
2022-01-14,LQD,0.06391382576903513
2022-01-18,LQD,0.06976552659790675
2022-01-19,LQD,0.06924678160585078
2022-01-20,LQD,0.06870665812789165
2022-01-21,LQD,0.07338534168266579
2022-01-24,LQD,0.07280394835463032
2022-01-25,LQD,0.07292290318565668
2022-01-26,LQD,0.07299013097072322
2022-01-27,LQD,0.07452836761751253
2022-01-28,LQD,0.07407428134540053
2022-01-31,LQD,0.07165259019023588
2022-02-01,LQD,0.07265125305378402
2022-02-02,LQD,0.06502918408830288
2022-02-03,LQD,0.06881504167153038
2022-02-04,LQD,0.07332734118435698
2022-02-07,LQD,0.07437113247969908
2022-02-08,LQD,0.07414145927625641
2022-02-09,LQD,0.07607642161791316
2022-02-10,LQD,0.08523232514102672
2022-02-11,LQD,0.09142008755160543
2022-02-14,LQD,0.0927337763999339
2022-02-15,LQD,0.09029129426585315
2022-02-16,LQD,0.08698738170874717
2022-02-17,LQD,0.08664635508713286
2022-02-18,LQD,0.08775016014528679
2022-02-22,LQD,0.08267435534502024
2022-02-23,LQD,0.08624919730972426
2022-02-24,LQD,0.0894907051738453
2022-02-25,LQD,0.08984070583248631
2022-02-28,LQD,0.09841822731150024
2022-03-01,LQD,0.09934637913182642
2022-03-02,LQD,0.1109375316099459
2022-03-03,LQD,0.11188026813815875
2022-03-04,LQD,0.1120788332668255
2022-03-07,LQD,0.11593211790530202
2022-03-08,LQD,0.11312500773142012
2022-03-09,LQD,0.11308736259724653
2022-03-10,LQD,0.1180830757663581
2022-03-11,LQD,0.1167212981423959
2022-03-14,LQD,0.1178417331109257
2022-03-15,LQD,0.11828228392199107
2022-03-16,LQD,0.12088843297578301
2022-03-17,LQD,0.12576069340712262
2022-03-18,LQD,0.12587255736470365
2022-03-21,LQD,0.1340531559250698
2022-03-22,LQD,0.1334747930880476
2022-03-23,LQD,0.13427059583846798
2022-03-24,LQD,0.13123307555409383
2022-03-25,LQD,0.1319063421582849
2022-03-28,LQD,0.132758543085547
2022-03-29,LQD,0.1303970502971654
2022-03-30,LQD,0.12994147729009053
2022-03-31,LQD,0.12000258815391279
2022-04-01,LQD,0.11986608636241451
2022-04-04,LQD,0.12064597209906147
2022-04-05,LQD,0.12829939048961891
2022-04-06,LQD,0.12824382613171809
2022-04-07,LQD,0.12846260496751025
2022-04-08,LQD,0.12546977834751288
2022-04-11,LQD,0.12894255504487048
2022-04-12,LQD,0.12015419593786163
2022-04-13,LQD,0.11805735493065904
2022-04-14,LQD,0.11835495847842385
2022-04-18,LQD,0.11187439108826573
2022-04-19,LQD,0.11190270470205528
2022-04-20,LQD,0.11427254845313199
2022-04-21,LQD,0.11808998414344007
2022-04-22,LQD,0.11664738209090574
2022-04-25,LQD,0.12568887826141692
2022-04-26,LQD,0.12399450609244587
2022-04-27,LQD,0.12385398962478614
2022-04-28,LQD,0.11917245588207001
2022-04-29,LQD,0.12101950172256899
2022-05-02,LQD,0.12126564453675451
2022-05-03,LQD,0.12392734657558283
2022-05-04,LQD,0.13011960450914212
2022-05-05,LQD,0.12723767180379889
2022-05-06,LQD,0.12830961249396633
2022-05-09,LQD,0.1301956448907914
2022-05-10,LQD,0.1309247082612697
2022-05-11,LQD,0.12992588147297757
2022-05-12,LQD,0.12987750656807204
2022-05-13,LQD,0.12815836387255858
2022-05-16,LQD,0.1236325255537883
2022-05-17,LQD,0.12258933139091105
2022-05-18,LQD,0.12122593351900329
2022-05-19,LQD,0.11511765886383798
2022-05-20,LQD,0.11141380890959739
2022-05-23,LQD,0.11194462319945524
2022-05-24,LQD,0.11474945523292417
2022-05-25,LQD,0.12054831376599576
2022-05-26,LQD,0.11522271988886112
2022-05-27,LQD,0.11606058118805766
2022-05-31,LQD,0.11196345262570932
2022-06-01,LQD,0.11189181651072112
2022-06-02,LQD,0.11006535943627387
2022-06-03,LQD,0.10552970394873375
2022-06-06,LQD,0.09360813569915642
2022-06-07,LQD,0.08920317594377293
2022-06-08,LQD,0.09172531048900998
2022-06-09,LQD,0.09398340124027957
2022-06-10,LQD,0.09824855051725116
2022-06-13,LQD,0.12522615157252878
2022-06-14,LQD,0.12520111406237416
2022-06-15,LQD,0.13865155535564203
2022-06-16,LQD,0.1377446083723691
2022-06-17,LQD,0.13719477455227422
2022-06-21,LQD,0.1402114013717774
2022-06-22,LQD,0.14178890561256025
2022-06-23,LQD,0.14482428286625745
2022-06-24,LQD,0.13607574466922623
2022-06-27,LQD,0.1318069053524455
2022-06-28,LQD,0.1316922646276551
2022-06-29,LQD,0.13223739562363124
2022-06-30,LQD,0.13202761390354367
2022-07-01,LQD,0.14004500941211387
2022-07-05,LQD,0.13998456519478816
2022-07-06,LQD,0.14048725501826848
2022-07-07,LQD,0.1387343116830095
2022-07-08,LQD,0.13704728534110444
2022-07-11,LQD,0.1364836690237495
2022-07-12,LQD,0.1348354285527358
2022-07-13,LQD,0.1326825478213176
2022-07-14,LQD,0.10471966360517843
2022-07-15,LQD,0.10417935047904572
2022-07-18,LQD,0.09621531038432327
2022-07-19,LQD,0.09641663453096284
2022-07-20,LQD,0.0966316373147162
2022-07-21,LQD,0.09759519224738845
2022-07-22,LQD,0.09789107684446707
2022-07-25,LQD,0.10209965974769393
2022-07-26,LQD,0.10222938062506041
2022-07-27,LQD,0.09644810559800013
2022-07-28,LQD,0.09844785618212169
2022-07-29,LQD,0.0975961342218766
2022-08-01,LQD,0.09755843996342266
2022-08-02,LQD,0.10190410106823752
2022-08-03,LQD,0.10731558330738712
2022-08-04,LQD,0.10469745195684227
2022-08-05,LQD,0.11740155532866216
2022-08-08,LQD,0.11730563971214696
2022-08-09,LQD,0.11897103163773436
2022-08-10,LQD,0.12244394610195977
2022-08-11,LQD,0.1262193949760814
2022-08-12,LQD,0.1288888430851107
2022-08-15,LQD,0.12689055830481225
2022-08-16,LQD,0.12482416117010448
2022-08-17,LQD,0.1300058143773324
2022-08-18,LQD,0.12999391198456253
2022-08-19,LQD,0.1284061833817425
2022-08-22,LQD,0.12671234113501387
2022-08-23,LQD,0.12395634060188329
2022-08-24,LQD,0.12422020286633241
2022-08-25,LQD,0.12754260931843314
2022-08-26,LQD,0.12464863800040851
2022-08-29,LQD,0.125685921542823
2022-08-30,LQD,0.12545033016393825
2022-08-31,LQD,0.12376987296756334
2022-09-01,LQD,0.11584405630317432
2022-09-02,LQD,0.1155157725466047
2022-09-06,LQD,0.11555610571489858
2022-09-07,LQD,0.12669437838321101
2022-09-08,LQD,0.126382464058881
2022-09-09,LQD,0.12055343352761509
2022-09-12,LQD,0.11752494799609557
2022-09-13,LQD,0.10797113646165724
2022-09-14,LQD,0.11091641228102529
2022-09-15,LQD,0.11111091813088893
2022-09-16,LQD,0.10830396597393893
2022-09-19,LQD,0.1078451439415471
2022-09-20,LQD,0.1059105604942792
2022-09-21,LQD,0.1065011216927921
2022-09-22,LQD,0.11416862227063337
2022-09-23,LQD,0.11416207241882359
2022-09-26,LQD,0.11554289819043546
2022-09-27,LQD,0.12186075292028299
2022-09-28,LQD,0.1472837051709754
2022-09-29,LQD,0.14729902043814522
2022-09-30,LQD,0.1449364104040547
2022-10-03,LQD,0.1621380193205328
2022-10-04,LQD,0.1634306353346776
2022-10-05,LQD,0.1591338037891575
2022-10-06,LQD,0.14961241889833687
2022-10-07,LQD,0.1521264501983715
2022-10-10,LQD,0.15276811407905194
2022-10-11,LQD,0.15277735242181764
2022-10-12,LQD,0.1520634636993149
2022-10-13,LQD,0.15058975517154405
2022-10-14,LQD,0.15229663923348213
2022-10-17,LQD,0.15465979912369013
2022-10-18,LQD,0.15685732125696297
2022-10-19,LQD,0.15961608982857436
2022-10-20,LQD,0.15916377030440446
2022-10-21,LQD,0.15536559541739536
2022-10-24,LQD,0.1554954907855241
2022-10-25,LQD,0.15443688734157246
2022-10-26,LQD,0.14643484346830615
2022-10-27,LQD,0.12850003694133083
2022-10-28,LQD,0.1263645614908262
2022-10-31,LQD,0.12741938685679652
2022-11-01,LQD,0.11138244653371293
2022-11-02,LQD,0.1103229528845532
2022-11-03,LQD,0.1083192215093565
2022-11-04,LQD,0.10874459361305923
2022-11-07,LQD,0.10424345315874468
2022-11-08,LQD,0.10084579627008323
2022-11-09,LQD,0.10099056376698999
2022-11-10,LQD,0.1536531046610062
2022-11-11,LQD,0.1536958068760153
2022-11-14,LQD,0.15029681500827094
2022-11-15,LQD,0.1557594912882852
2022-11-16,LQD,0.15676982238459988
2022-11-17,LQD,0.14837981853824872
2022-11-18,LQD,0.1428372044626649
2022-11-21,LQD,0.14379063636910228
2022-11-22,LQD,0.14454727141146104
2022-11-23,LQD,0.14211685987015724
2022-11-25,LQD,0.14226258627407692
2022-11-28,LQD,0.146602104453494
2022-11-29,LQD,0.14892698804088125
2022-11-30,LQD,0.1499880140495808
2022-12-01,LQD,0.1529141790444345
2022-12-02,LQD,0.15020297210718822
2022-12-05,LQD,0.15421084066911556
2022-12-06,LQD,0.15411016773659672
2022-12-07,LQD,0.15372430106739876
2022-12-08,LQD,0.15595683691419776
2022-12-09,LQD,0.1594682449441882
2022-12-12,LQD,0.11804830637918982
2022-12-13,LQD,0.12022834642374512
2022-12-14,LQD,0.11726461275988274
2022-12-15,LQD,0.11005595462877288
2022-12-16,LQD,0.10959274371465616
2022-12-19,LQD,0.1144371961844476
2022-12-20,LQD,0.12301498294970707
2022-12-21,LQD,0.12450016321778014
2022-12-22,LQD,0.1212917676810096
2022-12-23,LQD,0.11697242830755251
2022-12-27,LQD,0.12516671841903979
2022-12-28,LQD,0.12321642652882625
2022-12-29,LQD,0.12469554252867877
2022-12-30,LQD,0.11850474010962406
2023-01-03,LQD,0.11205002012499421
2023-01-04,LQD,0.11305990277198333
2023-01-05,LQD,0.10965649031674005
2023-01-06,LQD,0.12396960703350607
2023-01-09,LQD,0.11828394837824745
2023-01-10,LQD,0.11835220288089814
2023-01-11,LQD,0.1190898889338594
2023-01-12,LQD,0.12459566338228303
2023-01-13,LQD,0.12222054803100825
2023-01-17,LQD,0.12304294184666371
2023-01-18,LQD,0.12925738227461545
2023-01-19,LQD,0.12837549113750613
2023-01-20,LQD,0.12415222548025945
2023-01-23,LQD,0.11605899059313537
2023-01-24,LQD,0.1152826333740182
2023-01-25,LQD,0.11516785511638765
2023-01-26,LQD,0.11417764805842202
2023-01-27,LQD,0.1027959877881537
2023-01-30,LQD,0.10326053638232194
2023-01-31,LQD,0.10329620159661959
2023-02-01,LQD,0.10210447902719011
2023-02-02,LQD,0.10114542503911578
2023-02-03,LQD,0.1105572135215355
2023-02-06,LQD,0.11505929215646804
2023-02-07,LQD,0.10231013690031932
2023-02-08,LQD,0.10155530732637626
2023-02-09,LQD,0.10529596036826565
2023-02-10,LQD,0.1033380379083138
2023-02-13,LQD,0.09530443816199176
2023-02-14,LQD,0.09511619619638909
2023-02-15,LQD,0.09518102608236842
2023-02-16,LQD,0.08614050939895564
2023-02-17,LQD,0.08848228996484324
2023-02-21,LQD,0.09803815853237287
2023-02-22,LQD,0.09942085234866145
2023-02-23,LQD,0.10209055752350542
2023-02-24,LQD,0.1037279442222866
2023-02-27,LQD,0.10388252730024214
2023-02-28,LQD,0.1041470492134781
2023-03-01,LQD,0.10505916772376629
2023-03-02,LQD,0.10030606743918134
2023-03-03,LQD,0.10221962286638785
2023-03-06,LQD,0.10136565336088431
2023-03-07,LQD,0.09604040335068995
2023-03-08,LQD,0.09378414946351261
2023-03-09,LQD,0.0936395379813585
2023-03-10,LQD,0.10852196291403182
2023-03-13,LQD,0.1052086488626258
2023-03-14,LQD,0.10299042282501175
2023-03-15,LQD,0.107776212469557
2023-03-16,LQD,0.10754414363272581
2023-03-17,LQD,0.10796490117499051
2023-03-20,LQD,0.10436680738923329
2023-03-21,LQD,0.10476446416410475
2023-03-22,LQD,0.09093477476324398
2023-03-23,LQD,0.09093576383865719
2023-03-24,LQD,0.08831641898538194
2023-03-27,LQD,0.0950991443439898
2023-03-28,LQD,0.09557714455940033
2023-03-29,LQD,0.09629338676837236
2023-03-30,LQD,0.09229375801020878
2023-03-31,LQD,0.09564255279255451
2023-04-03,LQD,0.09081847660844815
2023-04-04,LQD,0.08933548415514433
2023-04-05,LQD,0.08764980924045501
2023-04-06,LQD,0.08728607632967451
2023-04-10,LQD,0.0899166831234844
2023-04-11,LQD,0.07850625348090372
2023-04-12,LQD,0.0794542721482633
2023-04-13,LQD,0.077888449110611
2023-04-14,LQD,0.07383533694965717
2023-04-17,LQD,0.07762433760040745
2023-04-18,LQD,0.07664520079898504
2023-04-19,LQD,0.07811505896342381
2023-04-20,LQD,0.07746909333785469
2023-04-21,LQD,0.07501062503581946
2023-04-24,LQD,0.07588039182322152
2023-04-25,LQD,0.07659495657177033
2023-04-26,LQD,0.06478000249184562
2023-04-27,LQD,0.06606214906509475
2023-04-28,LQD,0.06929782761950164
2023-05-01,LQD,0.09068490274981772
2023-05-02,LQD,0.09502177753053291
2023-05-03,LQD,0.09275390422553602
2023-05-04,LQD,0.09304353884405622
2023-05-05,LQD,0.09291190964912746
2023-05-08,LQD,0.09564260986043742
2023-05-09,LQD,0.09471125411985093
2023-05-10,LQD,0.09932899703629681
2023-05-11,LQD,0.10015522028603895
2023-05-12,LQD,0.10207153238375817
2023-05-15,LQD,0.10304618294669371
2023-05-16,LQD,0.10222672654077464
2023-05-17,LQD,0.10131154114003903
2023-05-18,LQD,0.10094096293493461
2023-05-19,LQD,0.09968206280497688
2023-05-22,LQD,0.09955291250621383
2023-05-23,LQD,0.09830722747284383
2023-05-24,LQD,0.09677305105985214
2023-05-25,LQD,0.09642921101423833
2023-05-26,LQD,0.0979204637274672
2023-05-30,LQD,0.09761093633041612
2023-05-31,LQD,0.08146921391968603
2023-06-01,LQD,0.06971417973960603
2023-06-02,LQD,0.06965787047140758
2023-06-05,LQD,0.06946557386663484
2023-06-06,LQD,0.06896634500821465
2023-06-07,LQD,0.07138016119362295
2023-06-08,LQD,0.0755583148851531
2023-06-09,LQD,0.07006013819891511
2023-06-12,LQD,0.06954378706537165
2023-06-13,LQD,0.06811437353538516
2023-06-14,LQD,0.06694634981384394
2023-06-15,LQD,0.07120368566444081
2023-06-16,LQD,0.0716020297875405
2023-06-20,LQD,0.07040744549701942
2023-06-21,LQD,0.07037031168322776
2023-06-22,LQD,0.07326625768130442
2023-06-23,LQD,0.07350117788655046
2023-06-26,LQD,0.07166224304754082
2023-06-27,LQD,0.07047993136276269
2023-06-28,LQD,0.07055249649556675
2023-06-29,LQD,0.07213227598407972
2023-06-30,LQD,0.07563378982921103
2023-07-03,LQD,0.07575374127712105
2023-07-05,LQD,0.07933905289669253
2023-07-06,LQD,0.08642692887797981
2023-07-07,LQD,0.085979501551982
2023-07-10,LQD,0.08261559572357685
2023-07-11,LQD,0.08089513234063557
2023-07-12,LQD,0.0858452733073721
2023-07-13,LQD,0.08838596994594325
2023-07-14,LQD,0.0914766381008558
2023-07-17,LQD,0.09110810359967907
2023-07-18,LQD,0.08647383151828011
2023-07-19,LQD,0.08817771710902615
2023-07-20,LQD,0.09085250685454634
2023-07-21,LQD,0.09094059068893258
2023-07-24,LQD,0.08900821854786956
2023-07-25,LQD,0.08879182786365174
2023-07-26,LQD,0.09010457271095766
2023-07-27,LQD,0.09998067015851117
2023-07-28,LQD,0.10151589072464655
2023-07-31,LQD,0.09819008230843002
2023-08-01,LQD,0.10100394656220617
2023-08-02,LQD,0.10261825899981183
2023-08-03,LQD,0.10426733471447884
2023-08-04,LQD,0.10507545840658455
2023-08-07,LQD,0.10543037701848826
2023-08-08,LQD,0.1047794707702077
2023-08-09,LQD,0.10352695735883252
2023-08-10,LQD,0.10105319747079443
2023-08-11,LQD,0.09726917774076951
2023-08-14,LQD,0.09437965329580292
2023-08-15,LQD,0.09502656507823452
2023-08-16,LQD,0.09464064076349107
2023-08-17,LQD,0.09095214875687102
2023-08-18,LQD,0.09130110987316511
2023-08-21,LQD,0.09176725806766584
2023-08-22,LQD,0.09333697126422949
2023-08-23,LQD,0.10803706716979673
2023-08-24,LQD,0.10642992482123366
2023-08-25,LQD,0.09883350659927351
2023-08-28,LQD,0.09637132963663272
2023-08-29,LQD,0.10041699070910139
2023-08-30,LQD,0.09454802274106616
2023-08-31,LQD,0.09221490274025504
2023-09-01,LQD,0.09007859338959094
2023-09-05,LQD,0.08564490080228279
2023-09-06,LQD,0.0853822394020476
2023-09-07,LQD,0.08568464493945471
2023-09-08,LQD,0.08565005370860544
2023-09-11,LQD,0.0824482081546095
2023-09-12,LQD,0.08162908626763588
2023-09-13,LQD,0.08199534722336486
2023-09-14,LQD,0.08004821037747491
2023-09-15,LQD,0.07849160232833484
2023-09-18,LQD,0.07785796160179392
2023-09-19,LQD,0.0780854106951619
2023-09-20,LQD,0.07476905074804567
2023-09-21,LQD,0.0825964832164279
2023-09-22,LQD,0.06886703955386932
2023-09-25,LQD,0.07542418891349212
2023-09-26,LQD,0.07557973133837514
2023-09-27,LQD,0.07512430476215445
2023-09-28,LQD,0.06821933868932753
2023-09-29,LQD,0.068242023430326
2023-10-02,LQD,0.07183336517883737
2023-10-03,LQD,0.07709534926001851
2023-10-04,LQD,0.08400655579499203
2023-10-05,LQD,0.0839877360120022
2023-10-06,LQD,0.0811573730001415
2023-10-09,LQD,0.09493752269454478
2023-10-10,LQD,0.0951217438031798
2023-10-11,LQD,0.09851627246428397
2023-10-12,LQD,0.1029353144521377
2023-10-13,LQD,0.10586495623271051
2023-10-16,LQD,0.10766754467660462
2023-10-17,LQD,0.10912940999841954
2023-10-18,LQD,0.11104725690823261
2023-10-19,LQD,0.1124286103549803
2023-10-20,LQD,0.11118391585159838
2023-10-23,LQD,0.11287565633059904
2023-10-24,LQD,0.1119057064457549
2023-10-25,LQD,0.11517602791291515
2023-10-26,LQD,0.11830258816418794
2023-10-27,LQD,0.11797396426846324
2023-10-30,LQD,0.11811488436068865
2023-10-31,LQD,0.114418229963383
2023-11-01,LQD,0.11855156418241916
2023-11-02,LQD,0.12173973857424102
2023-11-03,LQD,0.12239852097809023
2023-11-06,LQD,0.12359411056866834
2023-11-07,LQD,0.11927284468878024
2023-11-08,LQD,0.12025025696438749
2023-11-09,LQD,0.12441782906027578
2023-11-10,LQD,0.11937668478767453
2023-11-13,LQD,0.11814904300465796
2023-11-14,LQD,0.12575701340594428
2023-11-15,LQD,0.12345880702496372
2023-11-16,LQD,0.12000210106561414
2023-11-17,LQD,0.11360593491049158
2023-11-20,LQD,0.11361157024733551
2023-11-21,LQD,0.11265210107673383
2023-11-22,LQD,0.1122627273822513
2023-11-24,LQD,0.10778229594905403
2023-11-27,LQD,0.10826297337998891
2023-11-28,LQD,0.10684213707743348
2023-11-29,LQD,0.10569188461922073
2023-11-30,LQD,0.10880678610834382
2023-12-01,LQD,0.10621820535562024
2023-12-04,LQD,0.10495135386882047
2023-12-05,LQD,0.1063142278938871
2023-12-06,LQD,0.10221415550019809
2023-12-07,LQD,0.10119511915871464
2023-12-08,LQD,0.10465936314929711
2023-12-11,LQD,0.09502730447704698
2023-12-12,LQD,0.09525266275883255
2023-12-13,LQD,0.10614534391329908
2023-12-14,LQD,0.10021987362335334
2023-12-15,LQD,0.0969631906813081
2023-12-18,LQD,0.09890974861089655
2023-12-19,LQD,0.09908189560069633
2023-12-20,LQD,0.09899682977240279
2023-12-21,LQD,0.09923076265138904
2023-12-22,LQD,0.10032039945626851
2023-12-26,LQD,0.09643474185829481
2023-12-27,LQD,0.097360871081935
2023-12-28,LQD,0.09910726981957746
2023-12-29,LQD,0.09926801538774636
2024-01-02,LQD,0.100818175263963
2024-01-03,LQD,0.09480827988085273
2024-01-04,LQD,0.09563811386255151
2024-01-05,LQD,0.09374109032555517
2024-01-08,LQD,0.09628822020371632
2024-01-09,LQD,0.09628884501016334
2024-01-10,LQD,0.09391544204872074
2024-01-11,LQD,0.09524035893151067
2024-01-12,LQD,0.09404180376249639
2024-01-16,LQD,0.08384235123591907
2024-01-17,LQD,0.07457945588843805
2024-01-18,LQD,0.07466539176070194
2024-01-19,LQD,0.07372432883396336
2024-01-22,LQD,0.07431900182444112
2024-01-23,LQD,0.07436946141787906
2024-01-24,LQD,0.07450018997632285
2024-01-25,LQD,0.0785432053677821
2024-01-26,LQD,0.07851417869830804
2024-01-29,LQD,0.07207780431748691
2024-01-30,LQD,0.0730167765812771
2024-01-31,LQD,0.07277713822277958
2024-02-01,LQD,0.0736123174819511
2024-02-02,LQD,0.08037520489693782
2024-02-05,LQD,0.08504760391164547
2024-02-06,LQD,0.08617024876366935
2024-02-07,LQD,0.08270671629124753
2024-02-08,LQD,0.08420955287145981
2024-02-09,LQD,0.08421159933214027
2024-02-12,LQD,0.08093296735256449
2024-02-13,LQD,0.08762000919868639
2024-02-14,LQD,0.08379772300840652
2024-02-15,LQD,0.08487020616889528
2024-02-16,LQD,0.0854645061019475
2024-02-20,LQD,0.08634212052440718
2024-02-21,LQD,0.08590248329669874
2024-02-22,LQD,0.08544655015882531
2024-02-23,LQD,0.08597045462161514
2024-02-26,LQD,0.08296511265285988
2024-02-27,LQD,0.08261605492422838
2024-02-28,LQD,0.0809242792908776
2024-02-29,LQD,0.07992905759489898
2024-03-01,LQD,0.0826876215767234
2024-03-04,LQD,0.07694319290925757
2024-03-05,LQD,0.07428875407029581
2024-03-06,LQD,0.06695349473272863
2024-03-07,LQD,0.06459574357637064
2024-03-08,LQD,0.06381274617646122
2024-03-11,LQD,0.0607314185247707
2024-03-12,LQD,0.06180093596872735
2024-03-13,LQD,0.06199126855292408
2024-03-14,LQD,0.05441419802713603
2024-03-15,LQD,0.05228970440787796
2024-03-18,LQD,0.051283774239491
2024-03-19,LQD,0.050324839258964645
2024-03-20,LQD,0.049472883319019875
2024-03-21,LQD,0.04853256143525003
2024-03-22,LQD,0.049455183371096556
2024-03-25,LQD,0.05050573618290113
2024-03-26,LQD,0.04900656150149601
2024-03-27,LQD,0.053404136608969505
2024-03-28,LQD,0.053656715714880523
2024-04-01,LQD,0.06452437451621336
2024-04-02,LQD,0.06117998042674521
2024-04-03,LQD,0.06088142470661553
2024-04-04,LQD,0.057766053693852265
2024-04-05,LQD,0.058543090292275994
2024-04-08,LQD,0.057554740610241954
2024-04-09,LQD,0.06060199226917902
2024-04-10,LQD,0.0770260908842968
2024-04-11,LQD,0.07674071064676152
2024-04-12,LQD,0.07761448792168209
2024-04-15,LQD,0.0823385711105236
2024-04-16,LQD,0.0825276889149695
2024-04-17,LQD,0.08572275971510944
2024-04-18,LQD,0.08464695340745876
2024-04-19,LQD,0.08433097446411356
2024-04-22,LQD,0.0847997145892671
2024-04-23,LQD,0.08384057708145194
2024-04-24,LQD,0.08401434017619541
2024-04-25,LQD,0.08413055414027971
2024-04-26,LQD,0.0808860971629204
2024-04-29,LQD,0.08327386472371479
2024-04-30,LQD,0.0792620058694181
2024-05-01,LQD,0.08130100603005339
2024-05-02,LQD,0.08476347563328905
2024-05-03,LQD,0.0886015160262805
2024-05-06,LQD,0.08792263740718843
2024-05-07,LQD,0.0879321179215689
2024-05-08,LQD,0.08637494548617541
2024-05-09,LQD,0.07004383715672452
2024-05-10,LQD,0.07065750942536408
2024-05-13,LQD,0.07033686115035906
2024-05-14,LQD,0.057350469774234775
2024-05-15,LQD,0.06125501647085296
2024-05-16,LQD,0.060484616263832836
2024-05-17,LQD,0.060717094399597195
2024-05-20,LQD,0.06099854063541112
2024-05-21,LQD,0.06084309305046186
2024-05-22,LQD,0.061455890789455805
2024-05-23,LQD,0.06197308978685971
2024-05-24,LQD,0.06058528094835543
2024-05-28,LQD,0.06464143560610576
2024-05-29,LQD,0.06666063870242019
2024-05-30,LQD,0.0661347784631801
2024-05-31,LQD,0.06630274098373477
2024-06-03,LQD,0.06706618901615698
2024-06-04,LQD,0.06431617527778821
2024-06-05,LQD,0.06455495563108304
2024-06-06,LQD,0.06473540380063221
2024-06-07,LQD,0.07223899710096926
2024-06-10,LQD,0.07258751263913275
2024-06-11,LQD,0.07278398239320953
2024-06-12,LQD,0.07528378216180164
2024-06-13,LQD,0.07616328428388892
2024-06-14,LQD,0.07045737826043247
2024-06-17,LQD,0.07245714501580051
2024-06-18,LQD,0.07314411021581703
2024-06-20,LQD,0.07439774690931981
2024-06-21,LQD,0.07430257126565212
2024-06-24,LQD,0.0739436996202388
2024-06-25,LQD,0.07176427111864053
2024-06-26,LQD,0.07461821974324045
2024-06-27,LQD,0.07094990570839724
2024-06-28,LQD,0.07217641603551128
2024-07-01,LQD,0.07302323675519178
2024-07-02,LQD,0.07477082908194757
2024-07-03,LQD,0.0753378952652422
2024-07-05,LQD,0.07623635415398375
2024-07-08,LQD,0.07548941319604405
2024-07-09,LQD,0.07578068747895593
2024-07-10,LQD,0.06833164472072364
2024-07-11,LQD,0.06935636452140105
2024-07-12,LQD,0.06901842702775524
2024-07-15,LQD,0.06994071898136228
2024-07-16,LQD,0.07085447371214648
2024-07-17,LQD,0.07084703090867227
2024-07-18,LQD,0.07048838984580193
2024-07-19,LQD,0.07028928894926947
2024-07-22,LQD,0.06921591392254343
2024-07-23,LQD,0.06930544994133897
2024-07-24,LQD,0.0725909512476956
2024-07-25,LQD,0.07395727319848475
2024-07-26,LQD,0.07337363061803077
2024-07-29,LQD,0.07341398224924531
2024-07-30,LQD,0.06881816359931267
2024-07-31,LQD,0.0658979252450742
2024-08-01,LQD,0.06385428749997539
2024-08-02,LQD,0.06711296934168107
2024-08-05,LQD,0.06708015261948992
2024-08-06,LQD,0.07207370486020463
2024-08-07,LQD,0.07393025646304643
2024-08-08,LQD,0.07366884047921005
2024-08-09,LQD,0.07348472360059531
2024-08-12,LQD,0.07284958008596114
2024-08-13,LQD,0.07272116246857017
2024-08-14,LQD,0.0717518170123945
2024-08-15,LQD,0.07313503934560524
2024-08-16,LQD,0.0709530969832251
2024-08-19,LQD,0.06874284548863535
2024-08-20,LQD,0.06841725898336071
2024-08-21,LQD,0.06787649179179808
2024-08-22,LQD,0.06525660941363899
2024-08-23,LQD,0.06623355422132134
2024-08-26,LQD,0.06579885265642926
2024-08-27,LQD,0.0663171663750823
2024-08-28,LQD,0.06743707962462409
2024-08-29,LQD,0.06625244093890961
2024-08-30,LQD,0.06695739650681024
2024-09-03,LQD,0.05910540067178667
2024-09-04,LQD,0.06133207271948137
2024-09-05,LQD,0.05667674259131132
2024-09-06,LQD,0.05291333918458607
2024-09-09,LQD,0.05279977195654392
2024-09-10,LQD,0.05145238450615875
2024-09-11,LQD,0.051545979097897175
2024-09-12,LQD,0.047891759616342434
2024-09-13,LQD,0.04694090741563671
2024-09-16,LQD,0.04586419669240185
2024-09-17,LQD,0.04569368910807879
2024-09-18,LQD,0.04912274520699828
2024-09-19,LQD,0.048750180212715884
2024-09-20,LQD,0.04849302235212557
2024-09-23,LQD,0.04588812494721823
2024-09-24,LQD,0.0425551190257093
2024-09-25,LQD,0.04799245456162226
2024-09-26,LQD,0.047795797617982985
2024-09-27,LQD,0.04823435197959007
2024-09-30,LQD,0.048816737242389004
2024-10-01,LQD,0.0488834161756978
2024-10-02,LQD,0.049722325510852844
2024-10-03,LQD,0.05204079144242603
2024-10-04,LQD,0.052838008102339074
2024-10-07,LQD,0.05552901566264771
2024-10-08,LQD,0.05538940476671214
2024-10-09,LQD,0.05438932610896759
2024-10-10,LQD,0.05426096920194547
2024-10-11,LQD,0.054293090161783394
2024-10-14,LQD,0.052617277743705115
2024-10-15,LQD,0.05321218226434546
2024-10-16,LQD,0.05489162194021777
2024-10-17,LQD,0.05857614266693215
2024-10-18,LQD,0.05825195985257023
2024-10-21,LQD,0.0660552195879105
2024-10-22,LQD,0.06622384034294297
2024-10-23,LQD,0.06558594118805014
2024-10-24,LQD,0.06554550055951708
2024-10-25,LQD,0.06551129469866429
2024-10-28,LQD,0.06265754160328343
2024-10-29,LQD,0.06325784289614118
2024-10-30,LQD,0.05914722736447211
2024-10-31,LQD,0.059128312822743584
2024-11-01,LQD,0.0582047271171012
2024-11-04,LQD,0.0642432414006111
2024-11-05,LQD,0.06538417612772313
2024-11-06,LQD,0.07307051754600481
2024-11-07,LQD,0.085597466212116
2024-11-08,LQD,0.08662560978940169
2024-11-11,LQD,0.08681780143031737
2024-11-12,LQD,0.09187246264162896
2024-11-13,LQD,0.09006113123686034
2024-11-14,LQD,0.08876783676676422
2024-11-15,LQD,0.08610652581720032
2024-11-18,LQD,0.08664432216482745
2024-11-19,LQD,0.08008181869392031
2024-11-20,LQD,0.08042932869937994
2024-11-21,LQD,0.07974235527177687
2024-11-22,LQD,0.07899163299908671
2024-11-25,LQD,0.09008180051111696
2024-11-26,LQD,0.09056915236916628
2024-11-27,LQD,0.09127604824345723
2024-11-29,LQD,0.09318062515292722
2024-12-02,LQD,0.0926590999739096
2024-12-03,LQD,0.09119635990018095
2024-12-04,LQD,0.08933911246783745
2024-12-05,LQD,0.08828699479558291
2024-12-06,LQD,0.07861155811164978
2024-12-09,LQD,0.06951702203479272
2024-12-10,LQD,0.06906228807307699
2024-12-11,LQD,0.06945224294051135
2024-12-12,LQD,0.06452537520130443
2024-12-13,LQD,0.06630059507654444
2024-12-16,LQD,0.06632535319612899
2024-12-17,LQD,0.0663374782678398
2024-12-18,LQD,0.07956829671393366
2024-12-19,LQD,0.08102209808194429
2024-12-20,LQD,0.08221438420799917
2024-12-23,LQD,0.08265938868868122
2024-12-24,LQD,0.08342721766587059
2024-12-26,LQD,0.06970119615060921
2024-12-27,LQD,0.07044776878095706
2024-12-30,LQD,0.07101928388123727
2024-12-31,LQD,0.066371584541009
2025-01-02,LQD,0.06576583311841182
2025-01-03,LQD,0.06539522309559267
2025-01-06,LQD,0.06157902997728686
2025-01-07,LQD,0.0621888440835045
2025-01-08,LQD,0.06168128584843722
2025-01-10,LQD,0.06310175619374556
2025-01-13,LQD,0.06313436167718434
2025-01-14,LQD,0.06406625416490891
2025-01-15,LQD,0.07857987594040719
2025-01-16,LQD,0.07747490460554862
2025-01-17,LQD,0.07734551551859166
2025-01-21,LQD,0.08058282961144715
2025-01-22,LQD,0.0688506954411702
2025-01-23,LQD,0.0662489102550011
2025-01-24,LQD,0.06517414495524863
2025-01-27,LQD,0.06832348921422329
2025-01-28,LQD,0.06797486822351737
2025-01-29,LQD,0.06816210513036063
2025-01-30,LQD,0.06653071614324836
2025-01-31,LQD,0.06625877834508284
2025-02-03,LQD,0.0656855487356935
2025-02-04,LQD,0.0659080762057488
2025-02-05,LQD,0.06878669665638788
2025-02-06,LQD,0.0683970635435227
2025-02-07,LQD,0.06814054599927684
2025-02-10,LQD,0.06813116154903416
2025-02-11,LQD,0.06482638383483418
2025-02-12,LQD,0.067316688179322
2025-02-13,LQD,0.07139271773563909
2025-02-14,LQD,0.06078030659187135
2025-02-18,LQD,0.06294431413108102
2025-02-19,LQD,0.06293603100871935
2025-02-20,LQD,0.06041376632747948
2025-02-21,LQD,0.05989803843146677
2025-02-24,LQD,0.059723477335734396
2025-02-25,LQD,0.06408986887803586
2025-02-26,LQD,0.06073992139826188
2025-02-27,LQD,0.06283668501655477
2025-02-28,LQD,0.06352908230221826
2025-03-03,LQD,0.06382259184970163
2025-03-04,LQD,0.06385678031526848
2025-03-05,LQD,0.06555021330161662
2025-03-06,LQD,0.06685741014838402
2025-03-07,LQD,0.06310847254241592
2025-03-10,LQD,0.06354500412097126
2025-03-11,LQD,0.06603836122449623
2025-03-12,LQD,0.0670533168060381
2025-03-13,LQD,0.06715612544839472
2025-03-14,LQD,0.063788115690009
2025-03-17,LQD,0.05869010491550798
2025-03-18,LQD,0.05780189576792763
2025-03-19,LQD,0.058441738409175534
2025-03-20,LQD,0.05898970801731067
2025-03-21,LQD,0.05911112769088949
2025-03-24,LQD,0.060419129155978114
2025-03-25,LQD,0.05988181873450828
2025-03-26,LQD,0.054888243790519944
2025-03-27,LQD,0.05415828458519556
2025-03-28,LQD,0.0570698015961123
2025-03-31,LQD,0.05523359775423569
2025-04-01,LQD,0.05557136430348298
2025-04-02,LQD,0.05502305327833385
2025-04-03,LQD,0.053728597144686405
2025-04-04,LQD,0.052588096214128154
2025-04-07,LQD,0.08642704457982729
2025-04-08,LQD,0.09470127499754437
2025-04-09,LQD,0.11130626152415268
2025-04-10,LQD,0.12542471716297882
2025-04-11,LQD,0.12460542674598102
2025-04-14,LQD,0.12708050683227345
2025-04-15,LQD,0.12851153555257905
2025-04-16,LQD,0.1291929387540736
2025-04-17,LQD,0.1271207025898899
2025-04-21,LQD,0.13173036318186235
2025-04-22,LQD,0.13235465784586617
2025-04-23,LQD,0.13311984452717998
2025-04-24,LQD,0.1383220459567303
2025-04-25,LQD,0.13884449809738164
2025-04-28,LQD,0.138920677721242
2025-04-29,LQD,0.13761364332249632
2025-04-30,LQD,0.13849079843462891
2025-05-01,LQD,0.1383025369261257
2025-05-02,LQD,0.13809555144914215
2025-05-05,LQD,0.13810288464899334
2025-05-06,LQD,0.1384041317431921
2025-05-07,LQD,0.12023107070189858
2025-05-08,LQD,0.11240373528865842
2025-05-09,LQD,0.09640571173090023
2025-05-12,LQD,0.07404615106418325
2025-05-13,LQD,0.07395791343183626
2025-05-14,LQD,0.07401142883641983
2025-05-15,LQD,0.07577805137184408
2025-05-16,LQD,0.07471140569911411
2025-05-19,LQD,0.07446332208270343
2025-05-20,LQD,0.06355336715570639
2025-05-21,LQD,0.07533021767393025
2025-05-22,LQD,0.07585035757972615
2025-05-23,LQD,0.06645553649919468
2025-05-27,LQD,0.07148684017849183
2025-05-28,LQD,0.07132861390376516
2025-05-29,LQD,0.07273909908800259
2025-05-30,LQD,0.07163296162983515
2025-06-02,LQD,0.0712353725142729
2025-06-03,LQD,0.0706246909940539
2025-06-04,LQD,0.07432999264992957
2025-06-05,LQD,0.0752757477735866
2025-06-06,LQD,0.07827089699030519
2025-06-09,LQD,0.07659840911171277
2025-06-10,LQD,0.07683208441258574
2025-06-11,LQD,0.07728453404184707
2025-06-12,LQD,0.07907178828245973
2025-06-13,LQD,0.080028854359164
2025-06-16,LQD,0.07718472680781288
2025-06-17,LQD,0.07772511335996568
2025-06-18,LQD,0.07770730540953505
2025-06-20,LQD,0.07692189977723682
2025-06-23,LQD,0.06372349091412528
2025-06-24,LQD,0.06344129114856818
2025-06-25,LQD,0.06404245881567003
2025-06-26,LQD,0.058320854645318124
2025-06-27,LQD,0.057799302512163746
2025-06-30,LQD,0.05865643521662982
2025-07-01,LQD,0.058309531289408904
2025-07-02,LQD,0.056793020868444836
2025-07-03,LQD,0.05807902826098698
2025-07-07,LQD,0.058252963241591876
2025-07-08,LQD,0.05810795470193539
2025-07-09,LQD,0.05589470099337188
2025-07-10,LQD,0.05546289955726037
2025-07-11,LQD,0.06002698636432102
2025-07-14,LQD,0.059236750953399656
2025-07-15,LQD,0.057410813549832
2025-07-16,LQD,0.053583364819734774
2025-07-17,LQD,0.0536100483626894
2025-07-18,LQD,0.05275043067995157
2025-07-21,LQD,0.05416530943371283
2025-07-22,LQD,0.05456448588300218
2025-07-23,LQD,0.054545904688836126
2025-07-24,LQD,0.05249242386163916
2025-07-25,LQD,0.05338703877891455
2025-07-28,LQD,0.05244216628946923
2025-07-29,LQD,0.05681258549477757
2025-07-30,LQD,0.05533733798686
2025-07-31,LQD,0.05516375860394065
2025-08-01,LQD,0.06329816103969407
2025-08-04,LQD,0.06267516677747167
2025-08-05,LQD,0.05805748336613963
2025-08-06,LQD,0.05664964416091572
2025-08-07,LQD,0.054272552058494725
2025-08-08,LQD,0.05587360410659915
2025-08-11,LQD,0.050583366082301864
2025-08-12,LQD,0.05041524401012507
2025-08-13,LQD,0.049777166542660026
2025-08-14,LQD,0.052439964002154935
2025-08-15,LQD,0.05282869549897996
2025-08-18,LQD,0.05354227602587243
2025-08-19,LQD,0.05242261180969249
2025-08-20,LQD,0.052032861779415365
2025-08-21,LQD,0.05375133047680789
2025-08-22,LQD,0.05904888995582854
2025-08-25,LQD,0.05960256917708608
2025-08-26,LQD,0.05883562468944784
2025-08-27,LQD,0.05480127032593157
2025-08-28,LQD,0.05274444539947936
2025-08-29,LQD,0.05482110631603198
2025-09-02,LQD,0.0471074437242787
2025-09-03,LQD,0.05125385321451185
2025-09-04,LQD,0.05628734607909884
2025-09-05,LQD,0.06004080307155683
2025-09-08,LQD,0.060429404024325596
2025-09-09,LQD,0.05941012309860494
2025-09-10,LQD,0.0597706692219472
2025-09-11,LQD,0.06102933454816508
2025-09-12,LQD,0.060057584618196
2025-09-15,LQD,0.05832263388066003
2025-09-16,LQD,0.0581292545534207
2025-09-17,LQD,0.05810170360751291
2025-09-18,LQD,0.059202478335826585
2025-09-19,LQD,0.05953166336743537
2025-09-22,LQD,0.05813767040353447
2025-09-23,LQD,0.052841331344386136
2025-09-24,LQD,0.05419616490790699
2025-09-25,LQD,0.05491266171859697
2025-09-26,LQD,0.054957966625997966
2025-09-29,LQD,0.05565329844823617
2025-09-30,LQD,0.0537436250994048
2025-10-01,LQD,0.05246646661010381
2025-10-02,LQD,0.04962427112905735
2025-10-03,LQD,0.045445816445833405
2025-10-06,LQD,0.041995109259438425
2025-10-07,LQD,0.040737175678287524
2025-10-08,LQD,0.04046389871638746
2025-10-09,LQD,0.0397239415124405
2025-10-10,LQD,0.03736785485893583
2025-10-13,LQD,0.038881387838739546
2025-10-14,LQD,0.039071132102069625
2025-10-15,LQD,0.03891775589980836
2025-10-16,LQD,0.039391729806339065
2025-10-17,LQD,0.03932016035079433
2025-10-20,LQD,0.0401555795707563
2025-10-21,LQD,0.03892105477995291
2025-10-22,LQD,0.038640062959010464
2025-10-23,LQD,0.035528827543576835
2025-10-24,LQD,0.03445676338989794
2025-10-27,LQD,0.03453334788561995
2025-10-28,LQD,0.0334700696094665
2025-10-29,LQD,0.03984178581432011
2025-10-30,LQD,0.042596231073290206
2025-10-31,LQD,0.04447310380456263
2025-11-03,LQD,0.04517650019596487
2025-11-04,LQD,0.04416390665061582
2025-11-05,LQD,0.0446988506965242
2025-11-06,LQD,0.048432697107119116
2025-11-07,LQD,0.0484359532773612
2025-11-10,LQD,0.04743936297428939
2025-11-11,LQD,0.047993094289744444
2025-11-12,LQD,0.046491653233770504
2025-11-13,LQD,0.04923794207791821
2025-11-14,LQD,0.0482458645322595
2025-11-17,LQD,0.048264896492639445
2025-11-18,LQD,0.046601301430443644
2025-11-19,LQD,0.04658030702586117
2025-11-20,LQD,0.04677809711463134
2025-11-21,LQD,0.048994254586747846
2025-11-24,LQD,0.05088054325709065
2025-11-25,LQD,0.051585693986436774
2025-11-26,LQD,0.05319187225703972
2025-11-28,LQD,0.04970431191412079
2025-12-01,LQD,0.04972160798176876
2025-12-02,LQD,0.04753834955569133
2025-12-03,LQD,0.04680549495404353
2025-12-04,LQD,0.04731330293590704
2025-12-05,LQD,0.04605728582728904
2025-12-08,LQD,0.0432328994189014
2025-12-09,LQD,0.04287730818410309
2025-12-10,LQD,0.04565654682373305
2025-12-11,LQD,0.043958952101543824
2025-12-12,LQD,0.04865976272895087
2025-12-15,LQD,0.04569327149573721
2025-12-16,LQD,0.045121275290800705
2025-12-17,LQD,0.04535796320216432
2025-12-18,LQD,0.04702208193060181
2025-12-19,LQD,0.04812572840943025
2025-12-22,LQD,0.047978025016015155
2025-12-23,LQD,0.046537187027351386
2025-12-24,LQD,0.046468964244353254
2025-12-26,LQD,0.04540301693016205
2025-12-29,LQD,0.043958904113001566
2025-12-30,LQD,0.04376740576552702
2025-12-31,LQD,0.04224599966873416
2026-01-02,LQD,0.04216655839496669
2026-01-05,LQD,0.0426095844576506
2026-01-06,LQD,0.04216448513109181
2026-01-07,LQD,0.04208700873385897
2026-01-08,LQD,0.04262477977210133
2026-01-09,LQD,0.04410635515752607
2026-01-12,LQD,0.04137096496099073
2026-01-13,LQD,0.04169811599318064
2026-01-14,LQD,0.03580424326544869
2026-01-15,LQD,0.03626747398604458
2026-01-16,LQD,0.037380344954552135
2026-01-20,LQD,0.043071966618519794
2026-01-21,LQD,0.046114763791117674
2026-01-22,LQD,0.045487305459033914
2026-01-23,LQD,0.04547062288710573
2026-01-26,LQD,0.04543993093887404
2026-01-27,LQD,0.04372375639936849
2026-01-28,LQD,0.04403743571995892
2026-01-29,LQD,0.043778820894777505
2026-01-30,LQD,0.04372508116915149
2026-02-02,LQD,0.041130024840954495
2026-02-03,LQD,0.04111898018954463
2026-02-04,LQD,0.040218535599615024
2026-02-05,LQD,0.04359688614277232
2026-02-06,LQD,0.043573661647995234
2026-02-09,LQD,0.04221265956539568
2026-02-10,LQD,0.04116969276210497
2026-02-11,LQD,0.041130794792917966
2026-02-12,LQD,0.04347429063410631
2026-02-13,LQD,0.04405466822883068
2026-02-17,LQD,0.04366090001583345
2026-02-18,LQD,0.042263034165045274
2026-02-19,LQD,0.03459295856564068
2026-02-20,LQD,0.02974204500578276
2026-02-23,LQD,0.029430622168412194
2026-02-24,LQD,0.02957565586567548
2026-02-25,LQD,0.029685872300594933
2026-02-26,LQD,0.029133578978838472
2026-02-27,LQD,0.028423742193952068
2026-03-02,LQD,0.03163169249272232
2026-03-03,LQD,0.03137502385604778
2026-03-04,LQD,0.030986665625052666
2026-03-05,LQD,0.034727566361491824
2026-03-06,LQD,0.03663914641320732
2026-03-09,LQD,0.0386503609924956
2026-03-10,LQD,0.04589739317459519
2026-03-11,LQD,0.05384250981619746
2026-03-12,LQD,0.0554595577817919
2026-03-13,LQD,0.05634767861002145
2026-03-16,LQD,0.056486597312581946
2026-03-17,LQD,0.059146637700566634
2026-03-18,LQD,0.06080563143008295
2026-03-19,LQD,0.06376345455591705
2026-03-20,LQD,0.07461916620248174
2026-03-23,LQD,0.07968659041104266
2026-03-24,LQD,0.07932620737210494
2026-03-25,LQD,0.08106179587986187
2026-03-26,LQD,0.08424402683933609
2026-03-27,LQD,0.08395334092148007
2026-03-30,LQD,0.08837653449039706
2026-03-31,LQD,0.09175070637826586
2026-04-01,LQD,0.09197827248842377
2026-04-02,LQD,0.09344381137638302
2026-04-06,LQD,0.09271733209213455
2026-04-07,LQD,0.09225960501395901
2026-04-08,LQD,0.09071713316976933
2026-04-09,LQD,0.08758833721260471
2026-04-10,LQD,0.08309304130300647
2026-04-13,LQD,0.08135594955182106
2026-04-14,LQD,0.08023410421696625
2026-04-15,LQD,0.07913268698670126
2026-04-16,LQD,0.07916796349609466
2026-04-17,LQD,0.07840160064125432
2026-04-20,LQD,0.07731993330071754
2026-04-21,LQD,0.06402745152583907
2026-04-22,LQD,0.06083756530105363
2026-04-23,LQD,0.061291244768969966
2026-04-24,LQD,0.060391142864473744
2026-04-27,LQD,0.05375696962768783
2026-04-28,LQD,0.05248897281124423
2026-04-29,LQD,0.053215307905032726
2026-04-30,LQD,0.04883325697565971
2026-05-01,LQD,0.04900061446388124
2026-05-04,LQD,0.047995744676151884
2026-05-05,LQD,0.04953467704463485
2026-05-06,LQD,0.05229552986268925
2026-05-07,LQD,0.052657481728531505
2026-05-08,LQD,0.054790833768818874
2026-05-11,LQD,0.05468460084176554
2026-05-12,LQD,0.054142672307784016
2026-05-13,LQD,0.05269015118825505
2026-05-14,LQD,0.05269662498320032
2026-05-15,LQD,0.05472810729983023
2026-05-18,LQD,0.05020945879367965
2026-05-19,LQD,0.05213274733246542
2026-05-20,LQD,0.059384239093994956
2026-05-21,LQD,0.05944890837723998
2026-05-22,LQD,0.059426776757287365
2026-05-26,LQD,0.06101976038455192
2026-05-27,LQD,0.06044263150692487
2026-05-28,LQD,0.061318690208944704
2026-05-29,LQD,0.05768118204076079
2026-06-01,LQD,0.05767136087453364
2026-06-02,LQD,0.057524279538475616
2026-06-03,LQD,0.057181894302649625
2026-06-04,LQD,0.05627255208026787
2026-06-05,LQD,0.057871028946653795
2026-06-08,LQD,0.05623780251292119
2026-06-09,LQD,0.055371162191182224
2026-06-10,LQD,0.05528626827274362
2026-06-11,LQD,0.06150880313493434
2026-06-12,LQD,0.061614232829450014
2026-06-15,LQD,0.061540423642050195
2026-06-16,LQD,0.05647597505239744
2026-06-17,LQD,0.057444949291391385
2026-06-18,LQD,0.05394729563036004
2026-06-22,LQD,0.049517905957671075
2026-06-23,LQD,0.049284344609426434
2026-06-24,LQD,0.05110464191149473
2026-06-25,LQD,0.04982309980738713
2026-06-26,LQD,0.04974532277043342
2026-06-29,LQD,0.04912512896821946
2026-06-30,LQD,0.05343063176335708
2026-07-01,LQD,0.05395014297944175
2026-07-02,LQD,0.05426653184236097
2026-07-06,LQD,0.05330017069378186
2026-07-07,LQD,0.05868072109548738
2026-07-08,LQD,0.05491518298946448
2026-07-09,LQD,0.05481722266299526
2026-07-10,LQD,0.054080106915124
2026-07-13,LQD,0.05579063637528621
2026-07-14,LQD,0.04681155271431411
2026-07-15,LQD,0.04892274725747305
2026-07-16,LQD,0.04892177020964548
2026-07-17,LQD,0.0486964256701649
2026-07-20,LQD,0.049161107363031885
2026-07-21,LQD,0.048219949579572756
2026-07-22,LQD,0.04786565259892719
2026-07-23,LQD,0.048450073352364745
2026-07-24,LQD,0.04411005963700738
2026-07-27,LQD,0.0455962389112065
2026-07-28,LQD,0.047688224474449065
2026-07-29,LQD,0.04917546406521393
2026-07-30,LQD,0.04761853049301729
2026-07-31,LQD,0.0474908541397282
2026-08-03,LQD,0.048647168719424067
2026-08-04,LQD,0.054334702541714415
2026-08-05,LQD,0.04867932831573579
2026-08-06,LQD,0.049679385588765515
2026-08-07,LQD,0.0501854661493762
2026-08-10,LQD,0.0529733557229654
2026-08-11,LQD,0.05076174457148813
2026-08-12,LQD,0.050198516422683366
2026-08-13,LQD,0.05079985788279353
2026-08-14,LQD,0.05245792609191916
2026-08-17,LQD,0.053731514764995984
2026-08-18,LQD,0.05282396540628425
2026-08-19,LQD,0.05767387107850557
2026-08-20,LQD,0.059834262323284815
2026-08-21,LQD,0.058446572317920824
2026-08-24,LQD,0.05901105288855785
2026-08-25,LQD,0.06233031017851859
2026-08-26,LQD,0.061683691175391644
2026-08-27,LQD,0.05792417057005542
2026-08-28,LQD,0.05930240533574577
2026-08-31,LQD,0.05923849467806125
2026-09-01,LQD,0.06108280714388314
2026-09-02,LQD,0.056913851689971026
2026-09-03,LQD,0.05727201067298688
2026-09-04,LQD,0.056069810150215324
2026-09-08,LQD,0.055616011467238845
2026-09-09,LQD,0.052511233547011024
2026-09-10,LQD,0.06090268495096203
2026-09-11,LQD,0.06057146965500177
2026-09-14,LQD,0.05819502454403273
2026-09-15,LQD,0.057022132583509376
2026-09-16,LQD,0.056188643024315005
2026-09-17,LQD,0.061229674180658764
2026-09-18,LQD,0.057323171768639554
2026-09-21,LQD,0.05714325420459664
2026-09-23,LQD,0.0690370163739345
2026-09-24,LQD,0.07143120105790833
2021-10-26,QQQ,0.17734017292949905
2021-10-27,QQQ,0.14127526256030093
2021-10-28,QQQ,0.14330257047959136
2021-10-29,QQQ,0.14115439271718094
2021-11-01,QQQ,0.14084920623458888
2021-11-02,QQQ,0.10907428576834197
2021-11-03,QQQ,0.10657716664354992
2021-11-04,QQQ,0.11021570715951862
2021-11-05,QQQ,0.10986060693961054
2021-11-08,QQQ,0.10658402947229784
2021-11-09,QQQ,0.10546647271545335
2021-11-10,QQQ,0.12224677651004803
2021-11-11,QQQ,0.12151797508445962
2021-11-12,QQQ,0.11238463110604228
2021-11-15,QQQ,0.11264140638513427
2021-11-16,QQQ,0.1108459092844464
2021-11-17,QQQ,0.10994356819453999
2021-11-18,QQQ,0.11192217839971619
2021-11-19,QQQ,0.11177008807640566
2021-11-22,QQQ,0.11645056423521476
2021-11-23,QQQ,0.1163585189576528
2021-11-24,QQQ,0.11636436102680055
2021-11-26,QQQ,0.13796740330001536
2021-11-29,QQQ,0.15155526774850211
2021-11-30,QQQ,0.16156192932323063
2021-12-01,QQQ,0.1728056835810353
2021-12-02,QQQ,0.17403764832699814
2021-12-03,QQQ,0.179786047866623
2021-12-06,QQQ,0.17580096159416503
2021-12-07,QQQ,0.2069759021260073
2021-12-08,QQQ,0.207483626167532
2021-12-09,QQQ,0.21259397777526812
2021-12-10,QQQ,0.20890182757246295
2021-12-13,QQQ,0.2155852410912195
2021-12-14,QQQ,0.21522858485984486
2021-12-15,QQQ,0.2301331785452611
2021-12-16,QQQ,0.24562733775816478
2021-12-17,QQQ,0.24588997713771024
2021-12-20,QQQ,0.2435751680263212
2021-12-21,QQQ,0.2570800417985066
2021-12-22,QQQ,0.25859866057686404
2021-12-23,QQQ,0.2595740694931642
2021-12-27,QQQ,0.26559921511755125
2021-12-28,QQQ,0.2566890587181768
2021-12-29,QQQ,0.24588515296949637
2021-12-30,QQQ,0.2401155883790855
2021-12-31,QQQ,0.23274819631272756
2022-01-03,QQQ,0.2336494368027324
2022-01-04,QQQ,0.2295962064723502
2022-01-05,QQQ,0.2542548602809196
2022-01-06,QQQ,0.22937890066824537
2022-01-07,QQQ,0.23046433937959226
2022-01-10,QQQ,0.22609936132133293
2022-01-11,QQQ,0.229398969905074
2022-01-12,QQQ,0.22494702802821134
2022-01-13,QQQ,0.23841891217566763
2022-01-14,QQQ,0.22392215823424047
2022-01-18,QQQ,0.22283902515552503
2022-01-19,QQQ,0.22484736436909447
2022-01-20,QQQ,0.22651591151513978
2022-01-21,QQQ,0.2241272378678354
2022-01-24,QQQ,0.21837957647845446
2022-01-25,QQQ,0.2219104859494362
2022-01-26,QQQ,0.2065269027356773
2022-01-27,QQQ,0.20646623736884095
2022-01-28,QQQ,0.24600604528467415
2022-01-31,QQQ,0.2792654249178601
2022-02-01,QQQ,0.2818836173935513
2022-02-02,QQQ,0.28102378150755236
2022-02-03,QQQ,0.30719094779957457
2022-02-04,QQQ,0.2984954460333883
2022-02-07,QQQ,0.29880522881613003
2022-02-08,QQQ,0.30179023089688695
2022-02-09,QQQ,0.3126802977313985
2022-02-10,QQQ,0.31478097132342836
2022-02-11,QQQ,0.32836639359719727
2022-02-14,QQQ,0.3207199328092321
2022-02-15,QQQ,0.3342475556838168
2022-02-16,QQQ,0.32455223050922416
2022-02-17,QQQ,0.33755880398202404
2022-02-18,QQQ,0.3369885367889822
2022-02-22,QQQ,0.3256982109721562
2022-02-23,QQQ,0.3350519699986365
2022-02-24,QQQ,0.34962691685722364
2022-02-25,QQQ,0.35389218074779194
2022-02-28,QQQ,0.35190759755488166
2022-03-01,QQQ,0.33806993360548043
2022-03-02,QQQ,0.3230420394456833
2022-03-03,QQQ,0.3241224824906074
2022-03-04,QQQ,0.32387477738594944
2022-03-07,QQQ,0.3188779436383457
2022-03-08,QQQ,0.31321792404373733
2022-03-09,QQQ,0.3429523733840478
2022-03-10,QQQ,0.3403563549156818
2022-03-11,QQQ,0.33275536753285506
2022-03-14,QQQ,0.3307520498519592
2022-03-15,QQQ,0.33969588815230695
2022-03-16,QQQ,0.3662568339069362
2022-03-17,QQQ,0.3575832762478724
2022-03-18,QQQ,0.3654990857901634
2022-03-21,QQQ,0.3497841423236168
2022-03-22,QQQ,0.35252679443040824
2022-03-23,QQQ,0.3547632897666079
2022-03-24,QQQ,0.34611227974588943
2022-03-25,QQQ,0.32976542268756964
2022-03-28,QQQ,0.32974839539533385
2022-03-29,QQQ,0.3334917632251032
2022-03-30,QQQ,0.330774629044391
2022-03-31,QQQ,0.33169190785981584
2022-04-01,QQQ,0.32661444964925185
2022-04-04,QQQ,0.3256648031668791
2022-04-05,QQQ,0.30546075445681065
2022-04-06,QQQ,0.31791614551399155
2022-04-07,QQQ,0.2965192520159541
2022-04-08,QQQ,0.29838724174302667
2022-04-11,QQQ,0.3014361133090075
2022-04-12,QQQ,0.2921095007025975
2022-04-13,QQQ,0.2810419258651377
2022-04-14,QQQ,0.2651198442296503
2022-04-18,QQQ,0.2614405338036688
2022-04-19,QQQ,0.26342753356344595
2022-04-20,QQQ,0.26783827058921705
2022-04-21,QQQ,0.2649238175960081
2022-04-22,QQQ,0.2743050998596995
2022-04-25,QQQ,0.26495518928514233
2022-04-26,QQQ,0.2891196322993158
2022-04-27,QQQ,0.2792843052539155
2022-04-28,QQQ,0.3049423913566511
2022-04-29,QQQ,0.33376741887096995
2022-05-02,QQQ,0.3432645141616888
2022-05-03,QQQ,0.3438571148830084
2022-05-04,QQQ,0.3593395160081233
2022-05-05,QQQ,0.3882505076798808
2022-05-06,QQQ,0.38489470505782797
2022-05-09,QQQ,0.40002203412949433
2022-05-10,QQQ,0.40531412789359167
2022-05-11,QQQ,0.4089814324625255
2022-05-12,QQQ,0.4091942186209517
2022-05-13,QQQ,0.4269742668327015
2022-05-16,QQQ,0.4231869340597283
2022-05-17,QQQ,0.43671480118843614
2022-05-18,QQQ,0.45138379228200276
2022-05-19,QQQ,0.45077661320883733
2022-05-20,QQQ,0.4483507310278602
2022-05-23,QQQ,0.44926370565483315
2022-05-24,QQQ,0.4481875053893317
2022-05-25,QQQ,0.4379420847626261
2022-05-26,QQQ,0.4512508445469528
2022-05-27,QQQ,0.44831368910381275
2022-05-31,QQQ,0.4208190702984058
2022-06-01,QQQ,0.41672521845297433
2022-06-02,QQQ,0.4286276139278351
2022-06-03,QQQ,0.41859262984780504
2022-06-06,QQQ,0.38203982842078493
2022-06-07,QQQ,0.38097959640734474
2022-06-08,QQQ,0.3543979890896094
2022-06-09,QQQ,0.36568329511122644
2022-06-10,QQQ,0.37189034115285724
2022-06-13,QQQ,0.40502797403887497
2022-06-14,QQQ,0.37943137821766715
2022-06-15,QQQ,0.39118379720795515
2022-06-16,QQQ,0.3983237400790016
2022-06-17,QQQ,0.36915976061123934
2022-06-21,QQQ,0.3811930238587181
2022-06-22,QQQ,0.38112360195929157
2022-06-23,QQQ,0.3801606790570427
2022-06-24,QQQ,0.39146287621244175
2022-06-27,QQQ,0.38991587028981445
2022-06-28,QQQ,0.3909848837126429
2022-06-29,QQQ,0.37026716869778015
2022-06-30,QQQ,0.37145619296086907
2022-07-01,QQQ,0.37308555778981417
2022-07-05,QQQ,0.3639593249816149
2022-07-06,QQQ,0.3564909667990999
2022-07-07,QQQ,0.3655609342123579
2022-07-08,QQQ,0.36385375530210856
2022-07-11,QQQ,0.36969616217433277
2022-07-12,QQQ,0.3602346431973493
2022-07-13,QQQ,0.33910472409738973
2022-07-14,QQQ,0.29442195572043606
2022-07-15,QQQ,0.29956226079117293
2022-07-18,QQQ,0.290846452599107
2022-07-19,QQQ,0.26560095948982454
2022-07-20,QQQ,0.26720666920879343
2022-07-21,QQQ,0.25932776516409145
2022-07-22,QQQ,0.26967404121151145
2022-07-25,QQQ,0.268266362808463
2022-07-26,QQQ,0.25277322751874703
2022-07-27,QQQ,0.2900708829525296
2022-07-28,QQQ,0.2649532586423702
2022-07-29,QQQ,0.26888161109456976
2022-08-01,QQQ,0.2621800560848995
2022-08-02,QQQ,0.26388252730123807
2022-08-03,QQQ,0.27180130620855164
2022-08-04,QQQ,0.2718163128665243
2022-08-05,QQQ,0.26957269960587793
2022-08-08,QQQ,0.27065333383465373
2022-08-09,QQQ,0.2608184681696858
2022-08-10,QQQ,0.2674026511847186
2022-08-11,QQQ,0.26912097019730485
2022-08-12,QQQ,0.2728016341408521
2022-08-15,QQQ,0.2697988995216265
2022-08-16,QQQ,0.2663494757391556
2022-08-17,QQQ,0.25836410216252637
2022-08-18,QQQ,0.25524596943988814
2022-08-19,QQQ,0.2648427089634936
2022-08-22,QQQ,0.27477642637814953
2022-08-23,QQQ,0.27356111094176266
2022-08-24,QQQ,0.26167253928418815
2022-08-25,QQQ,0.22721935064137994
2022-08-26,QQQ,0.2699032012593242
2022-08-29,QQQ,0.2631474150408541
2022-08-30,QQQ,0.26518401770879513
2022-08-31,QQQ,0.2654883382605394
2022-09-01,QQQ,0.24336057881815995
2022-09-02,QQQ,0.24413878222816549
2022-09-06,QQQ,0.24396941693769922
2022-09-07,QQQ,0.25837308044686635
2022-09-08,QQQ,0.25817190204419366
2022-09-09,QQQ,0.2499354473169639
2022-09-12,QQQ,0.25467074775394244
2022-09-13,QQQ,0.3018995875782502
2022-09-14,QQQ,0.30181668402380785
2022-09-15,QQQ,0.30404033650712
2022-09-16,QQQ,0.3034294470172315
2022-09-19,QQQ,0.3058379758416206
2022-09-20,QQQ,0.3018161929856208
2022-09-21,QQQ,0.2956821477297719
2022-09-22,QQQ,0.2964878416307667
2022-09-23,QQQ,0.297337372320549
2022-09-26,QQQ,0.2846813591193203
2022-09-27,QQQ,0.2574890306337218
2022-09-28,QQQ,0.27094185011188604
2022-09-29,QQQ,0.2836464382617163
2022-09-30,QQQ,0.28685600568254194
2022-10-03,QQQ,0.30311264979937785
2022-10-04,QQQ,0.3243503020220397
2022-10-05,QQQ,0.3237938390292283
2022-10-06,QQQ,0.3145067417008025
2022-10-07,QQQ,0.3355595115883499
2022-10-10,QQQ,0.321338133105546
2022-10-11,QQQ,0.3151026708707381
2022-10-12,QQQ,0.26489546456853447
2022-10-13,QQQ,0.2795565523444031
2022-10-14,QQQ,0.2906278137602504
2022-10-17,QQQ,0.31895413803071254
2022-10-18,QQQ,0.3190062270677133
2022-10-19,QQQ,0.3185285084157685
2022-10-20,QQQ,0.3139895653937084
2022-10-21,QQQ,0.32390547262639396
2022-10-24,QQQ,0.32103670151700864
2022-10-25,QQQ,0.3277689883766421
2022-10-26,QQQ,0.3381510623617482
2022-10-27,QQQ,0.3368157751742181
2022-10-28,QQQ,0.3378690761926486
2022-10-31,QQQ,0.3346251580975465
2022-11-01,QQQ,0.3277803829308639
2022-11-02,QQQ,0.32861398845267054
2022-11-03,QQQ,0.33362394332597917
2022-11-04,QQQ,0.33998077666128484
2022-11-07,QQQ,0.3167953991144863
2022-11-08,QQQ,0.315633138374857
2022-11-09,QQQ,0.32261265479413187
2022-11-10,QQQ,0.4108818432340671
2022-11-11,QQQ,0.4082176255499197
2022-11-14,QQQ,0.3924571040081082
2022-11-15,QQQ,0.38039648810341825
2022-11-16,QQQ,0.384692079759617
2022-11-17,QQQ,0.3844267579441218
2022-11-18,QQQ,0.3835181839064591
2022-11-21,QQQ,0.3786044309785346
2022-11-22,QQQ,0.379875680676403
2022-11-23,QQQ,0.3748690500094219
2022-11-25,QQQ,0.36657067283013023
2022-11-28,QQQ,0.36434272930957384
2022-11-29,QQQ,0.35022135617003025
2022-11-30,QQQ,0.3807924377002148
2022-12-01,QQQ,0.37790005500104035
2022-12-02,QQQ,0.3536513706663049
2022-12-05,QQQ,0.35138450442192776
2022-12-06,QQQ,0.3597332671895207
2022-12-07,QQQ,0.35941195250034763
2022-12-08,QQQ,0.3605203638569835
2022-12-09,QQQ,0.3499593183789397
2022-12-12,QQQ,0.24290837628183545
2022-12-13,QQQ,0.23719262670165844
2022-12-14,QQQ,0.2365998618306622
2022-12-15,QQQ,0.25837980217153356
2022-12-16,QQQ,0.25642268011524144
2022-12-19,QQQ,0.259931601686101
2022-12-20,QQQ,0.2598530474814353
2022-12-21,QQQ,0.2645017712600309
2022-12-22,QQQ,0.26982597855847834
2022-12-23,QQQ,0.26639285835633225
2022-12-27,QQQ,0.2687973485583479
2022-12-28,QQQ,0.26809431976949927
2022-12-29,QQQ,0.28463264410113004
2022-12-30,QQQ,0.22584464647198427
2023-01-03,QQQ,0.2250342501765571
2023-01-04,QQQ,0.22744755994958174
2023-01-05,QQQ,0.22670269889275943
2023-01-06,QQQ,0.24376313639777505
2023-01-09,QQQ,0.24536432759331447
2023-01-10,QQQ,0.24332639410331156
2023-01-11,QQQ,0.25123567004000336
2023-01-12,QQQ,0.24774233520583222
2023-01-13,QQQ,0.2458102219234094
2023-01-17,QQQ,0.24490717743956908
2023-01-18,QQQ,0.21900698660097456
2023-01-19,QQQ,0.21917433067335945
2023-01-20,QQQ,0.23147254487781582
2023-01-23,QQQ,0.24108431073200076
2023-01-24,QQQ,0.2383018703230447
2023-01-25,QQQ,0.21801644249825688
2023-01-26,QQQ,0.224657587839885
2023-01-27,QQQ,0.21472813455839151
2023-01-30,QQQ,0.22368511263562585
2023-01-31,QQQ,0.2158414644644259
2023-02-01,QQQ,0.22214192169053246
2023-02-02,QQQ,0.2398601255712679
2023-02-03,QQQ,0.25582235390918256
2023-02-06,QQQ,0.248954271582158
2023-02-07,QQQ,0.24292752846046417
2023-02-08,QQQ,0.2575607459451983
2023-02-09,QQQ,0.2621964103341474
2023-02-10,QQQ,0.2610364034742383
2023-02-13,QQQ,0.26442912398784985
2023-02-14,QQQ,0.2644976474089397
2023-02-15,QQQ,0.2646023721098478
2023-02-16,QQQ,0.2701264213517423
2023-02-17,QQQ,0.2684656808385002
2023-02-21,QQQ,0.2717636046593317
2023-02-22,QQQ,0.2616438064501942
2023-02-23,QQQ,0.2627294955241335
2023-02-24,QQQ,0.27004084960721764
2023-02-27,QQQ,0.2625646746089338
2023-02-28,QQQ,0.2601947242390943
2023-03-01,QQQ,0.2517349559039649
2023-03-02,QQQ,0.24783591648517597
2023-03-03,QQQ,0.24707380399363246
2023-03-06,QQQ,0.20984550730702053
2023-03-07,QQQ,0.20536238819560862
2023-03-08,QQQ,0.20488439291578817
2023-03-09,QQQ,0.19668124040844734
2023-03-10,QQQ,0.1934571131695875
2023-03-13,QQQ,0.19490194778979994
2023-03-14,QQQ,0.21174241369577343
2023-03-15,QQQ,0.20445565118184567
2023-03-16,QQQ,0.2236874978205924
2023-03-17,QQQ,0.222527134213183
2023-03-20,QQQ,0.2126381733074717
2023-03-21,QQQ,0.21581219344965197
2023-03-22,QQQ,0.2034132619531854
2023-03-23,QQQ,0.20612484083598082
2023-03-24,QQQ,0.20497055018247762
2023-03-27,QQQ,0.19602186869859176
2023-03-28,QQQ,0.19730814057721027
2023-03-29,QQQ,0.20437322351055462
2023-03-30,QQQ,0.20125054770651116
2023-03-31,QQQ,0.20552228382865517
2023-04-03,QQQ,0.19791328682651926
2023-04-04,QQQ,0.19914681414486216
2023-04-05,QQQ,0.19698372774010497
2023-04-06,QQQ,0.19727743268961764
2023-04-10,QQQ,0.18326361621773468
2023-04-11,QQQ,0.1755011731100478
2023-04-12,QQQ,0.18097449936130694
2023-04-13,QQQ,0.17673976086773296
2023-04-14,QQQ,0.17757825083833212
2023-04-17,QQQ,0.1563124788731872
2023-04-18,QQQ,0.15460521796291407
2023-04-19,QQQ,0.1547840496341969
2023-04-20,QQQ,0.1514284054779721
2023-04-21,QQQ,0.14190325333985612
2023-04-24,QQQ,0.1374057194560671
2023-04-25,QQQ,0.1531176289258324
2023-04-26,QQQ,0.1524710355500832
2023-04-27,QQQ,0.17648525500407988
2023-04-28,QQQ,0.1675458321164391
2023-05-01,QQQ,0.16522918028768663
2023-05-02,QQQ,0.15824833471634786
2023-05-03,QQQ,0.1596197774316218
2023-05-04,QQQ,0.15965766422026298
2023-05-05,QQQ,0.17226919883365635
2023-05-08,QQQ,0.17113755275253548
2023-05-09,QQQ,0.17291375518050456
2023-05-10,QQQ,0.17442297688483824
2023-05-11,QQQ,0.17043168287680216
2023-05-12,QQQ,0.15884959275783292
2023-05-15,QQQ,0.1592423579344013
2023-05-16,QQQ,0.15923609413296352
2023-05-17,QQQ,0.1634875214634947
2023-05-18,QQQ,0.17311028771657458
2023-05-19,QQQ,0.17002511069130904
2023-05-22,QQQ,0.16987662242514168
2023-05-23,QQQ,0.17774615069653232
2023-05-24,QQQ,0.16255043959158133
2023-05-25,QQQ,0.17808330380917756
2023-05-26,QQQ,0.17547972895637132
2023-05-30,QQQ,0.1751891503975416
2023-05-31,QQQ,0.17754283894656048
2023-06-01,QQQ,0.17346534769332972
2023-06-02,QQQ,0.1687541254642059
2023-06-05,QQQ,0.1665638071335936
2023-06-06,QQQ,0.15742735915414802
2023-06-07,QQQ,0.17416961750046173
2023-06-08,QQQ,0.17276695937719988
2023-06-09,QQQ,0.17121348993689406
2023-06-12,QQQ,0.17671839536375122
2023-06-13,QQQ,0.1742507594733908
2023-06-14,QQQ,0.17437537332053535
2023-06-15,QQQ,0.1750073879028615
2023-06-16,QQQ,0.17844983626580124
2023-06-20,QQQ,0.17277311930729594
2023-06-21,QQQ,0.18230642722427026
2023-06-22,QQQ,0.18449827878259245
2023-06-23,QQQ,0.1815772904525809
2023-06-26,QQQ,0.18900652879159194
2023-06-27,QQQ,0.1806372173260073
2023-06-28,QQQ,0.1616737108298062
2023-06-29,QQQ,0.16210697247890943
2023-06-30,QQQ,0.16600093615261494
2023-07-03,QQQ,0.16303891679915972
2023-07-05,QQQ,0.16223066802085656
2023-07-06,QQQ,0.16570157900697313
2023-07-07,QQQ,0.16652500473276427
2023-07-10,QQQ,0.15237385471499454
2023-07-11,QQQ,0.14836194221138585
2023-07-12,QQQ,0.15272914267903595
2023-07-13,QQQ,0.15282637777983052
2023-07-14,QQQ,0.15190646142769426
2023-07-17,QQQ,0.15295321567638887
2023-07-18,QQQ,0.1505032702158096
2023-07-19,QQQ,0.1477033787903768
2023-07-20,QQQ,0.1717133633255945
2023-07-21,QQQ,0.16382161328115047
2023-07-24,QQQ,0.1597573629672439
2023-07-25,QQQ,0.15534547859303108
2023-07-26,QQQ,0.1463020121161635
2023-07-27,QQQ,0.1371522285582912
2023-07-28,QQQ,0.14864393027250228
2023-07-31,QQQ,0.1479455479641985
2023-08-01,QQQ,0.14114836231245045
2023-08-02,QQQ,0.16317748403795115
2023-08-03,QQQ,0.1633418973224915
2023-08-04,QQQ,0.16181428587582547
2023-08-07,QQQ,0.16332439224615633
2023-08-08,QQQ,0.16674798152837988
2023-08-09,QQQ,0.17082574880053913
2023-08-10,QQQ,0.16477451095522785
2023-08-11,QQQ,0.15301602423812388
2023-08-14,QQQ,0.15932338158880166
2023-08-15,QQQ,0.15790026852360442
2023-08-16,QQQ,0.15601376058991887
2023-08-17,QQQ,0.15808930494790102
2023-08-18,QQQ,0.1410874471451123
2023-08-21,QQQ,0.15487855250013888
2023-08-22,QQQ,0.15447913122919202
2023-08-23,QQQ,0.1635048196236701
2023-08-24,QQQ,0.17781815453258223
2023-08-25,QQQ,0.18100861855631334
2023-08-28,QQQ,0.1697342183273132
2023-08-29,QQQ,0.18882109273526226
2023-08-30,QQQ,0.19012924546993257
2023-08-31,QQQ,0.1739131959996416
2023-09-01,QQQ,0.17384002907301002
2023-09-05,QQQ,0.17280740716362109
2023-09-06,QQQ,0.17353812177635497
2023-09-07,QQQ,0.17276539169143595
2023-09-08,QQQ,0.16803969072122155
2023-09-11,QQQ,0.1723967275747386
2023-09-12,QQQ,0.17572178113061243
2023-09-13,QQQ,0.17207480345237902
2023-09-14,QQQ,0.1690009480175145
2023-09-15,QQQ,0.1762239792556013
2023-09-18,QQQ,0.1706977367901521
2023-09-19,QQQ,0.1709159170266434
2023-09-20,QQQ,0.1711052508385888
2023-09-21,QQQ,0.18275505431895372
2023-09-22,QQQ,0.17287321356322252
2023-09-25,QQQ,0.1577514764557576
2023-09-26,QQQ,0.16310480636839123
2023-09-27,QQQ,0.1605866895922103
2023-09-28,QQQ,0.14165502138662875
2023-09-29,QQQ,0.13933385304753548
2023-10-02,QQQ,0.14307695396230924
2023-10-03,QQQ,0.15272298740105683
2023-10-04,QQQ,0.16256152805082807
2023-10-05,QQQ,0.16083826467417917
2023-10-06,QQQ,0.17205394394667428
2023-10-09,QQQ,0.17313146147308944
2023-10-10,QQQ,0.168778068545563
2023-10-11,QQQ,0.16677512762557203
2023-10-12,QQQ,0.16654387946540508
2023-10-13,QQQ,0.1685353808599382
2023-10-16,QQQ,0.16385614018133415
2023-10-17,QQQ,0.16417238059985062
2023-10-18,QQQ,0.17005154358111485
2023-10-19,QQQ,0.16579884689665497
2023-10-20,QQQ,0.16156260542582665
2023-10-23,QQQ,0.161987680063277
2023-10-24,QQQ,0.1648163201768848
2023-10-25,QQQ,0.17836718991418127
2023-10-26,QQQ,0.18921365851595526
2023-10-27,QQQ,0.18726944987521496
2023-10-30,QQQ,0.192442692749401
2023-10-31,QQQ,0.19061456954047395
2023-11-01,QQQ,0.1915170886424113
2023-11-02,QQQ,0.1960764986032409
2023-11-03,QQQ,0.1993469689793887
2023-11-06,QQQ,0.1916172092889218
2023-11-07,QQQ,0.19347370146479786
2023-11-08,QQQ,0.19272468423579509
2023-11-09,QQQ,0.19326349885211633
2023-11-10,QQQ,0.20787856326242757
2023-11-13,QQQ,0.2025227436770788
2023-11-14,QQQ,0.21158025239729727
2023-11-15,QQQ,0.21075029450626107
2023-11-16,QQQ,0.2033074689969103
2023-11-17,QQQ,0.1986520275638944
2023-11-20,QQQ,0.18909793975945466
2023-11-21,QQQ,0.1925286599132384
2023-11-22,QQQ,0.1915062797183371
2023-11-24,QQQ,0.16279011948225494
2023-11-27,QQQ,0.1392411157884016
2023-11-28,QQQ,0.13967705959725865
2023-11-29,QQQ,0.14015682407318744
2023-11-30,QQQ,0.14274459011094986
2023-12-01,QQQ,0.13550889944918507
2023-12-04,QQQ,0.1333570198632101
2023-12-05,QQQ,0.12945539054185506
2023-12-06,QQQ,0.13241884787173547
2023-12-07,QQQ,0.13647218159034027
2023-12-08,QQQ,0.136545760015359
2023-12-11,QQQ,0.1329081521886927
2023-12-12,QQQ,0.11463515593298483
2023-12-13,QQQ,0.11790994414117037
2023-12-14,QQQ,0.09806571692984949
2023-12-15,QQQ,0.09832450472363437
2023-12-18,QQQ,0.09905543964841551
2023-12-19,QQQ,0.0989935246502925
2023-12-20,QQQ,0.1106474116997176
2023-12-21,QQQ,0.11241629852812407
2023-12-22,QQQ,0.112292338757231
2023-12-26,QQQ,0.1121820640046
2023-12-27,QQQ,0.1114763220591312
2023-12-28,QQQ,0.11205868634223491
2023-12-29,QQQ,0.11401285453309433
2024-01-02,QQQ,0.13156534093396305
2024-01-03,QQQ,0.13828295348275008
2024-01-04,QQQ,0.13504673900388967
2024-01-05,QQQ,0.13498337593127474
2024-01-08,QQQ,0.14795937564918335
2024-01-09,QQQ,0.14202179078247865
2024-01-10,QQQ,0.14275482914773815
2024-01-11,QQQ,0.14082450762801443
2024-01-12,QQQ,0.13906649840120455
2024-01-16,QQQ,0.13292359946931998
2024-01-17,QQQ,0.1347085180501905
2024-01-18,QQQ,0.14211140582350934
2024-01-19,QQQ,0.15551003758182294
2024-01-22,QQQ,0.1550145939930491
2024-01-23,QQQ,0.14325818914478355
2024-01-24,QQQ,0.13983438012692448
2024-01-25,QQQ,0.1398532469277546
2024-01-26,QQQ,0.14173934660497498
2024-01-29,QQQ,0.144915341134859
2024-01-30,QQQ,0.14776034259549084
2024-01-31,QQQ,0.16407319924854225
2024-02-01,QQQ,0.15461835227817525
2024-02-02,QQQ,0.15513047367570237
2024-02-05,QQQ,0.15296194382666722
2024-02-06,QQQ,0.1540371940438663
2024-02-07,QQQ,0.1433883767440168
2024-02-08,QQQ,0.14340144360208498
2024-02-09,QQQ,0.14477426820803763
2024-02-12,QQQ,0.1468637401745937
2024-02-13,QQQ,0.16026015936599444
2024-02-14,QQQ,0.16277228877353936
2024-02-15,QQQ,0.15989861837141325
2024-02-16,QQQ,0.1599465783496324
2024-02-20,QQQ,0.1493321872961565
2024-02-21,QQQ,0.15020433124177804
2024-02-22,QQQ,0.18017060756897732
2024-02-23,QQQ,0.1802720510347704
2024-02-26,QQQ,0.1803797828621307
2024-02-27,QQQ,0.1785226110437889
2024-02-28,QQQ,0.17715219697384493
2024-02-29,QQQ,0.17688020917691452
2024-03-01,QQQ,0.16498267263552002
2024-03-04,QQQ,0.16351201885502153
2024-03-05,QQQ,0.1692741071211444
2024-03-06,QQQ,0.1701076043809251
2024-03-07,QQQ,0.1763398524068286
2024-03-08,QQQ,0.18240595140968005
2024-03-11,QQQ,0.18303124670036885
2024-03-12,QQQ,0.18652801374215544
2024-03-13,QQQ,0.1881750864252417
2024-03-14,QQQ,0.17923249677893136
2024-03-15,QQQ,0.1811059306541788
2024-03-18,QQQ,0.1838069770302478
2024-03-19,QQQ,0.1805981046483276
2024-03-20,QQQ,0.18153108634023699
2024-03-21,QQQ,0.18045604110808902
2024-03-22,QQQ,0.15154781375198284
2024-03-25,QQQ,0.1517907488957238
2024-03-26,QQQ,0.15241655307989466
2024-03-27,QQQ,0.15258542711115305
2024-03-28,QQQ,0.1512706048739583
2024-04-01,QQQ,0.14886338521551068
2024-04-02,QQQ,0.14265670755274443
2024-04-03,QQQ,0.1424417332411691
2024-04-04,QQQ,0.13848788968964879
2024-04-05,QQQ,0.1428631990776278
2024-04-08,QQQ,0.13221831156088842
2024-04-09,QQQ,0.12257940545543368
2024-04-10,QQQ,0.12590583128448588
2024-04-11,QQQ,0.12831982274061224
2024-04-12,QQQ,0.13762460291342024
2024-04-15,QQQ,0.1487054834730129
2024-04-16,QQQ,0.14311616725265988
2024-04-17,QQQ,0.1442706789773356
2024-04-18,QQQ,0.14439103598106362
2024-04-19,QQQ,0.14998315776716858
2024-04-22,QQQ,0.15458774096103414
2024-04-23,QQQ,0.16610381577475414
2024-04-24,QQQ,0.16715785654141993
2024-04-25,QQQ,0.16740440222415848
2024-04-26,QQQ,0.17720827569316297
2024-04-29,QQQ,0.17821762295185709
2024-04-30,QQQ,0.18790100978059276
2024-05-01,QQQ,0.18735559785541164
2024-05-02,QQQ,0.19385567520985902
2024-05-03,QQQ,0.20098129876017304
2024-05-06,QQQ,0.20039233414194216
2024-05-07,QQQ,0.20039080456293937
2024-05-08,QQQ,0.1999557993331659
2024-05-09,QQQ,0.19762214540068085
2024-05-10,QQQ,0.18953754539996673
2024-05-13,QQQ,0.18089138820956047
2024-05-14,QQQ,0.17083122181877988
2024-05-15,QQQ,0.17737573999471767
2024-05-16,QQQ,0.17017148378021876
2024-05-17,QQQ,0.16779108413411284
2024-05-20,QQQ,0.14395184778220038
2024-05-21,QQQ,0.1427143072881241
2024-05-22,QQQ,0.13775972012844864
2024-05-23,QQQ,0.14041983398284602
2024-05-24,QQQ,0.1391228853322503
2024-05-28,QQQ,0.13239326555472022
2024-05-29,QQQ,0.13689981580327906
2024-05-30,QQQ,0.12304190608307544
2024-05-31,QQQ,0.11876740083028524
2024-06-03,QQQ,0.11394536008643383
2024-06-04,QQQ,0.09519482476362844
2024-06-05,QQQ,0.1102127745235472
2024-06-06,QQQ,0.110360269604268
2024-06-07,QQQ,0.11046732631223677
2024-06-10,QQQ,0.11059956907996843
2024-06-11,QQQ,0.11160757669868633
2024-06-12,QQQ,0.11719447228783851
2024-06-13,QQQ,0.11690123707404387
2024-06-14,QQQ,0.10819257361919095
2024-06-17,QQQ,0.11156083059462595
2024-06-18,QQQ,0.11124568636031079
2024-06-20,QQQ,0.11683913802890859
2024-06-21,QQQ,0.1183207973581756
2024-06-24,QQQ,0.12753471803596717
2024-06-25,QQQ,0.12927186161175047
2024-06-26,QQQ,0.12694545533383225
2024-06-27,QQQ,0.12684764871388657
2024-06-28,QQQ,0.12527103370474157
2024-07-01,QQQ,0.11621395935324218
2024-07-02,QQQ,0.11730716848990226
2024-07-03,QQQ,0.11825592208276915
2024-07-05,QQQ,0.12025715297951704
2024-07-08,QQQ,0.10559373812769585
2024-07-09,QQQ,0.10512719825925379
2024-07-10,QQQ,0.10645947239723158
2024-07-11,QQQ,0.13940763433000428
2024-07-12,QQQ,0.13908786676313717
2024-07-15,QQQ,0.13392522065706874
2024-07-16,QQQ,0.13356947325363072
2024-07-17,QQQ,0.1715017345834979
2024-07-18,QQQ,0.16672445142506614
2024-07-19,QQQ,0.16922730307475095
2024-07-22,QQQ,0.17569268578765762
2024-07-23,QQQ,0.17589262846786097
2024-07-24,QQQ,0.21276165617399448
2024-07-25,QQQ,0.21045236494303762
2024-07-26,QQQ,0.2143505530767686
2024-07-29,QQQ,0.21421666628508745
2024-07-30,QQQ,0.2179827876262219
2024-07-31,QQQ,0.24297455239403226
2024-08-01,QQQ,0.2519254037095164
2024-08-02,QQQ,0.25874725686113886
2024-08-05,QQQ,0.2675805604608446
2024-08-06,QQQ,0.27156056545572704
2024-08-07,QQQ,0.2710051805174777
2024-08-08,QQQ,0.29464209476349335
2024-08-09,QQQ,0.2903411387320516
2024-08-12,QQQ,0.28902464114728454
2024-08-13,QQQ,0.30537499913698335
2024-08-14,QQQ,0.3053665162588365
2024-08-15,QQQ,0.30493915080064465
2024-08-16,QQQ,0.3046130261507141
2024-08-19,QQQ,0.3063204953370198
2024-08-20,QQQ,0.3020782794600472
2024-08-21,QQQ,0.30221689693049114
2024-08-22,QQQ,0.279050108203504
2024-08-23,QQQ,0.2771435786579544
2024-08-26,QQQ,0.2785961551412786
2024-08-27,QQQ,0.278643603530727
2024-08-28,QQQ,0.27712551531510426
2024-08-29,QQQ,0.2577503142849606
2024-08-30,QQQ,0.2448936640687426
2024-09-03,QQQ,0.2544879574245899
2024-09-04,QQQ,0.22843283681179213
2024-09-05,QQQ,0.2271623731042608
2024-09-06,QQQ,0.2448846387891563
2024-09-09,QQQ,0.22537565727993653
2024-09-10,QQQ,0.2268014952566629
2024-09-11,QQQ,0.23794585319647127
2024-09-12,QQQ,0.2250679093878832
2024-09-13,QQQ,0.22532914216269434
2024-09-16,QQQ,0.20851690464003877
2024-09-17,QQQ,0.20847290092907236
2024-09-18,QQQ,0.203244478311482
2024-09-19,QQQ,0.2224441868146238
2024-09-20,QQQ,0.22202098670277534
2024-09-23,QQQ,0.21440172213914946
2024-09-24,QQQ,0.2119066390372156
2024-09-25,QQQ,0.2085113475543777
2024-09-26,QQQ,0.20958985313570055
2024-09-27,QQQ,0.20608135574932165
2024-09-30,QQQ,0.2057862358322721
2024-10-01,QQQ,0.20934803388146947
2024-10-02,QQQ,0.17638944085525893
2024-10-03,QQQ,0.17587576752693562
2024-10-04,QQQ,0.17891759380594677
2024-10-07,QQQ,0.1521130678275402
2024-10-08,QQQ,0.1538751760172991
2024-10-09,QQQ,0.1533171798975964
2024-10-10,QQQ,0.13900741217027116
2024-10-11,QQQ,0.1364369140143534
2024-10-14,QQQ,0.13796508710285604
2024-10-15,QQQ,0.14664488474980963
2024-10-16,QQQ,0.1466977078258424
2024-10-17,QQQ,0.1450636068200999
2024-10-18,QQQ,0.11956475133620878
2024-10-21,QQQ,0.11905631816111725
2024-10-22,QQQ,0.1189656610314839
2024-10-23,QQQ,0.1312517682350407
2024-10-24,QQQ,0.13399583215983987
2024-10-25,QQQ,0.13316982830049684
2024-10-28,QQQ,0.13129891805420313
2024-10-29,QQQ,0.13464744284429733
2024-10-30,QQQ,0.12722640815985642
2024-10-31,QQQ,0.15739743188162877
2024-11-01,QQQ,0.15927573737212278
2024-11-04,QQQ,0.1542488068938488
2024-11-05,QQQ,0.15529375656610844
2024-11-06,QQQ,0.1737642489202097
2024-11-07,QQQ,0.17938532617499062
2024-11-08,QQQ,0.17905644169491705
2024-11-11,QQQ,0.17929201595949612
2024-11-12,QQQ,0.17818866528565477
2024-11-13,QQQ,0.17021288600836662
2024-11-14,QQQ,0.17298279394969396
2024-11-15,QQQ,0.19440073688854723
2024-11-18,QQQ,0.19455741465048135
2024-11-19,QQQ,0.19573526463138066
2024-11-20,QQQ,0.19579346715120374
2024-11-21,QQQ,0.18698164646733176
2024-11-22,QQQ,0.18550737616236468
2024-11-25,QQQ,0.18471076618043017
2024-11-26,QQQ,0.18524456611661932
2024-11-27,QQQ,0.18536431686217114
2024-11-29,QQQ,0.1850011953353222
2024-12-02,QQQ,0.1602993509832158
2024-12-03,QQQ,0.15951930056366923
2024-12-04,QQQ,0.1613389762517702
2024-12-05,QQQ,0.15915260501616574
2024-12-06,QQQ,0.13469630561527182
2024-12-09,QQQ,0.12890719539825593
2024-12-10,QQQ,0.12973435874057843
2024-12-11,QQQ,0.14271636643397181
2024-12-12,QQQ,0.14496517890280022
2024-12-13,QQQ,0.14626876862312133
2024-12-16,QQQ,0.14901186777444275
2024-12-17,QQQ,0.11719412843538175
2024-12-18,QQQ,0.17993342988743952
2024-12-19,QQQ,0.18002970627887044
2024-12-20,QQQ,0.18183947284308902
2024-12-23,QQQ,0.18396286374739035
2024-12-24,QQQ,0.18841015516876766
2024-12-26,QQQ,0.18869190747004252
2024-12-27,QQQ,0.19576243473852972
2024-12-30,QQQ,0.1998520606850171
2024-12-31,QQQ,0.20045869573086764
2025-01-02,QQQ,0.1968091342064884
2025-01-03,QQQ,0.2049166313019194
2025-01-06,QQQ,0.20429315234981724
2025-01-07,QQQ,0.21358398600441367
2025-01-08,QQQ,0.2108663053687099
2025-01-10,QQQ,0.21584638910454892
2025-01-13,QQQ,0.21582291001090803
2025-01-14,QQQ,0.20434088623499158
2025-01-15,QQQ,0.2212647037695962
2025-01-16,QQQ,0.2200946741793873
2025-01-17,QQQ,0.22249365029606552
2025-01-21,QQQ,0.22353263603435483
2025-01-22,QQQ,0.18761381768730345
2025-01-23,QQQ,0.186358592947438
2025-01-24,QQQ,0.18630135730655198
2025-01-27,QQQ,0.2107191348545917
2025-01-28,QQQ,0.21179977143934045
2025-01-29,QQQ,0.21184234605541566
2025-01-30,QQQ,0.20738532124408177
2025-01-31,QQQ,0.20170427331408602
2025-02-03,QQQ,0.2014292475959169
2025-02-04,QQQ,0.20505290554092434
2025-02-05,QQQ,0.19814731050880113
2025-02-06,QQQ,0.19506079513847904
2025-02-07,QQQ,0.18961848209753268
2025-02-10,QQQ,0.19360182815811564
2025-02-11,QQQ,0.18411225740138554
2025-02-12,QQQ,0.1832299684812755
2025-02-13,QQQ,0.18759884227926846
2025-02-14,QQQ,0.1729291490175356
2025-02-18,QQQ,0.16980244787289994
2025-02-19,QQQ,0.16155022695812118
2025-02-20,QQQ,0.16201934366604087
2025-02-21,QQQ,0.1729966360259447
2025-02-24,QQQ,0.1770834123977212
2025-02-25,QQQ,0.18092971979957806
2025-02-26,QQQ,0.15054967776629455
2025-02-27,QQQ,0.16918928212953113
2025-02-28,QQQ,0.18001124593066947
2025-03-03,QQQ,0.1925291554946392
2025-03-04,QQQ,0.19251313693992575
2025-03-05,QQQ,0.19853889619923132
2025-03-06,QQQ,0.21136157018322832
2025-03-07,QQQ,0.2129002143130617
2025-03-10,QQQ,0.24334372778848884
2025-03-11,QQQ,0.24203614109541713
2025-03-12,QQQ,0.24132667908603236
2025-03-13,QQQ,0.24535171986763282
2025-03-14,QQQ,0.2655848460152654
2025-03-17,QQQ,0.2598708120614949
2025-03-18,QQQ,0.2609890131986791
2025-03-19,QQQ,0.26808387087845864
2025-03-20,QQQ,0.2674202639458326
2025-03-21,QQQ,0.2691325610217092
2025-03-24,QQQ,0.2783830008644625
2025-03-25,QQQ,0.2780893007879401
2025-03-26,QQQ,0.2815116779947476
2025-03-27,QQQ,0.28111558014126864
2025-03-28,QQQ,0.2795480740696504
2025-03-31,QQQ,0.2715054688277636
2025-04-01,QQQ,0.2658686933935247
2025-04-02,QQQ,0.26785517353064886
2025-04-03,QQQ,0.31657018896538786
2025-04-04,QQQ,0.3665087140303448
2025-04-07,QQQ,0.36454849682024265
2025-04-08,QQQ,0.3483165659379352
2025-04-09,QQQ,0.5581705696655279
2025-04-10,QQQ,0.5754169964664388
2025-04-11,QQQ,0.5768816596344133
2025-04-14,QQQ,0.5705237323922562
2025-04-15,QQQ,0.5698698370833987
2025-04-16,QQQ,0.5760515846023347
2025-04-17,QQQ,0.5732601675162133
2025-04-21,QQQ,0.5781446746326885
2025-04-22,QQQ,0.5872555386761642
2025-04-23,QQQ,0.5876542341713153
2025-04-24,QQQ,0.5969052096777462
2025-04-25,QQQ,0.5954069026909432
2025-04-28,QQQ,0.5951094060136118
2025-04-29,QQQ,0.5878284132530379
2025-04-30,QQQ,0.5878308944831042
2025-05-01,QQQ,0.5888101592265371
2025-05-02,QQQ,0.5903189769673539
2025-05-05,QQQ,0.5560386556750395
2025-05-06,QQQ,0.5044343299181584
2025-05-07,QQQ,0.5043004695840146
2025-05-08,QQQ,0.4962625758959319
2025-05-09,QQQ,0.28396193493065447
2025-05-12,QQQ,0.26393771072480676
2025-05-13,QQQ,0.2623236701869263
2025-05-14,QQQ,0.262314585798002
2025-05-15,QQQ,0.26231844471169724
2025-05-16,QQQ,0.22705177218455067
2025-05-19,QQQ,0.22658319632131776
2025-05-20,QQQ,0.19815985708321215
2025-05-21,QQQ,0.20247532631640494
2025-05-22,QQQ,0.1947675600690021
2025-05-23,QQQ,0.18384345669595145
2025-05-27,QQQ,0.19446539108607672
2025-05-28,QQQ,0.19632941591639708
2025-05-29,QQQ,0.1963761012100416
2025-05-30,QQQ,0.1968548337376504
2025-06-02,QQQ,0.19474856285031905
2025-06-03,QQQ,0.19131730888912946
2025-06-04,QQQ,0.1881541804588228
2025-06-05,QQQ,0.18665620118618084
2025-06-06,QQQ,0.1876524406296367
2025-06-09,QQQ,0.18666974701573114
2025-06-10,QQQ,0.18606391022370733
2025-06-11,QQQ,0.1325000997717547
2025-06-12,QQQ,0.12386095464026807
2025-06-13,QQQ,0.132095828155221
2025-06-16,QQQ,0.13971157428353362
2025-06-17,QQQ,0.1444160506761025
2025-06-18,QQQ,0.1444460567081651
2025-06-20,QQQ,0.1447310445754325
2025-06-23,QQQ,0.13823010894870522
2025-06-24,QQQ,0.14593570230035804
2025-06-25,QQQ,0.1396153496499936
2025-06-26,QQQ,0.12069770070148057
2025-06-27,QQQ,0.11820696431046424
2025-06-30,QQQ,0.11889043585077526
2025-07-01,QQQ,0.12438676231876812
2025-07-02,QQQ,0.12392515532018135
2025-07-03,QQQ,0.1252038486073223
2025-07-07,QQQ,0.13004975929518037
2025-07-08,QQQ,0.12541173286686066
2025-07-09,QQQ,0.12378407125306234
2025-07-10,QQQ,0.12446594868111319
2025-07-11,QQQ,0.12434280812326162
2025-07-14,QQQ,0.12300874521766016
2025-07-15,QQQ,0.12308206464350026
2025-07-16,QQQ,0.11112033211781389
2025-07-17,QQQ,0.1054380087095456
2025-07-18,QQQ,0.0966313948189837
2025-07-21,QQQ,0.09627663906047078
2025-07-22,QQQ,0.09737759395771814
2025-07-23,QQQ,0.09401136377010963
2025-07-24,QQQ,0.08233693429782629
2025-07-25,QQQ,0.08233018054510119
2025-07-28,QQQ,0.07822401422553735
2025-07-29,QQQ,0.07888700957836392
2025-07-30,QQQ,0.07690888291213406
2025-07-31,QQQ,0.07250328911290534
2025-08-01,QQQ,0.10076114525401646
2025-08-04,QQQ,0.11452603577838844
2025-08-05,QQQ,0.11388006294663915
2025-08-06,QQQ,0.12104453701285628
2025-08-07,QQQ,0.11948972764542552
2025-08-08,QQQ,0.12236349496951072
2025-08-11,QQQ,0.12267149161106992
2025-08-12,QQQ,0.128308920565019
2025-08-13,QQQ,0.128362652833044
2025-08-14,QQQ,0.12868805565756047
2025-08-15,QQQ,0.12841996381567988
2025-08-18,QQQ,0.12830815305544585
2025-08-19,QQQ,0.13738453303373732
2025-08-20,QQQ,0.1378031965330164
2025-08-21,QQQ,0.13800847436549246
2025-08-22,QQQ,0.14793584247764963
2025-08-25,QQQ,0.14826792190814975
2025-08-26,QQQ,0.1485079903162449
2025-08-27,QQQ,0.14837848979848142
2025-08-28,QQQ,0.14967675203838768
2025-08-29,QQQ,0.1544018796983379
2025-09-02,QQQ,0.1400595615191175
2025-09-03,QQQ,0.12773391504137468
2025-09-04,QQQ,0.12807974270959616
2025-09-05,QQQ,0.12133558730671634
2025-09-08,QQQ,0.12185252394702088
2025-09-09,QQQ,0.11816458407345194
2025-09-10,QQQ,0.11749272219393679
2025-09-11,QQQ,0.11103301864397838
2025-09-12,QQQ,0.1119239028590291
2025-09-15,QQQ,0.11516437776423143
2025-09-16,QQQ,0.11372135907956724
2025-09-17,QQQ,0.1141298472862603
2025-09-18,QQQ,0.103978887677439
2025-09-19,QQQ,0.10079047067346575
2025-09-22,QQQ,0.09762321087929103
2025-09-23,QQQ,0.09277961677304213
2025-09-24,QQQ,0.09323658197134249
2025-09-25,QQQ,0.09560213760820899
2025-09-26,QQQ,0.0959339639764326
2025-09-29,QQQ,0.09516521232539275
2025-09-30,QQQ,0.08173346684782536
2025-10-01,QQQ,0.07174974967600373
2025-10-02,QQQ,0.06978204989976665
2025-10-03,QQQ,0.07031003788791018
2025-10-06,QQQ,0.0724578591747521
2025-10-07,QQQ,0.07685369647358845
2025-10-08,QQQ,0.08338304232922032
2025-10-09,QQQ,0.08406512391262058
2025-10-10,QQQ,0.15284473134220294
2025-10-13,QQQ,0.16849892705067712
2025-10-14,QQQ,0.16853278347007247
2025-10-15,QQQ,0.16988739170089434
2025-10-16,QQQ,0.1703678696720056
2025-10-17,QQQ,0.16910565888689255
2025-10-20,QQQ,0.1728667729421735
2025-10-21,QQQ,0.17200638343414035
2025-10-22,QQQ,0.17393385579638057
2025-10-23,QQQ,0.17524930321627216
2025-10-24,QQQ,0.1769914391230107
2025-10-27,QQQ,0.18529801848371685
2025-10-28,QQQ,0.18602862223105218
2025-10-29,QQQ,0.1861319556939263
2025-10-30,QQQ,0.19614895132994678
2025-10-31,QQQ,0.19626841750439714
2025-11-03,QQQ,0.19522517996644076
2025-11-04,QQQ,0.20915063131095865
2025-11-05,QQQ,0.2086971780250475
2025-11-06,QQQ,0.21655282479856477
2025-11-07,QQQ,0.2168066190666909
2025-11-10,QQQ,0.18981366710760914
2025-11-11,QQQ,0.1781569642996554
2025-11-12,QQQ,0.17587954762863045
2025-11-13,QQQ,0.19077545947887306
2025-11-14,QQQ,0.19014573939941065
2025-11-17,QQQ,0.19153690451723349
2025-11-18,QQQ,0.19030348945420203
2025-11-19,QQQ,0.1918802733089545
2025-11-20,QQQ,0.20565834663168964
2025-11-21,QQQ,0.20513839004092066
2025-11-24,QQQ,0.222109032303351
2025-11-25,QQQ,0.21327903324957828
2025-11-26,QQQ,0.2139297415745701
2025-11-28,QQQ,0.2155276434660343
2025-12-01,QQQ,0.20955670187102024
2025-12-02,QQQ,0.21078962521312647
2025-12-03,QQQ,0.21021167938780927
2025-12-04,QQQ,0.19763438936245495
2025-12-05,QQQ,0.196859053339215
2025-12-08,QQQ,0.18482142932848933
2025-12-09,QQQ,0.18419138504810845
2025-12-10,QQQ,0.16834881527533072
2025-12-11,QQQ,0.1684907504701163
2025-12-12,QQQ,0.18152508250574592
2025-12-15,QQQ,0.16755201661645652
2025-12-16,QQQ,0.1676551884711135
2025-12-17,QQQ,0.17756453116927948
2025-12-18,QQQ,0.17892099254100258
2025-12-19,QQQ,0.18298572668598448
2025-12-22,QQQ,0.15879579207957686
2025-12-23,QQQ,0.1580304360233426
2025-12-24,QQQ,0.13429179100915323
2025-12-26,QQQ,0.1333259966814771
2025-12-29,QQQ,0.13193776117656694
2025-12-30,QQQ,0.12938524212647348
2025-12-31,QQQ,0.13212888673611642
2026-01-02,QQQ,0.12901644803227358
2026-01-05,QQQ,0.13201818720983907
2026-01-06,QQQ,0.13570105597369192
2026-01-07,QQQ,0.13498734439662413
2026-01-08,QQQ,0.1362828422817657
2026-01-09,QQQ,0.14071619837070992
2026-01-12,QQQ,0.1400361582429286
2026-01-13,QQQ,0.13964703524390762
2026-01-14,QQQ,0.12751343852175942
2026-01-15,QQQ,0.12625929669218658
2026-01-16,QQQ,0.12634944637618492
2026-01-20,QQQ,0.13181298024992305
2026-01-21,QQQ,0.1305691918300511
2026-01-22,QQQ,0.12509086201612507
2026-01-23,QQQ,0.12448992434060055
2026-01-26,QQQ,0.12436802637182763
2026-01-27,QQQ,0.12778218568369573
2026-01-28,QQQ,0.12810323508244487
2026-01-29,QQQ,0.12879070657780406
2026-01-30,QQQ,0.1358220292592
2026-02-02,QQQ,0.13401009141587306
2026-02-03,QQQ,0.14524646887301124
2026-02-04,QQQ,0.15476915736702482
2026-02-05,QQQ,0.1572884790697344
2026-02-06,QQQ,0.17645358873524966
2026-02-09,QQQ,0.17808323725252675
2026-02-10,QQQ,0.17451228842499292
2026-02-11,QQQ,0.17488916967886134
2026-02-12,QQQ,0.18727561406735374
2026-02-13,QQQ,0.1849663830359491
2026-02-17,QQQ,0.18411170213354824
2026-02-18,QQQ,0.1867337274434422
2026-02-19,QQQ,0.17228412399421125
2026-02-20,QQQ,0.16827607201752362
2026-02-23,QQQ,0.17037692925365008
2026-02-24,QQQ,0.17492690444560835
2026-02-25,QQQ,0.18225926952581237
2026-02-26,QQQ,0.18282289010061706
2026-02-27,QQQ,0.1820012290444327
2026-03-02,QQQ,0.18170705214174704
2026-03-03,QQQ,0.1808169700539488
2026-03-04,QQQ,0.1878999845391526
2026-03-05,QQQ,0.18083919299953552
2026-03-06,QQQ,0.17815132487384375
2026-03-09,QQQ,0.17664006905157004
2026-03-10,QQQ,0.16058396804051195
2026-03-11,QQQ,0.15808980914185122
2026-03-12,QQQ,0.16790086254188882
2026-03-13,QQQ,0.16812805101688624
2026-03-16,QQQ,0.15879632441564578
2026-03-17,QQQ,0.15953917150255661
2026-03-18,QQQ,0.16685063929734553
2026-03-19,QQQ,0.16453679948455766
2026-03-20,QQQ,0.1752340641935166
2026-03-23,QQQ,0.17744450688293784
2026-03-24,QQQ,0.1743638724357849
2026-03-25,QQQ,0.17131485483897796
2026-03-26,QQQ,0.1776679281540846
2026-03-27,QQQ,0.18407868348536954
2026-03-30,QQQ,0.18458069856528841
2026-03-31,QQQ,0.22589910264917193
2026-04-01,QQQ,0.22921858574362652
2026-04-02,QQQ,0.22152854103592692
2026-04-06,QQQ,0.22315874286739462
2026-04-07,QQQ,0.2176523843100054
2026-04-08,QQQ,0.23750767407905854
2026-04-09,QQQ,0.2386486602997015
2026-04-10,QQQ,0.2386703746301282
2026-04-13,QQQ,0.2320489786291027
2026-04-14,QQQ,0.23696663442171567
2026-04-15,QQQ,0.2383904245449209
2026-04-16,QQQ,0.2383842574684977
2026-04-17,QQQ,0.23247076995067942
2026-04-20,QQQ,0.2324765824921202
2026-04-21,QQQ,0.21955119774556298
2026-04-22,QQQ,0.2222402533608672
2026-04-23,QQQ,0.22145267481741956
2026-04-24,QQQ,0.22656613474836
2026-04-27,QQQ,0.20042196069991566
2026-04-28,QQQ,0.18679191047761573
2026-04-29,QQQ,0.1786205515932412
2026-04-30,QQQ,0.15248981185669078
2026-05-01,QQQ,0.15156915294423484
2026-05-04,QQQ,0.15336567706971246
2026-05-05,QQQ,0.1548431731926541
2026-05-06,QQQ,0.1596498742490926
2026-05-07,QQQ,0.1416473427833502
2026-05-08,QQQ,0.153237199306817
2026-05-11,QQQ,0.15261022523703247
2026-05-12,QQQ,0.16175163095202932
2026-05-13,QQQ,0.15694730912005753
2026-05-14,QQQ,0.15441544109452007
2026-05-15,QQQ,0.1706364028113178
2026-05-18,QQQ,0.1707615457128528
2026-05-19,QQQ,0.17266272260722249
2026-05-20,QQQ,0.17555619838975203
2026-05-21,QQQ,0.17040623350132392
2026-05-22,QQQ,0.16662097853762453
2026-05-26,QQQ,0.16518183725660812
2026-05-27,QQQ,0.16579830738474705
2026-05-28,QQQ,0.15747587573255414
2026-05-29,QQQ,0.15756244794107346
2026-06-01,QQQ,0.15690783903939787
2026-06-02,QQQ,0.15606609561928467
2026-06-03,QQQ,0.15648485728700695
2026-06-04,QQQ,0.15700476342832076
2026-06-05,QQQ,0.22880422921588367
2026-06-08,QQQ,0.2343635284854339
2026-06-09,QQQ,0.22425063412478555
2026-06-10,QQQ,0.23413917623825703
2026-06-11,QQQ,0.2617584144142884
2026-06-12,QQQ,0.26005442146068336
2026-06-15,QQQ,0.2805757792467329
2026-06-16,QQQ,0.2838431056653422
2026-06-17,QQQ,0.2860338580079778
2026-06-18,QQQ,0.2960954149124893
2026-06-22,QQQ,0.29223198392456573
2026-06-23,QQQ,0.31607998291810546
2026-06-24,QQQ,0.3160750798558508
2026-06-25,QQQ,0.31088587809408297
2026-06-26,QQQ,0.314179942583311
2026-06-29,QQQ,0.3255221728686655
2026-06-30,QQQ,0.330910896560572
2026-07-01,QQQ,0.33433673138621844
2026-07-02,QQQ,0.33841867580654744
2026-07-06,QQQ,0.3430460528930285
2026-07-07,QQQ,0.34815737845087896
2026-07-08,QQQ,0.30494674295475743
2026-07-09,QQQ,0.3056013069007769
2026-07-10,QQQ,0.3024175114543229
2026-07-13,QQQ,0.30154818853506243
2026-07-14,QQQ,0.2804410160775726
2026-07-15,QQQ,0.27989180548329595
2026-07-16,QQQ,0.26055970971799175
2026-07-17,QQQ,0.25769940502333155
2026-07-20,QQQ,0.2562558025249031
2026-07-21,QQQ,0.24859052078433397
2026-07-22,QQQ,0.24883224412968788
2026-07-23,QQQ,0.23106962457928798
2026-07-24,QQQ,0.23339009466262167
2026-07-27,QQQ,0.23067103815763168
2026-07-28,QQQ,0.22853898108366338
2026-07-29,QQQ,0.21476848332851517
2026-07-30,QQQ,0.24023035731451595
2026-07-31,QQQ,0.2385553835914904
2026-08-03,QQQ,0.24162702499918814
2026-08-04,QQQ,0.2654471818402533
2026-08-05,QQQ,0.25897560913693873
2026-08-06,QQQ,0.2592696763359744
2026-08-07,QQQ,0.25591242203211706
2026-08-10,QQQ,0.25588674842395365
2026-08-11,QQQ,0.24699506319818598
2026-08-12,QQQ,0.24526110737311455
2026-08-13,QQQ,0.24796753130826152
2026-08-14,QQQ,0.2399328646499993
2026-08-17,QQQ,0.23248478692009436
2026-08-18,QQQ,0.24196687261469435
2026-08-19,QQQ,0.23412796324870955
2026-08-20,QQQ,0.23487635458333928
2026-08-21,QQQ,0.22407055825754127
2026-08-24,QQQ,0.22325487257083676
2026-08-25,QQQ,0.2231200678700647
2026-08-26,QQQ,0.21905540316728445
2026-08-27,QQQ,0.20549341112184
2026-08-28,QQQ,0.1796670294559474
2026-08-31,QQQ,0.17910677641177297
2026-09-01,QQQ,0.17669290205622987
2026-09-02,QQQ,0.128838927017393
2026-09-03,QQQ,0.13259071447110238
2026-09-04,QQQ,0.13199601515084342
2026-09-08,QQQ,0.12532210042396416
2026-09-09,QQQ,0.12528649759580615
2026-09-10,QQQ,0.12999534110417624
2026-09-11,QQQ,0.13118029273526646
2026-09-14,QQQ,0.1257912781148816
2026-09-15,QQQ,0.1270037585186407
2026-09-16,QQQ,0.12718992897710013
2026-09-17,QQQ,0.13057512104359378
2026-09-18,QQQ,0.13214729061964656
2026-09-21,QQQ,0.16169765359975238
2026-09-22,QQQ,0.16296586170008348
2026-09-23,QQQ,0.16151693727242353
2026-09-24,QQQ,0.16112086012251825
2021-10-26,SPY,0.14014645494377037
2021-10-27,SPY,0.11852733871575477
2021-10-28,SPY,0.12127102929843088
2021-10-29,SPY,0.1087590003274114
2021-11-01,SPY,0.10420371133212954
2021-11-02,SPY,0.08725397938542406
2021-11-03,SPY,0.08423496523780175
2021-11-04,SPY,0.08432203166701648
2021-11-05,SPY,0.08214372111626257
2021-11-08,SPY,0.08060834779426293
2021-11-09,SPY,0.07510166693827285
2021-11-10,SPY,0.08275801034014167
2021-11-11,SPY,0.08333662491945733
2021-11-12,SPY,0.0689803180636748
2021-11-15,SPY,0.06689441169955146
2021-11-16,SPY,0.0671149781110988
2021-11-17,SPY,0.06600700706884596
2021-11-18,SPY,0.06581881088767841
2021-11-19,SPY,0.06689083159509357
2021-11-22,SPY,0.06804470680658076
2021-11-23,SPY,0.06658192981334249
2021-11-24,SPY,0.06672586304623289
2021-11-26,SPY,0.10445204355994273
2021-11-29,SPY,0.10767087593964021
2021-11-30,SPY,0.12805187943146845
2021-12-01,SPY,0.13304799374264176
2021-12-02,SPY,0.143698529944561
2021-12-03,SPY,0.14437058517062012
2021-12-06,SPY,0.150010987372918
2021-12-07,SPY,0.1670589366612598
2021-12-08,SPY,0.16728620089125715
2021-12-09,SPY,0.16859430429103534
2021-12-10,SPY,0.1690110134670197
2021-12-13,SPY,0.17228463962899276
2021-12-14,SPY,0.17193196655870993
2021-12-15,SPY,0.18063141376752026
2021-12-16,SPY,0.1828542805099079
2021-12-17,SPY,0.18628349217080464
2021-12-20,SPY,0.18879904082257778
2021-12-21,SPY,0.19995462868260394
2021-12-22,SPY,0.20287242743525846
2021-12-23,SPY,0.2039038403643048
2021-12-27,SPY,0.20925965501165816
2021-12-28,SPY,0.19155111377628337
2021-12-29,SPY,0.18792144533606903
2021-12-30,SPY,0.17270470892544432
2021-12-31,SPY,0.16674379046110088
2022-01-03,SPY,0.16085228846281951
2022-01-04,SPY,0.1561942877548958
2022-01-05,SPY,0.16969883624437068
2022-01-06,SPY,0.15425585827638635
2022-01-07,SPY,0.15461833411928272
2022-01-10,SPY,0.1528162255952443
2022-01-11,SPY,0.15258605703362396
2022-01-12,SPY,0.14924295181332095
2022-01-13,SPY,0.15542064711857306
2022-01-14,SPY,0.14515574171005485
2022-01-18,SPY,0.1546186123746059
2022-01-19,SPY,0.15441338442903393
2022-01-20,SPY,0.15476868916636866
2022-01-21,SPY,0.15238253935205529
2022-01-24,SPY,0.14761671420517572
2022-01-25,SPY,0.147107211926809
2022-01-26,SPY,0.13210947900838108
2022-01-27,SPY,0.13141214462262704
2022-01-28,SPY,0.16584406309111055
2022-01-31,SPY,0.182026071824139
2022-02-01,SPY,0.18491306765444027
2022-02-02,SPY,0.18752848797461094
2022-02-03,SPY,0.2015780403982917
2022-02-04,SPY,0.19441306320525464
2022-02-07,SPY,0.19442039085734356
2022-02-08,SPY,0.19749526219195457
2022-02-09,SPY,0.20526151750917623
2022-02-10,SPY,0.21025591591211526
2022-02-11,SPY,0.21809423816405896
2022-02-14,SPY,0.21462096423160304
2022-02-15,SPY,0.22409425966776172
2022-02-16,SPY,0.21667398263052826
2022-02-17,SPY,0.22583715061796383
2022-02-18,SPY,0.22393166930230063
2022-02-22,SPY,0.21673817085239913
2022-02-23,SPY,0.2235191091259739
2022-02-24,SPY,0.22755733723848415
2022-02-25,SPY,0.24049076351142457
2022-02-28,SPY,0.23994257957661638
2022-03-01,SPY,0.2290580213579754
2022-03-02,SPY,0.22946875881304782
2022-03-03,SPY,0.22794456624325768
2022-03-04,SPY,0.22499975041391412
2022-03-07,SPY,0.23281101793618578
2022-03-08,SPY,0.2316549463696599
2022-03-09,SPY,0.2543092065379755
2022-03-10,SPY,0.2516454474434347
2022-03-11,SPY,0.24574834807869214
2022-03-14,SPY,0.2408113799339792
2022-03-15,SPY,0.24850494265506912
2022-03-16,SPY,0.2614547176880333
2022-03-17,SPY,0.2588897217258786
2022-03-18,SPY,0.26184726785613915
2022-03-21,SPY,0.25004037570405857
2022-03-22,SPY,0.2510662448406255
2022-03-23,SPY,0.2525352132563618
2022-03-24,SPY,0.24600896993786764
2022-03-25,SPY,0.2424299009860392
2022-03-28,SPY,0.23288217724022692
2022-03-29,SPY,0.23478291293402406
2022-03-30,SPY,0.22796903728272175
2022-03-31,SPY,0.22987150606511841
2022-04-01,SPY,0.22859217503760113
2022-04-04,SPY,0.22649442668046502
2022-04-05,SPY,0.20239506078662842
2022-04-06,SPY,0.20425652974785272
2022-04-07,SPY,0.1861737798095833
2022-04-08,SPY,0.18540247794354095
2022-04-11,SPY,0.19051556410753556
2022-04-12,SPY,0.18859729361093788
2022-04-13,SPY,0.1781846232400114
2022-04-14,SPY,0.16914473138507588
2022-04-18,SPY,0.1633577734723131
2022-04-19,SPY,0.16869929012397245
2022-04-20,SPY,0.1687199490333018
2022-04-21,SPY,0.17085560571002534
2022-04-22,SPY,0.18981004733108114
2022-04-25,SPY,0.18192962944479776
2022-04-26,SPY,0.20175021962830844
2022-04-27,SPY,0.199319732704109
2022-04-28,SPY,0.2169846239407348
2022-04-29,SPY,0.2459921686236644
2022-05-02,SPY,0.24576068698536913
2022-05-03,SPY,0.2464446214485166
2022-05-04,SPY,0.27082984376351954
2022-05-05,SPY,0.29206404182020496
2022-05-06,SPY,0.29134161088322164
2022-05-09,SPY,0.30522267186176427
2022-05-10,SPY,0.3062914457547753
2022-05-11,SPY,0.3057327157816797
2022-05-12,SPY,0.3060364563163746
2022-05-13,SPY,0.31734700738806826
2022-05-16,SPY,0.3160225101119998
2022-05-17,SPY,0.32715919184022235
2022-05-18,SPY,0.34330903395259893
2022-05-19,SPY,0.34281229068423863
2022-05-20,SPY,0.34193371507062714
2022-05-23,SPY,0.34172558728281693
2022-05-24,SPY,0.340462886317902
2022-05-25,SPY,0.33026690044584367
2022-05-26,SPY,0.3386570613607346
2022-05-27,SPY,0.33796640102633196
2022-05-31,SPY,0.312677895467836
2022-06-01,SPY,0.3132413348284857
2022-06-02,SPY,0.32005826368178064
2022-06-03,SPY,0.30527786059088724
2022-06-06,SPY,0.2799449400021193
2022-06-07,SPY,0.2810110816443426
2022-06-08,SPY,0.25869303144251216
2022-06-09,SPY,0.2732530340939227
2022-06-10,SPY,0.2865601793387665
2022-06-13,SPY,0.31505577666943396
2022-06-14,SPY,0.3006779063536425
2022-06-15,SPY,0.3066857075705606
2022-06-16,SPY,0.3123958222342626
2022-06-17,SPY,0.28524537776374853
2022-06-21,SPY,0.30096543832738715
2022-06-22,SPY,0.30089202045876856
2022-06-23,SPY,0.2948672514545765
2022-06-24,SPY,0.3161477470587774
2022-06-27,SPY,0.31469365463307186
2022-06-28,SPY,0.3124082977530358
2022-06-29,SPY,0.29659629167366236
2022-06-30,SPY,0.2969169045155699
2022-07-01,SPY,0.3006339053168974
2022-07-05,SPY,0.2904619374924365
2022-07-06,SPY,0.2877555695164509
2022-07-07,SPY,0.2937718383191668
2022-07-08,SPY,0.29064051268897273
2022-07-11,SPY,0.2908388741013487
2022-07-12,SPY,0.28176297993155597
2022-07-13,SPY,0.264751303985942
2022-07-14,SPY,0.22838449589534554
2022-07-15,SPY,0.2365921420090604
2022-07-18,SPY,0.23441147781159524
2022-07-19,SPY,0.21722827425017777
2022-07-20,SPY,0.21738674240192843
2022-07-21,SPY,0.20456757708607695
2022-07-22,SPY,0.20838089653096728
2022-07-25,SPY,0.20678298332306316
2022-07-26,SPY,0.18194767274369486
2022-07-27,SPY,0.20189944673673435
2022-07-28,SPY,0.18846799605874143
2022-07-29,SPY,0.19190046067454156
2022-08-01,SPY,0.18863601458453683
2022-08-02,SPY,0.19061022860974478
2022-08-03,SPY,0.1952289857176546
2022-08-04,SPY,0.19588684715591415
2022-08-05,SPY,0.19235251568434011
2022-08-08,SPY,0.19244039371161684
2022-08-09,SPY,0.18707702882280727
2022-08-10,SPY,0.19115004648918796
2022-08-11,SPY,0.188539263230987
2022-08-12,SPY,0.19085265348313615
2022-08-15,SPY,0.18476328348904725
2022-08-16,SPY,0.17867819315558336
2022-08-17,SPY,0.16598593171590637
2022-08-18,SPY,0.16581162976082667
2022-08-19,SPY,0.17448809346827154
2022-08-22,SPY,0.18854897247566926
2022-08-23,SPY,0.1892122815123156
2022-08-24,SPY,0.1823610611536617
2022-08-25,SPY,0.16736859024610395
2022-08-26,SPY,0.20431914335415235
2022-08-29,SPY,0.19835462528860479
2022-08-30,SPY,0.20126640763048506
2022-08-31,SPY,0.20162574771788055
2022-09-01,SPY,0.19270696972798465
2022-09-02,SPY,0.19484378404441224
2022-09-06,SPY,0.19486625047884004
2022-09-07,SPY,0.2075161121731712
2022-09-08,SPY,0.209254381352228
2022-09-09,SPY,0.20269733641478907
2022-09-12,SPY,0.20704761940117117
2022-09-13,SPY,0.24380756010872173
2022-09-14,SPY,0.24368456725094817
2022-09-15,SPY,0.24405412931308462
2022-09-16,SPY,0.24413284514256076
2022-09-19,SPY,0.24655236104035147
2022-09-20,SPY,0.2457264542276158
2022-09-21,SPY,0.24310747481317554
2022-09-22,SPY,0.243494553368002
2022-09-23,SPY,0.2455510060098311
2022-09-26,SPY,0.23557015048923963
2022-09-27,SPY,0.21353038964804452
2022-09-28,SPY,0.22968963693816144
2022-09-29,SPY,0.2361468077619197
2022-09-30,SPY,0.23915498346386424
2022-10-03,SPY,0.2610870560202305
2022-10-04,SPY,0.2852689295203932
2022-10-05,SPY,0.28516227515852605
2022-10-06,SPY,0.2777647261845231
2022-10-07,SPY,0.2887415789336552
2022-10-10,SPY,0.27966746918031093
2022-10-11,SPY,0.2734035134007571
2022-10-12,SPY,0.23753224251230817
2022-10-13,SPY,0.259179232326522
2022-10-14,SPY,0.26659970583492215
2022-10-17,SPY,0.2849398374668564
2022-10-18,SPY,0.2870298786513944
2022-10-19,SPY,0.2856073921299839
2022-10-20,SPY,0.2810501527821162
2022-10-21,SPY,0.29332933583931475
2022-10-24,SPY,0.28941758942021745
2022-10-25,SPY,0.2903963753219555
2022-10-26,SPY,0.29205750776644246
2022-10-27,SPY,0.2863705299521897
2022-10-28,SPY,0.28446278462262636
2022-10-31,SPY,0.27892621031197923
2022-11-01,SPY,0.2677595626343609
2022-11-02,SPY,0.26277321963322475
2022-11-03,SPY,0.2650031993461728
2022-11-04,SPY,0.26744941340225836
2022-11-07,SPY,0.2480549594807381
2022-11-08,SPY,0.2455608234541668
2022-11-09,SPY,0.25705561977359276
2022-11-10,SPY,0.31406730410752637
2022-11-11,SPY,0.30495153089935506
2022-11-14,SPY,0.2927729918320817
2022-11-15,SPY,0.28330785430490163
2022-11-16,SPY,0.2846652972296605
2022-11-17,SPY,0.283173711649339
2022-11-18,SPY,0.27993446837739905
2022-11-21,SPY,0.2709728854523948
2022-11-22,SPY,0.27154903512479367
2022-11-23,SPY,0.2676399676743014
2022-11-25,SPY,0.26546102536413313
2022-11-28,SPY,0.27193151459543974
2022-11-29,SPY,0.26040134255577374
2022-11-30,SPY,0.2790973551481912
2022-12-01,SPY,0.2782139622530879
2022-12-02,SPY,0.2595992758120824
2022-12-05,SPY,0.26623409546290216
2022-12-06,SPY,0.2702887649578985
2022-12-07,SPY,0.26928871677729826
2022-12-08,SPY,0.26983504396289826
2022-12-09,SPY,0.2596932850741911
2022-12-12,SPY,0.18325086842902347
2022-12-13,SPY,0.18207268158973133
2022-12-14,SPY,0.18090284077447968
2022-12-15,SPY,0.19792314076145426
2022-12-16,SPY,0.20020282578790888
2022-12-19,SPY,0.20171347596911393
2022-12-20,SPY,0.20082323988354506
2022-12-21,SPY,0.20862586675261247
2022-12-22,SPY,0.20698760987081014
2022-12-23,SPY,0.20671723174884513
2022-12-27,SPY,0.20670127147302106
2022-12-28,SPY,0.20409606196702054
2022-12-29,SPY,0.2156340703837634
2022-12-30,SPY,0.18001853135406318
2023-01-03,SPY,0.1799283148465383
2023-01-04,SPY,0.18361824569039256
2023-01-05,SPY,0.17795640335716162
2023-01-06,SPY,0.1920976207990718
2023-01-09,SPY,0.19204191876141397
2023-01-10,SPY,0.19162122831772174
2023-01-11,SPY,0.19491005004200537
2023-01-12,SPY,0.18873396681084387
2023-01-13,SPY,0.18730828907517205
2023-01-17,SPY,0.18604814968856018
2023-01-18,SPY,0.17363912207125487
2023-01-19,SPY,0.17027182353290907
2023-01-20,SPY,0.17756208319384623
2023-01-23,SPY,0.1808668183692217
2023-01-24,SPY,0.17541824581127766
2023-01-25,SPY,0.16563238157046195
2023-01-26,SPY,0.16792685890071538
2023-01-27,SPY,0.16619952271923175
2023-01-30,SPY,0.16633893181623277
2023-01-31,SPY,0.16294764138374468
2023-02-01,SPY,0.16381564029295673
2023-02-02,SPY,0.16562805938146602
2023-02-03,SPY,0.17296870708598555
2023-02-06,SPY,0.1681221498374794
2023-02-07,SPY,0.1570466166311818
2023-02-08,SPY,0.16418053214256312
2023-02-09,SPY,0.16802090610952203
2023-02-10,SPY,0.1635449593696511
2023-02-13,SPY,0.16722294742611812
2023-02-14,SPY,0.1672582714189875
2023-02-15,SPY,0.16682609759319472
2023-02-16,SPY,0.16424633681156608
2023-02-17,SPY,0.16163761036475735
2023-02-21,SPY,0.16777887542863476
2023-02-22,SPY,0.16248093363943533
2023-02-23,SPY,0.16355314406703808
2023-02-24,SPY,0.16775494294664306
2023-02-27,SPY,0.16325109545060104
2023-02-28,SPY,0.16314648856989755
2023-03-01,SPY,0.1581376958430224
2023-03-02,SPY,0.15133739139503657
2023-03-03,SPY,0.15759811895086467
2023-03-06,SPY,0.14766354408029528
2023-03-07,SPY,0.1521980254477588
2023-03-08,SPY,0.15167481661798235
2023-03-09,SPY,0.15348323346595366
2023-03-10,SPY,0.1562857302113419
2023-03-13,SPY,0.1549298903959863
2023-03-14,SPY,0.1678498443002562
2023-03-15,SPY,0.16087310719729345
2023-03-16,SPY,0.17551829980704645
2023-03-17,SPY,0.1776297709390747
2023-03-20,SPY,0.177571712140252
2023-03-21,SPY,0.18456333264468408
2023-03-22,SPY,0.1808454416279317
2023-03-23,SPY,0.181175631585837
2023-03-24,SPY,0.1817205012868056
2023-03-27,SPY,0.17788355966924446
2023-03-28,SPY,0.17769909754579227
2023-03-29,SPY,0.1840491448247439
2023-03-30,SPY,0.18399964056058746
2023-03-31,SPY,0.18805217249654826
2023-04-03,SPY,0.18086965239426406
2023-04-04,SPY,0.182304073344008
2023-04-05,SPY,0.17328537556860904
2023-04-06,SPY,0.1735113908891464
2023-04-10,SPY,0.15776994178150194
2023-04-11,SPY,0.1458036574127417
2023-04-12,SPY,0.1471181369719359
2023-04-13,SPY,0.1437326311156268
2023-04-14,SPY,0.14129453555871743
2023-04-17,SPY,0.1310654313834008
2023-04-18,SPY,0.1210360126267704
2023-04-19,SPY,0.11892372711412083
2023-04-20,SPY,0.11523419833212406
2023-04-21,SPY,0.0934791566288987
2023-04-24,SPY,0.09358776541742549
2023-04-25,SPY,0.1113574733338189
2023-04-26,SPY,0.1129276131429148
2023-04-27,SPY,0.12981669826170564
2023-04-28,SPY,0.12406219316166506
2023-05-01,SPY,0.12346354453144062
2023-05-02,SPY,0.1218279903506817
2023-05-03,SPY,0.12343920221393978
2023-05-04,SPY,0.12437077452344114
2023-05-05,SPY,0.14013256991450035
2023-05-08,SPY,0.13962541879476892
2023-05-09,SPY,0.14059812224903
2023-05-10,SPY,0.1414539466272315
2023-05-11,SPY,0.1407531227984944
2023-05-12,SPY,0.13292956506927947
2023-05-15,SPY,0.13323467702673275
2023-05-16,SPY,0.1345870284034599
2023-05-17,SPY,0.1414189171898512
2023-05-18,SPY,0.1451630948121154
2023-05-19,SPY,0.14370632967717722
2023-05-22,SPY,0.14371320287323675
2023-05-23,SPY,0.14960670894815029
2023-05-24,SPY,0.14063456309247804
2023-05-25,SPY,0.1421099660798418
2023-05-26,SPY,0.13229612228679286
2023-05-30,SPY,0.12935254900258267
2023-05-31,SPY,0.13097059532914476
2023-06-01,SPY,0.12761032326135238
2023-06-02,SPY,0.13176149666381512
2023-06-05,SPY,0.12829396303461277
2023-06-06,SPY,0.11441120964414048
2023-06-07,SPY,0.11574789554796792
2023-06-08,SPY,0.11459444602410174
2023-06-09,SPY,0.11421050986239313
2023-06-12,SPY,0.11593116116135004
2023-06-13,SPY,0.11591804643681719
2023-06-14,SPY,0.11603361221422845
2023-06-15,SPY,0.11533973372902677
2023-06-16,SPY,0.11347274116633496
2023-06-20,SPY,0.11401497325632022
2023-06-21,SPY,0.11618428252522181
2023-06-22,SPY,0.11615183975124393
2023-06-23,SPY,0.11142364960666516
2023-06-26,SPY,0.10849441798447608
2023-06-27,SPY,0.11041798593176184
2023-06-28,SPY,0.10396346526961153
2023-06-29,SPY,0.10398797091360665
2023-06-30,SPY,0.1050869730393685
2023-07-03,SPY,0.10254364571238911
2023-07-05,SPY,0.0938475161770074
2023-07-06,SPY,0.09894262946971616
2023-07-07,SPY,0.09991864870013671
2023-07-10,SPY,0.09842846247561095
2023-07-11,SPY,0.09861523609009418
2023-07-12,SPY,0.1010753882558892
2023-07-13,SPY,0.10014013978439983
2023-07-14,SPY,0.09898926074017353
2023-07-17,SPY,0.09919936343331756
2023-07-18,SPY,0.09376931306321389
2023-07-19,SPY,0.09212814347485479
2023-07-20,SPY,0.09361389554371402
2023-07-21,SPY,0.09059432001932692
2023-07-24,SPY,0.0908504873779907
2023-07-25,SPY,0.08407723737103229
2023-07-26,SPY,0.08119016010908284
2023-07-27,SPY,0.0812323246409825
2023-07-28,SPY,0.08566714324767696
2023-07-31,SPY,0.08543736331367131
2023-08-01,SPY,0.07936041725437994
2023-08-02,SPY,0.09549199314864254
2023-08-03,SPY,0.0960067029247498
2023-08-04,SPY,0.09297061460225135
2023-08-07,SPY,0.09604490194229548
2023-08-08,SPY,0.097891582147151
2023-08-09,SPY,0.09929376394730946
2023-08-10,SPY,0.09529794478914282
2023-08-11,SPY,0.09082877136350541
2023-08-14,SPY,0.09310333688627127
2023-08-15,SPY,0.10023904539760771
2023-08-16,SPY,0.09793728427134982
2023-08-17,SPY,0.09911123945704957
2023-08-18,SPY,0.09797730754064024
2023-08-21,SPY,0.1018814534737541
2023-08-22,SPY,0.09972732540733084
2023-08-23,SPY,0.10830958855847245
2023-08-24,SPY,0.11651885180331367
2023-08-25,SPY,0.11921561255816204
2023-08-28,SPY,0.115717183236261
2023-08-29,SPY,0.12786165424085297
2023-08-30,SPY,0.12877834927528872
2023-08-31,SPY,0.11937275946119519
2023-09-01,SPY,0.11904105321832527
2023-09-05,SPY,0.1189411243383493
2023-09-06,SPY,0.11715028938576542
2023-09-07,SPY,0.11669713043044576
2023-09-08,SPY,0.11455957928940494
2023-09-11,SPY,0.11680764360880522
2023-09-12,SPY,0.11849506109834756
2023-09-13,SPY,0.11691792271378137
2023-09-14,SPY,0.11280078259295738
2023-09-15,SPY,0.11814674639585139
2023-09-18,SPY,0.11431372928609988
2023-09-19,SPY,0.11479784673816985
2023-09-20,SPY,0.11791839520221246
2023-09-21,SPY,0.13107614898906153
2023-09-22,SPY,0.12406408045537744
2023-09-25,SPY,0.11633878389011222
2023-09-26,SPY,0.12316874207982262
2023-09-27,SPY,0.12017553159973593
2023-09-28,SPY,0.10877175548027
2023-09-29,SPY,0.10643424973312784
2023-10-02,SPY,0.10661119421678256
2023-10-03,SPY,0.11203987440849326
2023-10-04,SPY,0.1174408132513043
2023-10-05,SPY,0.11660852059368969
2023-10-06,SPY,0.12626147927397616
2023-10-09,SPY,0.12882823303935304
2023-10-10,SPY,0.12786409413801833
2023-10-11,SPY,0.12822054086274315
2023-10-12,SPY,0.12924956199813117
2023-10-13,SPY,0.1247484864364855
2023-10-16,SPY,0.12596797605864937
2023-10-17,SPY,0.1259016412285929
2023-10-18,SPY,0.13316654204932937
2023-10-19,SPY,0.1328706434083127
2023-10-20,SPY,0.1274531418253695
2023-10-23,SPY,0.12740753152905018
2023-10-24,SPY,0.12965525586531934
2023-10-25,SPY,0.12920608950192713
2023-10-26,SPY,0.1346247200439055
2023-10-27,SPY,0.13230739946828307
2023-10-30,SPY,0.1408158834593446
2023-10-31,SPY,0.14323739707100133
2023-11-01,SPY,0.14122093719238027
2023-11-02,SPY,0.15417737362929584
2023-11-03,SPY,0.15681233089942478
2023-11-06,SPY,0.15201810720152253
2023-11-07,SPY,0.15083798526990155
2023-11-08,SPY,0.1498922096577226
2023-11-09,SPY,0.1517866020295119
2023-11-10,SPY,0.15962796289929845
2023-11-13,SPY,0.15839323555943877
2023-11-14,SPY,0.16782598617633004
2023-11-15,SPY,0.16775516956430547
2023-11-16,SPY,0.15886476343035102
2023-11-17,SPY,0.1538322288278207
2023-11-20,SPY,0.14461001021822606
2023-11-21,SPY,0.14482737844412188
2023-11-22,SPY,0.14413321097737997
2023-11-24,SPY,0.12941596199384336
2023-11-27,SPY,0.11770083590889144
2023-11-28,SPY,0.11376313983068752
2023-11-29,SPY,0.11232603411938467
2023-11-30,SPY,0.11210014129858947
2023-12-01,SPY,0.1098307040493976
2023-12-04,SPY,0.09932925891623909
2023-12-05,SPY,0.09708207017069687
2023-12-06,SPY,0.09957721340294437
2023-12-07,SPY,0.10141484479766844
2023-12-08,SPY,0.10147793743020839
2023-12-11,SPY,0.09442465826126614
2023-12-12,SPY,0.08292272238478532
2023-12-13,SPY,0.09058474058261491
2023-12-14,SPY,0.0688311722140762
2023-12-15,SPY,0.07025999291555772
2023-12-18,SPY,0.07110611328104088
2023-12-19,SPY,0.07203967709992147
2023-12-20,SPY,0.08966705008431011
2023-12-21,SPY,0.09244108566310996
2023-12-22,SPY,0.09224675503106858
2023-12-26,SPY,0.0923506911232946
2023-12-27,SPY,0.09117337205151883
2023-12-28,SPY,0.09132279207737962
2023-12-29,SPY,0.09257902029696145
2024-01-02,SPY,0.09631123447096088
2024-01-03,SPY,0.10110709450257727
2024-01-04,SPY,0.09970957677483247
2024-01-05,SPY,0.09956000300497277
2024-01-08,SPY,0.10695094711331828
2024-01-09,SPY,0.10584151150238111
2024-01-10,SPY,0.10634574915822917
2024-01-11,SPY,0.10637219564938147
2024-01-12,SPY,0.10588957349946221
2024-01-16,SPY,0.09725389121971985
2024-01-17,SPY,0.09908046841040646
2024-01-18,SPY,0.10319404638532649
2024-01-19,SPY,0.1097835422156565
2024-01-22,SPY,0.10835168514140595
2024-01-23,SPY,0.09427458231741329
2024-01-24,SPY,0.0899009193738999
2024-01-25,SPY,0.09103062440434545
2024-01-26,SPY,0.09090445520376682
2024-01-29,SPY,0.09385439398190928
2024-01-30,SPY,0.09410766512157501
2024-01-31,SPY,0.11169664138085297
2024-02-01,SPY,0.11689720949114586
2024-02-02,SPY,0.11500659466871815
2024-02-05,SPY,0.11528135429834664
2024-02-06,SPY,0.11520819521735481
2024-02-07,SPY,0.1093191569072996
2024-02-08,SPY,0.1086599861459164
2024-02-09,SPY,0.10870728923614344
2024-02-12,SPY,0.1087067339391539
2024-02-13,SPY,0.1223113588693345
2024-02-14,SPY,0.12318560439671188
2024-02-15,SPY,0.12064809148362858
2024-02-16,SPY,0.12158766827955896
2024-02-20,SPY,0.11851147076724175
2024-02-21,SPY,0.11849637004725269
2024-02-22,SPY,0.13612522722129247
2024-02-23,SPY,0.13617409403065622
2024-02-26,SPY,0.13708604178413375
2024-02-27,SPY,0.1366428897819403
2024-02-28,SPY,0.135262251453113
2024-02-29,SPY,0.13519706519492145
2024-03-01,SPY,0.1206340656837568
2024-03-04,SPY,0.11542441864131579
2024-03-05,SPY,0.11867028022859151
2024-03-06,SPY,0.11798242039009361
2024-03-07,SPY,0.12137297269498207
2024-03-08,SPY,0.12209409657430385
2024-03-11,SPY,0.12229429321639759
2024-03-12,SPY,0.12578250966787877
2024-03-13,SPY,0.12606082440188335
2024-03-14,SPY,0.11419429611982558
2024-03-15,SPY,0.11508198981975992
2024-03-18,SPY,0.11453529817081606
2024-03-19,SPY,0.11319014640902535
2024-03-20,SPY,0.11290679524362882
2024-03-21,SPY,0.11281371864761512
2024-03-22,SPY,0.0921863126702355
2024-03-25,SPY,0.09330649010068748
2024-03-26,SPY,0.09230367935987958
2024-03-27,SPY,0.09548249302037405
2024-03-28,SPY,0.09511605929904639
2024-04-01,SPY,0.09558623988789075
2024-04-02,SPY,0.0947058521984029
2024-04-03,SPY,0.09448712183504318
2024-04-04,SPY,0.09792545930388125
2024-04-05,SPY,0.10259951698490795
2024-04-08,SPY,0.09729295252004841
2024-04-09,SPY,0.09435688438135378
2024-04-10,SPY,0.10152300412392491
2024-04-11,SPY,0.09795497849480102
2024-04-12,SPY,0.10936526920767597
2024-04-15,SPY,0.11722357069259991
2024-04-16,SPY,0.1152234465783318
2024-04-17,SPY,0.114100299847932
2024-04-18,SPY,0.11149520079849672
2024-04-19,SPY,0.10696860591760123
2024-04-22,SPY,0.11270331491091186
2024-04-23,SPY,0.12261723377222757
2024-04-24,SPY,0.12255625285620105
2024-04-25,SPY,0.12285125163848302
2024-04-26,SPY,0.12397802707796077
2024-04-29,SPY,0.12508567578050103
2024-04-30,SPY,0.1350385395282065
2024-05-01,SPY,0.13415429681071134
2024-05-02,SPY,0.1392684885064299
2024-05-03,SPY,0.14105600006412247
2024-05-06,SPY,0.14094275556015942
2024-05-07,SPY,0.14098907161605784
2024-05-08,SPY,0.14091709704561942
2024-05-09,SPY,0.13757239376807467
2024-05-10,SPY,0.13527555543785272
2024-05-13,SPY,0.1252156017896259
2024-05-14,SPY,0.11566032232298426
2024-05-15,SPY,0.12046299392808771
2024-05-16,SPY,0.117796534776821
2024-05-17,SPY,0.11665910603975958
2024-05-20,SPY,0.10913433606659138
2024-05-21,SPY,0.10699101466820256
2024-05-22,SPY,0.10364729478507996
2024-05-23,SPY,0.108493837027969
2024-05-24,SPY,0.10756906116631931
2024-05-28,SPY,0.10456947961907435
2024-05-29,SPY,0.1089008714025647
2024-05-30,SPY,0.09409328104853325
2024-05-31,SPY,0.09524422800925048
2024-06-03,SPY,0.09207052898677585
2024-06-04,SPY,0.0841572869723521
2024-06-05,SPY,0.08634244805294292
2024-06-06,SPY,0.08652019271213289
2024-06-07,SPY,0.08692642111568769
2024-06-10,SPY,0.08577619883628702
2024-06-11,SPY,0.08584357826075739
2024-06-12,SPY,0.08877662169262035
2024-06-13,SPY,0.08822237676225984
2024-06-14,SPY,0.07927926501194048
2024-06-17,SPY,0.08170261526530989
2024-06-18,SPY,0.0817568310503659
2024-06-20,SPY,0.08316745405702922
2024-06-21,SPY,0.08366360367283027
2024-06-24,SPY,0.08390859948112807
2024-06-25,SPY,0.07817458170912674
2024-06-26,SPY,0.07623406217774573
2024-06-27,SPY,0.07616549991863084
2024-06-28,SPY,0.07243380400685634
2024-07-01,SPY,0.06565801234960691
2024-07-02,SPY,0.06296229229609591
2024-07-03,SPY,0.06330748497556493
2024-07-05,SPY,0.06429899057107338
2024-07-08,SPY,0.05450699565618885
2024-07-09,SPY,0.054160139232085666
2024-07-10,SPY,0.05926048161865966
2024-07-11,SPY,0.07067666059458254
2024-07-12,SPY,0.07224720160203289
2024-07-15,SPY,0.06888646017537008
2024-07-16,SPY,0.07028547636146752
2024-07-17,SPY,0.08975300322400497
2024-07-18,SPY,0.09167887346098456
2024-07-19,SPY,0.09475944928527434
2024-07-22,SPY,0.1002682264483448
2024-07-23,SPY,0.10033361269810036
2024-07-24,SPY,0.12876914676968812
2024-07-25,SPY,0.12909045515386228
2024-07-26,SPY,0.13527479462546024
2024-07-29,SPY,0.1351675214674478
2024-07-30,SPY,0.13562733682417835
2024-07-31,SPY,0.14699196770509812
2024-08-01,SPY,0.15353401572462702
2024-08-02,SPY,0.1645948202143406
2024-08-05,SPY,0.1877296185524392
2024-08-06,SPY,0.19213530998072523
2024-08-07,SPY,0.19204414245294144
2024-08-08,SPY,0.20820315479461632
2024-08-09,SPY,0.20833970925458392
2024-08-12,SPY,0.20639916085196655
2024-08-13,SPY,0.2158131310215243
2024-08-14,SPY,0.2148058276201185
2024-08-15,SPY,0.2194036418278824
2024-08-16,SPY,0.2178491674817497
2024-08-19,SPY,0.21863735656086894
2024-08-20,SPY,0.21613104389620785
2024-08-21,SPY,0.21624179480389047
2024-08-22,SPY,0.20169878830597948
2024-08-23,SPY,0.20263806325521272
2024-08-26,SPY,0.20043148062920238
2024-08-27,SPY,0.20040558841020573
2024-08-28,SPY,0.20072775627521952
2024-08-29,SPY,0.19342230256427867
2024-08-30,SPY,0.18779568164743213
2024-09-03,SPY,0.19059032579622442
2024-09-04,SPY,0.15509102785694712
2024-09-05,SPY,0.15449581922031974
2024-09-06,SPY,0.1656794748885414
2024-09-09,SPY,0.15103926889589844
2024-09-10,SPY,0.15102600915981057
2024-09-11,SPY,0.15402137159274176
2024-09-12,SPY,0.14681271016307762
2024-09-13,SPY,0.14727750689478283
2024-09-16,SPY,0.13603906413775832
2024-09-17,SPY,0.13595420388634
2024-09-18,SPY,0.13264695502169602
2024-09-19,SPY,0.14468570608112524
2024-09-20,SPY,0.1447300604687784
2024-09-23,SPY,0.14131094894442647
2024-09-24,SPY,0.13737523296463064
2024-09-25,SPY,0.13732214899257222
2024-09-26,SPY,0.13771305586843002
2024-09-27,SPY,0.1357805954381574
2024-09-30,SPY,0.13602152584951427
2024-10-01,SPY,0.13729081527341142
2024-10-02,SPY,0.11372868796746975
2024-10-03,SPY,0.11364299884418003
2024-10-04,SPY,0.1154746419902017
2024-10-07,SPY,0.10166344839978676
2024-10-08,SPY,0.09995927117044176
2024-10-09,SPY,0.10097017271763475
2024-10-10,SPY,0.09796797566209253
2024-10-11,SPY,0.09630383771737926
2024-10-14,SPY,0.09812378819980448
2024-10-15,SPY,0.10383027195481843
2024-10-16,SPY,0.10416631182607895
2024-10-17,SPY,0.10294869087407238
2024-10-18,SPY,0.08745260188482253
2024-10-21,SPY,0.08741563558609847
2024-10-22,SPY,0.08751638126366473
2024-10-23,SPY,0.09416538402100692
2024-10-24,SPY,0.09375718809932244
2024-10-25,SPY,0.09309861196278907
2024-10-28,SPY,0.09318355996305726
2024-10-29,SPY,0.09250945557728231
2024-10-30,SPY,0.0868324695179456
2024-10-31,SPY,0.11235155952592299
2024-11-01,SPY,0.11305920386113132
2024-11-04,SPY,0.10866294000334144
2024-11-05,SPY,0.11171805228999691
2024-11-06,SPY,0.1367663921240641
2024-11-07,SPY,0.13719726889063869
2024-11-08,SPY,0.13697887050526966
2024-11-11,SPY,0.13615928381744796
2024-11-12,SPY,0.1348812601856425
2024-11-13,SPY,0.13105789491120817
2024-11-14,SPY,0.13334573769518898
2024-11-15,SPY,0.14159891433066069
2024-11-18,SPY,0.14168037961930185
2024-11-19,SPY,0.14194092052681984
2024-11-20,SPY,0.1418871677840397
2024-11-21,SPY,0.1381662244082426
2024-11-22,SPY,0.13827699840619945
2024-11-25,SPY,0.13830360985094103
2024-11-26,SPY,0.1388018408610673
2024-11-27,SPY,0.13973995327598318
2024-11-29,SPY,0.13970600698551408
2024-12-02,SPY,0.11594036899412459
2024-12-03,SPY,0.11612036323185271
2024-12-04,SPY,0.1153324132494587
2024-12-05,SPY,0.11158227981385668
2024-12-06,SPY,0.07615844725210154
2024-12-09,SPY,0.07561533283974133
2024-12-10,SPY,0.07554367194567942
2024-12-11,SPY,0.07972780071340393
2024-12-12,SPY,0.08125872327818558
2024-12-13,SPY,0.08130559910721567
2024-12-16,SPY,0.0780845512544889
2024-12-17,SPY,0.06294834077796801
2024-12-18,SPY,0.1246122193258271
2024-12-19,SPY,0.12385245340304622
2024-12-20,SPY,0.1310163698751548
2024-12-23,SPY,0.13133904473232239
2024-12-24,SPY,0.13635073892681956
2024-12-26,SPY,0.13599632304242507
2024-12-27,SPY,0.13998759244265827
2024-12-30,SPY,0.14500444808466204
2024-12-31,SPY,0.14313303058282428
2025-01-02,SPY,0.14280013480150425
2025-01-03,SPY,0.15057635156287427
2025-01-06,SPY,0.15032278711540328
2025-01-07,SPY,0.15469125289340244
2025-01-08,SPY,0.1545879013140045
2025-01-10,SPY,0.16161666333182054
2025-01-13,SPY,0.16192251722816375
2025-01-14,SPY,0.15881943323897815
2025-01-15,SPY,0.17262071843720922
2025-01-16,SPY,0.17266072973663232
2025-01-17,SPY,0.17591495793022197
2025-01-21,SPY,0.178472981498257
2025-01-22,SPY,0.1421142736535619
2025-01-23,SPY,0.1424352493996723
2025-01-24,SPY,0.13866468510604607
2025-01-27,SPY,0.14748149979097852
2025-01-28,SPY,0.14541982645223187
2025-01-29,SPY,0.14636055088836994
2025-01-30,SPY,0.14214598535182812
2025-01-31,SPY,0.13700818654154331
2025-02-03,SPY,0.138769478094314
2025-02-04,SPY,0.13954131119050386
2025-02-05,SPY,0.13404194115958087
2025-02-06,SPY,0.1332532531159033
2025-02-07,SPY,0.13095970475718594
2025-02-10,SPY,0.13248638415953382
2025-02-11,SPY,0.11815361597971591
2025-02-12,SPY,0.11954189170326651
2025-02-13,SPY,0.12330847784272378
2025-02-14,SPY,0.10891441334143075
2025-02-18,SPY,0.10836612746236987
2025-02-19,SPY,0.10400227253983683
2025-02-20,SPY,0.10141375728103204
2025-02-21,SPY,0.1166344460907224
2025-02-24,SPY,0.11535212032904803
2025-02-25,SPY,0.11600835463318668
2025-02-26,SPY,0.10584457481956192
2025-02-27,SPY,0.11356101705570101
2025-02-28,SPY,0.1274575966438235
2025-03-03,SPY,0.13821440128724735
2025-03-04,SPY,0.1421710870208053
2025-03-05,SPY,0.1475966015503447
2025-03-06,SPY,0.15531780338341025
2025-03-07,SPY,0.15620838066921436
2025-03-10,SPY,0.17591965400694787
2025-03-11,SPY,0.17561326908172084
2025-03-12,SPY,0.1745754594989756
2025-03-13,SPY,0.1768483793587028
2025-03-14,SPY,0.1969984763854505
2025-03-17,SPY,0.1947213596660805
2025-03-18,SPY,0.1959726459249953
2025-03-19,SPY,0.20132393169127413
2025-03-20,SPY,0.20021778886852082
2025-03-21,SPY,0.20070622599845894
2025-03-24,SPY,0.20742463988373902
2025-03-25,SPY,0.20769180306108018
2025-03-26,SPY,0.21052451096011623
2025-03-27,SPY,0.21035948163460816
2025-03-28,SPY,0.2143070323815108
2025-03-31,SPY,0.20707843168053622
2025-04-01,SPY,0.20055460619708898
2025-04-02,SPY,0.19882356419177963
2025-04-03,SPY,0.2555117073054392
2025-04-04,SPY,0.31579868574351333
2025-04-07,SPY,0.31352131431122654
2025-04-08,SPY,0.30663400086395715
2025-04-09,SPY,0.48985077940919075
2025-04-10,SPY,0.5121414846323462
2025-04-11,SPY,0.5151223125706526
2025-04-14,SPY,0.5107256084994816
2025-04-15,SPY,0.509654232043599
2025-04-16,SPY,0.5136825576347355
2025-04-17,SPY,0.5116241011971768
2025-04-21,SPY,0.5167142220595777
2025-04-22,SPY,0.526932499890534
2025-04-23,SPY,0.5258090888483719
2025-04-24,SPY,0.5320654569956115
2025-04-25,SPY,0.5316581976458289
2025-04-28,SPY,0.531643357285552
2025-04-29,SPY,0.5274346506760216
2025-04-30,SPY,0.5269357502017425
2025-05-01,SPY,0.5274201224898243
2025-05-02,SPY,0.5294670126519151
2025-05-05,SPY,0.4982315895255649
2025-05-06,SPY,0.44822140778538794
2025-05-07,SPY,0.4475305418078198
2025-05-08,SPY,0.440891467354798
2025-05-09,SPY,0.25722179764263037
2025-05-12,SPY,0.22211070880532158
2025-05-13,SPY,0.2173688849955472
2025-05-14,SPY,0.21683474663646876
2025-05-15,SPY,0.21533906350810034
2025-05-16,SPY,0.19203503585443896
2025-05-19,SPY,0.19213679151903545
2025-05-20,SPY,0.16317744770995055
2025-05-21,SPY,0.16734788307592163
2025-05-22,SPY,0.1633595357282536
2025-05-23,SPY,0.15530118004381835
2025-05-27,SPY,0.16685925668609453
2025-05-28,SPY,0.1696271915233554
2025-05-29,SPY,0.1692713187243571
2025-05-30,SPY,0.16964958054624169
2025-06-02,SPY,0.16927835333442207
2025-06-03,SPY,0.16402574467533046
2025-06-04,SPY,0.16166277506509566
2025-06-05,SPY,0.15906024590013226
2025-06-06,SPY,0.16106928615971053
2025-06-09,SPY,0.16063881855217138
2025-06-10,SPY,0.16017446118662515
2025-06-11,SPY,0.11887987449790428
2025-06-12,SPY,0.11780289468813089
2025-06-13,SPY,0.12558632124997485
2025-06-16,SPY,0.12848049475431217
2025-06-17,SPY,0.13102119609033439
2025-06-18,SPY,0.13099694064257514
2025-06-20,SPY,0.13069248194545655
2025-06-23,SPY,0.11878431766571482
2025-06-24,SPY,0.12312012763537268
2025-06-25,SPY,0.11898714839696758
2025-06-26,SPY,0.10085922029010197
2025-06-27,SPY,0.09748953582690749
2025-06-30,SPY,0.09770818615644769
2025-07-01,SPY,0.09739060203143364
2025-07-02,SPY,0.09700317302667505
2025-07-03,SPY,0.09824070924061117
2025-07-07,SPY,0.10373675985646422
2025-07-08,SPY,0.10115788074231884
2025-07-09,SPY,0.09795131138432646
2025-07-10,SPY,0.0978805583212647
2025-07-11,SPY,0.09893541382013686
2025-07-14,SPY,0.09750612308571391
2025-07-15,SPY,0.09954725228795755
2025-07-16,SPY,0.08813257247514754
2025-07-17,SPY,0.0853630914852723
2025-07-18,SPY,0.07693946693996506
2025-07-21,SPY,0.076378580382701
2025-07-22,SPY,0.07482103422608918
2025-07-23,SPY,0.07330228617913673
2025-07-24,SPY,0.06694375262225136
2025-07-25,SPY,0.06706309080550318
2025-07-28,SPY,0.06447641682995038
2025-07-29,SPY,0.06532611596880047
2025-07-30,SPY,0.06492262304685745
2025-07-31,SPY,0.06703550660167305
2025-08-01,SPY,0.08911621300915817
2025-08-04,SPY,0.10008595667661015
2025-08-05,SPY,0.09803202955147969
2025-08-06,SPY,0.10092831340567192
2025-08-07,SPY,0.09940058312194587
2025-08-08,SPY,0.10223152472169843
2025-08-11,SPY,0.10153549883879737
2025-08-12,SPY,0.10694233886587852
2025-08-13,SPY,0.10513670012581038
2025-08-14,SPY,0.10511213830005803
2025-08-15,SPY,0.1045908300906272
2025-08-18,SPY,0.10448771620759431
2025-08-19,SPY,0.10692206048825528
2025-08-20,SPY,0.107593514764471
2025-08-21,SPY,0.10487830158982685
2025-08-22,SPY,0.1174226477986933
2025-08-25,SPY,0.11808688650687439
2025-08-26,SPY,0.11876508125597413
2025-08-27,SPY,0.11827692396439829
2025-08-28,SPY,0.1183562835777992
2025-08-29,SPY,0.11973892995135377
2025-09-02,SPY,0.1066344077740496
2025-09-03,SPY,0.09551500575597563
2025-09-04,SPY,0.09616345285768504
2025-09-05,SPY,0.09471828791557232
2025-09-08,SPY,0.09455931645329127
2025-09-09,SPY,0.09163766071971044
2025-09-10,SPY,0.09120263277077723
2025-09-11,SPY,0.08847938774844168
2025-09-12,SPY,0.08819852154684689
2025-09-15,SPY,0.08942539079465474
2025-09-16,SPY,0.08900828643173656
2025-09-17,SPY,0.0892880073688062
2025-09-18,SPY,0.08669464306720887
2025-09-19,SPY,0.08592687711158219
2025-09-22,SPY,0.08349693764904104
2025-09-23,SPY,0.07342491429496958
2025-09-24,SPY,0.07231451177092754
2025-09-25,SPY,0.07459071436184353
2025-09-26,SPY,0.07622624081655459
2025-09-29,SPY,0.07599104673970888
2025-09-30,SPY,0.07176836954044996
2025-10-01,SPY,0.06385539967528674
2025-10-02,SPY,0.0628416618767498
2025-10-03,SPY,0.05870915588530518
2025-10-06,SPY,0.056727548915148786
2025-10-07,SPY,0.05989546461038867
2025-10-08,SPY,0.0617443441346974
2025-10-09,SPY,0.06365790103007019
2025-10-10,SPY,0.11391664880223049
2025-10-13,SPY,0.12595663923259104
2025-10-14,SPY,0.12487909037502777
2025-10-15,SPY,0.12554414638240433
2025-10-16,SPY,0.1279943428717948
2025-10-17,SPY,0.1284759032374139
2025-10-20,SPY,0.13228273077825908
2025-10-21,SPY,0.1314231026382341
2025-10-22,SPY,0.13128989754259424
2025-10-23,SPY,0.1319841204150328
2025-10-24,SPY,0.13281139180862134
2025-10-27,SPY,0.13690222673811978
2025-10-28,SPY,0.1368873713754377
2025-10-29,SPY,0.1367311639154202
2025-10-30,SPY,0.14319128121976402
2025-10-31,SPY,0.1434386648035362
2025-11-03,SPY,0.1434289158756124
2025-11-04,SPY,0.14979882316123475
2025-11-05,SPY,0.14944170148575636
2025-11-06,SPY,0.15309372906523694
2025-11-07,SPY,0.15280764817766676
2025-11-10,SPY,0.12684696059924103
2025-11-11,SPY,0.1173261866701395
2025-11-12,SPY,0.11697924912261821
2025-11-13,SPY,0.13208986247174484
2025-11-14,SPY,0.1294204683154059
2025-11-17,SPY,0.13273811180123465
2025-11-18,SPY,0.1303538276895175
2025-11-19,SPY,0.13132551061221995
2025-11-20,SPY,0.14008732356419204
2025-11-21,SPY,0.14328268221609397
2025-11-24,SPY,0.1501203216024474
2025-11-25,SPY,0.1478510483887959
2025-11-26,SPY,0.14977607972432314
2025-11-28,SPY,0.1511610419131846
2025-12-01,SPY,0.14697429726427688
2025-12-02,SPY,0.14666444700937695
2025-12-03,SPY,0.14702215765602442
2025-12-04,SPY,0.1404697189585078
2025-12-05,SPY,0.1401827252795416
2025-12-08,SPY,0.13476308625384348
2025-12-09,SPY,0.134912778609055
2025-12-10,SPY,0.1258537201675529
2025-12-11,SPY,0.12586066993304262
2025-12-12,SPY,0.1317098952383889
2025-12-15,SPY,0.11747622010278565
2025-12-16,SPY,0.11803275528891737
2025-12-17,SPY,0.11993298102962131
2025-12-18,SPY,0.11784014147514857
2025-12-19,SPY,0.12066684196844255
2025-12-22,SPY,0.1051902421785954
2025-12-23,SPY,0.10195771840595108
2025-12-24,SPY,0.09148605015721313
2025-12-26,SPY,0.08719026441169296
2025-12-29,SPY,0.0861296046360571
2025-12-30,SPY,0.0845976338133686
2025-12-31,SPY,0.0872354373448242
2026-01-02,SPY,0.0872311012126634
2026-01-05,SPY,0.08938252076697438
2026-01-06,SPY,0.09141347229911144
2026-01-07,SPY,0.09226390099552914
2026-01-08,SPY,0.09144842070259976
2026-01-09,SPY,0.09361980061159882
2026-01-12,SPY,0.09134296843484958
2026-01-13,SPY,0.0915888701687999
2026-01-14,SPY,0.08453564115224109
2026-01-15,SPY,0.08438035257408744
2026-01-16,SPY,0.08358941400239267
2026-01-20,SPY,0.10428998752802604
2026-01-21,SPY,0.10847387466566409
2026-01-22,SPY,0.10555881530430974
2026-01-23,SPY,0.103557074359019
2026-01-26,SPY,0.10383389703425441
2026-01-27,SPY,0.10402563854646096
2026-01-28,SPY,0.10402559585136098
2026-01-29,SPY,0.1034147867020934
2026-01-30,SPY,0.1039514397341929
2026-02-02,SPY,0.10109597248637629
2026-02-03,SPY,0.10612447498805455
2026-02-04,SPY,0.10513749093410435
2026-02-05,SPY,0.11104113736226043
2026-02-06,SPY,0.13068769133199917
2026-02-09,SPY,0.13169901147966145
2026-02-10,SPY,0.13003358896679584
2026-02-11,SPY,0.12989133002810843
2026-02-12,SPY,0.14020126692446047
2026-02-13,SPY,0.13948684552765123
2026-02-17,SPY,0.1392103411148246
2026-02-18,SPY,0.14057222854539128
2026-02-19,SPY,0.12077806454618381
2026-02-20,SPY,0.11667166878529849
2026-02-23,SPY,0.120656694133615
2026-02-24,SPY,0.12356486710697037
2026-02-25,SPY,0.12586629501991412
2026-02-26,SPY,0.12645386116804302
2026-02-27,SPY,0.1273612094515161
2026-03-02,SPY,0.1273234893129946
2026-03-03,SPY,0.13032481145677086
2026-03-04,SPY,0.1316755469894246
2026-03-05,SPY,0.12989756213005577
2026-03-06,SPY,0.13634223136115114
2026-03-09,SPY,0.13348859312240363
2026-03-10,SPY,0.1140016518341015
2026-03-11,SPY,0.11207877707365745
2026-03-12,SPY,0.12208780485000699
2026-03-13,SPY,0.1226572046375157
2026-03-16,SPY,0.11948382786520412
2026-03-17,SPY,0.11998191381329526
2026-03-18,SPY,0.1279795636596248
2026-03-19,SPY,0.12578125114853606
2026-03-20,SPY,0.13303173443893151
2026-03-23,SPY,0.13645083906952624
2026-03-24,SPY,0.1334407316777978
2026-03-25,SPY,0.13209226099184493
2026-03-26,SPY,0.13722398243169243
2026-03-27,SPY,0.14520398703681536
2026-03-30,SPY,0.1451648612333145
2026-03-31,SPY,0.18413478474674605
2026-04-01,SPY,0.18563062359631408
2026-04-02,SPY,0.1832264247821711
2026-04-06,SPY,0.18408638727720136
2026-04-07,SPY,0.17914215426073654
2026-04-08,SPY,0.1986129318870203
2026-04-09,SPY,0.19948152956539164
2026-04-10,SPY,0.1994302132093564
2026-04-13,SPY,0.19346720961231356
2026-04-14,SPY,0.19488508893182388
2026-04-15,SPY,0.19390345368931322
2026-04-16,SPY,0.19390127100786372
2026-04-17,SPY,0.18718646901677588
2026-04-20,SPY,0.18700410832778686
2026-04-21,SPY,0.17937814148315656
2026-04-22,SPY,0.17921165560895375
2026-04-23,SPY,0.17949017979960297
2026-04-24,SPY,0.17989819896855383
2026-04-27,SPY,0.16173680760646167
2026-04-28,SPY,0.14552490544856808
2026-04-29,SPY,0.14347359000933788
2026-04-30,SPY,0.1171096207199559
2026-05-01,SPY,0.11686766061668172
2026-05-04,SPY,0.11970655602995792
2026-05-05,SPY,0.12037982307074656
2026-05-06,SPY,0.12363623245334203
2026-05-07,SPY,0.10219459388633727
2026-05-08,SPY,0.10316049662293986
2026-05-11,SPY,0.10201639359580172
2026-05-12,SPY,0.10152655405398221
2026-05-13,SPY,0.09689205021119703
2026-05-14,SPY,0.09689404855984016
2026-05-15,SPY,0.11034677229784658
2026-05-18,SPY,0.1051273474672692
2026-05-19,SPY,0.10849043616502775
2026-05-20,SPY,0.10805287507608444
2026-05-21,SPY,0.10440765268779971
2026-05-22,SPY,0.10226665923772568
2026-05-26,SPY,0.10161288504996288
2026-05-27,SPY,0.10198510393289613
2026-05-28,SPY,0.09907296829968663
2026-05-29,SPY,0.09849761511722883
2026-06-01,SPY,0.09513809525240069
2026-06-02,SPY,0.09523056430572101
2026-06-03,SPY,0.09862484152897968
2026-06-04,SPY,0.09663337537120592
2026-06-05,SPY,0.12851241051763984
2026-06-08,SPY,0.1280935486856508
2026-06-09,SPY,0.12542289175462007
2026-06-10,SPY,0.13637763884580031
2026-06-11,SPY,0.1496943101784051
2026-06-12,SPY,0.14960811972150845
2026-06-15,SPY,0.15955213421383138
2026-06-16,SPY,0.1548786643564554
2026-06-17,SPY,0.16151879545330655
2026-06-18,SPY,0.1631918562395256
2026-06-22,SPY,0.1602070050475848
2026-06-23,SPY,0.16812322221354603
2026-06-24,SPY,0.16737974600679323
2026-06-25,SPY,0.1654973367274623
2026-06-26,SPY,0.16692286419881563
2026-06-29,SPY,0.17652383001143498
2026-06-30,SPY,0.17866427698005607
2026-07-01,SPY,0.17831487846372315
2026-07-02,SPY,0.17818044094195318
2026-07-06,SPY,0.17954866939043107
2026-07-07,SPY,0.17971616455316058
2026-07-08,SPY,0.15475780361084113
2026-07-09,SPY,0.15703573359717402
2026-07-10,SPY,0.15677242423124735
2026-07-13,SPY,0.14790798745864656
2026-07-14,SPY,0.1373412119097845
2026-07-15,SPY,0.13685499181333988
2026-07-16,SPY,0.1242461235916126
2026-07-17,SPY,0.12729286751054905
2026-07-20,SPY,0.11950494286270277
2026-07-21,SPY,0.11749480828142923
2026-07-22,SPY,0.1169987367989002
2026-07-23,SPY,0.11374658902052831
2026-07-24,SPY,0.11373329036892252
2026-07-27,SPY,0.11366957093948576
2026-07-28,SPY,0.11044238347735198
2026-07-29,SPY,0.10857318971484992
2026-07-30,SPY,0.12116745679262594
2026-07-31,SPY,0.12382176702413139
2026-08-03,SPY,0.13295793626868554
2026-08-04,SPY,0.14339568919312182
2026-08-05,SPY,0.1422450096327954
2026-08-06,SPY,0.14174147010936602
2026-08-07,SPY,0.1405140131013595
2026-08-10,SPY,0.14021123971444502
2026-08-11,SPY,0.13750052357454565
2026-08-12,SPY,0.13733984908195854
2026-08-13,SPY,0.13846105390057176
2026-08-14,SPY,0.13680767001515215
2026-08-17,SPY,0.1324187551504499
2026-08-18,SPY,0.13529507229255042
2026-08-19,SPY,0.13310719484004963
2026-08-20,SPY,0.13712119863840805
2026-08-21,SPY,0.12852074826333873
2026-08-24,SPY,0.12954168309390446
2026-08-25,SPY,0.129555251867735
2026-08-26,SPY,0.12963349077293795
2026-08-27,SPY,0.11477873470013583
2026-08-28,SPY,0.1037375642010266
2026-08-31,SPY,0.10301422056963833
2026-09-01,SPY,0.09520623584193735
2026-09-02,SPY,0.0721105843495843
2026-09-03,SPY,0.08095877092721186
2026-09-04,SPY,0.0819685584017881
2026-09-08,SPY,0.081117763589187
2026-09-09,SPY,0.08241153399765042
2026-09-10,SPY,0.08405630952147128
2026-09-11,SPY,0.08943440589195388
2026-09-14,SPY,0.08611205395620762
2026-09-15,SPY,0.08694096454627004
2026-09-16,SPY,0.08678367297368414
2026-09-17,SPY,0.0943542172409309
2026-09-18,SPY,0.09413774904300332
2026-09-21,SPY,0.10418303066940066
2026-09-22,SPY,0.10353679290095483
2026-09-23,SPY,0.10639337891706341
2026-09-24,SPY,0.10597685035347412
2021-10-26,TLT,0.1373234588343804
2021-10-27,TLT,0.13985181902174074
2021-10-28,TLT,0.1407673210772556
2021-10-29,TLT,0.14086367349358786
2021-11-01,TLT,0.1411679256134459
2021-11-02,TLT,0.14137078808470874
2021-11-03,TLT,0.1420203272564695
2021-11-04,TLT,0.1451000646942267
2021-11-05,TLT,0.14654407209903747
2021-11-08,TLT,0.14353701121764023
2021-11-09,TLT,0.14681802355737336
2021-11-10,TLT,0.15546310846632436
2021-11-11,TLT,0.15281329078483571
2021-11-12,TLT,0.15355176737931758
2021-11-15,TLT,0.1587688433870375
2021-11-16,TLT,0.15820014627440296
2021-11-17,TLT,0.1522712555586862
2021-11-18,TLT,0.14991277713883422
2021-11-19,TLT,0.1528053974196782
2021-11-22,TLT,0.15618559188480277
2021-11-23,TLT,0.16492143930518036
2021-11-24,TLT,0.17172380527099573
2021-11-26,TLT,0.18224310863302623
2021-11-29,TLT,0.1843598460140872
2021-11-30,TLT,0.1909230877048354
2021-12-01,TLT,0.18896794078567963
2021-12-02,TLT,0.1887740925471628
2021-12-03,TLT,0.1864001191203713
2021-12-06,TLT,0.19276706364126608
2021-12-07,TLT,0.18938774848385695
2021-12-08,TLT,0.1992581437577364
2021-12-09,TLT,0.19472178836797
2021-12-10,TLT,0.18383616646536013
2021-12-13,TLT,0.1903279814887615
2021-12-14,TLT,0.1897230617807236
2021-12-15,TLT,0.18729721651761147
2021-12-16,TLT,0.18680532527185695
2021-12-17,TLT,0.188649419318369
2021-12-20,TLT,0.19107076548400198
2021-12-21,TLT,0.1885838717090561
2021-12-22,TLT,0.18375115544294227
2021-12-23,TLT,0.17855946920198917
2021-12-27,TLT,0.17060457454153258
2021-12-28,TLT,0.14614139460378012
2021-12-29,TLT,0.14832717705968976
2021-12-30,TLT,0.14080834554754248
2021-12-31,TLT,0.13884052958216364
2022-01-03,TLT,0.1632096796207559
2022-01-04,TLT,0.1545277505485824
2022-01-05,TLT,0.1500748527872167
2022-01-06,TLT,0.1499899799543348
2022-01-07,TLT,0.1411805219583303
2022-01-10,TLT,0.13948762375409238
2022-01-11,TLT,0.14270718277371355
2022-01-12,TLT,0.1297105264950328
2022-01-13,TLT,0.13559529778437918
2022-01-14,TLT,0.14072746741883188
2022-01-18,TLT,0.14613414316875084
2022-01-19,TLT,0.14143521380639992
2022-01-20,TLT,0.14403354420121828
2022-01-21,TLT,0.15227489063142255
2022-01-24,TLT,0.15200317811249758
2022-01-25,TLT,0.1502612028979842
2022-01-26,TLT,0.1532389995403093
2022-01-27,TLT,0.16958397855074342
2022-01-28,TLT,0.16627761411880912
2022-01-31,TLT,0.16312420976394879
2022-02-01,TLT,0.1626329347840737
2022-02-02,TLT,0.13741818692248658
2022-02-03,TLT,0.13917933291356044
2022-02-04,TLT,0.14664657980795628
2022-02-07,TLT,0.1461657316899353
2022-02-08,TLT,0.14592132450335518
2022-02-09,TLT,0.14574805507752944
2022-02-10,TLT,0.1510510797130298
2022-02-11,TLT,0.16221509930392342
2022-02-14,TLT,0.161846183950294
2022-02-15,TLT,0.15865290829921275
2022-02-16,TLT,0.15508768911507959
2022-02-17,TLT,0.1554443564059802
2022-02-18,TLT,0.1588002979983646
2022-02-22,TLT,0.15230330099240477
2022-02-23,TLT,0.1565173390987269
2022-02-24,TLT,0.15675927922626942
2022-02-25,TLT,0.15232558815748798
2022-02-28,TLT,0.15843684433857758
2022-03-01,TLT,0.1642630235511079
2022-03-02,TLT,0.20136226720688874
2022-03-03,TLT,0.20548273044942336
2022-03-04,TLT,0.2147741227822668
2022-03-07,TLT,0.21469975654128012
2022-03-08,TLT,0.21137324509106548
2022-03-09,TLT,0.2138795861023079
2022-03-10,TLT,0.2181659987979836
2022-03-11,TLT,0.21848048983768334
2022-03-14,TLT,0.22624227977678257
2022-03-15,TLT,0.21838617153790227
2022-03-16,TLT,0.21886058380284465
2022-03-17,TLT,0.21698049862200525
2022-03-18,TLT,0.22056161981454997
2022-03-21,TLT,0.23157470971687877
2022-03-22,TLT,0.22960737052861713
2022-03-23,TLT,0.24502667741170317
2022-03-24,TLT,0.24237272584335837
2022-03-25,TLT,0.2455421008897799
2022-03-28,TLT,0.2484072356146709
2022-03-29,TLT,0.2353593416469857
2022-03-30,TLT,0.2327666622852774
2022-03-31,TLT,0.20420320382487045
2022-04-01,TLT,0.2007794693710038
2022-04-04,TLT,0.18901658802998214
2022-04-05,TLT,0.2004606777167358
2022-04-06,TLT,0.1997832410741254
2022-04-07,TLT,0.19904293120674488
2022-04-08,TLT,0.19696381126361923
2022-04-11,TLT,0.20001435130417294
2022-04-12,TLT,0.18759047767340778
2022-04-13,TLT,0.18840008989483473
2022-04-14,TLT,0.19126303063310116
2022-04-18,TLT,0.1909540065944084
2022-04-19,TLT,0.1814930524751156
2022-04-20,TLT,0.1893140903973309
2022-04-21,TLT,0.18674234066539258
2022-04-22,TLT,0.16368275067209317
2022-04-25,TLT,0.1702612990033759
2022-04-26,TLT,0.17186002380065568
2022-04-27,TLT,0.1709006600290928
2022-04-28,TLT,0.1673217416193928
2022-04-29,TLT,0.16502905916055013
2022-05-02,TLT,0.16867947240203793
2022-05-03,TLT,0.1710045712858524
2022-05-04,TLT,0.17492650453043038
2022-05-05,TLT,0.18176455853774295
2022-05-06,TLT,0.18463446539000972
2022-05-09,TLT,0.19069992594583382
2022-05-10,TLT,0.19480608436287425
2022-05-11,TLT,0.2046623798198728
2022-05-12,TLT,0.2046539926155751
2022-05-13,TLT,0.20881324797824272
2022-05-16,TLT,0.1990926147717252
2022-05-17,TLT,0.20201853226630725
2022-05-18,TLT,0.2165472069947596
2022-05-19,TLT,0.20328627319181658
2022-05-20,TLT,0.20691612826604458
2022-05-23,TLT,0.21325560768269666
2022-05-24,TLT,0.22218096806654017
2022-05-25,TLT,0.2194240652342368
2022-05-26,TLT,0.21565875637544285
2022-05-27,TLT,0.21580267731184452
2022-05-31,TLT,0.22344747430044543
2022-06-01,TLT,0.21542130931009046
2022-06-02,TLT,0.21396150899623126
2022-06-03,TLT,0.21288598642649048
2022-06-06,TLT,0.2007439949921051
2022-06-07,TLT,0.1973144921701792
2022-06-08,TLT,0.1977348022484801
2022-06-09,TLT,0.1953747837343272
2022-06-10,TLT,0.18264888453321307
2022-06-13,TLT,0.20984864022542904
2022-06-14,TLT,0.2084406253264102
2022-06-15,TLT,0.22138073969887473
2022-06-16,TLT,0.22067423337286118
2022-06-17,TLT,0.20605987605215015
2022-06-21,TLT,0.21186922098701427
2022-06-22,TLT,0.2318640448472398
2022-06-23,TLT,0.22819312364713074
2022-06-24,TLT,0.21957790219848314
2022-06-27,TLT,0.21927355099052304
2022-06-28,TLT,0.22077598325539327
2022-06-29,TLT,0.22909690551427764
2022-06-30,TLT,0.2207800220864116
2022-07-01,TLT,0.22388865826199367
2022-07-05,TLT,0.22552985928345878
2022-07-06,TLT,0.2331679364205239
2022-07-07,TLT,0.22600825594696528
2022-07-08,TLT,0.22570780022947864
2022-07-11,TLT,0.23213852492083734
2022-07-12,TLT,0.23273814305726556
2022-07-13,TLT,0.2344050167930307
2022-07-14,TLT,0.20564956453081057
2022-07-15,TLT,0.19844178896917605
2022-07-18,TLT,0.19559099444536635
2022-07-19,TLT,0.1958515646398651
2022-07-20,TLT,0.19578700509645225
2022-07-21,TLT,0.19159349621936506
2022-07-22,TLT,0.17731788376639818
2022-07-25,TLT,0.1807470410315846
2022-07-26,TLT,0.17200052858290021
2022-07-27,TLT,0.1699995892902619
2022-07-28,TLT,0.17095186434440013
2022-07-29,TLT,0.16490733971258018
2022-08-01,TLT,0.18102108121185162
2022-08-02,TLT,0.1958154654755211
2022-08-03,TLT,0.2012063126884938
2022-08-04,TLT,0.19043242015532483
2022-08-05,TLT,0.20748723521168622
2022-08-08,TLT,0.20846781396226052
2022-08-09,TLT,0.20251212431597296
2022-08-10,TLT,0.20373270986113384
2022-08-11,TLT,0.21641237689373866
2022-08-12,TLT,0.21771435899129937
2022-08-15,TLT,0.21683503335748544
2022-08-16,TLT,0.2139626085788074
2022-08-17,TLT,0.21643711754362455
2022-08-18,TLT,0.21632170387443686
2022-08-19,TLT,0.2141917312492243
2022-08-22,TLT,0.20385191079420278
2022-08-23,TLT,0.20239454593059908
2022-08-24,TLT,0.202911635468713
2022-08-25,TLT,0.21022783635319867
2022-08-26,TLT,0.20999266581669135
2022-08-29,TLT,0.21126674944617727
2022-08-30,TLT,0.19012351007319817
2022-08-31,TLT,0.1800044644358287
2022-09-01,TLT,0.17566456476950612
2022-09-02,TLT,0.17839816226093305
2022-09-06,TLT,0.1798011371978263
2022-09-07,TLT,0.17935369286384714
2022-09-08,TLT,0.18080393955912252
2022-09-09,TLT,0.18178165823537415
2022-09-12,TLT,0.16812040032636122
2022-09-13,TLT,0.16260999107302215
2022-09-14,TLT,0.16406710962345047
2022-09-15,TLT,0.16225956433083033
2022-09-16,TLT,0.1612439379182765
2022-09-19,TLT,0.16157763940493564
2022-09-20,TLT,0.15667747571815582
2022-09-21,TLT,0.170639367804349
2022-09-22,TLT,0.18918203982418527
2022-09-23,TLT,0.18986943898334568
2022-09-26,TLT,0.18887482002944822
2022-09-27,TLT,0.1993487264437423
2022-09-28,TLT,0.24016491660205314
2022-09-29,TLT,0.2392438804518918
2022-09-30,TLT,0.24053516358841995
2022-10-03,TLT,0.2440060437322378
2022-10-04,TLT,0.24226325067678378
2022-10-05,TLT,0.23027728271881626
2022-10-06,TLT,0.2211344724692488
2022-10-07,TLT,0.22091661884786792
2022-10-10,TLT,0.2241588445738561
2022-10-11,TLT,0.22533917753084948
2022-10-12,TLT,0.22632075086890183
2022-10-13,TLT,0.22604413539296797
2022-10-14,TLT,0.226260587947188
2022-10-17,TLT,0.22576459113651012
2022-10-18,TLT,0.22576848623075726
2022-10-19,TLT,0.23029195366428432
2022-10-20,TLT,0.22087495212663733
2022-10-21,TLT,0.2138919405406508
2022-10-24,TLT,0.21110745107630835
2022-10-25,TLT,0.23825808611103205
2022-10-26,TLT,0.23161295765680098
2022-10-27,TLT,0.19862656175388713
2022-10-28,TLT,0.19894294499405746
2022-10-31,TLT,0.19635136172983478
2022-11-01,TLT,0.18967627664975326
2022-11-02,TLT,0.1897139568169259
2022-11-03,TLT,0.18850968831583448
2022-11-04,TLT,0.19433517114098697
2022-11-07,TLT,0.1944439175319534
2022-11-08,TLT,0.19555657178434185
2022-11-09,TLT,0.19510124051061523
2022-11-10,TLT,0.24030906678521127
2022-11-11,TLT,0.2384527658262601
2022-11-14,TLT,0.2369195139963721
2022-11-15,TLT,0.24286670162515425
2022-11-16,TLT,0.25363167106627177
2022-11-17,TLT,0.2473681416627606
2022-11-18,TLT,0.23981202949091976
2022-11-21,TLT,0.22783818581491608
2022-11-22,TLT,0.226357134914307
2022-11-23,TLT,0.2137480903239328
2022-11-25,TLT,0.2118503856068138
2022-11-28,TLT,0.21023150074233427
2022-11-29,TLT,0.21372255458188916
2022-11-30,TLT,0.21121515174986774
2022-12-01,TLT,0.23268034145733102
2022-12-02,TLT,0.23200232437342144
2022-12-05,TLT,0.2388019223140702
2022-12-06,TLT,0.22672611410676125
2022-12-07,TLT,0.22622521049787278
2022-12-08,TLT,0.2288288039867705
2022-12-09,TLT,0.2560490021279447
2022-12-12,TLT,0.2268498543937272
2022-12-13,TLT,0.22577110656951443
2022-12-14,TLT,0.22425809773252084
2022-12-15,TLT,0.22060932446820564
2022-12-16,TLT,0.2175078184313067
2022-12-19,TLT,0.22339113882281206
2022-12-20,TLT,0.23222957158914426
2022-12-21,TLT,0.2321102464454716
2022-12-22,TLT,0.22792756853352178
2022-12-23,TLT,0.22649103228185538
2022-12-27,TLT,0.23631317929131324
2022-12-28,TLT,0.23648425804957893
2022-12-29,TLT,0.2372670835866737
2022-12-30,TLT,0.23841106438450252
2023-01-03,TLT,0.21930622350038914
2023-01-04,TLT,0.22026530024073507
2023-01-05,TLT,0.2164552276254384
2023-01-06,TLT,0.22164602291671825
2023-01-09,TLT,0.2049867646847617
2023-01-10,TLT,0.21155448808275576
2023-01-11,TLT,0.2018282512855953
2023-01-12,TLT,0.21299063155936604
2023-01-13,TLT,0.21309180505786038
2023-01-17,TLT,0.21348491258104096
2023-01-18,TLT,0.23002120399936338
2023-01-19,TLT,0.22756878572680841
2023-01-20,TLT,0.22700939259759415
2023-01-23,TLT,0.21811484477798906
2023-01-24,TLT,0.22289202164916055
2023-01-25,TLT,0.2227987182176846
2023-01-26,TLT,0.2160727247984691
2023-01-27,TLT,0.20166695330425413
2023-01-30,TLT,0.20055530831679722
2023-01-31,TLT,0.19917182914807272
2023-02-01,TLT,0.19449558550852475
2023-02-02,TLT,0.1869071366228342
2023-02-03,TLT,0.1930927142244809
2023-02-06,TLT,0.19555631394207917
2023-02-07,TLT,0.18787699631400964
2023-02-08,TLT,0.18769055193362655
2023-02-09,TLT,0.18126785667995332
2023-02-10,TLT,0.17596397235259453
2023-02-13,TLT,0.16325932580030528
2023-02-14,TLT,0.1607260182128245
2023-02-15,TLT,0.16223586146085922
2023-02-16,TLT,0.13930802369614873
2023-02-17,TLT,0.1436221330183273
2023-02-21,TLT,0.1479130881471873
2023-02-22,TLT,0.15303564471469738
2023-02-23,TLT,0.1476134164666764
2023-02-24,TLT,0.1513189411073377
2023-02-27,TLT,0.15235958529984486
2023-02-28,TLT,0.15427267253998064
2023-03-01,TLT,0.15709235072494176
2023-03-02,TLT,0.15378730393334605
2023-03-03,TLT,0.17359889876198487
2023-03-06,TLT,0.17382175225451527
2023-03-07,TLT,0.17103482131641642
2023-03-08,TLT,0.17022444309854867
2023-03-09,TLT,0.16918709668026832
2023-03-10,TLT,0.2090335168781153
2023-03-13,TLT,0.20611589267201672
2023-03-14,TLT,0.21070835994177328
2023-03-15,TLT,0.21906644482129647
2023-03-16,TLT,0.2209549048055461
2023-03-17,TLT,0.2230057091876909
2023-03-20,TLT,0.21885654027293125
2023-03-21,TLT,0.2209300134928037
2023-03-22,TLT,0.21089858186807672
2023-03-23,TLT,0.20989595945262637
2023-03-24,TLT,0.20836140066418896
2023-03-27,TLT,0.22084485097446527
2023-03-28,TLT,0.22081521413237198
2023-03-29,TLT,0.22092921391034245
2023-03-30,TLT,0.21664095006705908
2023-03-31,TLT,0.21711431367589812
2023-04-03,TLT,0.20349094477037014
2023-04-04,TLT,0.20027693968108437
2023-04-05,TLT,0.20169477686225684
2023-04-06,TLT,0.20155277054684
2023-04-10,TLT,0.21244781372731342
2023-04-11,TLT,0.1774736279661067
2023-04-12,TLT,0.17749969680278435
2023-04-13,TLT,0.16938780613476065
2023-04-14,TLT,0.15913693332727094
2023-04-17,TLT,0.16216232859845128
2023-04-18,TLT,0.1529697020941367
2023-04-19,TLT,0.1503422749992888
2023-04-20,TLT,0.15066873424240085
2023-04-21,TLT,0.14394292617643162
2023-04-24,TLT,0.1484047939749267
2023-04-25,TLT,0.15662591620444075
2023-04-26,TLT,0.13726450914310298
2023-04-27,TLT,0.14213485433421957
2023-04-28,TLT,0.15201900009298572
2023-05-01,TLT,0.18330742878238784
2023-05-02,TLT,0.19660783918502583
2023-05-03,TLT,0.19689517734723438
2023-05-04,TLT,0.1989322148604487
2023-05-05,TLT,0.19492453195615947
2023-05-08,TLT,0.19918123860726744
2023-05-09,TLT,0.19268506895987317
2023-05-10,TLT,0.19625102196353778
2023-05-11,TLT,0.20040280825423115
2023-05-12,TLT,0.20064399843579092
2023-05-15,TLT,0.2013356913625217
2023-05-16,TLT,0.1974053556153724
2023-05-17,TLT,0.19710624764635404
2023-05-18,TLT,0.19853529149714458
2023-05-19,TLT,0.1965721325538125
2023-05-22,TLT,0.19617098014842754
2023-05-23,TLT,0.19267236006653146
2023-05-24,TLT,0.1832194441026069
2023-05-25,TLT,0.18095651351752146
2023-05-26,TLT,0.18223554931079036
2023-05-30,TLT,0.17587438276734624
2023-05-31,TLT,0.14926858240384056
2023-06-01,TLT,0.11989099883182953
2023-06-02,TLT,0.12208114932254807
2023-06-05,TLT,0.11851208375063293
2023-06-06,TLT,0.12093128472939213
2023-06-07,TLT,0.12208549496060735
2023-06-08,TLT,0.12932035450028387
2023-06-09,TLT,0.12411028494801604
2023-06-12,TLT,0.11793999132022251
2023-06-13,TLT,0.11920784404381615
2023-06-14,TLT,0.1185273154852201
2023-06-15,TLT,0.12298789134466563
2023-06-16,TLT,0.12334318835392769
2023-06-20,TLT,0.12223964333403142
2023-06-21,TLT,0.1188685149619482
2023-06-22,TLT,0.12665352174856503
2023-06-23,TLT,0.13038151751314855
2023-06-26,TLT,0.12843952170529355
2023-06-27,TLT,0.12848894287200788
2023-06-28,TLT,0.1267010758270399
2023-06-29,TLT,0.1391676352201025
2023-06-30,TLT,0.14197730066870035
2023-07-03,TLT,0.14264476212258656
2023-07-05,TLT,0.14135989409347302
2023-07-06,TLT,0.14930712867433166
2023-07-07,TLT,0.148245896557833
2023-07-10,TLT,0.1401244263043278
2023-07-11,TLT,0.13458889750671804
2023-07-12,TLT,0.1409056257569277
2023-07-13,TLT,0.14549699894210402
2023-07-14,TLT,0.14270676537869467
2023-07-17,TLT,0.13987900163742345
2023-07-18,TLT,0.13648542265584443
2023-07-19,TLT,0.14162839230688354
2023-07-20,TLT,0.14578388378581555
2023-07-21,TLT,0.14541834529659797
2023-07-24,TLT,0.13992501810125094
2023-07-25,TLT,0.13492051015070528
2023-07-26,TLT,0.13490720379742466
2023-07-27,TLT,0.14950805168885456
2023-07-28,TLT,0.1499715992798232
2023-07-31,TLT,0.13797563518605369
2023-08-01,TLT,0.14050663957086146
2023-08-02,TLT,0.14322747895630045
2023-08-03,TLT,0.1587947937021291
2023-08-04,TLT,0.16833227616062194
2023-08-07,TLT,0.17018088848242982
2023-08-08,TLT,0.17598659115517207
2023-08-09,TLT,0.1760003948136201
2023-08-10,TLT,0.1779164810873363
2023-08-11,TLT,0.17167400633162805
2023-08-14,TLT,0.1713555903712473
2023-08-15,TLT,0.17128865175754593
2023-08-16,TLT,0.1696919595727085
2023-08-17,TLT,0.16070618904217712
2023-08-18,TLT,0.1603951567701315
2023-08-21,TLT,0.16306421993387735
2023-08-22,TLT,0.16829144397616042
2023-08-23,TLT,0.19527512352928422
2023-08-24,TLT,0.19532510381638887
2023-08-25,TLT,0.18670375915376086
2023-08-28,TLT,0.18532330234771358
2023-08-29,TLT,0.18972038494879848
2023-08-30,TLT,0.18195318082694217
2023-08-31,TLT,0.1792086328824454
2023-09-01,TLT,0.16871142233504405
2023-09-05,TLT,0.16291221810625583
2023-09-06,TLT,0.16035240186297553
2023-09-07,TLT,0.15460069655245576
2023-09-08,TLT,0.15397788071122484
2023-09-11,TLT,0.14553510792016544
2023-09-12,TLT,0.14714089641960681
2023-09-13,TLT,0.14699337343230637
2023-09-14,TLT,0.1476019554212258
2023-09-15,TLT,0.1466161196159891
2023-09-18,TLT,0.14725518762901318
2023-09-19,TLT,0.14899426449586356
2023-09-20,TLT,0.1415965571675494
2023-09-21,TLT,0.16535830338159943
2023-09-22,TLT,0.1406615710669892
2023-09-25,TLT,0.16064214163437904
2023-09-26,TLT,0.15914108726884538
2023-09-27,TLT,0.15856033827210372
2023-09-28,TLT,0.15245204567632792
2023-09-29,TLT,0.1527604999235903
2023-10-02,TLT,0.15613297473650245
2023-10-03,TLT,0.16256481192531894
2023-10-04,TLT,0.17178148971520754
2023-10-05,TLT,0.17038449968530633
2023-10-06,TLT,0.17074535707991187
2023-10-09,TLT,0.19494548456842858
2023-10-10,TLT,0.19469307219200915
2023-10-11,TLT,0.21017649730395493
2023-10-12,TLT,0.22613264042742964
2023-10-13,TLT,0.23810909749109024
2023-10-16,TLT,0.24230851154189928
2023-10-17,TLT,0.24137963166433413
2023-10-18,TLT,0.24167020798467012
2023-10-19,TLT,0.2464468521226909
2023-10-20,TLT,0.2375839952076496
2023-10-23,TLT,0.24045987755004858
2023-10-24,TLT,0.2344800270753886
2023-10-25,TLT,0.24493530995275695
2023-10-26,TLT,0.2525437166868411
2023-10-27,TLT,0.25205928238177816
2023-10-30,TLT,0.2520562667120647
2023-10-31,TLT,0.24679984047247988
2023-11-01,TLT,0.24858345690076533
2023-11-02,TLT,0.2563631514417559
2023-11-03,TLT,0.2563054185843869
2023-11-06,TLT,0.2548472181265813
2023-11-07,TLT,0.2469977785255899
2023-11-08,TLT,0.2529490320156527
2023-11-09,TLT,0.25699671055145595
2023-11-10,TLT,0.2381643688114674
2023-11-13,TLT,0.23061050313245757
2023-11-14,TLT,0.23481225838031036
2023-11-15,TLT,0.23717135833807787
2023-11-16,TLT,0.23631908287146594
2023-11-17,TLT,0.2202571998799785
2023-11-20,TLT,0.22029687356559244
2023-11-21,TLT,0.21901852073004974
2023-11-22,TLT,0.21629153496428696
2023-11-24,TLT,0.20337557648959348
2023-11-27,TLT,0.20440777486322312
2023-11-28,TLT,0.20244633492205186
2023-11-29,TLT,0.20194098902879165
2023-11-30,TLT,0.20726959790341906
2023-12-01,TLT,0.2045279937060943
2023-12-04,TLT,0.19509847645717546
2023-12-05,TLT,0.20491440460284807
2023-12-06,TLT,0.2011636201129834
2023-12-07,TLT,0.2011487753632382
2023-12-08,TLT,0.19953222905612006
2023-12-11,TLT,0.1773814886829521
2023-12-12,TLT,0.17727941843781614
2023-12-13,TLT,0.18846155868753797
2023-12-14,TLT,0.19274234609491955
2023-12-15,TLT,0.18059519775739094
2023-12-18,TLT,0.18490746151411983
2023-12-19,TLT,0.18491753552547083
2023-12-20,TLT,0.18498943720897754
2023-12-21,TLT,0.18821678049053733
2023-12-22,TLT,0.1908551501132892
2023-12-26,TLT,0.18193873774712147
2023-12-27,TLT,0.18280120080388168
2023-12-28,TLT,0.18744019434521061
2023-12-29,TLT,0.19064294049397104
2024-01-02,TLT,0.1858861042555095
2024-01-03,TLT,0.17766385670439702
2024-01-04,TLT,0.1872555338186486
2024-01-05,TLT,0.1783329845576475
2024-01-08,TLT,0.17572285793488432
2024-01-09,TLT,0.1760398910792606
2024-01-10,TLT,0.17417323939500387
2024-01-11,TLT,0.17447557510956274
2024-01-12,TLT,0.17475088625388338
2024-01-16,TLT,0.16642314761987823
2024-01-17,TLT,0.13487155354557456
2024-01-18,TLT,0.13654489000104222
2024-01-19,TLT,0.13650075947043813
2024-01-22,TLT,0.13690174416710224
2024-01-23,TLT,0.13440985839258915
2024-01-24,TLT,0.13426206151202047
2024-01-25,TLT,0.13781016184514405
2024-01-26,TLT,0.1365964962283289
2024-01-29,TLT,0.12637691852552838
2024-01-30,TLT,0.13153760043935786
2024-01-31,TLT,0.13491325410260366
2024-02-01,TLT,0.15137335397871127
2024-02-02,TLT,0.16892649248892785
2024-02-05,TLT,0.1749655545465498
2024-02-06,TLT,0.17631043997476678
2024-02-07,TLT,0.17284104280520365
2024-02-08,TLT,0.1726360451415476
2024-02-09,TLT,0.17218837627987793
2024-02-12,TLT,0.1707346600810276
2024-02-13,TLT,0.17949360735153574
2024-02-14,TLT,0.1714824179541422
2024-02-15,TLT,0.17268917711062995
2024-02-16,TLT,0.17085245158094214
2024-02-20,TLT,0.17043769444785145
2024-02-21,TLT,0.17028204202082037
2024-02-22,TLT,0.16954569698519156
2024-02-23,TLT,0.1748236036424864
2024-02-26,TLT,0.17377297238520406
2024-02-27,TLT,0.17539776755547212
2024-02-28,TLT,0.171919447798696
2024-02-29,TLT,0.17065142941486497
2024-03-01,TLT,0.16833756629399071
2024-03-04,TLT,0.1513933768489472
2024-03-05,TLT,0.14226392873687865
2024-03-06,TLT,0.12334269692881543
2024-03-07,TLT,0.11938159379478847
2024-03-08,TLT,0.11808681256655879
2024-03-11,TLT,0.11578236887544681
2024-03-12,TLT,0.11987645195080017
2024-03-13,TLT,0.12137999772441808
2024-03-14,TLT,0.11825642123784369
2024-03-15,TLT,0.11708715530240123
2024-03-18,TLT,0.11616950476409353
2024-03-19,TLT,0.1147219774158262
2024-03-20,TLT,0.11471652905117521
2024-03-21,TLT,0.11172960701527652
2024-03-22,TLT,0.11509254662538865
2024-03-25,TLT,0.10723997690985908
2024-03-26,TLT,0.10708628342086667
2024-03-27,TLT,0.10860562513886246
2024-03-28,TLT,0.10704894516201664
2024-04-01,TLT,0.12363450182492729
2024-04-02,TLT,0.12226835038963846
2024-04-03,TLT,0.12181431481398927
2024-04-04,TLT,0.11289855599175996
2024-04-05,TLT,0.11796069934898058
2024-04-08,TLT,0.1181027131242708
2024-04-09,TLT,0.12456008702872506
2024-04-10,TLT,0.14273983775500085
2024-04-11,TLT,0.1414045443216677
2024-04-12,TLT,0.1435877130652594
2024-04-15,TLT,0.14376419314176667
2024-04-16,TLT,0.14453219899311917
2024-04-17,TLT,0.1516715941341646
2024-04-18,TLT,0.15125621952149243
2024-04-19,TLT,0.15239227122394938
2024-04-22,TLT,0.1517309294094621
2024-04-23,TLT,0.14618802747848358
2024-04-24,TLT,0.1468332434826506
2024-04-25,TLT,0.14633507244710842
2024-04-26,TLT,0.1419891754624152
2024-04-29,TLT,0.14738646130708039
2024-04-30,TLT,0.1374622349070469
2024-05-01,TLT,0.14080627017729694
2024-05-02,TLT,0.14223534386848888
2024-05-03,TLT,0.14481947214882138
2024-05-06,TLT,0.13821991314931814
2024-05-07,TLT,0.1400598363149709
2024-05-08,TLT,0.13710198013670355
2024-05-09,TLT,0.11517588072113846
2024-05-10,TLT,0.11582187974861735
2024-05-13,TLT,0.11470499848791625
2024-05-14,TLT,0.10070805706554178
2024-05-15,TLT,0.10515586923486
2024-05-16,TLT,0.10049047553978797
2024-05-17,TLT,0.10206857514854945
2024-05-20,TLT,0.1029231121123029
2024-05-21,TLT,0.10321288737116327
2024-05-22,TLT,0.10312802337455788
2024-05-23,TLT,0.1024690841976238
2024-05-24,TLT,0.0975829643065248
2024-05-28,TLT,0.11212695555338785
2024-05-29,TLT,0.11782532368361567
2024-05-30,TLT,0.11769861697803172
2024-05-31,TLT,0.11732221586988235
2024-06-03,TLT,0.1281998311466211
2024-06-04,TLT,0.12961457005997112
2024-06-05,TLT,0.1309004448232415
2024-06-06,TLT,0.13042874476593325
2024-06-07,TLT,0.14544809243441822
2024-06-10,TLT,0.1469488587189472
2024-06-11,TLT,0.14917311779464862
2024-06-12,TLT,0.15076340859159626
2024-06-13,TLT,0.15715169834698375
2024-06-14,TLT,0.153163408800231
2024-06-17,TLT,0.15806275761539273
2024-06-18,TLT,0.15774180093830414
2024-06-20,TLT,0.15967469431140935
2024-06-21,TLT,0.15925553770972803
2024-06-24,TLT,0.1595089014992962
2024-06-25,TLT,0.15683658187453373
2024-06-26,TLT,0.16651681498621518
2024-06-27,TLT,0.1568914699689392
2024-06-28,TLT,0.16563194935918155
2024-07-01,TLT,0.17527941622906013
2024-07-02,TLT,0.1757697210931398
2024-07-03,TLT,0.17263019294000917
2024-07-05,TLT,0.17019119568612134
2024-07-08,TLT,0.16837159706624782
2024-07-09,TLT,0.16898098578035387
2024-07-10,TLT,0.15584939336969142
2024-07-11,TLT,0.15630946176200256
2024-07-12,TLT,0.15340457834422463
2024-07-15,TLT,0.1577411772311245
2024-07-16,TLT,0.15707367825379098
2024-07-17,TLT,0.15430947609786155
2024-07-18,TLT,0.15265936974704
2024-07-19,TLT,0.1502275279875477
2024-07-22,TLT,0.1488927853156367
2024-07-23,TLT,0.14891570258093995
2024-07-24,TLT,0.1520085393417566
2024-07-25,TLT,0.15522811228633712
2024-07-26,TLT,0.15007294060037712
2024-07-29,TLT,0.15060580927542055
2024-07-30,TLT,0.1345499042933188
2024-07-31,TLT,0.11979450395901652
2024-08-01,TLT,0.12029012227027677
2024-08-02,TLT,0.15217376086839182
2024-08-05,TLT,0.15133067077654805
2024-08-06,TLT,0.17559580243204229
2024-08-07,TLT,0.1770589018362233
2024-08-08,TLT,0.17923057965592346
2024-08-09,TLT,0.17931405111079068
2024-08-12,TLT,0.1792069442488632
2024-08-13,TLT,0.17358024425926255
2024-08-14,TLT,0.16900199837984428
2024-08-15,TLT,0.17254105275052217
2024-08-16,TLT,0.16925276045981452
2024-08-19,TLT,0.16682843209760115
2024-08-20,TLT,0.16648113042648974
2024-08-21,TLT,0.16592343928257453
2024-08-22,TLT,0.16500219692975848
2024-08-23,TLT,0.16449055131980145
2024-08-26,TLT,0.16480314650814878
2024-08-27,TLT,0.16523172657288882
2024-08-28,TLT,0.1656211628242622
2024-08-29,TLT,0.16396886473139693
2024-08-30,TLT,0.16707709039660534
2024-09-03,TLT,0.13840614450341304
2024-09-04,TLT,0.14448282641995266
2024-09-05,TLT,0.11955706964040659
2024-09-06,TLT,0.11556576614526617
2024-09-09,TLT,0.11194097599031604
2024-09-10,TLT,0.10997913646716719
2024-09-11,TLT,0.11038231442405524
2024-09-12,TLT,0.11131064044870016
2024-09-13,TLT,0.11008651319294395
2024-09-16,TLT,0.10758621248202277
2024-09-17,TLT,0.11017068009115347
2024-09-18,TLT,0.12003330382939648
2024-09-19,TLT,0.11813069442563301
2024-09-20,TLT,0.11905916180696337
2024-09-23,TLT,0.11359654423078779
2024-09-24,TLT,0.11155116154388933
2024-09-25,TLT,0.11513952465079214
2024-09-26,TLT,0.11522118438322708
2024-09-27,TLT,0.11634787908218094
2024-09-30,TLT,0.11707742298457322
2024-10-01,TLT,0.11195098759432416
2024-10-02,TLT,0.1025038702490793
2024-10-03,TLT,0.09646580066568713
2024-10-04,TLT,0.10096456403553895
2024-10-07,TLT,0.10266898561968699
2024-10-08,TLT,0.1009734801957446
2024-10-09,TLT,0.09572849243043824
2024-10-10,TLT,0.09548554674882252
2024-10-11,TLT,0.09537298986170123
2024-10-14,TLT,0.09414036740763652
2024-10-15,TLT,0.09946986963975853
2024-10-16,TLT,0.10219985877230006
2024-10-17,TLT,0.10698977725488187
2024-10-18,TLT,0.1076065171957612
2024-10-21,TLT,0.11948340138863782
2024-10-22,TLT,0.12029180652074824
2024-10-23,TLT,0.11987508749900923
2024-10-24,TLT,0.12262586570066826
2024-10-25,TLT,0.12183795379387677
2024-10-28,TLT,0.1183411269444063
2024-10-29,TLT,0.11926513392543486
2024-10-30,TLT,0.11556870987399022
2024-10-31,TLT,0.11493233722666751
2024-11-01,TLT,0.11949216583197399
2024-11-04,TLT,0.1300368659349777
2024-11-05,TLT,0.13011473984397173
2024-11-06,TLT,0.15875158393310443
2024-11-07,TLT,0.1661543795399621
2024-11-08,TLT,0.17280402138130407
2024-11-11,TLT,0.17303475090539225
2024-11-12,TLT,0.1799066606863669
2024-11-13,TLT,0.17493583868164375
2024-11-14,TLT,0.17577163502150922
2024-11-15,TLT,0.16880298888831957
2024-11-18,TLT,0.16902919129430705
2024-11-19,TLT,0.16028604690161583
2024-11-20,TLT,0.16042520129303758
2024-11-21,TLT,0.1602731162726978
2024-11-22,TLT,0.15827561963465378
2024-11-25,TLT,0.1824153101225919
2024-11-26,TLT,0.18272137574126823
2024-11-27,TLT,0.18406764656665353
2024-11-29,TLT,0.18693870478499258
2024-12-02,TLT,0.18698661785076934
2024-12-03,TLT,0.18227819509674115
2024-12-04,TLT,0.17831614452183936
2024-12-05,TLT,0.17771198661837856
2024-12-06,TLT,0.1446864758899345
2024-12-09,TLT,0.14505691942469778
2024-12-10,TLT,0.14032442851997606
2024-12-11,TLT,0.14340371910101712
2024-12-12,TLT,0.13987914989644623
2024-12-13,TLT,0.14054677706527566
2024-12-16,TLT,0.13952222690534952
2024-12-17,TLT,0.1392980155286737
2024-12-18,TLT,0.1462559111483437
2024-12-19,TLT,0.1536641232257886
2024-12-20,TLT,0.15524791041293928
2024-12-23,TLT,0.15798420149833511
2024-12-24,TLT,0.15898568811459216
2024-12-26,TLT,0.1256335504562498
2024-12-27,TLT,0.12723791546780017
2024-12-30,TLT,0.12831791515153823
2024-12-31,TLT,0.12001846347792439
2025-01-02,TLT,0.12022382747961094
2025-01-03,TLT,0.11853227438055183
2025-01-06,TLT,0.10780461071841511
2025-01-07,TLT,0.10897207691823146
2025-01-08,TLT,0.10884016129826485
2025-01-10,TLT,0.10769953782378786
2025-01-13,TLT,0.10843287673609672
2025-01-14,TLT,0.10672753775477242
2025-01-15,TLT,0.12387776679123891
2025-01-16,TLT,0.12151205117770368
2025-01-17,TLT,0.12100405062976416
2025-01-21,TLT,0.1256960608378701
2025-01-22,TLT,0.11984840358464538
2025-01-23,TLT,0.11119101392294692
2025-01-24,TLT,0.11042063420985382
2025-01-27,TLT,0.11369275554973486
2025-01-28,TLT,0.11289536589746989
2025-01-29,TLT,0.11313610517876535
2025-01-30,TLT,0.10957182285925962
2025-01-31,TLT,0.10891808037335717
2025-02-03,TLT,0.11057944633777642
2025-02-04,TLT,0.11066031625818464
2025-02-05,TLT,0.12243880140680367
2025-02-06,TLT,0.12070942148749936
2025-02-07,TLT,0.11516008118788738
2025-02-10,TLT,0.11646573750473962
2025-02-11,TLT,0.11626638566741263
2025-02-12,TLT,0.12782466470326426
2025-02-13,TLT,0.13797549445610838
2025-02-14,TLT,0.12721460222483252
2025-02-18,TLT,0.1350209001107884
2025-02-19,TLT,0.13498904666958558
2025-02-20,TLT,0.13218609120872188
2025-02-21,TLT,0.1362580619845258
2025-02-24,TLT,0.13222828361058694
2025-02-25,TLT,0.1424374778831743
2025-02-26,TLT,0.13897628846172988
2025-02-27,TLT,0.1423475804069942
2025-02-28,TLT,0.1459820708183003
2025-03-03,TLT,0.14611189899972893
2025-03-04,TLT,0.15189445074035518
2025-03-05,TLT,0.1543535995169037
2025-03-06,TLT,0.15514137157994645
2025-03-07,TLT,0.1454287502194166
2025-03-10,TLT,0.1495437642514102
2025-03-11,TLT,0.14998151558633704
2025-03-12,TLT,0.15126947897481274
2025-03-13,TLT,0.15149816493505555
2025-03-14,TLT,0.14372506180170042
2025-03-17,TLT,0.133890047967023
2025-03-18,TLT,0.1330625306312949
2025-03-19,TLT,0.12526736198473823
2025-03-20,TLT,0.12531780925478844
2025-03-21,TLT,0.12786306352319035
2025-03-24,TLT,0.12760171550140909
2025-03-25,TLT,0.12724367948946694
2025-03-26,TLT,0.11278170266385656
2025-03-27,TLT,0.1100706418533091
2025-03-28,TLT,0.11995687495269612
2025-03-31,TLT,0.11701611033765191
2025-04-01,TLT,0.1200431782653893
2025-04-02,TLT,0.11193444540318603
2025-04-03,TLT,0.1087906149080872
2025-04-04,TLT,0.11307754528730966
2025-04-07,TLT,0.15709085233983425
2025-04-08,TLT,0.16558548832352776
2025-04-09,TLT,0.16585575706755346
2025-04-10,TLT,0.18982827692676138
2025-04-11,TLT,0.1878571622146525
2025-04-14,TLT,0.1898487464147257
2025-04-15,TLT,0.18932098139026926
2025-04-16,TLT,0.19066874913356843
2025-04-17,TLT,0.19109053544668297
2025-04-21,TLT,0.19845369975908458
2025-04-22,TLT,0.19999875559237695
2025-04-23,TLT,0.20159502183556793
2025-04-24,TLT,0.2055671906767626
2025-04-25,TLT,0.20610165177442866
2025-04-28,TLT,0.2068722456046912
2025-04-29,TLT,0.2032913086494204
2025-04-30,TLT,0.20213352604961074
2025-05-01,TLT,0.19980959148680186
2025-05-02,TLT,0.20252942117749956
2025-05-05,TLT,0.20160359548482354
2025-05-06,TLT,0.19706995840225072
2025-05-07,TLT,0.1706150284332017
2025-05-08,TLT,0.1622619466957854
2025-05-09,TLT,0.1607733173221411
2025-05-12,TLT,0.13233421606748516
2025-05-13,TLT,0.13160210719360768
2025-05-14,TLT,0.13038270118115425
2025-05-15,TLT,0.13390624262929224
2025-05-16,TLT,0.13254684395947808
2025-05-19,TLT,0.1296267417195965
2025-05-20,TLT,0.11705019306061058
2025-05-21,TLT,0.12889492863019872
2025-05-22,TLT,0.12499702898156517
2025-05-23,TLT,0.11788902980495819
2025-05-27,TLT,0.1262777904492773
2025-05-28,TLT,0.12331760378584529
2025-05-29,TLT,0.12427540476564738
2025-05-30,TLT,0.12276776735150154
2025-06-02,TLT,0.12516402768310483
2025-06-03,TLT,0.12072103989233882
2025-06-04,TLT,0.13389226685150304
2025-06-05,TLT,0.13331486249595223
2025-06-06,TLT,0.13875334899394734
2025-06-09,TLT,0.13407517927416399
2025-06-10,TLT,0.1353876149542223
2025-06-11,TLT,0.13189926773508243
2025-06-12,TLT,0.13702240304165034
2025-06-13,TLT,0.1394775871542967
2025-06-16,TLT,0.14111836352386087
2025-06-17,TLT,0.14719343971337429
2025-06-18,TLT,0.14678851641604182
2025-06-20,TLT,0.14437669601435565
2025-06-23,TLT,0.12898419548825385
2025-06-24,TLT,0.1298558290274703
2025-06-25,TLT,0.12987135533536304
2025-06-26,TLT,0.12287887182891258
2025-06-27,TLT,0.12428339688776198
2025-06-30,TLT,0.1247706095453921
2025-07-01,TLT,0.12483097000656566
2025-07-02,TLT,0.12202616407187841
2025-07-03,TLT,0.1250929059361372
2025-07-07,TLT,0.11796843060409754
2025-07-08,TLT,0.11803372800909773
2025-07-09,TLT,0.11386397344355105
2025-07-10,TLT,0.11387179287217414
2025-07-11,TLT,0.12377519470093548
2025-07-14,TLT,0.12355073402961586
2025-07-15,TLT,0.11757648548912321
2025-07-16,TLT,0.11349899856402461
2025-07-17,TLT,0.10798274499003713
2025-07-18,TLT,0.09877683526018921
2025-07-21,TLT,0.10383009483775532
2025-07-22,TLT,0.10579729340858703
2025-07-23,TLT,0.10700492116454714
2025-07-24,TLT,0.10358281770841693
2025-07-25,TLT,0.1061723388774677
2025-07-28,TLT,0.1062535502751686
2025-07-29,TLT,0.12082273732396179
2025-07-30,TLT,0.11679235242934194
2025-07-31,TLT,0.11635626065808888
2025-08-01,TLT,0.12511580009479858
2025-08-04,TLT,0.12246231576340724
2025-08-05,TLT,0.11669306500147995
2025-08-06,TLT,0.11901126524400739
2025-08-07,TLT,0.11444480543201078
2025-08-08,TLT,0.1157172295410354
2025-08-11,TLT,0.1036141141426944
2025-08-12,TLT,0.10523598014752374
2025-08-13,TLT,0.10400265681346028
2025-08-14,TLT,0.10866903824956592
2025-08-15,TLT,0.11241229530776226
2025-08-18,TLT,0.1131529970485366
2025-08-19,TLT,0.11079821873594375
2025-08-20,TLT,0.10918743535306163
2025-08-21,TLT,0.10879833369701977
2025-08-22,TLT,0.11111102615026525
2025-08-25,TLT,0.10998160948291202
2025-08-26,TLT,0.10718955962184552
2025-08-27,TLT,0.08962117457612542
2025-08-28,TLT,0.09061089563763712
2025-08-29,TLT,0.09424808848956828
2025-09-02,TLT,0.08224535526831621
2025-09-03,TLT,0.09141801310805413
2025-09-04,TLT,0.09502222738657659
2025-09-05,TLT,0.10716745028178866
2025-09-08,TLT,0.11541829100686685
2025-09-09,TLT,0.11634154417078592
2025-09-10,TLT,0.11736086720429087
2025-09-11,TLT,0.11619141126940369
2025-09-12,TLT,0.11584568120359912
2025-09-15,TLT,0.11130128802977758
2025-09-16,TLT,0.10636057198236801
2025-09-17,TLT,0.10615262459783664
2025-09-18,TLT,0.1139495753207099
2025-09-19,TLT,0.1145560561949354
2025-09-22,TLT,0.1137027902632465
2025-09-23,TLT,0.11343593490770479
2025-09-24,TLT,0.11392749599445197
2025-09-25,TLT,0.1138199160759282
2025-09-26,TLT,0.11375105730391925
2025-09-29,TLT,0.11481830996116688
2025-09-30,TLT,0.1117246687224684
2025-10-01,TLT,0.10666740627537734
2025-10-02,TLT,0.10183806519961063
2025-10-03,TLT,0.1003064104020709
2025-10-06,TLT,0.09159720430779632
2025-10-07,TLT,0.08112528711038687
2025-10-08,TLT,0.07859103514828243
2025-10-09,TLT,0.07601342387819618
2025-10-10,TLT,0.09206385433656022
2025-10-13,TLT,0.0905819139954371
2025-10-14,TLT,0.09085143580391088
2025-10-15,TLT,0.09114591042400609
2025-10-16,TLT,0.09373927629771733
2025-10-17,TLT,0.08512643621995694
2025-10-20,TLT,0.08477502774760588
2025-10-21,TLT,0.08342837758645821
2025-10-22,TLT,0.08144083302957363
2025-10-23,TLT,0.08460747131742233
2025-10-24,TLT,0.08452497084417673
2025-10-27,TLT,0.08429988843462081
2025-10-28,TLT,0.08101742418142603
2025-10-29,TLT,0.08929618734489729
2025-10-30,TLT,0.09221933834885707
2025-10-31,TLT,0.0926878623324672
2025-11-03,TLT,0.09289990017881364
2025-11-04,TLT,0.08796986443669891
2025-11-05,TLT,0.09494175478654941
2025-11-06,TLT,0.09985006935007396
2025-11-07,TLT,0.10016586368626969
2025-11-10,TLT,0.08216930355961004
2025-11-11,TLT,0.08393757838292587
2025-11-12,TLT,0.08336753491764523
2025-11-13,TLT,0.08766976613759712
2025-11-14,TLT,0.08437685680354642
2025-11-17,TLT,0.08526763150214493
2025-11-18,TLT,0.08353628414335337
2025-11-19,TLT,0.08061862787564239
2025-11-20,TLT,0.0824835507415884
2025-11-21,TLT,0.08120365407833796
2025-11-24,TLT,0.08422891829467974
2025-11-25,TLT,0.08378194712783119
2025-11-26,TLT,0.08489559785290672
2025-11-28,TLT,0.07911170641890178
2025-12-01,TLT,0.0878165759848011
2025-12-02,TLT,0.08744506410915544
2025-12-03,TLT,0.08779762888676407
2025-12-04,TLT,0.08912300595287805
2025-12-05,TLT,0.08233314732701674
2025-12-08,TLT,0.07570096763070684
2025-12-09,TLT,0.07580851434894786
2025-12-10,TLT,0.07742200472880312
2025-12-11,TLT,0.07523261332828018
2025-12-12,TLT,0.0805743175724202
2025-12-15,TLT,0.07677692105348852
2025-12-16,TLT,0.07771124376712187
2025-12-17,TLT,0.07704088463597383
2025-12-18,TLT,0.07920044247978723
2025-12-19,TLT,0.0798961066566822
2025-12-22,TLT,0.07855576561285661
2025-12-23,TLT,0.07787008620091901
2025-12-24,TLT,0.07825022432853732
2025-12-26,TLT,0.07781376539975952
2025-12-29,TLT,0.0772592721858343
2025-12-30,TLT,0.07624549244472748
2025-12-31,TLT,0.0689140286202759
2026-01-02,TLT,0.06884169736471431
2026-01-05,TLT,0.07060684115736192
2026-01-06,TLT,0.06871777191527641
2026-01-07,TLT,0.07036512842015731
2026-01-08,TLT,0.07161821197576622
2026-01-09,TLT,0.07527117575887148
2026-01-12,TLT,0.07476462009816175
2026-01-13,TLT,0.07489587196019201
2026-01-14,TLT,0.06871964826323965
2026-01-15,TLT,0.068799791268137
2026-01-16,TLT,0.06994703845313345
2026-01-20,TLT,0.08367145173171037
2026-01-21,TLT,0.08642562946691565
2026-01-22,TLT,0.08691030412582532
2026-01-23,TLT,0.08696400551906557
2026-01-26,TLT,0.08823788021478349
2026-01-27,TLT,0.08870460158914859
2026-01-28,TLT,0.08831397624539306
2026-01-29,TLT,0.08722836555599692
2026-01-30,TLT,0.08891823673310444
2026-02-02,TLT,0.08510647111110006
2026-02-03,TLT,0.08540352304660104
2026-02-04,TLT,0.08392127354325149
2026-02-05,TLT,0.09206730892812874
2026-02-06,TLT,0.08986664905027113
2026-02-09,TLT,0.08797172314146563
2026-02-10,TLT,0.09387040268389209
2026-02-11,TLT,0.09531224677940882
2026-02-12,TLT,0.10522287464916821
2026-02-13,TLT,0.10504501365091141
2026-02-17,TLT,0.10498375598327804
2026-02-18,TLT,0.10357229744460905
2026-02-19,TLT,0.08975979415674734
2026-02-20,TLT,0.08825041569253736
2026-02-23,TLT,0.08799418763359182
2026-02-24,TLT,0.0878596185344871
2026-02-25,TLT,0.0869835501756828
2026-02-26,TLT,0.08337642171819919
2026-02-27,TLT,0.0836176537285858
2026-03-02,TLT,0.09324354310924142
2026-03-03,TLT,0.09063441433553629
2026-03-04,TLT,0.09080892888282349
2026-03-05,TLT,0.0927933770095633
2026-03-06,TLT,0.09349151988457453
2026-03-09,TLT,0.0909516673741624
2026-03-10,TLT,0.09968272828081257
2026-03-11,TLT,0.11011435870909134
2026-03-12,TLT,0.10186656788550082
2026-03-13,TLT,0.10166399609311887
2026-03-16,TLT,0.0935788295960909
2026-03-17,TLT,0.09167756168373846
2026-03-18,TLT,0.09242112897187679
2026-03-19,TLT,0.0954851897846851
2026-03-20,TLT,0.11374265722685294
2026-03-23,TLT,0.11737123962110535
2026-03-24,TLT,0.1162457850194654
2026-03-25,TLT,0.12236505846510924
2026-03-26,TLT,0.12452395593707208
2026-03-27,TLT,0.12320931859602467
2026-03-30,TLT,0.13166713309164974
2026-03-31,TLT,0.12836846611701272
2026-04-01,TLT,0.12837094132911173
2026-04-02,TLT,0.13087879960587184
2026-04-06,TLT,0.13045102256899976
2026-04-07,TLT,0.1300810655792597
2026-04-08,TLT,0.1263883970004618
2026-04-09,TLT,0.1216438891338105
2026-04-10,TLT,0.11346269205879134
2026-04-13,TLT,0.11376596003049448
2026-04-14,TLT,0.11358579887190644
2026-04-15,TLT,0.1116924535034125
2026-04-16,TLT,0.11330021050965737
2026-04-17,TLT,0.11630038623608561
2026-04-20,TLT,0.11436045532771616
2026-04-21,TLT,0.09394184530276004
2026-04-22,TLT,0.09162722617130173
2026-04-23,TLT,0.09048283613868806
2026-04-24,TLT,0.08437622037095119
2026-04-27,TLT,0.08074764187890189
2026-04-28,TLT,0.07800359604432161
2026-04-29,TLT,0.0683016015844097
2026-04-30,TLT,0.06829025794484753
2026-05-01,TLT,0.06960643603842634
2026-05-04,TLT,0.07015557302029889
2026-05-05,TLT,0.07343974886402166
2026-05-06,TLT,0.0786259408538511
2026-05-07,TLT,0.07936703399876362
2026-05-08,TLT,0.08123711635171395
2026-05-11,TLT,0.08344725143603347
2026-05-12,TLT,0.08528370775526112
2026-05-13,TLT,0.08245397462061303
2026-05-14,TLT,0.08204457853812547
2026-05-15,TLT,0.09364811755359116
2026-05-18,TLT,0.0856427381278842
2026-05-19,TLT,0.08694323804004947
2026-05-20,TLT,0.09649368451035525
2026-05-21,TLT,0.09741091280565843
2026-05-22,TLT,0.10001286926437024
2026-05-26,TLT,0.10163608311762666
2026-05-27,TLT,0.10092621909530305
2026-05-28,TLT,0.10263335532679964
2026-05-29,TLT,0.09883621587205958
2026-06-01,TLT,0.09874985730408316
2026-06-02,TLT,0.09826528790685186
2026-06-03,TLT,0.0953922983414036
2026-06-04,TLT,0.09382601809894127
2026-06-05,TLT,0.09158576594503519
2026-06-08,TLT,0.09170119798200725
2026-06-09,TLT,0.09240882387629093
2026-06-10,TLT,0.09055645807500544
2026-06-11,TLT,0.09805167449697162
2026-06-12,TLT,0.09813378042425575
2026-06-15,TLT,0.09820635175863494
2026-06-16,TLT,0.08165586790968804
2026-06-17,TLT,0.0810126384172988
2026-06-18,TLT,0.07587823175355884
2026-06-22,TLT,0.0767864111201549
2026-06-23,TLT,0.07633990700830255
2026-06-24,TLT,0.08661307294558765
2026-06-25,TLT,0.08604276699306804
2026-06-26,TLT,0.08609465809147948
2026-06-29,TLT,0.0849672762842705
2026-06-30,TLT,0.09605044273447946
2026-07-01,TLT,0.09935095804433186
2026-07-02,TLT,0.09911807292016188
2026-07-06,TLT,0.09806152056484913
2026-07-07,TLT,0.1045999463681719
2026-07-08,TLT,0.1033955875673773
2026-07-09,TLT,0.10193021258269382
2026-07-10,TLT,0.09973331554272422
2026-07-13,TLT,0.10133481864045749
2026-07-14,TLT,0.08943877952661876
2026-07-15,TLT,0.08974398829012983
2026-07-16,TLT,0.0897501060070085
2026-07-17,TLT,0.0884039518183564
2026-07-20,TLT,0.09090064587670012
2026-07-21,TLT,0.08831614837133608
2026-07-22,TLT,0.08564695181888128
2026-07-23,TLT,0.08536318042094984
2026-07-24,TLT,0.06599003624398328
2026-07-27,TLT,0.0715729652787338
2026-07-28,TLT,0.07613544979876642
2026-07-29,TLT,0.09136228925261805
2026-07-30,TLT,0.08484494262135185
2026-07-31,TLT,0.08476014294256574
2026-08-03,TLT,0.08644289249882572
2026-08-04,TLT,0.09229522352287943
2026-08-05,TLT,0.08656270535632403
2026-08-06,TLT,0.08822284229595483
2026-08-07,TLT,0.08881373865493161
2026-08-10,TLT,0.09266571387289514
2026-08-11,TLT,0.09145893114598447
2026-08-12,TLT,0.09113282152361538
2026-08-13,TLT,0.09366039611984674
2026-08-14,TLT,0.09585965176315348
2026-08-17,TLT,0.0975031091823064
2026-08-18,TLT,0.09680208317980873
2026-08-19,TLT,0.11432217203834051
2026-08-20,TLT,0.1174232313932282
2026-08-21,TLT,0.11751399916920631
2026-08-24,TLT,0.11968571775416058
2026-08-25,TLT,0.1241312384825647
2026-08-26,TLT,0.12249281193468849
2026-08-27,TLT,0.10777625479038382
2026-08-28,TLT,0.1083712909644486
2026-08-31,TLT,0.1068076447356821
2026-09-01,TLT,0.10731341796007385
2026-09-02,TLT,0.10375008468235404
2026-09-03,TLT,0.10356601252234746
2026-09-04,TLT,0.1018358842446004
2026-09-08,TLT,0.10129335074277349
2026-09-09,TLT,0.09886647183618527
2026-09-10,TLT,0.10650578311969693
2026-09-11,TLT,0.10666396696896854
2026-09-14,TLT,0.10426437088937267
2026-09-15,TLT,0.10233249073982371
2026-09-16,TLT,0.0986056891727405
2026-09-17,TLT,0.10527157249885608
2026-09-18,TLT,0.08918791698419172
2026-09-21,TLT,0.08868303450146132
2026-09-22,TLT,0.0878438219365882
2026-09-23,TLT,0.10044570124318727
2026-09-24,TLT,0.09849175026786315
2021-10-26,VNQ,0.12882774049399204
2021-10-27,VNQ,0.13055928314897458
2021-10-28,VNQ,0.1353648707157369
2021-10-29,VNQ,0.12669737458590885
2021-11-01,VNQ,0.12065226971929018
2021-11-02,VNQ,0.12040608924090528
2021-11-03,VNQ,0.11481513461050581
2021-11-04,VNQ,0.12113156737296848
2021-11-05,VNQ,0.12142716119829725
2021-11-08,VNQ,0.113924086289385
2021-11-09,VNQ,0.11401713137974072
2021-11-10,VNQ,0.1110571095903334
2021-11-11,VNQ,0.10959143127655309
2021-11-12,VNQ,0.10352458943153857
2021-11-15,VNQ,0.10494657652050461
2021-11-16,VNQ,0.10885405282443632
2021-11-17,VNQ,0.10896084921163651
2021-11-18,VNQ,0.0958666879542526
2021-11-19,VNQ,0.09855163523544049
2021-11-22,VNQ,0.09891476582998154
2021-11-23,VNQ,0.10231977027630072
2021-11-24,VNQ,0.11013297032795472
2021-11-26,VNQ,0.14509713165728466
2021-11-29,VNQ,0.13859532508305825
2021-11-30,VNQ,0.1482548262929707
2021-12-01,VNQ,0.15586774990916782
2021-12-02,VNQ,0.1903718314930202
2021-12-03,VNQ,0.18994372958116718
2021-12-06,VNQ,0.19782087721390562
2021-12-07,VNQ,0.2032854502375373
2021-12-08,VNQ,0.2044615180054917
2021-12-09,VNQ,0.211312004101924
2021-12-10,VNQ,0.21076306532480596
2021-12-13,VNQ,0.21294387107244842
2021-12-14,VNQ,0.21818911560703774
2021-12-15,VNQ,0.22219612499737837
2021-12-16,VNQ,0.2206448943234112
2021-12-17,VNQ,0.22064426927281625
2021-12-20,VNQ,0.22265120370793787
2021-12-21,VNQ,0.22443019494493202
2021-12-22,VNQ,0.22531765645767374
2021-12-23,VNQ,0.22442191665646705
2021-12-27,VNQ,0.22791033809224714
2021-12-28,VNQ,0.20089892684929142
2021-12-29,VNQ,0.200736985030486
2021-12-30,VNQ,0.18381548537335493
2021-12-31,VNQ,0.1677043541752829
2022-01-03,VNQ,0.1473831054954892
2022-01-04,VNQ,0.14633378705993327
2022-01-05,VNQ,0.1752962049986706
2022-01-06,VNQ,0.16876055789825722
2022-01-07,VNQ,0.1688753066610834
2022-01-10,VNQ,0.1619960955231504
2022-01-11,VNQ,0.16177272308062796
2022-01-12,VNQ,0.15849645678570734
2022-01-13,VNQ,0.1517718840662568
2022-01-14,VNQ,0.14687443221633806
2022-01-18,VNQ,0.15084454495402305
2022-01-19,VNQ,0.15687544336432852
2022-01-20,VNQ,0.16029558234880698
2022-01-21,VNQ,0.15299601121422185
2022-01-24,VNQ,0.14681210204747366
2022-01-25,VNQ,0.14669318964959133
2022-01-26,VNQ,0.13344154889812038
2022-01-27,VNQ,0.13595996822848055
2022-01-28,VNQ,0.185255937311297
2022-01-31,VNQ,0.19189015069963142
2022-02-01,VNQ,0.19033201011857423
2022-02-02,VNQ,0.19866729790113194
2022-02-03,VNQ,0.2000955737364829
2022-02-04,VNQ,0.18031078831865113
2022-02-07,VNQ,0.17988041873899238
2022-02-08,VNQ,0.17950831759366564
2022-02-09,VNQ,0.19954813008308506
2022-02-10,VNQ,0.21322753486187665
2022-02-11,VNQ,0.2138359304405493
2022-02-14,VNQ,0.21474070589692243
2022-02-15,VNQ,0.21798826697913012
2022-02-16,VNQ,0.2174652408121288
2022-02-17,VNQ,0.2157702704520648
2022-02-18,VNQ,0.2126765197288928
2022-02-22,VNQ,0.2127802959109029
2022-02-23,VNQ,0.2184973674158155
2022-02-24,VNQ,0.22830128651753545
2022-02-25,VNQ,0.23849072227513982
2022-02-28,VNQ,0.23707352338466176
2022-03-01,VNQ,0.20735889159302348
2022-03-02,VNQ,0.21376070587047385
2022-03-03,VNQ,0.21582371766264657
2022-03-04,VNQ,0.21135418130894776
2022-03-07,VNQ,0.218937746963277
2022-03-08,VNQ,0.21711008340137528
2022-03-09,VNQ,0.22438097037478452
2022-03-10,VNQ,0.22395070464154793
2022-03-11,VNQ,0.20991075366885745
2022-03-14,VNQ,0.19539495510894078
2022-03-15,VNQ,0.19434370633791392
2022-03-16,VNQ,0.19527819492462187
2022-03-17,VNQ,0.19976601205375338
2022-03-18,VNQ,0.19949373508725599
2022-03-21,VNQ,0.19670621670391136
2022-03-22,VNQ,0.19479857863545808
2022-03-23,VNQ,0.19924225834859655
2022-03-24,VNQ,0.18856003486349593
2022-03-25,VNQ,0.18502937714431042
2022-03-28,VNQ,0.17046010312852017
2022-03-29,VNQ,0.18423406666199482
2022-03-30,VNQ,0.18559228028848218
2022-03-31,VNQ,0.18519177041670326
2022-04-01,VNQ,0.19362532802877033
2022-04-04,VNQ,0.1953393416272549
2022-04-05,VNQ,0.18028685996571067
2022-04-06,VNQ,0.18028314530025175
2022-04-07,VNQ,0.1813219489357007
2022-04-08,VNQ,0.18135888283601992
2022-04-11,VNQ,0.18367464224832608
2022-04-12,VNQ,0.18045765196836525
2022-04-13,VNQ,0.18056913599860466
2022-04-14,VNQ,0.17907974105784313
2022-04-18,VNQ,0.17338507142755366
2022-04-19,VNQ,0.187414972773411
2022-04-20,VNQ,0.19122845994141385
2022-04-21,VNQ,0.19447895380705027
2022-04-22,VNQ,0.2013471034278944
2022-04-25,VNQ,0.20158383414182743
2022-04-26,VNQ,0.2076284944286206
2022-04-27,VNQ,0.2058377400061574
2022-04-28,VNQ,0.1889387201710778
2022-04-29,VNQ,0.24512259843674616
2022-05-02,VNQ,0.25442061779573816
2022-05-03,VNQ,0.2476503329118369
2022-05-04,VNQ,0.25282181716121666
2022-05-05,VNQ,0.2662289827691628
2022-05-06,VNQ,0.2614803275499915
2022-05-09,VNQ,0.2946075738384536
2022-05-10,VNQ,0.29583286245669327
2022-05-11,VNQ,0.29607828017350785
2022-05-12,VNQ,0.29994131464210005
2022-05-13,VNQ,0.3178630744521556
2022-05-16,VNQ,0.31784019865304014
2022-05-17,VNQ,0.3247732992106325
2022-05-18,VNQ,0.32002884157745476
2022-05-19,VNQ,0.3083586924644579
2022-05-20,VNQ,0.31247363467079103
2022-05-23,VNQ,0.31704926054770644
2022-05-24,VNQ,0.3209083343647075
2022-05-25,VNQ,0.32198390310652825
2022-05-26,VNQ,0.32248012963446154
2022-05-27,VNQ,0.3310807491050355
2022-05-31,VNQ,0.2957010173935139
2022-06-01,VNQ,0.28574321314427237
2022-06-02,VNQ,0.2865800374104018
2022-06-03,VNQ,0.28553208680747255
2022-06-06,VNQ,0.2717188972172501
2022-06-07,VNQ,0.2737403468165405
2022-06-08,VNQ,0.23874799359777643
2022-06-09,VNQ,0.24494852335961428
2022-06-10,VNQ,0.2572879029674914
2022-06-13,VNQ,0.30723757777648714
2022-06-14,VNQ,0.2880633165102931
2022-06-15,VNQ,0.30429448157624983
2022-06-16,VNQ,0.30771992662282843
2022-06-17,VNQ,0.2979739926908288
2022-06-21,VNQ,0.3039320550802567
2022-06-22,VNQ,0.30706183708293017
2022-06-23,VNQ,0.31230139610092833
2022-06-24,VNQ,0.32072130049238556
2022-06-27,VNQ,0.3187389456646077
2022-06-28,VNQ,0.320507141994431
2022-06-29,VNQ,0.30243876778780937
2022-06-30,VNQ,0.30100154189712086
2022-07-01,VNQ,0.30940080025574856
2022-07-05,VNQ,0.303881832692226
2022-07-06,VNQ,0.30156810447237026
2022-07-07,VNQ,0.3020895118809972
2022-07-08,VNQ,0.29653828313089464
2022-07-11,VNQ,0.2875354697477269
2022-07-12,VNQ,0.2767960010479613
2022-07-13,VNQ,0.2665564861799186
2022-07-14,VNQ,0.19987726548873747
2022-07-15,VNQ,0.20369901876767255
2022-07-18,VNQ,0.19135917724060303
2022-07-19,VNQ,0.18171762293714408
2022-07-20,VNQ,0.18235637364512397
2022-07-21,VNQ,0.1791230504974464
2022-07-22,VNQ,0.1758689141806363
2022-07-25,VNQ,0.165531582329992
2022-07-26,VNQ,0.14967932089938926
2022-07-27,VNQ,0.1504351345832252
2022-07-28,VNQ,0.17727153854675712
2022-07-29,VNQ,0.1739069296293056
2022-08-01,VNQ,0.1778017023107599
2022-08-02,VNQ,0.17845159486306245
2022-08-03,VNQ,0.17756315795651018
2022-08-04,VNQ,0.17747693653361324
2022-08-05,VNQ,0.17747852817290405
2022-08-08,VNQ,0.17650046520986404
2022-08-09,VNQ,0.17559655773366387
2022-08-10,VNQ,0.1778980344231484
2022-08-11,VNQ,0.1765154949873275
2022-08-12,VNQ,0.17455486731554237
2022-08-15,VNQ,0.16979573769166695
2022-08-16,VNQ,0.16643098454089567
2022-08-17,VNQ,0.15297311070167216
2022-08-18,VNQ,0.15583636706185525
2022-08-19,VNQ,0.16242241360702295
2022-08-22,VNQ,0.18295063759846725
2022-08-23,VNQ,0.1895400645533076
2022-08-24,VNQ,0.1903134308427271
2022-08-25,VNQ,0.19567437168796817
2022-08-26,VNQ,0.18199785983117073
2022-08-29,VNQ,0.18214371418855774
2022-08-30,VNQ,0.18561234226536072
2022-08-31,VNQ,0.18188264797563614
2022-09-01,VNQ,0.1814611217348573
2022-09-02,VNQ,0.1861400905836945
2022-09-06,VNQ,0.18962072687377637
2022-09-07,VNQ,0.20070634385169075
2022-09-08,VNQ,0.1996806797912265
2022-09-09,VNQ,0.1955435645239097
2022-09-12,VNQ,0.19974486421991028
2022-09-13,VNQ,0.22507660286398515
2022-09-14,VNQ,0.2243604959366287
2022-09-15,VNQ,0.22903494837328436
2022-09-16,VNQ,0.22988785611653237
2022-09-19,VNQ,0.23022489993715983
2022-09-20,VNQ,0.23908081606423054
2022-09-21,VNQ,0.23486753842635957
2022-09-22,VNQ,0.23481452106991446
2022-09-23,VNQ,0.23263607954470716
2022-09-26,VNQ,0.2307406391599693
2022-09-27,VNQ,0.22341653937376094
2022-09-28,VNQ,0.24426198523165574
2022-09-29,VNQ,0.2558695662859232
2022-09-30,VNQ,0.2636336987527287
2022-10-03,VNQ,0.27549995781761344
2022-10-04,VNQ,0.28767969885835265
2022-10-05,VNQ,0.28839722563645775
2022-10-06,VNQ,0.2834690385979856
2022-10-07,VNQ,0.28630056109359603
2022-10-10,VNQ,0.27711918174111344
2022-10-11,VNQ,0.2775336301165019
2022-10-12,VNQ,0.2577001127586541
2022-10-13,VNQ,0.2735355018587574
2022-10-14,VNQ,0.27772208157798983
2022-10-17,VNQ,0.3181415038626465
2022-10-18,VNQ,0.323015720919728
2022-10-19,VNQ,0.32349233134866995
2022-10-20,VNQ,0.32113248121768045
2022-10-21,VNQ,0.3224398129015368
2022-10-24,VNQ,0.3206496209944814
2022-10-25,VNQ,0.3385265349754298
2022-10-26,VNQ,0.33493878407302063
2022-10-27,VNQ,0.3271028928054549
2022-10-28,VNQ,0.31730946041305336
2022-10-31,VNQ,0.31586499233152704
2022-11-01,VNQ,0.3104900789154807
2022-11-02,VNQ,0.3171186720685903
2022-11-03,VNQ,0.31009605275209906
2022-11-04,VNQ,0.29697224758465307
2022-11-07,VNQ,0.28216054281416225
2022-11-08,VNQ,0.27870431054535016
2022-11-09,VNQ,0.28130688487080413
2022-11-10,VNQ,0.36895950329200355
2022-11-11,VNQ,0.3669298955702087
2022-11-14,VNQ,0.3664391068417465
2022-11-15,VNQ,0.34799217143003536
2022-11-16,VNQ,0.3499967318597331
2022-11-17,VNQ,0.3370559302226852
2022-11-18,VNQ,0.3368561251030826
2022-11-21,VNQ,0.3366853050357997
2022-11-22,VNQ,0.3362215454080879
2022-11-23,VNQ,0.3123764851340266
2022-11-25,VNQ,0.3122418177082001
2022-11-28,VNQ,0.3294235619322395
2022-11-29,VNQ,0.32578083827363524
2022-11-30,VNQ,0.3334914001084381
2022-12-01,VNQ,0.33378080729074217
2022-12-02,VNQ,0.3159227668343044
2022-12-05,VNQ,0.3249182520442343
2022-12-06,VNQ,0.32550718386228966
2022-12-07,VNQ,0.3254083946920973
2022-12-08,VNQ,0.3258111541757043
2022-12-09,VNQ,0.3229509652164485
2022-12-12,VNQ,0.19964969709330485
2022-12-13,VNQ,0.2099032005982049
2022-12-14,VNQ,0.19150387945165342
2022-12-15,VNQ,0.19499094500386946
2022-12-16,VNQ,0.21301411398514652
2022-12-19,VNQ,0.21620191371742611
2022-12-20,VNQ,0.21068584736087503
2022-12-21,VNQ,0.21231772294807671
2022-12-22,VNQ,0.2110849498042337
2022-12-23,VNQ,0.21415471143375914
2022-12-27,VNQ,0.21236297023543746
2022-12-28,VNQ,0.20021038558488893
2022-12-29,VNQ,0.20695155649745456
2022-12-30,VNQ,0.18873833866230733
2023-01-03,VNQ,0.1890971947176991
2023-01-04,VNQ,0.20776005481685828
2023-01-05,VNQ,0.21864456506327312
2023-01-06,VNQ,0.23732779556616343
2023-01-09,VNQ,0.23724802369055034
2023-01-10,VNQ,0.23609575568031183
2023-01-11,VNQ,0.2664952945731873
2023-01-12,VNQ,0.26843601050288396
2023-01-13,VNQ,0.26291374403540696
2023-01-17,VNQ,0.26149310613831495
2023-01-18,VNQ,0.26238480754010096
2023-01-19,VNQ,0.24480871826024136
2023-01-20,VNQ,0.24069308565106676
2023-01-23,VNQ,0.2397479056773382
2023-01-24,VNQ,0.23912314922931663
2023-01-25,VNQ,0.23778988121518052
2023-01-26,VNQ,0.23856300499032757
2023-01-27,VNQ,0.23939858816515713
2023-01-30,VNQ,0.2349700063503908
2023-01-31,VNQ,0.23412706803899655
2023-02-01,VNQ,0.23025632521397055
2023-02-02,VNQ,0.23751698017187944
2023-02-03,VNQ,0.24451597316328377
2023-02-06,VNQ,0.2214839729688097
2023-02-07,VNQ,0.20793768167216187
2023-02-08,VNQ,0.20971134814923922
2023-02-09,VNQ,0.21557053706645596
2023-02-10,VNQ,0.17932351162506302
2023-02-13,VNQ,0.17677071356074084
2023-02-14,VNQ,0.1777776434388491
2023-02-15,VNQ,0.17797017356317615
2023-02-16,VNQ,0.1733086682389384
2023-02-17,VNQ,0.17260038580192721
2023-02-21,VNQ,0.18334762777769786
2023-02-22,VNQ,0.1850327943905341
2023-02-23,VNQ,0.18694534431598456
2023-02-24,VNQ,0.19594405516897392
2023-02-27,VNQ,0.1909180103886334
2023-02-28,VNQ,0.18498470733219435
2023-03-01,VNQ,0.1848941616381375
2023-03-02,VNQ,0.17248800544785253
2023-03-03,VNQ,0.1810626701514699
2023-03-06,VNQ,0.15627930225196882
2023-03-07,VNQ,0.16247616378031682
2023-03-08,VNQ,0.1703799923043
2023-03-09,VNQ,0.18369878100532247
2023-03-10,VNQ,0.20962918147885404
2023-03-13,VNQ,0.21797778189661288
2023-03-14,VNQ,0.2217495199810166
2023-03-15,VNQ,0.21719856821114408
2023-03-16,VNQ,0.21692887204090958
2023-03-17,VNQ,0.22394077802229195
2023-03-20,VNQ,0.2306511697356641
2023-03-21,VNQ,0.23064496224375863
2023-03-22,VNQ,0.2522058248483279
2023-03-23,VNQ,0.25185999842234075
2023-03-24,VNQ,0.27044304546979625
2023-03-27,VNQ,0.26620618716664013
2023-03-28,VNQ,0.26563040874008237
2023-03-29,VNQ,0.280264487675214
2023-03-30,VNQ,0.28272840472088157
2023-03-31,VNQ,0.2902444146954711
2023-04-03,VNQ,0.28518496862873516
2023-04-04,VNQ,0.2850988470022755
2023-04-05,VNQ,0.2746062459757667
2023-04-06,VNQ,0.27242865108754855
2023-04-10,VNQ,0.26120289924310086
2023-04-11,VNQ,0.23160692080439207
2023-04-12,VNQ,0.22899931151685612
2023-04-13,VNQ,0.22721532644061102
2023-04-14,VNQ,0.23387344234104027
2023-04-17,VNQ,0.24478271851935507
2023-04-18,VNQ,0.22980588244841899
2023-04-19,VNQ,0.22769371502080918
2023-04-20,VNQ,0.23025975747179747
2023-04-21,VNQ,0.18265189093789375
2023-04-24,VNQ,0.18123063182451285
2023-04-25,VNQ,0.1670347771348453
2023-04-26,VNQ,0.17124804378784778
2023-04-27,VNQ,0.18606166680502345
2023-04-28,VNQ,0.17562534981743813
2023-05-01,VNQ,0.17344134365065605
2023-05-02,VNQ,0.16694539626491384
2023-05-03,VNQ,0.16540342593016574
2023-05-04,VNQ,0.16832003272571097
2023-05-05,VNQ,0.17707171162015833
2023-05-08,VNQ,0.1769806900846014
2023-05-09,VNQ,0.17681248363594326
2023-05-10,VNQ,0.17951240241579017
2023-05-11,VNQ,0.18281305421194874
2023-05-12,VNQ,0.1825508181271167
2023-05-15,VNQ,0.1740075023732735
2023-05-16,VNQ,0.17886653414179454
2023-05-17,VNQ,0.18645935170437591
2023-05-18,VNQ,0.18516760954127495
2023-05-19,VNQ,0.1826505352372578
2023-05-22,VNQ,0.1843117081134872
2023-05-23,VNQ,0.18647285690753185
2023-05-24,VNQ,0.19737751014619184
2023-05-25,VNQ,0.19526771680786753
2023-05-26,VNQ,0.18150005682500298
2023-05-30,VNQ,0.17555059680580387
2023-05-31,VNQ,0.17608378928014873
2023-06-01,VNQ,0.16693420637933598
2023-06-02,VNQ,0.18754212702266207
2023-06-05,VNQ,0.1871605172601018
2023-06-06,VNQ,0.18068211615356441
2023-06-07,VNQ,0.19073492448346316
2023-06-08,VNQ,0.19150445206142724
2023-06-09,VNQ,0.18983425968126438
2023-06-12,VNQ,0.1856627944555304
2023-06-13,VNQ,0.1867852217560782
2023-06-14,VNQ,0.18683019923789368
2023-06-15,VNQ,0.16134152684877917
2023-06-16,VNQ,0.156502133701927
2023-06-20,VNQ,0.16198124815853732
2023-06-21,VNQ,0.16374518285695713
2023-06-22,VNQ,0.17121193848976785
2023-06-23,VNQ,0.1749667518323953
2023-06-26,VNQ,0.17397667609500267
2023-06-27,VNQ,0.17721011864258282
2023-06-28,VNQ,0.17438368112841568
2023-06-29,VNQ,0.17703533491591172
2023-06-30,VNQ,0.1771307027943899
2023-07-03,VNQ,0.17855011171826674
2023-07-05,VNQ,0.16097190004782805
2023-07-06,VNQ,0.16150813581480583
2023-07-07,VNQ,0.15974380046332254
2023-07-10,VNQ,0.14799205342643504
2023-07-11,VNQ,0.15268185368707451
2023-07-12,VNQ,0.15060389860075646
2023-07-13,VNQ,0.15104996531413073
2023-07-14,VNQ,0.15118406769082063
2023-07-17,VNQ,0.15401806717400013
2023-07-18,VNQ,0.1554030753355614
2023-07-19,VNQ,0.15904185885416403
2023-07-20,VNQ,0.15246757088523988
2023-07-21,VNQ,0.14967893505498078
2023-07-24,VNQ,0.13725123966991304
2023-07-25,VNQ,0.12816740236714377
2023-07-26,VNQ,0.10805016273166293
2023-07-27,VNQ,0.1332135380158673
2023-07-28,VNQ,0.13347556083412743
2023-07-31,VNQ,0.1301382949495829
2023-08-01,VNQ,0.12953709141140674
2023-08-02,VNQ,0.1272678683918542
2023-08-03,VNQ,0.13257246213253523
2023-08-04,VNQ,0.1328810214055105
2023-08-07,VNQ,0.14005392966887031
2023-08-08,VNQ,0.14105079371612805
2023-08-09,VNQ,0.13078027002691317
2023-08-10,VNQ,0.12902073995712018
2023-08-11,VNQ,0.12638391114981368
2023-08-14,VNQ,0.12755060845600769
2023-08-15,VNQ,0.13073591845018442
2023-08-16,VNQ,0.13506734402468148
2023-08-17,VNQ,0.12672106104450392
2023-08-18,VNQ,0.1286751409869054
2023-08-21,VNQ,0.1271916114262107
2023-08-22,VNQ,0.12211965385462935
2023-08-23,VNQ,0.13914424558471256
2023-08-24,VNQ,0.136553637198188
2023-08-25,VNQ,0.11940365451344531
2023-08-28,VNQ,0.12592736767536974
2023-08-29,VNQ,0.13189921845848465
2023-08-30,VNQ,0.1330476968794646
2023-08-31,VNQ,0.13385141204790077
2023-09-01,VNQ,0.1294773052992008
2023-09-05,VNQ,0.13256382255501348
2023-09-06,VNQ,0.1233781468602449
2023-09-07,VNQ,0.12483706698540288
2023-09-08,VNQ,0.12522458654072502
2023-09-11,VNQ,0.12488195287226729
2023-09-12,VNQ,0.12457367616471515
2023-09-13,VNQ,0.12786998638532576
2023-09-14,VNQ,0.13878741547952633
2023-09-15,VNQ,0.1320495518405674
2023-09-18,VNQ,0.13281001322299857
2023-09-19,VNQ,0.1336081170552427
2023-09-20,VNQ,0.1291683283618485
2023-09-21,VNQ,0.1760377596357902
2023-09-22,VNQ,0.16617497401674056
2023-09-25,VNQ,0.16612332794489829
2023-09-26,VNQ,0.174858952844595
2023-09-27,VNQ,0.16933807220208394
2023-09-28,VNQ,0.16656756864396172
2023-09-29,VNQ,0.1661831284709586
2023-10-02,VNQ,0.17331414933435896
2023-10-03,VNQ,0.17937985975476878
2023-10-04,VNQ,0.1878015082498878
2023-10-05,VNQ,0.190773181676183
2023-10-06,VNQ,0.18876284519433104
2023-10-09,VNQ,0.195778916528491
2023-10-10,VNQ,0.1974919837882734
2023-10-11,VNQ,0.20981993359125642
2023-10-12,VNQ,0.2120886931740458
2023-10-13,VNQ,0.19846321839830441
2023-10-16,VNQ,0.20548131602001604
2023-10-17,VNQ,0.20426601445814258
2023-10-18,VNQ,0.21444276124584277
2023-10-19,VNQ,0.2252591618074209
2023-10-20,VNQ,0.1980903487575642
2023-10-23,VNQ,0.1988892932892591
2023-10-24,VNQ,0.20638064161273365
2023-10-25,VNQ,0.20979476127249017
2023-10-26,VNQ,0.22221009105910974
2023-10-27,VNQ,0.2239461024945486
2023-10-30,VNQ,0.22531092617206092
2023-10-31,VNQ,0.22716179772992565
2023-11-01,VNQ,0.21768233743561388
2023-11-02,VNQ,0.24209627358529812
2023-11-03,VNQ,0.2540600321443551
2023-11-06,VNQ,0.2605729729983094
2023-11-07,VNQ,0.26029559719358697
2023-11-08,VNQ,0.2600419975861442
2023-11-09,VNQ,0.2583093965026463
2023-11-10,VNQ,0.2558283927973634
2023-11-13,VNQ,0.25735867204743645
2023-11-14,VNQ,0.31990961424069086
2023-11-15,VNQ,0.3196982511001378
2023-11-16,VNQ,0.3088144504012608
2023-11-17,VNQ,0.2936852932647521
2023-11-20,VNQ,0.29120060218584987
2023-11-21,VNQ,0.2896051420615734
2023-11-22,VNQ,0.28815913897495526
2023-11-24,VNQ,0.27240633489756033
2023-11-27,VNQ,0.26799681519248775
2023-11-28,VNQ,0.2569542810341333
2023-11-29,VNQ,0.25697349302295075
2023-11-30,VNQ,0.2539240816268632
2023-12-01,VNQ,0.2623568929704948
2023-12-04,VNQ,0.24425924093289517
2023-12-05,VNQ,0.237677474456692
2023-12-06,VNQ,0.22980458499009468
2023-12-07,VNQ,0.22533604229106358
2023-12-08,VNQ,0.22642077156333335
2023-12-11,VNQ,0.21417474915724272
2023-12-12,VNQ,0.21468900134446847
2023-12-13,VNQ,0.2376857916182648
2023-12-14,VNQ,0.18056430967892015
2023-12-15,VNQ,0.19332237169872457
2023-12-18,VNQ,0.19338145808985455
2023-12-19,VNQ,0.19232687930471598
2023-12-20,VNQ,0.20169003616958758
2023-12-21,VNQ,0.19759500009863726
2023-12-22,VNQ,0.19765760949620834
2023-12-26,VNQ,0.19757447854267632
2023-12-27,VNQ,0.19747039480515038
2023-12-28,VNQ,0.19750792698209482
2023-12-29,VNQ,0.20646126414809263
2024-01-02,VNQ,0.20671839659256838
2024-01-03,VNQ,0.2162391399629058
2024-01-04,VNQ,0.21599880149672845
2024-01-05,VNQ,0.2143790920741123
2024-01-08,VNQ,0.2174147636732994
2024-01-09,VNQ,0.22004753072449865
2024-01-10,VNQ,0.2195720040075521
2024-01-11,VNQ,0.22348614976312256
2024-01-12,VNQ,0.22362429858378355
2024-01-16,VNQ,0.1839142361094316
2024-01-17,VNQ,0.16309682602750336
2024-01-18,VNQ,0.15764037346834925
2024-01-19,VNQ,0.16435421568096442
2024-01-22,VNQ,0.16339098909733754
2024-01-23,VNQ,0.1597821901976758
2024-01-24,VNQ,0.16250423631001842
2024-01-25,VNQ,0.16924764726659067
2024-01-26,VNQ,0.1662678120567853
2024-01-29,VNQ,0.16724720927031217
2024-01-30,VNQ,0.16599767214834787
2024-01-31,VNQ,0.16455931230882984
2024-02-01,VNQ,0.17552790123520842
2024-02-02,VNQ,0.16137962601471206
2024-02-05,VNQ,0.17505812945020083
2024-02-06,VNQ,0.18337358882363178
2024-02-07,VNQ,0.1740625656268049
2024-02-08,VNQ,0.17691490861708817
2024-02-09,VNQ,0.17699812047614805
2024-02-12,VNQ,0.17485176789554238
2024-02-13,VNQ,0.18515837623632675
2024-02-14,VNQ,0.18752520755753682
2024-02-15,VNQ,0.19624741279936028
2024-02-16,VNQ,0.19876480840002753
2024-02-20,VNQ,0.1940382914172423
2024-02-21,VNQ,0.19387624436495188
2024-02-22,VNQ,0.19268446537232456
2024-02-23,VNQ,0.1857582942238884
2024-02-26,VNQ,0.18407175756484853
2024-02-27,VNQ,0.18400598654971106
2024-02-28,VNQ,0.1861086425133021
2024-02-29,VNQ,0.18544270628598494
2024-03-01,VNQ,0.18562980044031172
2024-03-04,VNQ,0.1781121336831446
2024-03-05,VNQ,0.17784618940714045
2024-03-06,VNQ,0.15884014033978613
2024-03-07,VNQ,0.1538422793054657
2024-03-08,VNQ,0.1569882617479406
2024-03-11,VNQ,0.1573820156227559
2024-03-12,VNQ,0.1579688202503489
2024-03-13,VNQ,0.1595848763481926
2024-03-14,VNQ,0.15080141336054148
2024-03-15,VNQ,0.14955453432386992
2024-03-18,VNQ,0.1259361063848457
2024-03-19,VNQ,0.12022758040227331
2024-03-20,VNQ,0.12171047300356515
2024-03-21,VNQ,0.12264179596618889
2024-03-22,VNQ,0.13122510175811697
2024-03-25,VNQ,0.13309601246222297
2024-03-26,VNQ,0.1279655564661758
2024-03-27,VNQ,0.15547422844039835
2024-03-28,VNQ,0.15371014155166549
2024-04-01,VNQ,0.16355092059399903
2024-04-02,VNQ,0.16338543432034874
2024-04-03,VNQ,0.15923550705877143
2024-04-04,VNQ,0.15557240193640967
2024-04-05,VNQ,0.1556561173711057
2024-04-08,VNQ,0.1609747663837423
2024-04-09,VNQ,0.16278370470005676
2024-04-10,VNQ,0.21573535204412478
2024-04-11,VNQ,0.21662312790662863
2024-04-12,VNQ,0.21910199944191514
2024-04-15,VNQ,0.22067565278122714
2024-04-16,VNQ,0.22433522697586047
2024-04-17,VNQ,0.2244534872336483
2024-04-18,VNQ,0.2245403439799726
2024-04-19,VNQ,0.22365339291641398
2024-04-22,VNQ,0.22469915183254682
2024-04-23,VNQ,0.22602993860752513
2024-04-24,VNQ,0.22601053948063324
2024-04-25,VNQ,0.22628207654827362
2024-04-26,VNQ,0.20289444919279026
2024-04-29,VNQ,0.20516990790890077
2024-04-30,VNQ,0.20529915993505057
2024-05-01,VNQ,0.2026071840204357
2024-05-02,VNQ,0.21029196703863529
2024-05-03,VNQ,0.21157133959901223
2024-05-06,VNQ,0.21047115399486216
2024-05-07,VNQ,0.20960133117807664
2024-05-08,VNQ,0.2037328987365452
2024-05-09,VNQ,0.16364791823280175
2024-05-10,VNQ,0.16364647295155715
2024-05-13,VNQ,0.15793592061215947
2024-05-14,VNQ,0.14535027183701962
2024-05-15,VNQ,0.13831059453300606
2024-05-16,VNQ,0.1336725301796723
2024-05-17,VNQ,0.13375780367254522
2024-05-20,VNQ,0.13770692880383245
2024-05-21,VNQ,0.13661624652539953
2024-05-22,VNQ,0.14031396745452407
2024-05-23,VNQ,0.16206590552556507
2024-05-24,VNQ,0.16035068016278492
2024-05-28,VNQ,0.16253982571076464
2024-05-29,VNQ,0.16254261747219234
2024-05-30,VNQ,0.1584048915258789
2024-05-31,VNQ,0.1694419410857246
2024-06-03,VNQ,0.164360064063986
2024-06-04,VNQ,0.16481230072390704
2024-06-05,VNQ,0.16505587885271342
2024-06-06,VNQ,0.1624217695662331
2024-06-07,VNQ,0.16320976843084636
2024-06-10,VNQ,0.14733359326435452
2024-06-11,VNQ,0.14756756234960727
2024-06-12,VNQ,0.1503868254240061
2024-06-13,VNQ,0.14866440376484805
2024-06-14,VNQ,0.14009865194813867
2024-06-17,VNQ,0.14060111760864788
2024-06-18,VNQ,0.14149871328068525
2024-06-20,VNQ,0.1404193142138345
2024-06-21,VNQ,0.1407596718735205
2024-06-24,VNQ,0.13947986021586128
2024-06-25,VNQ,0.1237817405753878
2024-06-26,VNQ,0.1246208219183209
2024-06-27,VNQ,0.12511822730616187
2024-06-28,VNQ,0.11976850905406176
2024-07-01,VNQ,0.11799838210749794
2024-07-02,VNQ,0.10070370291015183
2024-07-03,VNQ,0.1003175167932331
2024-07-05,VNQ,0.09741042935191552
2024-07-08,VNQ,0.09764498851535806
2024-07-09,VNQ,0.09759660568583721
2024-07-10,VNQ,0.0930843168496898
2024-07-11,VNQ,0.13265968039541637
2024-07-12,VNQ,0.13171356307282633
2024-07-15,VNQ,0.130724535234751
2024-07-16,VNQ,0.13455878736440616
2024-07-17,VNQ,0.13435646367089846
2024-07-18,VNQ,0.13886465729037728
2024-07-19,VNQ,0.1400762750867083
2024-07-22,VNQ,0.14027416352105043
2024-07-23,VNQ,0.14114526360151675
2024-07-24,VNQ,0.15400065922492925
2024-07-25,VNQ,0.14592273026054078
2024-07-26,VNQ,0.15218974146125677
2024-07-29,VNQ,0.15087278974092827
2024-07-30,VNQ,0.15080501099200624
2024-07-31,VNQ,0.14554615693548517
2024-08-01,VNQ,0.14698704098783272
2024-08-02,VNQ,0.1468048085668645
2024-08-05,VNQ,0.18616252183650203
2024-08-06,VNQ,0.19507949806576455
2024-08-07,VNQ,0.19808945379651474
2024-08-08,VNQ,0.19887404006123632
2024-08-09,VNQ,0.1767332796865493
2024-08-12,VNQ,0.17872609944023116
2024-08-13,VNQ,0.17957312646949164
2024-08-14,VNQ,0.17551376385783102
2024-08-15,VNQ,0.17445190212312642
2024-08-16,VNQ,0.17096284553230381
2024-08-19,VNQ,0.1722306973045234
2024-08-20,VNQ,0.16962090820640371
2024-08-21,VNQ,0.17002112484070425
2024-08-22,VNQ,0.15941280326462376
2024-08-23,VNQ,0.1716856344327828
2024-08-26,VNQ,0.164456249389703
2024-08-27,VNQ,0.16426941361566078
2024-08-28,VNQ,0.16457074667004573
2024-08-29,VNQ,0.16438440660456
2024-08-30,VNQ,0.1641392397760872
2024-09-03,VNQ,0.16413497461922394
2024-09-04,VNQ,0.12066568879462311
2024-09-05,VNQ,0.10720863638300565
2024-09-06,VNQ,0.1026336325571162
2024-09-09,VNQ,0.1039247851868369
2024-09-10,VNQ,0.11149393841637892
2024-09-11,VNQ,0.1064954104181157
2024-09-12,VNQ,0.10481926522791232
2024-09-13,VNQ,0.10768692258345883
2024-09-16,VNQ,0.10650658242558093
2024-09-17,VNQ,0.11201503831140294
2024-09-18,VNQ,0.1117410232991309
2024-09-19,VNQ,0.11117296495844851
2024-09-20,VNQ,0.11350387462249206
2024-09-23,VNQ,0.11623814705987678
2024-09-24,VNQ,0.09356476954772161
2024-09-25,VNQ,0.09804040441999023
2024-09-26,VNQ,0.10495549690908516
2024-09-27,VNQ,0.10327682680719008
2024-09-30,VNQ,0.10413341443498682
2024-10-01,VNQ,0.10419683494331139
2024-10-02,VNQ,0.10534336355068384
2024-10-03,VNQ,0.11086465353392846
2024-10-04,VNQ,0.11166493491669363
2024-10-07,VNQ,0.11616523071408444
2024-10-08,VNQ,0.10928904545625104
2024-10-09,VNQ,0.0953393530750598
2024-10-10,VNQ,0.09916459858351918
2024-10-11,VNQ,0.10689764893754289
2024-10-14,VNQ,0.1019101401840468
2024-10-15,VNQ,0.11088024094686409
2024-10-16,VNQ,0.11559449723496706
2024-10-17,VNQ,0.11880280216739479
2024-10-18,VNQ,0.12175269231656675
2024-10-21,VNQ,0.13911430480622441
2024-10-22,VNQ,0.1340163549145114
2024-10-23,VNQ,0.13690490744498213
2024-10-24,VNQ,0.13551767085349356
2024-10-25,VNQ,0.1358119957858396
2024-10-28,VNQ,0.13624603739592275
2024-10-29,VNQ,0.1348917363149885
2024-10-30,VNQ,0.13458441330344564
2024-10-31,VNQ,0.14593290747405893
2024-11-01,VNQ,0.1474065282542129
2024-11-04,VNQ,0.15256510433248177
2024-11-05,VNQ,0.15643571714927404
2024-11-06,VNQ,0.17365933672681036
2024-11-07,VNQ,0.17895500627975078
2024-11-08,VNQ,0.18299808089125613
2024-11-11,VNQ,0.1802922070367401
2024-11-12,VNQ,0.18550333555389983
2024-11-13,VNQ,0.1812281082120414
2024-11-14,VNQ,0.17792205333684288
2024-11-15,VNQ,0.17669724188476757
2024-11-18,VNQ,0.1765792349073282
2024-11-19,VNQ,0.16484826432229227
2024-11-20,VNQ,0.1647556967222298
2024-11-21,VNQ,0.16479842739977546
2024-11-22,VNQ,0.16688932665997422
2024-11-25,VNQ,0.17011463722232115
2024-11-26,VNQ,0.17027966863313743
2024-11-27,VNQ,0.1685540628063276
2024-11-29,VNQ,0.16952536280249192
2024-12-02,VNQ,0.1665264472583822
2024-12-03,VNQ,0.1621537744788192
2024-12-04,VNQ,0.15912738118666925
2024-12-05,VNQ,0.15300209995314415
2024-12-06,VNQ,0.1318287262362804
2024-12-09,VNQ,0.12603969973455434
2024-12-10,VNQ,0.12551249330881464
2024-12-11,VNQ,0.12468563222225282
2024-12-12,VNQ,0.1150743621626058
2024-12-13,VNQ,0.11370191752937871
2024-12-16,VNQ,0.10998955224193081
2024-12-17,VNQ,0.1111573006171738
2024-12-18,VNQ,0.1769315170755148
2024-12-19,VNQ,0.18002668302792096
2024-12-20,VNQ,0.1934525747415918
2024-12-23,VNQ,0.191521820247894
2024-12-24,VNQ,0.19093013564565353
2024-12-26,VNQ,0.18216621271861014
2024-12-27,VNQ,0.1813673398715869
2024-12-30,VNQ,0.17721894180975303
2024-12-31,VNQ,0.18323903667041821
2025-01-02,VNQ,0.1801715233786491
2025-01-03,VNQ,0.18938432833291172
2025-01-06,VNQ,0.1924569857563694
2025-01-07,VNQ,0.1935487033626829
2025-01-08,VNQ,0.19468069966375062
2025-01-10,VNQ,0.20591989561785368
2025-01-13,VNQ,0.21097978898699485
2025-01-14,VNQ,0.2155304200985662
2025-01-15,VNQ,0.21763499757540056
2025-01-16,VNQ,0.23225006933814482
2025-01-17,VNQ,0.2321611069564108
2025-01-21,VNQ,0.24199155822019422
2025-01-22,VNQ,0.20195468878607614
2025-01-23,VNQ,0.19410451124649067
2025-01-24,VNQ,0.1864969998118784
2025-01-27,VNQ,0.19099510246291737
2025-01-28,VNQ,0.19584229618776205
2025-01-29,VNQ,0.20158792183417978
2025-01-30,VNQ,0.20264432930086682
2025-01-31,VNQ,0.20182339593561294
2025-02-03,VNQ,0.20026587642726557
2025-02-04,VNQ,0.19718922695283397
2025-02-05,VNQ,0.19790275034589377
2025-02-06,VNQ,0.19113752200066922
2025-02-07,VNQ,0.18759159625262142
2025-02-10,VNQ,0.18782168628976892
2025-02-11,VNQ,0.16113484910180342
2025-02-12,VNQ,0.16360952557974767
2025-02-13,VNQ,0.16407650532465243
2025-02-14,VNQ,0.16541624561143561
2025-02-18,VNQ,0.15128490368721195
2025-02-19,VNQ,0.15113552029293986
2025-02-20,VNQ,0.1380455512852546
2025-02-21,VNQ,0.1276483482152835
2025-02-24,VNQ,0.12605087165379547
2025-02-25,VNQ,0.13191502503548072
2025-02-26,VNQ,0.12555747614152285
2025-02-27,VNQ,0.11742914634532467
2025-02-28,VNQ,0.10746156248466629
2025-03-03,VNQ,0.10100699665177175
2025-03-04,VNQ,0.11050340587152589
2025-03-05,VNQ,0.1146393133016551
2025-03-06,VNQ,0.14961066477799378
2025-03-07,VNQ,0.1430819527679541
2025-03-10,VNQ,0.14696664462468595
2025-03-11,VNQ,0.15201612547889518
2025-03-12,VNQ,0.1522659485562578
2025-03-13,VNQ,0.16456905691463786
2025-03-14,VNQ,0.17861570970406465
2025-03-17,VNQ,0.1853986647011167
2025-03-18,VNQ,0.18561647096174447
2025-03-19,VNQ,0.18493601301986592
2025-03-20,VNQ,0.18489894555232245
2025-03-21,VNQ,0.18747227891076454
2025-03-24,VNQ,0.19299128752387018
2025-03-25,VNQ,0.19629234218391722
2025-03-26,VNQ,0.19142616032538928
2025-03-27,VNQ,0.19117095651253785
2025-03-28,VNQ,0.19032107144966923
2025-03-31,VNQ,0.19083185978792594
2025-04-01,VNQ,0.18975172951294544
2025-04-02,VNQ,0.187656777246118
2025-04-03,VNQ,0.2155788303257574
2025-04-04,VNQ,0.24599283534009372
2025-04-07,VNQ,0.25542198852450826
2025-04-08,VNQ,0.2660163238932587
2025-04-09,VNQ,0.3484695683236967
2025-04-10,VNQ,0.3555274667199317
2025-04-11,VNQ,0.354302832639057
2025-04-14,VNQ,0.35482754751562773
2025-04-15,VNQ,0.34865423155885195
2025-04-16,VNQ,0.34856861411146484
2025-04-17,VNQ,0.35355112593095633
2025-04-21,VNQ,0.35967591589724257
2025-04-22,VNQ,0.3661163235867985
2025-04-23,VNQ,0.3613572636301629
2025-04-24,VNQ,0.36016794918517636
2025-04-25,VNQ,0.3597049531897034
2025-04-28,VNQ,0.36062870680202846
2025-04-29,VNQ,0.3612920357372907
2025-04-30,VNQ,0.35985381211256123
2025-05-01,VNQ,0.360124916483563
2025-05-02,VNQ,0.36226184752312973
2025-05-05,VNQ,0.3411942471014028
2025-05-06,VNQ,0.30290221253151556
2025-05-07,VNQ,0.28418487128436554
2025-05-08,VNQ,0.26315396021701365
2025-05-09,VNQ,0.17352037707531406
2025-05-12,VNQ,0.1468924096158069
2025-05-13,VNQ,0.15433362519375218
2025-05-14,VNQ,0.14553542436463712
2025-05-15,VNQ,0.15697932633077663
2025-05-16,VNQ,0.16069743324666477
2025-05-19,VNQ,0.15442452084738803
2025-05-20,VNQ,0.133971223196413
2025-05-21,VNQ,0.1546357616077601
2025-05-22,VNQ,0.1554975188330157
2025-05-23,VNQ,0.15500497359007206
2025-05-27,VNQ,0.16614215326591178
2025-05-28,VNQ,0.16512710484729548
2025-05-29,VNQ,0.1669483049995694
2025-05-30,VNQ,0.16665720680739554
2025-06-02,VNQ,0.16639673719852696
2025-06-03,VNQ,0.16089376984038026
2025-06-04,VNQ,0.1610339161984954
2025-06-05,VNQ,0.15859869948611285
2025-06-06,VNQ,0.1593281802699816
2025-06-09,VNQ,0.15850083786552158
2025-06-10,VNQ,0.15951633223229578
2025-06-11,VNQ,0.1602339168953554
2025-06-12,VNQ,0.15352468214758605
2025-06-13,VNQ,0.15340344619053747
2025-06-16,VNQ,0.14036410506579824
2025-06-17,VNQ,0.1338800100431511
2025-06-18,VNQ,0.13452186735210472
2025-06-20,VNQ,0.1329550696870354
2025-06-23,VNQ,0.1024532102668426
2025-06-24,VNQ,0.09959274700456537
2025-06-25,VNQ,0.13538993840770627
2025-06-26,VNQ,0.1218595088110949
2025-06-27,VNQ,0.1219842529992813
2025-06-30,VNQ,0.1200037705756469
2025-07-01,VNQ,0.12237258238028635
2025-07-02,VNQ,0.12248727018448662
2025-07-03,VNQ,0.12207716619398737
2025-07-07,VNQ,0.12611708829364296
2025-07-08,VNQ,0.12621562416615342
2025-07-09,VNQ,0.12518080117572508
2025-07-10,VNQ,0.12693754671326485
2025-07-11,VNQ,0.12339572338255878
2025-07-14,VNQ,0.12373662461316
2025-07-15,VNQ,0.13332124542294724
2025-07-16,VNQ,0.13298460044697807
2025-07-17,VNQ,0.1330978660614445
2025-07-18,VNQ,0.13241060013909398
2025-07-21,VNQ,0.13260212563825055
2025-07-22,VNQ,0.1441351096091368
2025-07-23,VNQ,0.13561826427685475
2025-07-24,VNQ,0.13631134758281863
2025-07-25,VNQ,0.10263037670343564
2025-07-28,VNQ,0.11962102125012801
2025-07-29,VNQ,0.13038183759632757
2025-07-30,VNQ,0.14019631483781467
2025-07-31,VNQ,0.14697598746149826
2025-08-01,VNQ,0.14684660130497673
2025-08-04,VNQ,0.1514303009966272
2025-08-05,VNQ,0.1489542605714897
2025-08-06,VNQ,0.15160824088022998
2025-08-07,VNQ,0.15187676196912406
2025-08-08,VNQ,0.15308154941632365
2025-08-11,VNQ,0.15461082899055326
2025-08-12,VNQ,0.15416674082807447
2025-08-13,VNQ,0.14899578365962393
2025-08-14,VNQ,0.14746604317580198
2025-08-15,VNQ,0.14889935100753446
2025-08-18,VNQ,0.15150012709374716
2025-08-19,VNQ,0.16289342906211876
2025-08-20,VNQ,0.15115068626619474
2025-08-21,VNQ,0.15108058728633725
2025-08-22,VNQ,0.16594345935923355
2025-08-25,VNQ,0.16725967109856837
2025-08-26,VNQ,0.1572093056851811
2025-08-27,VNQ,0.14851314984810013
2025-08-28,VNQ,0.13956055736250816
2025-08-29,VNQ,0.12952813830047583
2025-09-02,VNQ,0.1436627800859248
2025-09-03,VNQ,0.1396711377112315
2025-09-04,VNQ,0.1410982194386029
2025-09-05,VNQ,0.1421709506122989
2025-09-08,VNQ,0.14434928932318275
2025-09-09,VNQ,0.14089604767979144
2025-09-10,VNQ,0.13833540282014248
2025-09-11,VNQ,0.14932471716661908
2025-09-12,VNQ,0.1488370137877786
2025-09-15,VNQ,0.14595548222349447
2025-09-16,VNQ,0.14727707627429348
2025-09-17,VNQ,0.14328826304159678
2025-09-18,VNQ,0.1317774046440681
2025-09-19,VNQ,0.13406036068500163
2025-09-22,VNQ,0.13346294373423048
2025-09-23,VNQ,0.11658439005760565
2025-09-24,VNQ,0.11994414747137574
2025-09-25,VNQ,0.12004520744869998
2025-09-26,VNQ,0.12312213075565918
2025-09-29,VNQ,0.12276313419766749
2025-09-30,VNQ,0.1220967045598218
2025-10-01,VNQ,0.10605605053595349
2025-10-02,VNQ,0.1081862395545358
2025-10-03,VNQ,0.10594845877043163
2025-10-06,VNQ,0.10356912700495431
2025-10-07,VNQ,0.10242087161566932
2025-10-08,VNQ,0.10358755392008477
2025-10-09,VNQ,0.10492766596504595
2025-10-10,VNQ,0.08786800595219972
2025-10-13,VNQ,0.09220264695063632
2025-10-14,VNQ,0.10107692475438461
2025-10-15,VNQ,0.11332935580147939
2025-10-16,VNQ,0.1138644225073937
2025-10-17,VNQ,0.11601952186449967
2025-10-20,VNQ,0.11865948714120157
2025-10-21,VNQ,0.11928365315036306
2025-10-22,VNQ,0.11873139755320658
2025-10-23,VNQ,0.11276454699536051
2025-10-24,VNQ,0.11202705171729285
2025-10-27,VNQ,0.10774560682234173
2025-10-28,VNQ,0.12912552404421662
2025-10-29,VNQ,0.1556910326217508
2025-10-30,VNQ,0.15686756060214685
2025-10-31,VNQ,0.15675124175053937
2025-11-03,VNQ,0.15582288603089064
2025-11-04,VNQ,0.1531794786545467
2025-11-05,VNQ,0.15287826573566837
2025-11-06,VNQ,0.1527304615124577
2025-11-07,VNQ,0.16111899539431662
2025-11-10,VNQ,0.1537749779926957
2025-11-11,VNQ,0.15673227678559212
2025-11-12,VNQ,0.15608704715605223
2025-11-13,VNQ,0.15340002198561328
2025-11-14,VNQ,0.15336087885255828
2025-11-17,VNQ,0.15341310670955108
2025-11-18,VNQ,0.14918951187475077
2025-11-19,VNQ,0.15077069655663408
2025-11-20,VNQ,0.14939647605169998
2025-11-21,VNQ,0.16234793375862744
2025-11-24,VNQ,0.16226816928404084
2025-11-25,VNQ,0.1658199159273336
2025-11-26,VNQ,0.15215115528181958
2025-11-28,VNQ,0.11970201179656915
2025-12-01,VNQ,0.12717044548573891
2025-12-02,VNQ,0.12782210600235175
2025-12-03,VNQ,0.12782328529022643
2025-12-04,VNQ,0.12819718007792727
2025-12-05,VNQ,0.12829682358648653
2025-12-08,VNQ,0.13011796703425277
2025-12-09,VNQ,0.11812722173565808
2025-12-10,VNQ,0.11906849367823585
2025-12-11,VNQ,0.11279310477049277
2025-12-12,VNQ,0.11021957535935971
2025-12-15,VNQ,0.10219229362789997
2025-12-16,VNQ,0.10516929995443337
2025-12-17,VNQ,0.10181005840832612
2025-12-18,VNQ,0.10260705007253591
2025-12-19,VNQ,0.09969882385637309
2025-12-22,VNQ,0.09992785694019544
2025-12-23,VNQ,0.08196827401242468
2025-12-24,VNQ,0.08481516217335906
2025-12-26,VNQ,0.07791413597104202
2025-12-29,VNQ,0.07644258987534336
2025-12-30,VNQ,0.07574614325411892
2025-12-31,VNQ,0.0704682390821126
2026-01-02,VNQ,0.06964545310989272
2026-01-05,VNQ,0.0694981612400262
2026-01-06,VNQ,0.0738871220413446
2026-01-07,VNQ,0.08135780185416566
2026-01-08,VNQ,0.08268720353572215
2026-01-09,VNQ,0.0813124147866264
2026-01-12,VNQ,0.08069751888287993
2026-01-13,VNQ,0.08150069216080584
2026-01-14,VNQ,0.08560656502128546
2026-01-15,VNQ,0.08767633103804653
2026-01-16,VNQ,0.08934530694226096
2026-01-20,VNQ,0.11469271034093781
2026-01-21,VNQ,0.11252703052310072
2026-01-22,VNQ,0.11806312522506307
2026-01-23,VNQ,0.11730972929123662
2026-01-26,VNQ,0.11746500387025562
2026-01-27,VNQ,0.11592410814961054
2026-01-28,VNQ,0.12220876613780117
2026-01-29,VNQ,0.1309684506449492
2026-01-30,VNQ,0.13090759313719083
2026-02-02,VNQ,0.13299686324253202
2026-02-03,VNQ,0.133396733168891
2026-02-04,VNQ,0.14161127885279196
2026-02-05,VNQ,0.14009475685276826
2026-02-06,VNQ,0.14370264850976822
2026-02-09,VNQ,0.14176487213710584
2026-02-10,VNQ,0.14735077742320649
2026-02-11,VNQ,0.14984170877082173
2026-02-12,VNQ,0.1496397465301111
2026-02-13,VNQ,0.15423003333535978
2026-02-17,VNQ,0.15553371436552843
2026-02-18,VNQ,0.15794855988374804
2026-02-19,VNQ,0.14180166203506614
2026-02-20,VNQ,0.14305023394282532
2026-02-23,VNQ,0.136759159754546
2026-02-24,VNQ,0.1367532323182296
2026-02-25,VNQ,0.13732123367769697
2026-02-26,VNQ,0.1378232186655245
2026-02-27,VNQ,0.1296236181364339
2026-03-02,VNQ,0.12360999318881212
2026-03-03,VNQ,0.12660173413417133
2026-03-04,VNQ,0.11796486596805618
2026-03-05,VNQ,0.12518069330520867
2026-03-06,VNQ,0.12575454685499327
2026-03-09,VNQ,0.1253664586858195
2026-03-10,VNQ,0.11452177523397766
2026-03-11,VNQ,0.11992651303419934
2026-03-12,VNQ,0.11178305141284382
2026-03-13,VNQ,0.11081639856116102
2026-03-16,VNQ,0.11502362373364737
2026-03-17,VNQ,0.10382535062888057
2026-03-18,VNQ,0.10799887064819166
2026-03-19,VNQ,0.10218919920464556
2026-03-20,VNQ,0.14483947178238596
2026-03-23,VNQ,0.1450517752212086
2026-03-24,VNQ,0.14523793714742547
2026-03-25,VNQ,0.1440697640845886
2026-03-26,VNQ,0.14420883171607501
2026-03-27,VNQ,0.14039475120311942
2026-03-30,VNQ,0.14158873391600285
2026-03-31,VNQ,0.15565049216662732
2026-04-01,VNQ,0.15716511075701628
2026-04-02,VNQ,0.1666502343190442
2026-04-06,VNQ,0.16453776037476706
2026-04-07,VNQ,0.1612909938836297
2026-04-08,VNQ,0.17406538901790758
2026-04-09,VNQ,0.17587688489174141
2026-04-10,VNQ,0.17176017749389616
2026-04-13,VNQ,0.16974600817698662
2026-04-14,VNQ,0.17216671958880364
2026-04-15,VNQ,0.17042277892523067
2026-04-16,VNQ,0.1723522422779113
2026-04-17,VNQ,0.1686660588826435
2026-04-20,VNQ,0.1667526771034625
2026-04-21,VNQ,0.13578277963655938
2026-04-22,VNQ,0.14136122633106635
2026-04-23,VNQ,0.13870659756298992
2026-04-24,VNQ,0.13928481417368457
2026-04-27,VNQ,0.14193900017253605
2026-04-28,VNQ,0.13617405061656385
2026-04-29,VNQ,0.1428005283622961
2026-04-30,VNQ,0.14217735495522785
2026-05-01,VNQ,0.14410778389855752
2026-05-04,VNQ,0.14327959512109226
2026-05-05,VNQ,0.14320848616097603
2026-05-06,VNQ,0.14812054589459414
2026-05-07,VNQ,0.1424260033000329
2026-05-08,VNQ,0.1412840707525934
2026-05-11,VNQ,0.1413474359705413
2026-05-12,VNQ,0.14132411430055747
2026-05-13,VNQ,0.1423812539213336
2026-05-14,VNQ,0.14433057157179555
2026-05-15,VNQ,0.15002193895823648
2026-05-18,VNQ,0.14473009235327283
2026-05-19,VNQ,0.14445573332619302
2026-05-20,VNQ,0.1379091777760892
2026-05-21,VNQ,0.13407496463512394
2026-05-22,VNQ,0.129879331283276
2026-05-26,VNQ,0.1302051459282729
2026-05-27,VNQ,0.12898106196407655
2026-05-28,VNQ,0.12655183590763086
2026-05-29,VNQ,0.12739082422045322
2026-06-01,VNQ,0.1291107485322334
2026-06-02,VNQ,0.13039705140144403
2026-06-03,VNQ,0.1288716005350146
2026-06-04,VNQ,0.14343901978237225
2026-06-05,VNQ,0.13711981310046076
2026-06-08,VNQ,0.14299483032577062
2026-06-09,VNQ,0.16440274450312636
2026-06-10,VNQ,0.16440930598014408
2026-06-11,VNQ,0.16445749922572964
2026-06-12,VNQ,0.1638593737147004
2026-06-15,VNQ,0.1644929645440629
2026-06-16,VNQ,0.1537528884929946
2026-06-17,VNQ,0.1758275119250696
2026-06-18,VNQ,0.1756150071432125
2026-06-22,VNQ,0.1740101487312798
2026-06-23,VNQ,0.17974222397933237
2026-06-24,VNQ,0.17974757184883333
2026-06-25,VNQ,0.17921337170320709
2026-06-26,VNQ,0.18575214127767148
2026-06-29,VNQ,0.1863274175179703
2026-06-30,VNQ,0.19453400033663734
2026-07-01,VNQ,0.18377697319426486
2026-07-02,VNQ,0.187205092260352
2026-07-06,VNQ,0.19020652292035403
2026-07-07,VNQ,0.18492571710962605
2026-07-08,VNQ,0.19365082416015167
2026-07-09,VNQ,0.18680774452097096
2026-07-10,VNQ,0.16938231318646535
2026-07-13,VNQ,0.17023922316327697
2026-07-14,VNQ,0.1705531180371124
2026-07-15,VNQ,0.16785880476617124
2026-07-16,VNQ,0.1825998965552702
2026-07-17,VNQ,0.18270539677616066
2026-07-20,VNQ,0.15795758557052794
2026-07-21,VNQ,0.15777737962931704
2026-07-22,VNQ,0.15669806119828755
2026-07-23,VNQ,0.1517817569788861
2026-07-24,VNQ,0.1676600933864193
2026-07-27,VNQ,0.16840386748738215
2026-07-28,VNQ,0.161374691797365
2026-07-29,VNQ,0.16038595420512772
2026-07-30,VNQ,0.15280537759375734
2026-07-31,VNQ,0.1543585914097848
2026-08-03,VNQ,0.148792817886516
2026-08-04,VNQ,0.14579521989910488
2026-08-05,VNQ,0.14012532946002051
2026-08-06,VNQ,0.13120579546187575
2026-08-07,VNQ,0.1314719582594241
2026-08-10,VNQ,0.14001180589947165
2026-08-11,VNQ,0.14089143759811948
2026-08-12,VNQ,0.14509514350359023
2026-08-13,VNQ,0.15181811130548273
2026-08-14,VNQ,0.12907680094183305
2026-08-17,VNQ,0.13204376666413575
2026-08-18,VNQ,0.13144505632496353
2026-08-19,VNQ,0.1368474925069817
2026-08-20,VNQ,0.13581111576674337
2026-08-21,VNQ,0.13536708202319003
2026-08-24,VNQ,0.11319525751380344
2026-08-25,VNQ,0.11324562814993618
2026-08-26,VNQ,0.1136478695159572
2026-08-27,VNQ,0.1174264735178445
2026-08-28,VNQ,0.11198735060243786
2026-08-31,VNQ,0.1137671689282193
2026-09-01,VNQ,0.11342959535805013
2026-09-02,VNQ,0.11430640950112651
2026-09-03,VNQ,0.12011905294611107
2026-09-04,VNQ,0.11849974745089176
2026-09-08,VNQ,0.1171320898000814
2026-09-09,VNQ,0.11350528357005435
2026-09-10,VNQ,0.11437201291557979
2026-09-11,VNQ,0.11177863763429736
2026-09-14,VNQ,0.09954762393892842
2026-09-15,VNQ,0.09812402994608735
2026-09-16,VNQ,0.09673774836617781
2026-09-17,VNQ,0.09857370242597881
2026-09-18,VNQ,0.09172868612821693
2026-09-21,VNQ,0.1011597450228546
2026-09-23,VNQ,0.12812361730001864
2026-09-24,VNQ,0.12332448044277901
