date,ticker,close,daily_return
2021-09-06,EFA,71.0,
2021-09-07,EFA,71.6,0.008450704225352101
2021-09-08,EFA,71.57,-0.00041899441340786936
2021-09-09,EFA,71.59,0.00027944669554291757
2021-09-10,EFA,71.13,-0.006425478418773722
2021-09-13,EFA,70.65,-0.006748207507380699
2021-09-14,EFA,70.66,0.00014154281670197832
2021-09-15,EFA,71.33,0.009482026606283611
2021-09-16,EFA,73.7,0.03322585167531189
2021-09-17,EFA,73.22,-0.006512890094979684
2021-09-20,EFA,71.84,-0.018847309478284613
2021-09-21,EFA,71.38,-0.006403118040089195
2021-09-22,EFA,71.62,0.0033622863547213555
2021-09-23,EFA,72.21,0.00823792236805354
2021-09-24,EFA,71.45,-0.010524858052901154
2021-09-27,EFA,71.88,0.006018194541637323
2021-09-28,EFA,73.48,0.02225932109070694
2021-09-29,EFA,74.56,0.01469787697332614
2021-09-30,EFA,73.96,-0.00804721030042932
2021-10-01,EFA,75.74,0.024067063277447343
2021-10-04,EFA,75.97,0.0030367045154475747
2021-10-05,EFA,76.69,0.009477425299460274
2021-10-06,EFA,77.19,0.006519754857217341
2021-10-07,EFA,79.14,0.025262339681305868
2021-10-08,EFA,80.14,0.012635835228708592
2021-10-11,EFA,79.44,-0.008734714250062448
2021-10-12,EFA,79.11,-0.00415407854984895
2021-10-13,EFA,80.21,0.013904689672607606
2021-10-14,EFA,81.18,0.01209325520508675
2021-10-15,EFA,79.63,-0.019093372751909476
2021-10-18,EFA,78.86,-0.009669722466407071
2021-10-19,EFA,78.62,-0.0030433679939132485
2021-10-20,EFA,77.66,-0.012210633426609108
2021-10-21,EFA,77.9,0.0030903940252382522
2021-10-22,EFA,76.99,-0.011681643132220976
2021-10-25,EFA,76.78,-0.0027276269645407636
2021-10-26,EFA,76.47,-0.0040375097681688565
2021-10-27,EFA,77.42,0.012423172485942269
2021-10-28,EFA,76.95,-0.0060707827434771655
2021-10-29,EFA,79.17,0.028849902534113125
2021-11-01,EFA,78.87,-0.0037893141341416303
2021-11-02,EFA,79.07,0.0025358184353998503
2021-11-03,EFA,79.45,0.004805868218034748
2021-11-04,EFA,79.82,0.00465701699181853
2021-11-05,EFA,79.46,-0.004510147832623379
2021-11-08,EFA,79.61,0.0018877422602567862
2021-11-09,EFA,78.24,-0.017208893355106225
2021-11-10,EFA,79.38,0.014570552147239235
2021-11-11,EFA,78.66,-0.009070294784580435
2021-11-12,EFA,78.89,0.0029239766081872176
2021-11-15,EFA,78.11,-0.009887184687539574
2021-11-16,EFA,78.46,0.0044808603251824675
2021-11-17,EFA,78.96,0.006372673973999543
2021-11-18,EFA,77.9,-0.013424518743667568
2021-11-19,EFA,78.66,0.009756097560975396
2021-11-22,EFA,78.2,-0.005847953216374213
2021-11-23,EFA,77.41,-0.010102301790281376
2021-11-24,EFA,78.15,0.009559488438186436
2021-11-25,EFA,77.16,-0.012667946257197804
2021-11-26,EFA,77.11,-0.0006480041472265441
2021-11-29,EFA,78.33,0.015821553624691953
2021-11-30,EFA,76.06,-0.028979956593897516
2021-12-01,EFA,75.68,-0.004996055745464023
2021-12-02,EFA,74.61,-0.014138477801268645
2021-12-03,EFA,74.43,-0.0024125452352230514
2021-12-06,EFA,75.93,0.02015316404675538
2021-12-07,EFA,75.31,-0.008165415514289509
2021-12-08,EFA,76.39,0.014340725003319621
2021-12-09,EFA,77.05,0.008639874329100516
2021-12-10,EFA,78.2,0.014925373134328401
2021-12-13,EFA,78.74,0.006905370843989678
2021-12-14,EFA,77.05,-0.021463042926085807
2021-12-15,EFA,76.57,-0.006229720960415408
2021-12-16,EFA,76.86,0.0037873840929869562
2021-12-17,EFA,77.83,0.012620348685922433
2021-12-20,EFA,78.02,0.0024412180393165173
2021-12-21,EFA,78.83,0.010381953345296013
2021-12-22,EFA,78.19,-0.008118736521628866
2021-12-23,EFA,78.03,-0.0020462974804962286
2021-12-24,EFA,77.68,-0.004485454312443848
2021-12-27,EFA,78.66,0.012615859938207796
2021-12-28,EFA,77.75,-0.011568777015001253
2021-12-29,EFA,79.51,0.02263665594855313
2021-12-30,EFA,78.82,-0.008678153691359713
2021-12-31,EFA,77.73,-0.013828977416899146
2022-01-03,EFA,77.54,-0.0024443586774732795
2022-01-04,EFA,76.94,-0.007737941707505858
2022-01-05,EFA,77.61,0.00870808422147129
2022-01-06,EFA,77.89,0.003607782502254908
2022-01-07,EFA,77.29,-0.007703171138785381
2022-01-10,EFA,76.51,-0.010091861819122805
2022-01-11,EFA,76.29,-0.0028754411188079976
2022-01-12,EFA,76.04,-0.0032769694586446407
2022-01-13,EFA,75.94,-0.0013150973172015856
2022-01-14,EFA,76.95,0.013299973663418507
2022-01-17,EFA,78.11,0.015074723846653537
2022-01-18,EFA,77.64,-0.006017155293816412
2022-01-19,EFA,78.82,0.015198351365275586
2022-01-20,EFA,79.01,0.0024105556965239305
2022-01-21,EFA,78.76,-0.003164156435894183
2022-01-24,EFA,78.78,0.0002539360081259545
2022-01-25,EFA,78.57,-0.0026656511805027705
2022-01-26,EFA,78.98,0.005218276695940105
2022-01-27,EFA,79.17,0.0024056723221068665
2022-01-28,EFA,79.39,0.0027788303650373436
2022-01-31,EFA,79.21,-0.0022672880715456367
2022-02-01,EFA,79.37,0.002019946976391962
2022-02-02,EFA,80.1,0.009197429759354891
2022-02-03,EFA,80.19,0.0011235955056179137
2022-02-04,EFA,80.51,0.003990522509041083
2022-02-07,EFA,78.73,-0.02210905477580427
2022-02-08,EFA,78.66,-0.0008891146957958895
2022-02-09,EFA,79.76,0.013984235952199553
2022-02-10,EFA,78.34,-0.017803410230692096
2022-02-11,EFA,78.41,0.0008935409752359735
2022-02-14,EFA,78.24,-0.002168090804744338
2022-02-15,EFA,76.8,-0.018404907975460127
2022-02-16,EFA,77.88,0.014062500000000089
2022-02-17,EFA,77.48,-0.005136106831021947
2022-02-18,EFA,76.05,-0.01845637583892623
2022-02-21,EFA,76.06,0.00013149243918486597
2022-02-22,EFA,75.92,-0.0018406521167499967
2022-02-23,EFA,75.23,-0.0090885142255005
2022-02-24,EFA,76.43,0.015951083344410533
2022-02-25,EFA,76.65,0.0028784508700772093
2022-02-28,EFA,75.81,-0.010958904109589107
2022-03-01,EFA,77.13,0.0174119509299564
2022-03-02,EFA,78.19,0.013743031245948334
2022-03-03,EFA,78.09,-0.0012789359253100319
2022-03-04,EFA,79.56,0.018824433346139147
2022-03-07,EFA,79.59,0.00037707390648566985
2022-03-08,EFA,79.46,-0.0016333710265109547
2022-03-09,EFA,78.76,-0.008809463881197965
2022-03-10,EFA,78.02,-0.009395632300660317
2022-03-11,EFA,80.49,0.031658549089977006
2022-03-14,EFA,81.35,0.010684557087836888
2022-03-15,EFA,81.79,0.005408727719729667
2022-03-16,EFA,81.04,-0.009169825162000267
2022-03-17,EFA,79.78,-0.015547877591313042
2022-03-18,EFA,79.0,-0.009776886437703691
2022-03-21,EFA,80.63,0.020632911392405084
2022-03-22,EFA,80.09,-0.006697259084707863
2022-03-23,EFA,79.42,-0.008365588712698213
2022-03-24,EFA,78.84,-0.007302946361118057
2022-03-25,EFA,77.08,-0.02232369355657038
2022-03-28,EFA,75.93,-0.014919564089257764
2022-03-29,EFA,76.26,0.00434610825760573
2022-03-30,EFA,76.22,-0.0005245213742460786
2022-03-31,EFA,76.9,0.008921542902125434
2022-04-01,EFA,77.37,0.006111833550064949
2022-04-04,EFA,80.01,0.034121752617293444
2022-04-05,EFA,79.79,-0.0027496562929634205
2022-04-06,EFA,78.74,-0.013159543802481632
2022-04-07,EFA,77.94,-0.010160020320040597
2022-04-08,EFA,76.33,-0.02065691557608418
2022-04-11,EFA,77.96,0.02135464430761158
2022-04-12,EFA,77.12,-0.010774756285274356
2022-04-13,EFA,76.62,-0.006483402489626533
2022-04-14,EFA,76.54,-0.0010441138084050783
2022-04-15,EFA,76.53,-0.00013065064018824568
2022-04-18,EFA,76.78,0.00326669280020897
2022-04-19,EFA,77.37,0.007684292784579272
2022-04-20,EFA,79.38,0.02597906165180297
2022-04-21,EFA,79.83,0.005668934240362855
2022-04-22,EFA,79.8,-0.00037579857196545774
2022-04-25,EFA,79.48,-0.004010025062656575
2022-04-26,EFA,79.72,0.003019627579265105
2022-04-27,EFA,80.76,0.0130456598093327
2022-04-28,EFA,79.83,-0.011515601783060991
2022-04-29,EFA,80.03,0.0025053238131029776
2022-05-02,EFA,80.41,0.004748219417718191
2022-05-03,EFA,81.1,0.00858102226091284
2022-05-04,EFA,80.22,-0.01085080147965467
2022-05-05,EFA,80.79,0.007105459985041307
2022-05-06,EFA,80.44,-0.004332219334076126
2022-05-09,EFA,81.59,0.014296369965191458
2022-05-10,EFA,81.59,0.0
2022-05-11,EFA,81.67,0.000980512317686033
2022-05-12,EFA,79.77,-0.02326435655687531
2022-05-13,EFA,79.49,-0.003510091513100222
2022-05-16,EFA,79.97,0.00603849540822754
2022-05-17,EFA,80.72,0.009378516943854054
2022-05-18,EFA,79.21,-0.018706640237859284
2022-05-19,EFA,79.26,0.000631233430122613
2022-05-20,EFA,78.37,-0.011228867019934419
2022-05-23,EFA,78.85,0.006124792650248789
2022-05-24,EFA,79.8,0.012048192771084265
2022-05-25,EFA,78.58,-0.015288220551378462
2022-05-26,EFA,78.78,0.002545176889793943
2022-05-27,EFA,79.17,0.004950495049504955
2022-05-30,EFA,77.83,-0.01692560313249969
2022-05-31,EFA,77.94,0.0014133367596043112
2022-06-01,EFA,78.58,0.008211444701052173
2022-06-02,EFA,79.35,0.009798931025706281
2022-06-03,EFA,78.24,-0.013988657844990593
2022-06-06,EFA,77.94,-0.0038343558282207812
2022-06-07,EFA,78.13,0.002437772645624836
2022-06-08,EFA,78.13,0.0
2022-06-09,EFA,77.23,-0.011519262767182736
2022-06-10,EFA,76.5,-0.009452285381328585
2022-06-13,EFA,75.85,-0.008496732026143872
2022-06-14,EFA,74.58,-0.016743572841133814
2022-06-15,EFA,75.53,0.012737999463663163
2022-06-16,EFA,76.17,0.008473454256586743
2022-06-17,EFA,75.09,-0.014178810555336763
2022-06-20,EFA,73.74,-0.01797842588893339
2022-06-21,EFA,73.83,0.0012205044751831817
2022-06-22,EFA,73.43,-0.005417851821752584
2022-06-23,EFA,73.1,-0.004494075990739699
2022-06-24,EFA,73.12,0.0002735978112176074
2022-06-27,EFA,73.0,-0.001641137855579955
2022-06-28,EFA,73.49,0.006712328767123132
2022-06-29,EFA,74.43,0.012790855898761944
2022-06-30,EFA,74.72,0.003896278382372609
2022-07-01,EFA,72.87,-0.02475910064239817
2022-07-04,EFA,72.94,0.0009606147934677622
2022-07-05,EFA,73.41,0.006443652316972859
2022-07-06,EFA,73.13,-0.0038141942514643423
2022-07-07,EFA,73.55,0.00574319704635573
2022-07-08,EFA,72.52,-0.014004078857919766
2022-07-11,EFA,72.83,0.004274682846111544
2022-07-12,EFA,72.88,0.0006865302759850866
2022-07-13,EFA,73.7,0.011251372118551206
2022-07-14,EFA,73.01,-0.009362279511533234
2022-07-15,EFA,73.39,0.005204766470346511
2022-07-18,EFA,74.41,0.013898351274015397
2022-07-19,EFA,74.17,-0.003225372933745363
2022-07-20,EFA,73.1,-0.014426317918295961
2022-07-21,EFA,73.67,0.007797537619699035
2022-07-22,EFA,74.85,0.016017374779421667
2022-07-25,EFA,75.94,0.014562458249833155
2022-07-26,EFA,76.18,0.0031603897814065363
2022-07-27,EFA,75.16,-0.013389341034392377
2022-07-28,EFA,74.86,-0.003991484832357561
2022-07-29,EFA,75.03,0.0022709056906224934
2022-08-01,EFA,75.67,0.008529921364787363
2022-08-02,EFA,74.73,-0.012422360248447228
2022-08-03,EFA,74.02,-0.009500869797939404
2022-08-04,EFA,74.17,0.0020264793299109574
2022-08-05,EFA,73.29,-0.011864635297289983
2022-08-08,EFA,73.33,0.0005457770500749692
2022-08-09,EFA,73.84,0.0069548615846175554
2022-08-10,EFA,76.53,0.03643011917659811
2022-08-11,EFA,76.01,-0.006794721024434791
2022-08-12,EFA,75.83,-0.0023681094592817864
2022-08-15,EFA,75.2,-0.008308057497032784
2022-08-16,EFA,73.6,-0.021276595744680993
2022-08-17,EFA,72.84,-0.010326086956521596
2022-08-18,EFA,73.06,0.0030203185063151228
2022-08-19,EFA,72.2,-0.011771147002463733
2022-08-22,EFA,73.93,0.023961218836565212
2022-08-23,EFA,73.81,-0.0016231570404436901
2022-08-24,EFA,74.43,0.008399945806801368
2022-08-25,EFA,75.1,0.009001746607550487
2022-08-26,EFA,74.49,-0.008122503328894748
2022-08-29,EFA,73.54,-0.012753389716740338
2022-08-30,EFA,73.2,-0.004623334239869492
2022-08-31,EFA,72.87,-0.004508196721311419
2022-09-01,EFA,73.27,0.005489227391244578
2022-09-02,EFA,73.12,-0.002047222601337384
2022-09-05,EFA,72.92,-0.002735229759299851
2022-09-06,EFA,72.82,-0.0013713658804169748
2022-09-07,EFA,70.63,-0.030074155451798923
2022-09-08,EFA,70.23,-0.005663315871442642
2022-09-09,EFA,70.26,0.0004271678769756093
2022-09-12,EFA,70.4,0.00199259891830339
2022-09-13,EFA,69.16,-0.017613636363636442
2022-09-14,EFA,70.33,0.016917293233082775
2022-09-15,EFA,70.5,0.002417176169486668
2022-09-16,EFA,70.34,-0.0022695035460992274
2022-09-19,EFA,71.08,0.010520329826556596
2022-09-20,EFA,71.1,0.0002813731007316189
2022-09-21,EFA,72.49,0.019549929676512035
2022-09-22,EFA,73.03,0.00744930335218652
2022-09-23,EFA,73.11,0.0010954402300424881
2022-09-26,EFA,72.3,-0.01107919573245797
2022-09-27,EFA,72.84,0.007468879668049988
2022-09-28,EFA,72.34,-0.006864360241625511
2022-09-29,EFA,72.61,0.003732374896322943
2022-09-30,EFA,73.8,0.01638892714502127
2022-10-03,EFA,75.11,0.01775067750677506
2022-10-04,EFA,74.8,-0.004127279989349031
2022-10-05,EFA,74.38,-0.005614973262032086
2022-10-06,EFA,73.98,-0.0053777897284215115
2022-10-07,EFA,74.68,0.009462016761286884
2022-10-10,EFA,74.06,-0.008302088912694239
2022-10-11,EFA,74.75,0.009316770186335477
2022-10-12,EFA,73.81,-0.012575250836120322
2022-10-13,EFA,73.1,-0.009619292778756394
2022-10-14,EFA,73.81,0.009712722298221621
2022-10-17,EFA,74.15,0.004606421894052248
2022-10-18,EFA,73.47,-0.009170600134861817
2022-10-19,EFA,73.24,-0.003130529467810006
2022-10-20,EFA,71.99,-0.01706717640633537
2022-10-21,EFA,71.74,-0.0034727045422975333
2022-10-24,EFA,72.73,0.013799832729300299
2022-10-25,EFA,72.99,0.0035748659425269835
2022-10-26,EFA,72.64,-0.004795177421564545
2022-10-27,EFA,70.04,-0.03579295154185014
2022-10-28,EFA,69.1,-0.01342090234151927
2022-10-31,EFA,69.35,0.003617945007236001
2022-11-01,EFA,68.41,-0.013554434030281115
2022-11-02,EFA,68.02,-0.0057009209179944564
2022-11-03,EFA,67.91,-0.0016171714201704823
2022-11-04,EFA,68.68,0.011338536298041602
2022-11-07,EFA,68.99,0.0045136866627837335
2022-11-08,EFA,68.09,-0.013045368894042508
2022-11-09,EFA,67.95,-0.0020561022176530663
2022-11-10,EFA,67.38,-0.008388520971302493
2022-11-11,EFA,67.2,-0.002671415850400649
2022-11-14,EFA,67.19,-0.0001488095238095788
2022-11-15,EFA,67.05,-0.002083643399315438
2022-11-16,EFA,67.82,0.011483967188665067
2022-11-17,EFA,68.7,0.012975523444411774
2022-11-18,EFA,68.37,-0.004803493449781593
2022-11-21,EFA,67.38,-0.014480035103115574
2022-11-22,EFA,67.8,0.006233303650934996
2022-11-23,EFA,69.23,0.021091445427728672
2022-11-24,EFA,68.59,-0.009244547161635142
2022-11-25,EFA,68.74,0.0021869077124943015
2022-11-28,EFA,68.63,-0.0016002327611288614
2022-11-29,EFA,68.68,0.0007285443683522352
2022-11-30,EFA,68.49,-0.0027664531158999583
2022-12-01,EFA,68.96,0.006862315666520624
2022-12-02,EFA,69.22,0.003770301624129946
2022-12-05,EFA,69.79,0.008234614273331609
2022-12-06,EFA,69.52,-0.003868749104456337
2022-12-07,EFA,70.56,0.014959723820483495
2022-12-08,EFA,69.5,-0.015022675736961477
2022-12-09,EFA,69.47,-0.0004316546762590523
2022-12-12,EFA,68.41,-0.015258384914351497
2022-12-13,EFA,68.15,-0.0038006139453294896
2022-12-14,EFA,67.88,-0.003961848862802819
2022-12-15,EFA,69.25,0.020182675309369458
2022-12-16,EFA,70.08,0.01198555956678704
2022-12-19,EFA,70.48,0.005707762557077611
2022-12-20,EFA,71.62,0.016174801362088598
2022-12-21,EFA,71.39,-0.0032113934655124687
2022-12-22,EFA,70.94,-0.0063034038380725965
2022-12-23,EFA,71.7,0.010713278827177986
2022-12-26,EFA,70.97,-0.010181311018131134
2022-12-27,EFA,70.04,-0.013104128505001977
2022-12-28,EFA,69.05,-0.014134780125642621
2022-12-29,EFA,69.84,0.011440984793627873
2022-12-30,EFA,69.99,0.0021477663230238253
2023-01-02,EFA,70.29,0.004286326618088365
2023-01-03,EFA,69.65,-0.009105135865699276
2023-01-04,EFA,68.63,-0.014644651830581612
2023-01-05,EFA,68.91,0.004079848462771318
2023-01-06,EFA,69.95,0.015092149180090164
2023-01-09,EFA,69.15,-0.011436740528949163
2023-01-10,EFA,67.91,-0.017932031814895333
2023-01-11,EFA,66.84,-0.015756147842732937
2023-01-12,EFA,68.71,0.02797725912627147
2023-01-13,EFA,68.47,-0.003492941347693179
2023-01-16,EFA,67.89,-0.008470863151745278
2023-01-17,EFA,68.78,0.01310944174399764
2023-01-18,EFA,68.96,0.002617039837161883
2023-01-19,EFA,69.38,0.006090487238979092
2023-01-20,EFA,68.27,-0.015998846929951016
2023-01-23,EFA,68.6,0.00483374835213124
2023-01-24,EFA,68.72,0.001749271137026387
2023-01-25,EFA,69.02,0.0043655413271244115
2023-01-26,EFA,69.48,0.006664734859461063
2023-01-27,EFA,69.07,-0.005900978698906267
2023-01-30,EFA,70.98,0.027653105545099255
2023-01-31,EFA,70.55,-0.006058044519583028
2023-02-01,EFA,71.47,0.013040396881644156
2023-02-02,EFA,71.64,0.0023786204001678968
2023-02-03,EFA,71.33,-0.00432719151312122
2023-02-06,EFA,70.27,-0.014860507500350506
2023-02-07,EFA,70.61,0.00483848014800059
2023-02-08,EFA,70.19,-0.005948165982155529
2023-02-09,EFA,70.25,0.0008548226243054735
2023-02-10,EFA,71.34,0.015516014234875586
2023-02-13,EFA,71.69,0.004906083543593898
2023-02-14,EFA,72.34,0.009066815455433197
2023-02-15,EFA,72.13,-0.0029029582526957087
2023-02-16,EFA,71.9,-0.0031886870927491096
2023-02-17,EFA,72.28,0.0052851182197495294
2023-02-20,EFA,71.27,-0.013973436635307257
2023-02-21,EFA,70.75,-0.00729619755858002
2023-02-22,EFA,71.53,0.011024734982332252
2023-02-23,EFA,71.68,0.0020970222284357742
2023-02-24,EFA,71.66,-0.00027901785714301575
2023-02-27,EFA,70.19,-0.02051353614289697
2023-02-28,EFA,69.77,-0.0059837583701382036
2023-03-01,EFA,69.11,-0.009459653146051239
2023-03-02,EFA,68.95,-0.002315149761250135
2023-03-03,EFA,69.59,0.009282088469905636
2023-03-06,EFA,69.64,0.0007184940364994841
2023-03-07,EFA,70.37,0.010482481332567462
2023-03-08,EFA,70.18,-0.002700014210601065
2023-03-09,EFA,71.32,0.016243944143630396
2023-03-10,EFA,70.96,-0.0050476724621424385
2023-03-13,EFA,70.77,-0.002677564825253609
2023-03-14,EFA,71.19,0.005934718100890191
2023-03-15,EFA,71.8,0.008568619188088267
2023-03-16,EFA,71.54,-0.0036211699164344635
2023-03-17,EFA,71.1,-0.006150405367626677
2023-03-20,EFA,71.08,-0.0002812939521800173
2023-03-21,EFA,72.57,0.020962296004501946
2023-03-22,EFA,71.97,-0.008267879288962332
2023-03-23,EFA,73.14,0.016256773655690004
2023-03-24,EFA,74.24,0.015039649986327452
2023-03-27,EFA,72.67,-0.02114762931034475
2023-03-28,EFA,72.86,0.002614558965185143
2023-03-29,EFA,74.04,0.016195443315948577
2023-03-30,EFA,74.33,0.003916801728795161
2023-03-31,EFA,72.45,-0.02529261401856575
2023-04-03,EFA,71.64,-0.011180124223602483
2023-04-04,EFA,72.05,0.005723059743160119
2023-04-05,EFA,71.38,-0.009299097848716187
2023-04-06,EFA,72.71,0.01863267021574666
2023-04-07,EFA,72.23,-0.00660156787236954
2023-04-10,EFA,71.12,-0.015367575799529298
2023-04-11,EFA,71.98,0.012092238470191141
2023-04-12,EFA,71.8,-0.0025006946373993255
2023-04-13,EFA,72.98,0.016434540389972163
2023-04-14,EFA,72.79,-0.002603453000822098
2023-04-17,EFA,72.13,-0.0090671795576317
2023-04-18,EFA,71.51,-0.00859559129349774
2023-04-19,EFA,73.02,0.021115927842259685
2023-04-20,EFA,73.11,0.0012325390304026573
2023-04-21,EFA,73.43,0.004376966215292155
2023-04-24,EFA,73.57,0.0019065776930407008
2023-04-25,EFA,73.27,-0.0040777490825064655
2023-04-26,EFA,72.99,-0.003821482189163339
2023-04-27,EFA,72.22,-0.010549390327442065
2023-04-28,EFA,72.39,0.0023539185821102038
2023-05-01,EFA,73.67,0.017682000276281196
2023-05-02,EFA,72.91,-0.010316275281661569
2023-05-03,EFA,72.04,-0.011932519544643916
2023-05-04,EFA,71.89,-0.002082176568573124
2023-05-05,EFA,71.66,-0.00319933231325642
2023-05-08,EFA,72.25,0.00823332403014243
2023-05-09,EFA,72.98,0.010103806228373813
2023-05-10,EFA,72.76,-0.0030145245272676924
2023-05-11,EFA,74.7,0.026663001649257723
2023-05-12,EFA,74.94,0.003212851405622441
2023-05-15,EFA,74.2,-0.009874566319722389
2023-05-16,EFA,73.99,-0.002830188679245338
2023-05-17,EFA,74.15,0.00216245438572793
2023-05-18,EFA,72.97,-0.015913688469319065
2023-05-19,EFA,72.46,-0.00698917363299989
2023-05-22,EFA,71.81,-0.008970466464256033
2023-05-23,EFA,72.3,0.006823562177969533
2023-05-24,EFA,72.35,0.0006915629322268302
2023-05-25,EFA,71.69,-0.009122322045611586
2023-05-26,EFA,70.48,-0.016878225693960025
2023-05-29,EFA,70.49,0.00014188422247429777
2023-05-30,EFA,71.48,0.014044545325578195
2023-05-31,EFA,71.43,-0.000699496362618901
2023-06-01,EFA,70.74,-0.009659806803864135
2023-06-02,EFA,70.63,-0.0015549901046084669
2023-06-05,EFA,69.79,-0.011892963330029538
2023-06-06,EFA,69.36,-0.00616134116635636
2023-06-07,EFA,69.38,0.00028835063437138153
2023-06-08,EFA,70.28,0.01297203805131164
2023-06-09,EFA,69.74,-0.007683551508252839
2023-06-12,EFA,69.46,-0.0040149125322627155
2023-06-13,EFA,69.77,0.004463000287935559
2023-06-14,EFA,68.57,-0.01719936935645694
2023-06-15,EFA,68.95,0.005541782120461081
2023-06-16,EFA,69.88,0.013488034807831673
2023-06-19,EFA,68.7,-0.016886090440755508
2023-06-20,EFA,68.96,0.0037845705967975984
2023-06-21,EFA,67.98,-0.014211136890951104
2023-06-22,EFA,68.33,0.005148573109738042
2023-06-23,EFA,68.58,0.003658715059271289
2023-06-26,EFA,67.84,-0.010790317876931965
2023-06-27,EFA,66.92,-0.013561320754717054
2023-06-28,EFA,67.09,0.002540346682606165
2023-06-29,EFA,66.9,-0.0028320166939931335
2023-06-30,EFA,67.67,0.011509715994020953
2023-07-03,EFA,67.91,0.0035466233190482033
2023-07-04,EFA,67.72,-0.0027978206449712495
2023-07-05,EFA,68.1,0.005611340815121046
2023-07-06,EFA,68.5,0.005873715124816492
2023-07-07,EFA,67.78,-0.010510948905109507
2023-07-10,EFA,67.68,-0.0014753614635585333
2023-07-11,EFA,67.94,0.0038416075650116177
2023-07-12,EFA,68.65,0.010450397409479173
2023-07-13,EFA,69.33,0.009905316824471821
2023-07-14,EFA,69.6,0.0038944180008653184
2023-07-17,EFA,70.92,0.018965517241379404
2023-07-18,EFA,71.4,0.006768189509306355
2023-07-19,EFA,72.14,0.010364145658263269
2023-07-20,EFA,72.35,0.0029110063764901106
2023-07-21,EFA,72.22,-0.0017968210089840397
2023-07-24,EFA,72.62,0.005538631957906492
2023-07-25,EFA,72.0,-0.00853759294960077
2023-07-26,EFA,72.12,0.0016666666666667052
2023-07-27,EFA,71.57,-0.007626178591236932
2023-07-28,EFA,71.28,-0.004051977085370861
2023-07-31,EFA,71.07,-0.00294612794612803
2023-08-01,EFA,71.33,0.0036583649922612427
2023-08-02,EFA,71.64,0.004345997476517649
2023-08-03,EFA,71.05,-0.008235622557230649
2023-08-04,EFA,71.07,0.00028149190710768934
2023-08-07,EFA,70.02,-0.014774166314900805
2023-08-08,EFA,71.36,0.019137389317337883
2023-08-09,EFA,71.07,-0.004063901345291554
2023-08-10,EFA,71.36,0.004080484029829856
2023-08-11,EFA,73.11,0.024523542600896953
2023-08-14,EFA,73.34,0.0031459444672412573
2023-08-15,EFA,74.11,0.010499045541314311
2023-08-16,EFA,74.15,0.0005397382269600737
2023-08-17,EFA,75.04,0.012002697235333759
2023-08-18,EFA,71.24,-0.05063965884861421
2023-08-21,EFA,68.92,-0.032565974171813505
2023-08-22,EFA,66.64,-0.03308183401044695
2023-08-23,EFA,69.51,0.04306722689075637
2023-08-24,EFA,72.18,0.03841173931808384
2023-08-25,EFA,73.29,0.015378221113881985
2023-08-28,EFA,72.31,-0.013371537726838634
2023-08-29,EFA,72.44,0.0017978149633521845
2023-08-30,EFA,72.79,0.004831584759801277
2023-08-31,EFA,73.18,0.005357878829509666
2023-09-01,EFA,73.57,0.005329324952172643
2023-09-04,EFA,72.53,-0.014136196819355629
2023-09-05,EFA,72.6,0.0009651178822556172
2023-09-06,EFA,72.65,0.0006887052341599809
2023-09-07,EFA,73.6,0.01307639366827229
2023-09-08,EFA,73.26,-0.004619565217391153
2023-09-11,EFA,73.75,0.0066885066885065125
2023-09-12,EFA,74.94,0.016135593220338862
2023-09-13,EFA,74.37,-0.007606084867894269
2023-09-14,EFA,74.39,0.00026892564205982517
2023-09-15,EFA,75.52,0.015190213738405678
2023-09-18,EFA,76.23,0.009401483050847537
2023-09-19,EFA,75.65,-0.007608553063098489
2023-09-20,EFA,75.56,-0.001189689358889634
2023-09-21,EFA,77.62,0.027263102170460574
2023-09-22,EFA,77.79,0.0021901571759856964
2023-09-25,EFA,78.41,0.007970176115181804
2023-09-26,EFA,78.66,0.0031883688305063274
2023-09-27,EFA,79.76,0.013984235952199553
2023-09-28,EFA,79.19,-0.007146439317954001
2023-09-29,EFA,80.88,0.021341078418992243
2023-10-02,EFA,81.34,0.0056874381800198215
2023-10-03,EFA,80.28,-0.013031718711581042
2023-10-04,EFA,80.36,0.0009965122072745913
2023-10-05,EFA,80.52,0.0019910403185663395
2023-10-06,EFA,85.82,0.06582215598609031
2023-10-09,EFA,84.93,-0.010370542996970267
2023-10-10,EFA,81.71,-0.037913575886023954
2023-10-11,EFA,80.57,-0.013951780687798343
2023-10-12,EFA,80.88,0.003847585950105481
2023-10-13,EFA,82.04,0.014342235410484738
2023-10-16,EFA,82.06,0.00024378352023401995
2023-10-17,EFA,82.13,0.0008530343650985373
2023-10-18,EFA,81.25,-0.010714720564957925
2023-10-19,EFA,78.95,-0.028307692307692256
2023-10-20,EFA,76.99,-0.024825839138695516
2023-10-23,EFA,79.23,0.029094687621769255
2023-10-24,EFA,78.64,-0.007446674239555806
2023-10-25,EFA,78.67,0.00038148524923697913
2023-10-26,EFA,78.1,-0.007245455701029746
2023-10-27,EFA,76.84,-0.01613316261203579
2023-10-30,EFA,76.24,-0.007808433107756474
2023-10-31,EFA,76.53,0.003803777544596043
2023-11-01,EFA,75.6,-0.01215209721677779
2023-11-02,EFA,75.65,0.0006613756613758071
2023-11-03,EFA,75.84,0.0025115664243224867
2023-11-06,EFA,76.83,0.013053797468354444
2023-11-07,EFA,76.42,-0.005336457113106818
2023-11-08,EFA,77.56,0.014917560847945488
2023-11-09,EFA,77.94,0.00489943269726667
2023-11-10,EFA,78.94,0.01283038234539391
2023-11-13,EFA,78.45,-0.006207246009627521
2023-11-14,EFA,79.07,0.007903123008285329
2023-11-15,EFA,80.28,0.01530289616795244
2023-11-16,EFA,79.57,-0.008844045839561665
2023-11-17,EFA,79.26,-0.0038959406811610586
2023-11-20,EFA,79.3,0.0005046681806710751
2023-11-21,EFA,77.12,-0.027490542244640537
2023-11-22,EFA,77.71,0.007650414937759198
2023-11-23,EFA,77.19,-0.006691545489640904
2023-11-24,EFA,77.43,0.0031092110376993443
2023-11-27,EFA,77.45,0.0002582978173832906
2023-11-28,EFA,77.39,-0.0007746933505488052
2023-11-29,EFA,76.35,-0.013438428737563068
2023-11-30,EFA,76.19,-0.0020956123117222836
2023-12-01,EFA,77.01,0.010762567266045409
2023-12-04,EFA,76.27,-0.009609141669913113
2023-12-05,EFA,76.4,0.0017044709584372875
2023-12-06,EFA,76.45,0.0006544502617800152
2023-12-07,EFA,76.55,0.001308044473512071
2023-12-08,EFA,76.85,0.003919007184846501
2023-12-11,EFA,76.5,-0.004554326610279658
2023-12-12,EFA,76.78,0.003660130718954324
2023-12-13,EFA,76.19,-0.007684292784579383
2023-12-14,EFA,76.26,0.0009187557422234427
2023-12-15,EFA,76.58,0.0041961709939679626
2023-12-18,EFA,76.65,0.000914076782449813
2023-12-19,EFA,76.43,-0.002870189171559012
2023-12-20,EFA,75.82,-0.007981159230668777
2023-12-21,EFA,75.73,-0.0011870218939592503
2023-12-22,EFA,75.96,0.0030371055064042363
2023-12-25,EFA,75.68,-0.0036861506055817506
2023-12-26,EFA,76.42,0.009778012684989346
2023-12-27,EFA,78.19,0.02316147605338914
2023-12-28,EFA,78.23,0.0005115743701240572
2023-12-29,EFA,78.74,0.006519238143934514
2024-01-01,EFA,79.2,0.005842011684023429
2024-01-02,EFA,78.73,-0.005934343434343403
2024-01-03,EFA,78.19,-0.006858884796138831
2024-01-04,EFA,76.31,-0.024043995395830575
2024-01-05,EFA,77.05,0.00969728738042197
2024-01-08,EFA,77.66,0.007916937053861206
2024-01-09,EFA,78.09,0.005536955961885193
2024-01-10,EFA,78.72,0.008067614291202396
2024-01-11,EFA,78.13,-0.007494918699187059
2024-01-12,EFA,77.08,-0.013439139895046637
2024-01-15,EFA,76.7,-0.004929942916450436
2024-01-16,EFA,76.86,0.002086049543676527
2024-01-17,EFA,74.99,-0.024329950559458857
2024-01-18,EFA,75.5,0.0068009067875718365
2024-01-19,EFA,77.16,0.02198675496688729
2024-01-22,EFA,78.11,0.012312078797304338
2024-01-23,EFA,76.04,-0.02650108820893604
2024-01-24,EFA,76.93,0.011704366123093113
2024-01-25,EFA,76.48,-0.005849473547380746
2024-01-26,EFA,76.83,0.0045763598326358235
2024-01-29,EFA,76.17,-0.008590394377196331
2024-01-30,EFA,76.68,0.006695549428909153
2024-01-31,EFA,75.93,-0.009780907668231587
2024-02-01,EFA,75.56,-0.00487290925852768
2024-02-02,EFA,77.27,0.022631021704605514
2024-02-05,EFA,77.26,-0.00012941633234098138
2024-02-06,EFA,78.35,0.014108206057468209
2024-02-07,EFA,77.73,-0.007913209955328515
2024-02-08,EFA,77.93,0.002573009134182458
2024-02-09,EFA,77.09,-0.01077890414474536
2024-02-12,EFA,76.9,-0.0024646517057983486
2024-02-13,EFA,80.13,0.04200260078023388
2024-02-14,EFA,85.01,0.060901035816797844
2024-02-15,EFA,88.49,0.040936360428184715
2024-02-16,EFA,87.54,-0.010735676347609746
2024-02-19,EFA,86.83,-0.008110578021475967
2024-02-20,EFA,86.08,-0.008637567660946699
2024-02-21,EFA,88.23,0.02497676579925656
2024-02-22,EFA,86.17,-0.02334806755071972
2024-02-23,EFA,85.59,-0.006730880816989693
2024-02-26,EFA,84.87,-0.008412197686645584
2024-02-27,EFA,85.31,0.00518439967008355
2024-02-28,EFA,84.01,-0.015238541788770377
2024-02-29,EFA,84.65,0.007618140697535969
2024-03-01,EFA,86.78,0.025162433549911434
2024-03-04,EFA,86.6,-0.002074210647614705
2024-03-05,EFA,87.56,0.011085450346420389
2024-03-06,EFA,88.34,0.008908177249885796
2024-03-07,EFA,87.36,-0.011093502377179099
2024-03-08,EFA,87.04,-0.003663003663003539
2024-03-11,EFA,86.75,-0.0033318014705883137
2024-03-12,EFA,84.33,-0.02789625360230552
2024-03-13,EFA,84.94,0.007233487489624046
2024-03-14,EFA,84.77,-0.0020014127619496502
2024-03-15,EFA,84.26,-0.0060162793441075335
2024-03-18,EFA,84.05,-0.002492285782103143
2024-03-19,EFA,87.63,0.04259369422962522
2024-03-20,EFA,88.58,0.010841036174825902
2024-03-21,EFA,90.18,0.018062768119214256
2024-03-22,EFA,95.27,0.05644267021512528
2024-03-25,EFA,97.72,0.02571638501102136
2024-03-26,EFA,94.64,-0.03151862464183375
2024-03-27,EFA,91.86,-0.029374471682164005
2024-03-28,EFA,91.5,-0.003919007184846501
2024-03-29,EFA,92.24,0.008087431693988956
2024-04-01,EFA,91.01,-0.01333477883781431
2024-04-02,EFA,94.15,0.034501703109548476
2024-04-03,EFA,94.66,0.005416887944768911
2024-04-04,EFA,96.19,0.016163110078174503
2024-04-05,EFA,95.3,-0.009252521052084406
2024-04-08,EFA,92.82,-0.026023084994753476
2024-04-09,EFA,93.51,0.0074337427278605706
2024-04-10,EFA,96.12,0.02791145332050049
2024-04-11,EFA,96.66,0.00561797752808979
2024-04-12,EFA,94.65,-0.02079453755431404
2024-04-15,EFA,95.77,0.011833069202324298
2024-04-16,EFA,94.13,-0.01712436044690402
2024-04-17,EFA,93.84,-0.0030808456390097883
2024-04-18,EFA,92.1,-0.018542199488491118
2024-04-19,EFA,91.67,-0.004668838219326732
2024-04-22,EFA,93.17,0.016363041343951057
2024-04-23,EFA,91.57,-0.01717290973489327
2024-04-24,EFA,90.57,-0.01092060718575949
2024-04-25,EFA,90.54,-0.0003312355084463814
2024-04-26,EFA,90.18,-0.003976143141153021
2024-04-29,EFA,89.53,-0.00720780660900433
2024-04-30,EFA,88.37,-0.012956550876801032
2024-05-01,EFA,86.77,-0.01810569197691536
2024-05-02,EFA,86.63,-0.0016134608735738354
2024-05-03,EFA,86.25,-0.004386471199353537
2024-05-06,EFA,84.49,-0.020405797101449297
2024-05-07,EFA,83.13,-0.01609657947686116
2024-05-08,EFA,82.66,-0.0056537952604354125
2024-05-09,EFA,81.88,-0.009436244858456289
2024-05-10,EFA,83.74,0.02271617000488524
2024-05-13,EFA,83.5,-0.002866013852400262
2024-05-14,EFA,82.67,-0.009940119760479038
2024-05-15,EFA,82.23,-0.005322366033627679
2024-05-16,EFA,82.58,0.004256354128663542
2024-05-17,EFA,82.47,-0.0013320416565754112
2024-05-20,EFA,81.39,-0.013095671153146582
2024-05-21,EFA,81.47,0.000982921734856923
2024-05-22,EFA,80.4,-0.013133668835153989
2024-05-23,EFA,79.06,-0.01666666666666672
2024-05-24,EFA,78.97,-0.0011383759170250363
2024-05-27,EFA,79.33,0.004558693174623318
2024-05-28,EFA,80.03,0.008823900163872578
2024-05-29,EFA,80.62,0.007372235411720718
2024-05-30,EFA,81.1,0.005953857603572255
2024-05-31,EFA,82.07,0.011960542540073948
2024-06-03,EFA,83.75,0.020470330205921927
2024-06-04,EFA,85.29,0.01838805970149271
2024-06-05,EFA,85.71,0.004924375659514535
2024-06-06,EFA,84.62,-0.012717302531793151
2024-06-07,EFA,84.43,-0.0022453320727959802
2024-06-10,EFA,86.47,0.024162027715266987
2024-06-11,EFA,87.49,0.011795998612235348
2024-06-12,EFA,88.73,0.014173048348382844
2024-06-13,EFA,90.53,0.020286261692775698
2024-06-14,EFA,90.7,0.0018778305534077333
2024-06-17,EFA,92.28,0.01742006615214997
2024-06-18,EFA,91.6,-0.007368877329865686
2024-06-19,EFA,89.55,-0.022379912663755386
2024-06-20,EFA,92.65,0.03461753210496932
2024-06-21,EFA,93.05,0.004317323259579009
2024-06-24,EFA,93.0,-0.0005373455131649774
2024-06-25,EFA,93.23,0.0024731182795698636
2024-06-26,EFA,92.25,-0.010511637884801028
2024-06-27,EFA,91.06,-0.012899728997289972
2024-06-28,EFA,91.01,-0.0005490885130682299
2024-07-01,EFA,91.35,0.0037358532029445612
2024-07-02,EFA,89.06,-0.025068418171866336
2024-07-03,EFA,88.61,-0.0050527734111834866
2024-07-04,EFA,88.34,-0.0030470601512244677
2024-07-05,EFA,87.16,-0.013357482454154468
2024-07-08,EFA,86.15,-0.011587884350619415
2024-07-09,EFA,85.32,-0.009634358676726795
2024-07-10,EFA,84.31,-0.011837787154242774
2024-07-11,EFA,84.2,-0.0013047088127149387
2024-07-12,EFA,84.48,0.003325415676959542
2024-07-15,EFA,84.96,0.005681818181818121
2024-07-16,EFA,84.87,-0.0010593220338981357
2024-07-17,EFA,86.16,0.015199717214563258
2024-07-18,EFA,86.81,0.007544103992572104
2024-07-19,EFA,87.16,0.004031793572168985
2024-07-22,EFA,85.93,-0.014111977971546508
2024-07-23,EFA,83.7,-0.025951355754684102
2024-07-24,EFA,84.11,0.004898446833930592
2024-07-25,EFA,84.66,0.006539055998097787
2024-07-26,EFA,85.5,0.009922041105598911
2024-07-29,EFA,84.93,-0.006666666666666599
2024-07-30,EFA,86.82,0.022253620628752913
2024-07-31,EFA,86.86,0.0004607233356370699
2024-08-01,EFA,86.37,-0.0056412618005986515
2024-08-02,EFA,87.96,0.01840916985064256
2024-08-05,EFA,87.17,-0.008981355161436944
2024-08-06,EFA,87.25,0.0009177469312837694
2024-08-07,EFA,87.13,-0.0013753581661891667
2024-08-08,EFA,87.34,0.0024101916676231294
2024-08-09,EFA,88.45,0.0127089535149989
2024-08-12,EFA,87.16,-0.014584511023177038
2024-08-13,EFA,88.57,0.016177145479577826
2024-08-14,EFA,90.59,0.022806819464830097
2024-08-15,EFA,91.42,0.00916215917871721
2024-08-16,EFA,91.48,0.0006563115292059774
2024-08-19,EFA,90.85,-0.006886751202448749
2024-08-20,EFA,92.09,0.01364887176664853
2024-08-21,EFA,91.69,-0.004343576935606497
2024-08-22,EFA,93.11,0.0154869669538662
2024-08-23,EFA,91.6,-0.016217377295671853
2024-08-26,EFA,93.03,0.015611353711790565
2024-08-27,EFA,93.9,0.009351821992905629
2024-08-28,EFA,94.54,0.006815761448349278
2024-08-29,EFA,93.43,-0.011741061984345214
2024-08-30,EFA,93.18,-0.0026758000642191915
2024-09-02,EFA,94.44,0.013522215067611087
2024-09-03,EFA,95.08,0.006776789495976265
2024-09-04,EFA,94.54,-0.0056794278502313444
2024-09-05,EFA,95.39,0.008990903321345334
2024-09-06,EFA,95.67,0.0029353181675229045
2024-09-09,EFA,97.24,0.0164105780286401
2024-09-10,EFA,97.82,0.005964623611682374
2024-09-11,EFA,96.92,-0.009200572480065339
2024-09-12,EFA,96.67,-0.00257944696657042
2024-09-13,EFA,97.67,0.010344470880314427
2024-09-16,EFA,95.63,-0.020886659158390608
2024-09-17,EFA,97.42,0.01871797553069121
2024-09-18,EFA,99.4,0.020324368712790086
2024-09-19,EFA,99.18,-0.0022132796780683917
2024-09-20,EFA,98.76,-0.004234724742891771
2024-09-23,EFA,99.04,0.0028351559335764165
2024-09-24,EFA,98.05,-0.009995961227786898
2024-09-25,EFA,98.78,0.007445181030086623
2024-09-26,EFA,98.54,-0.0024296416278598576
2024-09-27,EFA,99.32,0.007915567282321678
2024-09-30,EFA,98.06,-0.012686266612968122
2024-10-01,EFA,99.52,0.014888843565164178
2024-10-02,EFA,99.62,0.001004823151125489
2024-10-03,EFA,98.67,-0.009536237703272499
2024-10-04,EFA,98.72,0.0005067396371742916
2024-10-07,EFA,97.86,-0.008711507293354903
2024-10-08,EFA,96.69,-0.011955855303494856
2024-10-09,EFA,95.71,-0.010135484538215
2024-10-10,EFA,95.19,-0.005433079093093651
2024-10-11,EFA,95.63,0.004622334278810758
2024-10-14,EFA,95.71,0.0008365575656175128
2024-10-15,EFA,96.49,0.008149618639640588
2024-10-16,EFA,96.79,0.0031091304798425146
2024-10-17,EFA,98.64,0.019113544787684678
2024-10-18,EFA,98.25,-0.003953771289537666
2024-10-21,EFA,99.42,0.01190839694656498
2024-10-22,EFA,97.44,-0.01991550995775504
2024-10-23,EFA,97.23,-0.0021551724137930384
2024-10-24,EFA,98.47,0.012753265453049334
2024-10-25,EFA,95.89,-0.026200873362445365
2024-10-28,EFA,95.58,-0.003232870998018611
2024-10-29,EFA,96.31,0.007637581083908884
2024-10-30,EFA,98.87,0.026580832727650217
2024-10-31,EFA,99.95,0.010923434813391308
2024-11-01,EFA,98.87,-0.010805402701350664
2024-11-04,EFA,97.69,-0.01193486396277943
2024-11-05,EFA,96.77,-0.009417545296345642
2024-11-06,EFA,98.01,0.012813888601839407
2024-11-07,EFA,96.48,-0.015610651974288348
2024-11-08,EFA,96.07,-0.004249585406301937
2024-11-11,EFA,95.63,-0.004579993754553979
2024-11-12,EFA,96.63,0.010456969570218577
2024-11-13,EFA,95.91,-0.007451102142191801
2024-11-14,EFA,95.97,0.0006255864873319084
2024-11-15,EFA,94.94,-0.010732520579347704
2024-11-18,EFA,95.68,0.007794396460922837
2024-11-19,EFA,97.17,0.015572742474916357
2024-11-20,EFA,96.07,-0.011320366368220758
2024-11-21,EFA,94.92,-0.01197043822212962
2024-11-22,EFA,94.12,-0.008428150021070335
2024-11-25,EFA,95.79,0.017743306417339566
2024-11-26,EFA,95.44,-0.0036538260778787857
2024-11-27,EFA,93.11,-0.024413243922883465
2024-11-28,EFA,92.0,-0.011921383310063316
2024-11-29,EFA,93.11,0.012065217391304284
2024-12-02,EFA,94.77,0.017828375040275013
2024-12-03,EFA,96.5,0.0182547219584257
2024-12-04,EFA,95.5,-0.010362694300518172
2024-12-05,EFA,96.7,0.012565445026178068
2024-12-06,EFA,95.75,-0.009824198552223384
2024-12-09,EFA,97.95,0.02297650130548301
2024-12-10,EFA,94.92,-0.030934150076569744
2024-12-11,EFA,96.1,0.012431521281078828
2024-12-12,EFA,98.18,0.02164412070759636
2024-12-13,EFA,97.61,-0.005805663067834699
2024-12-16,EFA,98.39,0.00799098453027347
2024-12-17,EFA,99.04,0.006606362435206847
2024-12-18,EFA,99.13,0.0009087237479805665
2024-12-19,EFA,97.06,-0.02088167053364265
2024-12-20,EFA,99.23,0.022357304759942354
2024-12-23,EFA,98.99,-0.0024186234001815077
2024-12-24,EFA,100.73,0.01757753308415011
2024-12-25,EFA,100.23,-0.00496376451901126
2024-12-26,EFA,99.99,-0.0023944926668663102
2024-12-27,EFA,99.78,-0.0021002100210020247
2024-12-30,EFA,100.4,0.006213670074163291
2024-12-31,EFA,98.22,-0.02171314741035868
2025-01-01,EFA,98.88,0.006719609040928498
2025-01-02,EFA,98.67,-0.002123786407766892
2025-01-03,EFA,97.79,-0.008918617614269708
2025-01-06,EFA,99.01,0.012475713263114807
2025-01-07,EFA,97.83,-0.011917988082011943
2025-01-08,EFA,99.14,0.013390575488091638
2025-01-09,EFA,98.84,-0.0030260238047206123
2025-01-10,EFA,99.12,0.0028328611898016387
2025-01-13,EFA,100.86,0.017554479418886215
2025-01-14,EFA,102.57,0.016954193932183115
2025-01-15,EFA,101.8,-0.007507068343570178
2025-01-16,EFA,103.04,0.012180746561886169
2025-01-17,EFA,103.64,0.005822981366459645
2025-01-20,EFA,104.25,0.005885758394442275
2025-01-21,EFA,104.65,0.003836930455635601
2025-01-22,EFA,102.48,-0.020735785953177266
2025-01-23,EFA,103.87,0.01356362217017959
2025-01-24,EFA,105.87,0.01925483777799175
2025-01-27,EFA,106.52,0.006139605176159302
2025-01-28,EFA,105.26,-0.01182876455125792
2025-01-29,EFA,105.03,-0.002185065551966625
2025-01-30,EFA,105.66,0.005998286203941605
2025-01-31,EFA,101.81,-0.03643763013439327
2025-02-03,EFA,99.85,-0.01925154699931253
2025-02-04,EFA,98.83,-0.010215322984476694
2025-02-05,EFA,99.35,0.005261560254983255
2025-02-06,EFA,101.21,0.018721690991444273
2025-02-07,EFA,101.71,0.004940223298093072
2025-02-10,EFA,102.3,0.005800806213744902
2025-02-11,EFA,101.83,-0.004594330400782054
2025-02-12,EFA,102.63,0.007856230973190659
2025-02-13,EFA,100.73,-0.01851310532982553
2025-02-14,EFA,102.54,0.017968827558820566
2025-02-17,EFA,103.1,0.005461283401599237
2025-02-18,EFA,105.43,0.022599418040737174
2025-02-19,EFA,103.16,-0.021530873565398956
2025-02-20,EFA,104.08,0.00891818534315636
2025-02-21,EFA,104.5,0.004035357417371266
2025-02-24,EFA,103.22,-0.012248803827751176
2025-02-25,EFA,102.83,-0.0037783375314861534
2025-02-26,EFA,101.79,-0.010113780025284402
2025-02-27,EFA,101.46,-0.003241968759210234
2025-02-28,EFA,102.57,0.010940272028385545
2025-03-03,EFA,102.22,-0.003412303792531879
2025-03-04,EFA,100.76,-0.01428291919389546
2025-03-05,EFA,100.22,-0.005359269551409307
2025-03-06,EFA,99.6,-0.0061863899421273905
2025-03-07,EFA,98.16,-0.014457831325301207
2025-03-10,EFA,98.8,0.006519967400163029
2025-03-11,EFA,99.51,0.007186234817813775
2025-03-12,EFA,100.32,0.008139885438649186
2025-03-13,EFA,99.38,-0.00937001594896325
2025-03-14,EFA,97.55,-0.018414167840611784
2025-03-17,EFA,97.34,-0.002152742183495593
2025-03-18,EFA,99.29,0.020032874460653494
2025-03-19,EFA,97.53,-0.017725853560278004
2025-03-20,EFA,98.16,0.006459550907413014
2025-03-21,EFA,98.86,0.007131214343928383
2025-03-24,EFA,98.67,-0.0019219097713938371
2025-03-25,EFA,100.11,0.01459410155062324
2025-03-26,EFA,100.4,0.002896813505144369
2025-03-27,EFA,101.83,0.014243027888446225
2025-03-28,EFA,101.28,-0.00540115879406855
2025-03-31,EFA,102.47,0.011749605055292323
2025-04-01,EFA,102.96,0.004781887381672734
2025-04-02,EFA,101.66,-0.012626262626262652
2025-04-03,EFA,102.72,0.010426913240212388
2025-04-04,EFA,104.47,0.017036604361370777
2025-04-07,EFA,105.48,0.009667847228869597
2025-04-08,EFA,107.09,0.015263557072430878
2025-04-09,EFA,107.72,0.005882902231767684
2025-04-10,EFA,105.99,-0.016060155959896072
2025-04-11,EFA,107.32,0.012548353618265784
2025-04-14,EFA,105.98,-0.012486023108460587
2025-04-15,EFA,104.95,-0.009718814870730341
2025-04-16,EFA,103.69,-0.01200571700809916
2025-04-17,EFA,105.22,0.014755521265310101
2025-04-18,EFA,105.79,0.005417221060634914
2025-04-21,EFA,106.85,0.010019850647509099
2025-04-22,EFA,107.34,0.004585868039307606
2025-04-23,EFA,108.93,0.014812744550027901
2025-04-24,EFA,109.12,0.0017442394198108335
2025-04-25,EFA,109.43,0.0028409090909091717
2025-04-28,EFA,109.98,0.005026044046422262
2025-04-29,EFA,108.38,-0.014548099654482671
2025-04-30,EFA,107.61,-0.007104631850894938
2025-05-01,EFA,108.54,0.008642319487036643
2025-05-02,EFA,113.92,0.04956697991523851
2025-05-05,EFA,113.2,-0.006320224719101097
2025-05-06,EFA,112.81,-0.003445229681978801
2025-05-07,EFA,112.77,-0.00035457849481435044
2025-05-08,EFA,114.08,0.011616564689190367
2025-05-09,EFA,111.69,-0.02095021037868161
2025-05-12,EFA,112.28,0.005282478288118897
2025-05-13,EFA,113.55,0.011311008193801264
2025-05-14,EFA,113.84,0.0025539409951562675
2025-05-15,EFA,111.48,-0.02073085031623334
2025-05-16,EFA,112.37,0.007983494797273005
2025-05-19,EFA,112.41,0.0003559668950787742
2025-05-20,EFA,114.02,0.014322569166444366
2025-05-21,EFA,112.81,-0.010612173302929295
2025-05-22,EFA,112.2,-0.005407322045917873
2025-05-23,EFA,112.3,0.0008912655971478056
2025-05-26,EFA,112.86,0.004986642920747908
2025-05-27,EFA,113.09,0.0020379230905547274
2025-05-28,EFA,113.87,0.0068971615527455565
2025-05-29,EFA,114.12,0.0021954860806181475
2025-05-30,EFA,114.83,0.00622152120574837
2025-06-02,EFA,112.43,-0.020900461551859206
2025-06-03,EFA,113.91,0.01316374633105033
2025-06-04,EFA,115.23,0.011588095865156856
2025-06-05,EFA,114.0,-0.010674303566779564
2025-06-06,EFA,115.55,0.013596491228070162
2025-06-09,EFA,118.23,0.023193422760709792
2025-06-10,EFA,117.78,-0.0038061405734585163
2025-06-11,EFA,120.55,0.023518424180675845
2025-06-12,EFA,119.87,-0.005640812940688411
2025-06-13,EFA,118.87,-0.008342370901810336
2025-06-16,EFA,121.91,0.025574156641709367
2025-06-17,EFA,121.97,0.0004921663522270414
2025-06-18,EFA,122.63,0.0054111666803311476
2025-06-19,EFA,124.41,0.014515208350322162
2025-06-20,EFA,123.86,-0.004420866489831976
2025-06-23,EFA,125.74,0.01517842725658003
2025-06-24,EFA,127.04,0.01033879433752194
2025-06-25,EFA,126.88,-0.0012594458438287548
2025-06-26,EFA,128.57,0.013319672131147486
2025-06-27,EFA,129.44,0.00676674185268733
2025-06-30,EFA,129.92,0.003708281829418958
2025-07-01,EFA,132.07,0.016548645320197064
2025-07-02,EFA,130.92,-0.00870750359657757
2025-07-03,EFA,131.15,0.0017567980446075993
2025-07-04,EFA,132.87,0.013114754098360715
2025-07-07,EFA,133.79,0.006924061112365321
2025-07-08,EFA,132.79,-0.00747440017938561
2025-07-09,EFA,132.94,0.0011296031327661105
2025-07-10,EFA,133.12,0.001353994283135318
2025-07-11,EFA,132.14,-0.007361778846153966
2025-07-14,EFA,135.38,0.02451944906916914
2025-07-15,EFA,137.63,0.01661988476879883
2025-07-16,EFA,136.97,-0.00479546610477366
2025-07-17,EFA,136.23,-0.005402642914506872
2025-07-18,EFA,138.91,0.019672612493577102
2025-07-21,EFA,138.06,-0.006119069901374896
2025-07-22,EFA,139.06,0.007243227582210743
2025-07-23,EFA,136.88,-0.015676686322450784
2025-07-24,EFA,137.91,0.007524839275277584
2025-07-25,EFA,138.08,0.001232687984917824
2025-07-28,EFA,139.1,0.007387022016222433
2025-07-29,EFA,138.03,-0.007692307692307665
2025-07-30,EFA,137.0,-0.007462145910309359
2025-07-31,EFA,137.09,0.0006569343065694344
2025-08-01,EFA,135.69,-0.010212269312130706
2025-08-04,EFA,135.17,-0.0038322647210554672
2025-08-05,EFA,136.63,0.010801213286971922
2025-08-06,EFA,136.36,-0.001976139939983801
2025-08-07,EFA,136.03,-0.0024200645350543892
2025-08-08,EFA,136.56,0.0038961993677866236
2025-08-11,EFA,139.37,0.02057703573520797
2025-08-12,EFA,139.29,-0.0005740116237354931
2025-08-13,EFA,137.8,-0.010697106755689467
2025-08-14,EFA,139.35,0.011248185776487452
2025-08-15,EFA,136.06,-0.02360961607463219
2025-08-18,EFA,133.36,-0.019844186388357943
2025-08-19,EFA,130.61,-0.020620875824835072
2025-08-20,EFA,130.3,-0.0023734782941582377
2025-08-21,EFA,130.03,-0.0020721412125863647
2025-08-22,EFA,130.92,0.006844574329000874
2025-08-25,EFA,129.49,-0.010922700886037084
2025-08-26,EFA,129.83,0.0026256853811106318
2025-08-27,EFA,132.46,0.020257259493183355
2025-08-28,EFA,135.97,0.026498565604710755
2025-08-29,EFA,135.17,-0.005883650805324825
2025-09-01,EFA,135.94,0.00569653029518391
2025-09-02,EFA,136.43,0.003604531410916545
2025-09-03,EFA,134.12,-0.01693175987685991
2025-09-04,EFA,134.45,0.00246048314941838
2025-09-05,EFA,132.25,-0.016362960208255783
2025-09-08,EFA,134.58,0.017618147448015264
2025-09-09,EFA,133.19,-0.010328429187100752
2025-09-10,EFA,133.4,0.0015766949470681357
2025-09-11,EFA,132.1,-0.009745127436281975
2025-09-12,EFA,131.44,-0.004996214988644887
2025-09-15,EFA,130.95,-0.0037279367011564535
2025-09-16,EFA,131.9,0.0072546773577701895
2025-09-17,EFA,133.17,0.00962850644427582
2025-09-18,EFA,133.85,0.005106255162574236
2025-09-19,EFA,133.08,-0.005752708255509775
2025-09-22,EFA,132.45,-0.00473399458972068
2025-09-23,EFA,135.44,0.022574556436391058
2025-09-24,EFA,132.89,-0.018827525103366938
2025-09-25,EFA,133.0,0.0008277522763189271
2025-09-26,EFA,134.09,0.008195488721804534
2025-09-29,EFA,134.28,0.0014169587590424637
2025-09-30,EFA,135.4,0.00834078045874298
2025-10-01,EFA,138.15,0.02031019202363371
2025-10-02,EFA,136.53,-0.011726384364820874
2025-10-03,EFA,136.03,-0.0036621987841499726
2025-10-06,EFA,134.65,-0.01014482099536862
2025-10-07,EFA,136.1,0.010768659487560228
2025-10-08,EFA,136.99,0.0065393093313741435
2025-10-09,EFA,134.39,-0.01897948755383616
2025-10-10,EFA,133.25,-0.008482774015923678
2025-10-13,EFA,134.08,0.006228893058161544
2025-10-14,EFA,134.35,0.00201372315035786
2025-10-15,EFA,136.71,0.01756605880163753
2025-10-16,EFA,137.33,0.0045351473922903285
2025-10-17,EFA,136.65,-0.004951576494575116
2025-10-20,EFA,136.76,0.0008049762166115748
2025-10-21,EFA,134.7,-0.015062883884176648
2025-10-22,EFA,133.0,-0.012620638455827726
2025-10-23,EFA,134.01,0.007593984962406042
2025-10-24,EFA,132.98,-0.0076859935825684955
2025-10-27,EFA,131.7,-0.009625507595127147
2025-10-28,EFA,132.43,0.005542900531511075
2025-10-29,EFA,131.37,-0.008004228649097667
2025-10-30,EFA,129.85,-0.011570373753520657
2025-10-31,EFA,130.46,0.004697728147863067
2025-11-03,EFA,131.25,0.006055495937452138
2025-11-04,EFA,130.37,-0.00670476190476188
2025-11-05,EFA,130.02,-0.002684666717803097
2025-11-06,EFA,129.27,-0.0057683433317951005
2025-11-07,EFA,131.19,0.014852634021814692
2025-11-10,EFA,133.12,0.01471148715603321
2025-11-11,EFA,134.96,0.013822115384615419
2025-11-12,EFA,132.93,-0.015041493775933668
2025-11-13,EFA,133.17,0.0018054615211011704
2025-11-14,EFA,132.37,-0.00600735901479299
2025-11-17,EFA,133.48,0.008385585857822564
2025-11-18,EFA,135.14,0.012436320047947147
2025-11-19,EFA,135.66,0.0038478614769870134
2025-11-20,EFA,133.04,-0.019312988353236027
2025-11-21,EFA,135.3,0.01698737221888158
2025-11-24,EFA,134.02,-0.009460458240946101
2025-11-25,EFA,134.21,0.0014176988509178035
2025-11-26,EFA,133.27,-0.00700394903509427
2025-11-27,EFA,132.65,-0.004652209799654861
2025-11-28,EFA,135.05,0.018092725216735772
2025-12-01,EFA,135.04,-7.404664938925887e-05
2025-12-02,EFA,136.58,0.011404028436019065
2025-12-03,EFA,137.32,0.005418069995606789
2025-12-04,EFA,138.19,0.006335566559860117
2025-12-05,EFA,138.05,-0.0010130979086763192
2025-12-08,EFA,137.06,-0.007171314741035939
2025-12-09,EFA,134.15,-0.02123157741135262
2025-12-10,EFA,136.24,0.01557957510249719
2025-12-11,EFA,139.04,0.020551967116852587
2025-12-12,EFA,140.31,0.009134062140391253
2025-12-15,EFA,140.49,0.0012828736369467908
2025-12-16,EFA,138.8,-0.012029325930671186
2025-12-17,EFA,137.97,-0.0059798270893373084
2025-12-18,EFA,139.16,0.008625063419583912
2025-12-19,EFA,141.76,0.01868352974992815
2025-12-22,EFA,143.23,0.010369638826185135
2025-12-23,EFA,142.81,-0.0029323465754380607
2025-12-24,EFA,139.78,-0.021217001610531527
2025-12-25,EFA,142.01,0.015953641436543098
2025-12-26,EFA,143.67,0.011689317653686304
2025-12-29,EFA,143.16,-0.0035498016287324186
2025-12-30,EFA,140.99,-0.015157865325509778
2025-12-31,EFA,140.36,-0.0044684020143271885
2026-01-01,EFA,141.6,0.008834425762325404
2026-01-02,EFA,141.63,0.00021186440677967155
2026-01-05,EFA,140.31,-0.009320059309468331
2026-01-06,EFA,138.72,-0.01133205045969643
2026-01-07,EFA,139.16,0.003171856978085419
2026-01-08,EFA,138.36,-0.0057487783845932006
2026-01-09,EFA,138.83,0.0033969355305001336
2026-01-12,EFA,138.18,-0.004681985161708591
2026-01-13,EFA,136.07,-0.015269937762339092
2026-01-14,EFA,136.36,0.002131255971191459
2026-01-15,EFA,133.17,-0.023393957172191393
2026-01-16,EFA,133.62,0.0033791394458213553
2026-01-19,EFA,135.93,0.01728783116299959
2026-01-20,EFA,135.88,-0.0003678363863753864
2026-01-21,EFA,133.54,-0.017221077421254116
2026-01-22,EFA,133.94,0.0029953571963456938
2026-01-23,EFA,130.02,-0.029266835896670007
2026-01-26,EFA,129.6,-0.0032302722658054117
2026-01-27,EFA,132.24,0.020370370370370594
2026-01-28,EFA,131.46,-0.005898366606170602
2026-01-29,EFA,130.19,-0.009660733302905955
2026-01-30,EFA,130.54,0.002688378523696189
2026-02-02,EFA,130.34,-0.001532097441397151
2026-02-03,EFA,128.46,-0.0144238146386374
2026-02-04,EFA,129.53,0.008329441071150523
2026-02-05,EFA,130.47,0.007257006098973173
2026-02-06,EFA,132.59,0.016248946117881635
2026-02-09,EFA,133.73,0.00859793347914617
2026-02-10,EFA,135.61,0.014058176923652299
2026-02-11,EFA,132.96,-0.01954133176019468
2026-02-12,EFA,131.82,-0.008574007220216728
2026-02-13,EFA,129.45,-0.01797906235776059
2026-02-16,EFA,130.83,0.01066048667439179
2026-02-17,EFA,132.2,0.01047160437208583
2026-02-18,EFA,135.88,0.0278366111951589
2026-02-19,EFA,136.45,0.004194877833382238
2026-02-20,EFA,136.6,0.0010993037742763612
2026-02-23,EFA,137.92,0.009663250366032106
2026-02-24,EFA,136.92,-0.007250580046403665
2026-02-25,EFA,137.57,0.004747297692083041
2026-02-26,EFA,135.82,-0.012720796685323887
2026-02-27,EFA,136.52,0.005153880135473576
2026-03-02,EFA,138.06,0.0112803984764136
2026-03-03,EFA,138.02,-0.0002897291032883942
2026-03-04,EFA,140.08,0.014925373134328401
2026-03-05,EFA,140.09,7.13877784122019e-05
2026-03-06,EFA,138.55,-0.010992933114426395
2026-03-09,EFA,139.18,0.004547094911584226
2026-03-10,EFA,141.38,0.01580686880298887
2026-03-11,EFA,141.6,0.0015560899702928843
2026-03-12,EFA,142.48,0.006214689265536588
2026-03-13,EFA,143.33,0.005965749578888513
2026-03-16,EFA,142.37,-0.006697830182097353
2026-03-17,EFA,141.14,-0.008639460560511458
2026-03-18,EFA,141.29,0.0010627745500921826
2026-03-19,EFA,141.0,-0.002052516101634927
2026-03-20,EFA,141.42,0.0029787234042553123
2026-03-23,EFA,142.1,0.004808372224579305
2026-03-24,EFA,146.01,0.027515833919774746
2026-03-25,EFA,145.61,-0.002739538387781515
2026-03-26,EFA,143.31,-0.015795618432799974
2026-03-27,EFA,144.88,0.010955271788430698
2026-03-30,EFA,145.01,0.0008972943125344912
2026-03-31,EFA,143.2,-0.012481897800151742
2026-04-01,EFA,146.57,0.02353351955307259
2026-04-02,EFA,146.56,-6.822678583606745e-05
2026-04-03,EFA,145.84,-0.004912663755458513
2026-04-06,EFA,145.89,0.00034284147010410493
2026-04-07,EFA,144.47,-0.009733360751250864
2026-04-08,EFA,146.42,0.013497611960960665
2026-04-09,EFA,144.53,-0.012908072667668247
2026-04-10,EFA,146.61,0.014391475818169353
2026-04-13,EFA,147.29,0.00463815565104686
2026-04-14,EFA,150.99,0.02512051055740394
2026-04-15,EFA,149.91,-0.007152791575601114
2026-04-16,EFA,149.2,-0.004736175038356438
2026-04-17,EFA,151.16,0.013136729222520183
2026-04-20,EFA,149.96,-0.007938608097380229
2026-04-21,EFA,150.45,0.0032675380101359064
2026-04-22,EFA,151.8,0.00897308075772707
2026-04-23,EFA,152.0,0.0013175230566533358
2026-04-24,EFA,152.17,0.0011184210526316019
2026-04-27,EFA,148.84,-0.021883419859367703
2026-04-28,EFA,151.56,0.01827465735017464
2026-04-29,EFA,154.21,0.017484824491950324
2026-04-30,EFA,154.7,0.0031774852473898108
2026-05-01,EFA,153.09,-0.010407239819004377
2026-05-04,EFA,151.88,-0.00790384741002026
2026-05-05,EFA,152.31,0.002831182512510022
2026-05-06,EFA,151.84,-0.003085811831133878
2026-05-07,EFA,150.62,-0.008034773445732335
2026-05-08,EFA,151.62,0.006639224538573796
2026-05-11,EFA,152.42,0.005276348766653394
2026-05-12,EFA,155.01,0.016992520666579303
2026-05-13,EFA,156.32,0.00845106767305337
2026-05-14,EFA,157.25,0.005949334698055253
2026-05-15,EFA,156.14,-0.007058823529411895
2026-05-18,EFA,155.95,-0.001216856667093591
2026-05-19,EFA,155.58,-0.0023725553061877402
2026-05-20,EFA,155.38,-0.0012855122766423088
2026-05-21,EFA,155.63,0.0016089586819409973
2026-05-22,EFA,155.62,-6.425496369588668e-05
2026-05-25,EFA,154.2,-0.009124791157948953
2026-05-26,EFA,153.45,-0.004863813229571967
2026-05-27,EFA,155.39,0.012642554578038423
2026-05-28,EFA,156.73,0.008623463543342647
2026-05-29,EFA,158.05,0.008422127225164333
2026-06-01,EFA,155.32,-0.017273014868712577
2026-06-02,EFA,157.37,0.013198557816121559
2026-06-03,EFA,158.91,0.009785854991421372
2026-06-04,EFA,159.52,0.003838650808633881
2026-06-05,EFA,159.98,0.002883650952858474
2026-06-08,EFA,159.6,-0.002375296912114022
2026-06-09,EFA,157.82,-0.011152882205513803
2026-06-10,EFA,154.97,-0.018058547712583972
2026-06-11,EFA,152.43,-0.016390269084338827
2026-06-12,EFA,152.01,-0.0027553631174966897
2026-06-15,EFA,150.51,-0.009867771857114627
2026-06-16,EFA,151.12,0.004052886851372062
2026-06-17,EFA,152.78,0.010984647961884475
2026-06-18,EFA,154.08,0.008508967142296209
2026-06-19,EFA,154.75,0.004348390446521133
2026-06-22,EFA,153.42,-0.008594507269790053
2026-06-23,EFA,151.92,-0.009777082518576452
2026-06-24,EFA,153.48,0.010268562401263948
2026-06-25,EFA,154.52,0.006776127182694935
2026-06-26,EFA,158.24,0.02407455345586329
2026-06-29,EFA,155.97,-0.0143452982810921
2026-06-30,EFA,155.1,-0.005577995768416999
2026-07-01,EFA,153.71,-0.00896196002578975
2026-07-02,EFA,152.61,-0.007156333355019195
2026-07-03,EFA,152.4,-0.0013760566149008113
2021-09-06,GLD,176.78,
2021-09-07,GLD,176.88,0.0005656748500961761
2021-09-08,GLD,177.18,0.0016960651289010809
2021-09-09,GLD,178.39,0.0068292132294840435
2021-09-10,GLD,179.31,0.0051572397555916805
2021-09-13,GLD,180.43,0.006246165858011299
2021-09-14,GLD,181.82,0.007703818655434125
2021-09-15,GLD,180.24,-0.008689913100868862
2021-09-16,GLD,180.28,0.0002219263204614741
2021-09-17,GLD,180.94,0.0036609718216107368
2021-09-20,GLD,179.6,-0.007405769868464751
2021-09-21,GLD,176.51,-0.0172048997772829
2021-09-22,GLD,175.13,-0.007818253923290386
2021-09-23,GLD,176.25,0.0063952492434191655
2021-09-24,GLD,175.51,-0.004198581560283743
2021-09-27,GLD,174.52,-0.005640704233376925
2021-09-28,GLD,175.68,0.006646802658720974
2021-09-29,GLD,172.85,-0.01610883424408016
2021-09-30,GLD,175.34,0.014405553948510397
2021-10-01,GLD,175.46,0.0006843846241588736
2021-10-04,GLD,175.9,0.0025076940613244503
2021-10-05,GLD,175.07,-0.0047185901080160075
2021-10-06,GLD,177.56,0.014222882275661153
2021-10-07,GLD,178.18,0.00349177742734863
2021-10-08,GLD,178.74,0.0031428892131553088
2021-10-11,GLD,176.61,-0.011916750587445457
2021-10-12,GLD,174.86,-0.009908838684106192
2021-10-13,GLD,169.88,-0.0284799267985818
2021-10-14,GLD,170.89,0.005945373204615079
2021-10-15,GLD,169.53,-0.007958335771548919
2021-10-18,GLD,169.36,-0.0010027723706718117
2021-10-19,GLD,170.51,0.006790269248936998
2021-10-20,GLD,171.6,0.006392586945047185
2021-10-21,GLD,171.83,0.0013403263403264365
2021-10-22,GLD,170.23,-0.009311528836640992
2021-10-25,GLD,168.91,-0.007754214885742794
2021-10-26,GLD,167.71,-0.007104375111005812
2021-10-27,GLD,169.85,0.012760121638542676
2021-10-28,GLD,166.7,-0.0185457756844275
2021-10-29,GLD,168.6,0.01139772045590881
2021-11-01,GLD,169.17,0.003380782918149361
2021-11-02,GLD,168.36,-0.004788082993438358
2021-11-03,GLD,170.09,0.010275599904965516
2021-11-04,GLD,169.38,-0.004174260685519515
2021-11-05,GLD,171.83,0.014464517652615472
2021-11-08,GLD,172.89,0.006168887854274496
2021-11-09,GLD,172.82,-0.0004048817166983909
2021-11-10,GLD,171.83,-0.005728503645411331
2021-11-11,GLD,175.22,0.019728801722632694
2021-11-12,GLD,176.51,0.007362173267891681
2021-11-15,GLD,176.11,-0.0022661605574754162
2021-11-16,GLD,174.83,-0.00726818465731649
2021-11-17,GLD,175.43,0.0034319052794142824
2021-11-18,GLD,177.25,0.01037450835090925
2021-11-19,GLD,178.85,0.009026798307475215
2021-11-22,GLD,179.27,0.0023483365949119595
2021-11-23,GLD,178.7,-0.0031795615551961642
2021-11-24,GLD,177.53,-0.006547285954112914
2021-11-25,GLD,175.17,-0.013293527854447262
2021-11-26,GLD,175.13,-0.00022834960324247255
2021-11-29,GLD,178.54,0.01947124992862448
2021-11-30,GLD,176.71,-0.010249803965497795
2021-12-01,GLD,175.95,-0.004300831871427824
2021-12-02,GLD,173.38,-0.014606422279056508
2021-12-03,GLD,171.56,-0.010497173837812901
2021-12-06,GLD,172.12,0.0032641641408253097
2021-12-07,GLD,173.99,0.010864513130374176
2021-12-08,GLD,170.81,-0.018276912466233752
2021-12-09,GLD,171.18,0.00216614952286176
2021-12-10,GLD,173.14,0.011449935740156514
2021-12-13,GLD,173.34,0.0011551345731779517
2021-12-14,GLD,173.34,0.0
2021-12-15,GLD,173.49,0.0008653513326410955
2021-12-16,GLD,174.06,0.0032854919591907006
2021-12-17,GLD,172.63,-0.00821555785361372
2021-12-20,GLD,172.28,-0.0020274575682094342
2021-12-21,GLD,169.82,-0.01427908056651972
2021-12-22,GLD,170.99,0.006889647862442727
2021-12-23,GLD,173.64,0.015497982338148253
2021-12-24,GLD,174.64,0.0057590416954618195
2021-12-27,GLD,173.5,-0.0065277141548327755
2021-12-28,GLD,170.53,-0.01711815561959651
2021-12-29,GLD,173.58,0.017885416055825942
2021-12-30,GLD,173.25,-0.0019011406844107182
2021-12-31,GLD,170.31,-0.016969696969696968
2022-01-03,GLD,170.18,-0.0007633139569021008
2022-01-04,GLD,168.89,-0.007580209190269249
2022-01-05,GLD,173.24,0.025756409497306176
2022-01-06,GLD,174.16,0.005310551835603805
2022-01-07,GLD,174.62,0.0026412494258154506
2022-01-10,GLD,177.33,0.015519413583781949
2022-01-11,GLD,180.92,0.020244741442508207
2022-01-12,GLD,180.87,-0.00027636524430674214
2022-01-13,GLD,182.79,0.01061535909769451
2022-01-14,GLD,181.21,-0.008643798894906629
2022-01-17,GLD,180.31,-0.004966613321560676
2022-01-18,GLD,176.5,-0.021130275636404017
2022-01-19,GLD,176.26,-0.001359773371104822
2022-01-20,GLD,176.49,0.001304890502666689
2022-01-21,GLD,173.83,-0.015071675449033872
2022-01-24,GLD,173.38,-0.0025887361214981253
2022-01-25,GLD,172.61,-0.004441112008305326
2022-01-26,GLD,174.24,0.009443253577428923
2022-01-27,GLD,174.41,0.0009756657483930287
2022-01-28,GLD,175.76,0.007740381858838408
2022-01-31,GLD,174.57,-0.006770596267637652
2022-02-01,GLD,173.02,-0.008878959729621272
2022-02-02,GLD,174.22,0.006935614379840471
2022-02-03,GLD,175.48,0.007232235105039564
2022-02-04,GLD,175.84,0.0020515158422613755
2022-02-07,GLD,173.8,-0.011601455868971766
2022-02-08,GLD,172.21,-0.00914844649021862
2022-02-09,GLD,172.73,0.0030195691307124406
2022-02-10,GLD,175.39,0.015399756845944523
2022-02-11,GLD,175.04,-0.001995552768116693
2022-02-14,GLD,174.31,-0.00417047531992687
2022-02-15,GLD,175.25,0.005392691182376286
2022-02-16,GLD,175.37,0.0006847360912982658
2022-02-17,GLD,174.8,-0.003250270855904569
2022-02-18,GLD,175.0,0.0011441647597252302
2022-02-21,GLD,173.06,-0.011085714285714254
2022-02-22,GLD,173.45,0.0022535536808043766
2022-02-23,GLD,175.71,0.01302969155376199
2022-02-24,GLD,174.97,-0.004211484832963408
2022-02-25,GLD,178.98,0.022918214551065796
2022-02-28,GLD,179.03,0.0002793608224382904
2022-03-01,GLD,180.37,0.007484779087303828
2022-03-02,GLD,178.42,-0.010811110495093534
2022-03-03,GLD,180.34,0.010761125434368468
2022-03-04,GLD,179.55,-0.004380614395031568
2022-03-07,GLD,181.07,0.008465608465608288
2022-03-08,GLD,180.91,-0.0008836361628099532
2022-03-09,GLD,178.48,-0.013432093306063875
2022-03-10,GLD,176.13,-0.013166741371582247
2022-03-11,GLD,177.69,0.00885709419179026
2022-03-14,GLD,177.51,-0.0010130001688334334
2022-03-15,GLD,178.5,0.0055771505830657375
2022-03-16,GLD,175.73,-0.015518207282913199
2022-03-17,GLD,176.65,0.005235304159790788
2022-03-18,GLD,178.22,0.008887630908576138
2022-03-21,GLD,181.35,0.017562563124228436
2022-03-22,GLD,181.28,-0.0003859939343809904
2022-03-23,GLD,181.8,0.0028684907325684517
2022-03-24,GLD,181.89,0.0004950495049502734
2022-03-25,GLD,180.03,-0.010225960745505414
2022-03-28,GLD,180.58,0.0030550463811587214
2022-03-29,GLD,180.05,-0.0029349872632628005
2022-03-30,GLD,180.39,0.0018883643432379138
2022-03-31,GLD,180.17,-0.0012195797993236335
2022-04-01,GLD,182.17,0.011100627185435918
2022-04-04,GLD,181.38,-0.004336608662238506
2022-04-05,GLD,181.51,0.000716727312823906
2022-04-06,GLD,182.85,0.007382513360145504
2022-04-07,GLD,183.73,0.0048126879956247315
2022-04-08,GLD,183.92,0.0010341261633919352
2022-04-11,GLD,185.42,0.008155719878207845
2022-04-12,GLD,183.96,-0.007874015748031371
2022-04-13,GLD,182.87,-0.005925201130680624
2022-04-14,GLD,181.71,-0.006343303986438453
2022-04-15,GLD,179.69,-0.011116614385559442
2022-04-18,GLD,179.69,0.0
2022-04-19,GLD,181.4,0.0095163893371919
2022-04-20,GLD,183.23,0.010088202866593177
2022-04-21,GLD,179.73,-0.019101675489821557
2022-04-22,GLD,179.96,0.001279697323763429
2022-04-25,GLD,179.62,-0.0018893087352744864
2022-04-26,GLD,182.15,0.01408529117024826
2022-04-27,GLD,180.35,-0.009881965413121141
2022-04-28,GLD,181.4,0.005822012752980443
2022-04-29,GLD,179.89,-0.008324145534729932
2022-05-02,GLD,181.14,0.006948690866640739
2022-05-03,GLD,180.01,-0.006238268742409181
2022-05-04,GLD,183.07,0.01699905560802173
2022-05-05,GLD,185.39,0.012672748129130884
2022-05-06,GLD,187.2,0.009763201898699947
2022-05-09,GLD,187.42,0.001175213675213671
2022-05-10,GLD,187.26,-0.0008536975776330946
2022-05-11,GLD,186.76,-0.002670084374666204
2022-05-12,GLD,186.3,-0.0024630541871920597
2022-05-13,GLD,186.72,0.0022544283413847843
2022-05-16,GLD,185.69,-0.00551628106255353
2022-05-17,GLD,183.85,-0.00990898809844365
2022-05-18,GLD,185.7,0.010062550992657071
2022-05-19,GLD,187.12,0.007646742057081379
2022-05-20,GLD,189.53,0.012879435656263372
2022-05-23,GLD,189.54,5.276209571047907e-05
2022-05-24,GLD,189.6,0.00031655587211143477
2022-05-25,GLD,191.91,0.012183544303797422
2022-05-26,GLD,193.21,0.006774008649887975
2022-05-27,GLD,193.27,0.00031054293256049803
2022-05-30,GLD,190.52,-0.014228799089356814
2022-05-31,GLD,189.9,-0.0032542515221499757
2022-06-01,GLD,190.89,0.005213270142180093
2022-06-02,GLD,188.44,-0.012834616795012743
2022-06-03,GLD,188.4,-0.0002122691572914448
2022-06-06,GLD,191.62,0.017091295116772764
2022-06-07,GLD,192.72,0.00574052812858783
2022-06-08,GLD,193.0,0.001452885014528782
2022-06-09,GLD,194.49,0.007720207253886002
2022-06-10,GLD,194.94,0.0023137436372049347
2022-06-13,GLD,194.12,-0.004206422488970962
2022-06-14,GLD,194.59,0.0024211827735420854
2022-06-15,GLD,195.57,0.005036230022097632
2022-06-16,GLD,196.33,0.0038860765966151067
2022-06-17,GLD,198.54,0.011256557836295977
2022-06-20,GLD,195.53,-0.01516067291225942
2022-06-21,GLD,196.36,0.004244872909527908
2022-06-22,GLD,197.54,0.006009370543898829
2022-06-23,GLD,196.46,-0.00546724713981972
2022-06-24,GLD,197.56,0.005599104143336975
2022-06-27,GLD,197.87,0.001569143551326091
2022-06-28,GLD,198.79,0.004649517359882616
2022-06-29,GLD,199.78,0.004980129785200571
2022-06-30,GLD,199.39,-0.0019521473620983665
2022-07-01,GLD,196.83,-0.012839159436280556
2022-07-04,GLD,195.22,-0.008179647411471924
2022-07-05,GLD,196.04,0.004200389304374497
2022-07-06,GLD,194.15,-0.009640889614364379
2022-07-07,GLD,190.88,-0.016842647437548375
2022-07-08,GLD,188.93,-0.010215842414082132
2022-07-11,GLD,184.58,-0.023024400571640236
2022-07-12,GLD,183.91,-0.003629862390291505
2022-07-13,GLD,186.19,0.012397368277962117
2022-07-14,GLD,184.9,-0.006928406466512604
2022-07-15,GLD,186.62,0.009302325581395321
2022-07-18,GLD,185.57,-0.00562640660165048
2022-07-19,GLD,185.46,-0.0005927682276228863
2022-07-20,GLD,190.69,0.02820015097595152
2022-07-21,GLD,191.92,0.006450259583617335
2022-07-22,GLD,191.81,-0.000573155481450538
2022-07-25,GLD,190.06,-0.009123611907616902
2022-07-26,GLD,191.2,0.0059981058613067795
2022-07-27,GLD,192.6,0.007322175732217495
2022-07-28,GLD,195.49,0.01500519210799589
2022-07-29,GLD,197.82,0.011918768223438514
2022-08-01,GLD,197.13,-0.003488019411586274
2022-08-02,GLD,198.51,0.007000456551514267
2022-08-03,GLD,196.6,-0.009621681527378967
2022-08-04,GLD,200.0,0.01729399796541209
2022-08-05,GLD,199.75,-0.0012499999999999734
2022-08-08,GLD,198.88,-0.004355444305381706
2022-08-09,GLD,195.84,-0.01528559935639573
2022-08-10,GLD,195.49,-0.001787173202614345
2022-08-11,GLD,198.74,0.016624891298787636
2022-08-12,GLD,197.91,-0.004176310757774027
2022-08-15,GLD,194.4,-0.017735334242837575
2022-08-16,GLD,195.55,0.005915637860082423
2022-08-17,GLD,195.46,-0.00046024034773717304
2022-08-18,GLD,193.77,-0.008646270336641781
2022-08-19,GLD,192.92,-0.004386643959333303
2022-08-22,GLD,191.26,-0.008604602944225603
2022-08-23,GLD,191.53,0.0014116908919794557
2022-08-24,GLD,193.22,0.008823682973946534
2022-08-25,GLD,191.5,-0.008901770003105214
2022-08-26,GLD,193.04,0.008041775456919087
2022-08-29,GLD,195.53,0.012898881060920075
2022-08-30,GLD,192.5,-0.015496343272132118
2022-08-31,GLD,190.55,-0.0101298701298701
2022-09-01,GLD,188.7,-0.009708737864077777
2022-09-02,GLD,188.01,-0.003656597774244874
2022-09-05,GLD,188.11,0.000531886601776721
2022-09-06,GLD,190.91,0.014884907766732125
2022-09-07,GLD,192.89,0.010371379183908624
2022-09-08,GLD,190.17,-0.01410130125978537
2022-09-09,GLD,188.66,-0.007940263974338668
2022-09-12,GLD,187.37,-0.006837697445139401
2022-09-13,GLD,189.69,0.012381918129903413
2022-09-14,GLD,190.72,0.005429911961621681
2022-09-15,GLD,190.12,-0.0031459731543623803
2022-09-16,GLD,189.14,-0.005154639175257825
2022-09-19,GLD,188.82,-0.0016918684572274634
2022-09-20,GLD,185.71,-0.016470712848215108
2022-09-21,GLD,184.81,-0.0048462656830542405
2022-09-22,GLD,187.32,0.013581516151723427
2022-09-23,GLD,184.71,-0.013933376040999312
2022-09-26,GLD,183.53,-0.0063883926154513215
2022-09-27,GLD,183.2,-0.0017980711600283916
2022-09-28,GLD,183.38,0.0009825327510917248
2022-09-29,GLD,187.32,0.021485440069800354
2022-09-30,GLD,185.8,-0.008114456544949689
2022-10-03,GLD,184.2,-0.008611410118407048
2022-10-04,GLD,185.98,0.009663409337676399
2022-10-05,GLD,187.84,0.010001075384449942
2022-10-06,GLD,187.27,-0.003034497444633688
2022-10-07,GLD,188.77,0.008009825385806524
2022-10-10,GLD,188.46,-0.0016422100969434306
2022-10-11,GLD,186.47,-0.010559269871590837
2022-10-12,GLD,183.79,-0.014372285086072911
2022-10-13,GLD,185.78,0.010827574949670904
2022-10-14,GLD,187.72,0.010442458822262912
2022-10-17,GLD,186.69,-0.005486895376092038
2022-10-18,GLD,187.65,0.005142214366061326
2022-10-19,GLD,189.57,0.010231814548361307
2022-10-20,GLD,185.86,-0.01957060716358061
2022-10-21,GLD,185.58,-0.001506510276552242
2022-10-24,GLD,185.34,-0.001293242806336914
2022-10-25,GLD,185.96,0.00334520340994926
2022-10-26,GLD,183.38,-0.013873951387395222
2022-10-27,GLD,183.0,-0.0020721998036863365
2022-10-28,GLD,180.92,-0.011366120218579301
2022-10-31,GLD,179.12,-0.009949148795047491
2022-11-01,GLD,177.16,-0.01094238499330058
2022-11-02,GLD,176.96,-0.0011289230074508216
2022-11-03,GLD,176.31,-0.003673146473779365
2022-11-04,GLD,178.22,0.010833191537632514
2022-11-07,GLD,178.84,0.003478846369655564
2022-11-08,GLD,178.27,-0.003187206441511936
2022-11-09,GLD,178.27,0.0
2022-11-10,GLD,179.18,0.005104616592808586
2022-11-11,GLD,179.51,0.0018417234066301358
2022-11-14,GLD,178.43,-0.006016377917664628
2022-11-15,GLD,179.9,0.00823852491173005
2022-11-16,GLD,177.78,-0.01178432462479162
2022-11-17,GLD,177.25,-0.0029812127348408657
2022-11-18,GLD,177.72,0.0026516220028207638
2022-11-21,GLD,175.94,-0.010015755120414194
2022-11-22,GLD,177.72,0.010117085370012546
2022-11-23,GLD,180.16,0.013729462075174448
2022-11-24,GLD,183.1,0.01631882770870341
2022-11-25,GLD,182.71,-0.0021299836155105334
2022-11-28,GLD,186.07,0.018389798040610694
2022-11-29,GLD,185.16,-0.0048906325576395515
2022-11-30,GLD,183.96,-0.006480881399870353
2022-12-01,GLD,184.52,0.003044140030441511
2022-12-02,GLD,186.0,0.00802081075222194
2022-12-05,GLD,183.11,-0.015537634408602119
2022-12-06,GLD,186.13,0.016492818524384223
2022-12-07,GLD,185.51,-0.0033310052114113864
2022-12-08,GLD,185.58,0.00037733814888696315
2022-12-09,GLD,185.95,0.001993749326435923
2022-12-12,GLD,184.64,-0.007044904544232344
2022-12-13,GLD,186.02,0.007474003466204637
2022-12-14,GLD,187.71,0.009085044618858173
2022-12-15,GLD,188.57,0.004581535347077947
2022-12-16,GLD,188.01,-0.002969719467571741
2022-12-19,GLD,187.85,-0.0008510185628424205
2022-12-20,GLD,186.61,-0.0066010114453020075
2022-12-21,GLD,183.86,-0.014736616472857844
2022-12-22,GLD,182.81,-0.0057108669639943654
2022-12-23,GLD,183.98,0.006400087522564268
2022-12-26,GLD,183.77,-0.0011414284161320731
2022-12-27,GLD,184.98,0.006584317353213187
2022-12-28,GLD,184.74,-0.0012974375608172384
2022-12-29,GLD,185.14,0.0021652051531881877
2022-12-30,GLD,186.89,0.009452306362752516
2023-01-02,GLD,187.12,0.001230670447857074
2023-01-03,GLD,185.54,-0.008443779392902973
2023-01-04,GLD,185.98,0.0023714562897487745
2023-01-05,GLD,187.12,0.006129691364662904
2023-01-06,GLD,188.49,0.007321504916631083
2023-01-09,GLD,190.63,0.011353387447609942
2023-01-10,GLD,189.28,-0.0070817814614698715
2023-01-11,GLD,191.03,0.009245562130177465
2023-01-12,GLD,190.4,-0.0032979113228288615
2023-01-13,GLD,187.86,-0.013340336134453734
2023-01-16,GLD,188.21,0.0018630895347599985
2023-01-17,GLD,190.53,0.012326656394453073
2023-01-18,GLD,189.85,-0.003568991759827833
2023-01-19,GLD,189.44,-0.0021595996839609555
2023-01-20,GLD,192.07,0.013883023648648685
2023-01-23,GLD,194.56,0.01296402353308701
2023-01-24,GLD,197.54,0.01531661184210531
2023-01-25,GLD,195.71,-0.009263946542472312
2023-01-26,GLD,194.16,-0.007919881457258193
2023-01-27,GLD,193.94,-0.001133086114544657
2023-01-30,GLD,196.74,0.01443745488295356
2023-01-31,GLD,198.92,0.01108061400833571
2023-02-01,GLD,198.91,-5.0271465915852076e-05
2023-02-02,GLD,201.61,0.013573978181087076
2023-02-03,GLD,203.05,0.007142502852041099
2023-02-06,GLD,204.37,0.006500861856685525
2023-02-07,GLD,203.2,-0.005724910701179309
2023-02-08,GLD,204.28,0.005314960629921428
2023-02-09,GLD,204.84,0.0027413354219698594
2023-02-10,GLD,203.13,-0.008347978910369092
2023-02-13,GLD,203.7,0.002806084773297801
2023-02-14,GLD,204.49,0.0038782523318607875
2023-02-15,GLD,203.15,-0.006552887671768759
2023-02-16,GLD,203.35,0.0009844942160963654
2023-02-17,GLD,199.05,-0.021145807720678533
2023-02-20,GLD,198.56,-0.00246169304194932
2023-02-21,GLD,197.27,-0.006496776792908943
2023-02-22,GLD,197.57,0.0015207583514977863
2023-02-23,GLD,201.09,0.01781647011185905
2023-02-24,GLD,202.64,0.007707991446615825
2023-02-27,GLD,202.74,0.0004934859849980988
2023-02-28,GLD,202.35,-0.0019236460491269813
2023-03-01,GLD,202.95,0.002965159377316562
2023-03-02,GLD,203.53,0.002857846760285776
2023-03-03,GLD,204.36,0.004078022895887656
2023-03-06,GLD,201.51,-0.013945977686435795
2023-03-07,GLD,204.49,0.014788347972805482
2023-03-08,GLD,205.25,0.0037165631571225433
2023-03-09,GLD,205.27,9.744214372719995e-05
2023-03-10,GLD,206.28,0.0049203488088858105
2023-03-13,GLD,208.21,0.009356214853597056
2023-03-14,GLD,206.38,-0.008789203208299345
2023-03-15,GLD,205.69,-0.003343347223568216
2023-03-16,GLD,204.59,-0.005347853566045946
2023-03-17,GLD,204.76,0.0008309301529887403
2023-03-20,GLD,204.31,-0.0021976948622777215
2023-03-21,GLD,204.45,0.0006852332240221415
2023-03-22,GLD,203.19,-0.006162876008804052
2023-03-23,GLD,202.49,-0.003445051429696311
2023-03-24,GLD,201.51,-0.0048397451726012175
2023-03-27,GLD,201.73,0.001091757232891677
2023-03-28,GLD,202.73,0.004957120904178769
2023-03-29,GLD,204.21,0.007300350219503926
2023-03-30,GLD,204.55,0.001664952744723669
2023-03-31,GLD,202.13,-0.011830848203373323
2023-04-03,GLD,203.32,0.005887300252312766
2023-04-04,GLD,200.47,-0.014017312610662969
2023-04-05,GLD,199.15,-0.00658452636304685
2023-04-06,GLD,199.09,-0.000301280441877938
2023-04-07,GLD,196.57,-0.012657592043799348
2023-04-10,GLD,194.67,-0.009665767919824986
2023-04-11,GLD,196.45,0.009143679046591746
2023-04-12,GLD,198.58,0.010842453550521824
2023-04-13,GLD,201.15,0.012941887400543806
2023-04-14,GLD,199.03,-0.010539398458861537
2023-04-17,GLD,196.69,-0.011757021554539504
2023-04-18,GLD,194.49,-0.011185113630586163
2023-04-19,GLD,196.17,0.008637976245565282
2023-04-20,GLD,194.87,-0.006626905235254998
2023-04-21,GLD,196.62,0.008980345871606676
2023-04-24,GLD,193.68,-0.014952700640829986
2023-04-25,GLD,192.48,-0.00619578686493194
2023-04-26,GLD,191.68,-0.004156275976724744
2023-04-27,GLD,189.22,-0.012833889816360688
2023-04-28,GLD,189.28,0.0003170912165733064
2023-05-01,GLD,189.2,-0.0004226542688081647
2023-05-02,GLD,190.77,0.008298097251585812
2023-05-03,GLD,189.79,-0.005137076060177326
2023-05-04,GLD,189.76,-0.00015806944517626764
2023-05-05,GLD,189.74,-0.00010539629005046347
2023-05-08,GLD,188.58,-0.006113629176768165
2023-05-09,GLD,187.43,-0.006098207657227683
2023-05-10,GLD,188.52,0.005815504454996567
2023-05-11,GLD,189.54,0.005410566518141202
2023-05-12,GLD,188.44,-0.005803524322042786
2023-05-15,GLD,187.46,-0.005200594353640398
2023-05-16,GLD,186.56,-0.0048010242184999274
2023-05-17,GLD,187.8,0.006646655231560938
2023-05-18,GLD,189.16,0.007241746538870997
2023-05-19,GLD,187.33,-0.009674349756819578
2023-05-22,GLD,185.93,-0.007473442587946466
2023-05-23,GLD,186.43,0.002689184101543507
2023-05-24,GLD,187.71,0.006865847771281519
2023-05-25,GLD,188.4,0.003675883011027725
2023-05-26,GLD,187.75,-0.003450106157112609
2023-05-29,GLD,188.88,0.006018641810918712
2023-05-30,GLD,190.15,0.006723845828038977
2023-05-31,GLD,190.02,-0.0006836707862213354
2023-06-01,GLD,189.65,-0.0019471634564782736
2023-06-02,GLD,189.87,0.001160031637226444
2023-06-05,GLD,190.49,0.003265392110391341
2023-06-06,GLD,187.35,-0.01648380492414303
2023-06-07,GLD,189.12,0.009447558046437265
2023-06-08,GLD,190.85,0.009147631133671785
2023-06-09,GLD,190.29,-0.002934241550956229
2023-06-12,GLD,189.25,-0.00546534237216878
2023-06-13,GLD,188.31,-0.004966974900924681
2023-06-14,GLD,188.5,0.001008974563220244
2023-06-15,GLD,190.15,0.008753315649867366
2023-06-16,GLD,193.18,0.0159347883250065
2023-06-19,GLD,193.99,0.004192980639817767
2023-06-20,GLD,195.54,0.00799010258260724
2023-06-21,GLD,193.24,-0.011762299273805787
2023-06-22,GLD,192.42,-0.00424342786172649
2023-06-23,GLD,191.6,-0.004261511277413921
2023-06-26,GLD,190.76,-0.004384133611690988
2023-06-27,GLD,188.13,-0.013786957433424174
2023-06-28,GLD,191.0,0.015255408494126321
2023-06-29,GLD,191.25,0.0013089005235602524
2023-06-30,GLD,192.81,0.008156862745098081
2023-07-03,GLD,192.98,0.000881697007416582
2023-07-04,GLD,194.11,0.005855529070370125
2023-07-05,GLD,193.28,-0.004275926021328202
2023-07-06,GLD,196.53,0.016814983443708575
2023-07-07,GLD,195.31,-0.0062077036584745615
2023-07-10,GLD,198.05,0.014028979570938516
2023-07-11,GLD,196.44,-0.00812926028780614
2023-07-12,GLD,198.17,0.00880676033394412
2023-07-13,GLD,200.45,0.011505273250239645
2023-07-14,GLD,200.77,0.0015964080818160475
2023-07-17,GLD,202.23,0.007272002789261212
2023-07-18,GLD,204.93,0.01335113484646211
2023-07-19,GLD,205.38,0.002195871761089041
2023-07-20,GLD,207.13,0.008520790729379613
2023-07-21,GLD,205.23,-0.009172983150678382
2023-07-24,GLD,204.49,-0.0036057106660818405
2023-07-25,GLD,202.09,-0.011736515233018774
2023-07-26,GLD,197.84,-0.02103023405413429
2023-07-27,GLD,197.55,-0.0014658309745247955
2023-07-28,GLD,199.16,0.008149835484687395
2023-07-31,GLD,198.8,-0.001807591885920834
2023-08-01,GLD,202.15,0.01685110663983891
2023-08-02,GLD,202.88,0.003611179816967569
2023-08-03,GLD,200.19,-0.01325906940063093
2023-08-04,GLD,198.67,-0.007592786852490208
2023-08-07,GLD,199.22,0.0027684099260079087
2023-08-08,GLD,199.97,0.003764682260817276
2023-08-09,GLD,198.63,-0.006701005150772654
2023-08-10,GLD,197.11,-0.0076524190706337425
2023-08-11,GLD,196.54,-0.0028917863122115417
2023-08-14,GLD,195.74,-0.004070418235473605
2023-08-15,GLD,198.9,0.01614386430979864
2023-08-16,GLD,199.88,0.004927099044746086
2023-08-17,GLD,199.79,-0.0004502701620973104
2023-08-18,GLD,200.89,0.005505781070123561
2023-08-21,GLD,202.95,0.010254368062123653
2023-08-22,GLD,204.19,0.00610987928061113
2023-08-23,GLD,205.1,0.004456633527596843
2023-08-24,GLD,204.74,-0.0017552413456849436
2023-08-25,GLD,203.82,-0.004493503956237266
2023-08-28,GLD,201.85,-0.00966539103130215
2023-08-29,GLD,200.52,-0.006589051275699753
2023-08-30,GLD,202.55,0.010123678436066319
2023-08-31,GLD,201.88,-0.0033078252283387233
2023-09-01,GLD,202.92,0.005151575193184099
2023-09-04,GLD,202.13,-0.003893159865956952
2023-09-05,GLD,202.39,0.0012863008954633326
2023-09-06,GLD,200.44,-0.00963486338257813
2023-09-07,GLD,201.4,0.0047894631810019295
2023-09-08,GLD,205.59,0.020804369414101354
2023-09-11,GLD,207.35,0.00856072766185112
2023-09-12,GLD,206.93,-0.0020255606462502573
2023-09-13,GLD,206.03,-0.004349296863673691
2023-09-14,GLD,205.71,-0.0015531718681744966
2023-09-15,GLD,204.46,-0.006076515482961398
2023-09-18,GLD,208.14,0.017998630538980542
2023-09-19,GLD,210.46,0.01114634380705315
2023-09-20,GLD,214.94,0.02128670531217325
2023-09-21,GLD,212.99,-0.009072299246301263
2023-09-22,GLD,210.85,-0.010047420066669921
2023-09-25,GLD,211.51,0.003130187336969348
2023-09-26,GLD,211.93,0.001985721715285438
2023-09-27,GLD,213.76,0.008634926626716277
2023-09-28,GLD,215.57,0.008467440119760417
2023-09-29,GLD,218.76,0.014797977455119016
2023-10-02,GLD,221.55,0.012753702687877233
2023-10-03,GLD,221.21,-0.0015346422929360948
2023-10-04,GLD,223.06,0.008363093892681084
2023-10-05,GLD,223.58,0.0023312113332736306
2023-10-06,GLD,225.14,0.006977368279810214
2023-10-09,GLD,228.61,0.01541263214000188
2023-10-10,GLD,230.47,0.008136127028563811
2023-10-11,GLD,229.63,-0.0036447259947064437
2023-10-12,GLD,229.82,0.0008274180202934023
2023-10-13,GLD,231.46,0.007136019493516832
2023-10-16,GLD,232.93,0.0063509893718136645
2023-10-17,GLD,231.27,-0.0071266045593096905
2023-10-18,GLD,230.92,-0.0015133826263675765
2023-10-19,GLD,228.62,-0.009960159362549681
2023-10-20,GLD,232.11,0.015265506079958024
2023-10-23,GLD,232.25,0.0006031622937399117
2023-10-24,GLD,233.16,0.003918191603875076
2023-10-25,GLD,233.08,-0.00034311202607639757
2023-10-26,GLD,235.85,0.011884331559979255
2023-10-27,GLD,232.15,-0.015687937248250905
2023-10-30,GLD,236.23,0.01757484385095842
2023-10-31,GLD,234.9,-0.00563010625238114
2023-11-01,GLD,232.29,-0.011111111111111183
2023-11-02,GLD,233.22,0.004003616169443447
2023-11-03,GLD,231.36,-0.007975302289683461
2023-11-06,GLD,234.62,0.014090594744121665
2023-11-07,GLD,236.01,0.005924473616912396
2023-11-08,GLD,233.96,-0.008686072624041308
2023-11-09,GLD,234.23,0.001154043426226714
2023-11-10,GLD,236.66,0.010374418306792421
2023-11-13,GLD,232.99,-0.015507479083917808
2023-11-14,GLD,229.08,-0.016781836130306038
2023-11-15,GLD,228.86,-0.0009603631918980726
2023-11-16,GLD,229.52,0.0028838591278510517
2023-11-17,GLD,232.37,0.012417218543046227
2023-11-20,GLD,230.4,-0.008477858587597309
2023-11-21,GLD,229.89,-0.002213541666666763
2023-11-22,GLD,233.33,0.014963678280917048
2023-11-23,GLD,232.99,-0.0014571636737668037
2023-11-24,GLD,238.23,0.022490235632430577
2023-11-27,GLD,238.01,-0.000923477311841503
2023-11-28,GLD,238.86,0.003571278517709331
2023-11-29,GLD,239.47,0.0025537972033826684
2023-11-30,GLD,240.49,0.0042594061886667145
2023-12-01,GLD,240.46,-0.00012474531165540537
2023-12-04,GLD,238.35,-0.008774848207602104
2023-12-05,GLD,238.44,0.00037759597230957453
2023-12-06,GLD,238.83,0.0016356316054353393
2023-12-07,GLD,239.58,0.003140309006406161
2023-12-08,GLD,238.46,-0.004674847650054326
2023-12-11,GLD,238.89,0.0018032374402414675
2023-12-12,GLD,239.73,0.003516262715057117
2023-12-13,GLD,240.07,0.0014182622116547527
2023-12-14,GLD,238.22,-0.0077060857249968695
2023-12-15,GLD,241.66,0.014440433212996373
2023-12-18,GLD,245.7,0.016717702557311975
2023-12-19,GLD,246.66,0.003907203907203893
2023-12-20,GLD,246.01,-0.002635206356928599
2023-12-21,GLD,244.47,-0.006259908133815717
2023-12-22,GLD,245.37,0.0036814333046999437
2023-12-25,GLD,240.02,-0.02180380649631164
2023-12-26,GLD,239.37,-0.0027081076576952468
2023-12-27,GLD,241.32,0.008146384258679085
2023-12-28,GLD,241.01,-0.0012846013591911731
2023-12-29,GLD,238.38,-0.010912410273432593
2024-01-01,GLD,237.61,-0.003230136756439239
2024-01-02,GLD,238.82,0.005092378266907893
2024-01-03,GLD,239.81,0.004145381458839248
2024-01-04,GLD,237.53,-0.009507526792043697
2024-01-05,GLD,240.78,0.013682482212773017
2024-01-08,GLD,238.5,-0.009469225018689298
2024-01-09,GLD,240.92,0.010146750524109072
2024-01-10,GLD,240.64,-0.0011622115224970697
2024-01-11,GLD,240.07,-0.0023686835106382365
2024-01-12,GLD,241.35,0.005331778231349116
2024-01-15,GLD,242.69,0.005552102755334687
2024-01-16,GLD,244.29,0.0065927726729573255
2024-01-17,GLD,241.52,-0.011338982357034566
2024-01-18,GLD,241.27,-0.0010351109638953027
2024-01-19,GLD,244.45,0.013180254486674592
2024-01-22,GLD,245.1,0.0026590304765801154
2024-01-23,GLD,245.57,0.0019175846593226797
2024-01-24,GLD,245.77,0.000814431730260301
2024-01-25,GLD,241.36,-0.017943605810310403
2024-01-26,GLD,244.26,0.012015246934040436
2024-01-29,GLD,248.64,0.017931712110046627
2024-01-30,GLD,248.96,0.0012870012870014325
2024-01-31,GLD,245.33,-0.014580655526992281
2024-02-01,GLD,245.6,0.0011005584315002537
2024-02-02,GLD,244.08,-0.006188925081433205
2024-02-05,GLD,243.7,-0.0015568666011145371
2024-02-06,GLD,243.46,-0.000984817398440585
2024-02-07,GLD,242.82,-0.002628768586215413
2024-02-08,GLD,242.25,-0.0023474178403755097
2024-02-09,GLD,240.27,-0.008173374613003048
2024-02-12,GLD,238.56,-0.007116993382444758
2024-02-13,GLD,238.38,-0.0007545271629778583
2024-02-14,GLD,239.98,0.00671197248091282
2024-02-15,GLD,239.83,-0.0006250520876738275
2024-02-16,GLD,243.33,0.014593670516615864
2024-02-19,GLD,239.74,-0.014753626762010419
2024-02-20,GLD,239.76,8.342370901792684e-05
2024-02-21,GLD,240.28,0.002168835502168953
2024-02-22,GLD,234.31,-0.024846012984851007
2024-02-23,GLD,232.92,-0.005932311894498832
2024-02-26,GLD,228.32,-0.01974927013566885
2024-02-27,GLD,230.87,0.011168535388927925
2024-02-28,GLD,229.24,-0.007060250357343922
2024-02-29,GLD,229.3,0.00026173442680166303
2024-03-01,GLD,233.05,0.016354121238552066
2024-03-04,GLD,230.53,-0.010813130229564538
2024-03-05,GLD,232.02,0.006463367023814781
2024-03-06,GLD,229.53,-0.010731833462632623
2024-03-07,GLD,232.97,0.014987147649544674
2024-03-08,GLD,234.65,0.007211228913594159
2024-03-11,GLD,234.11,-0.0023012998082250213
2024-03-12,GLD,229.51,-0.019648883003716255
2024-03-13,GLD,229.86,0.001524988017951312
2024-03-14,GLD,229.34,-0.002262246584877836
2024-03-15,GLD,231.05,0.007456178599459351
2024-03-18,GLD,234.95,0.01687946331962764
2024-03-19,GLD,236.79,0.007831453500744878
2024-03-20,GLD,236.27,-0.0021960386840659263
2024-03-21,GLD,232.15,-0.0174376772336734
2024-03-22,GLD,233.48,0.0057290544906309915
2024-03-25,GLD,237.36,0.016618125749529034
2024-03-26,GLD,236.24,-0.0047185709470846104
2024-03-27,GLD,235.11,-0.0047832712495766705
2024-03-28,GLD,234.76,-0.0014886648802688862
2024-03-29,GLD,232.68,-0.008860112455273406
2024-04-01,GLD,230.65,-0.008724428399518702
2024-04-02,GLD,231.04,0.0016908736180358819
2024-04-03,GLD,233.81,0.011989265927977888
2024-04-04,GLD,236.51,0.011547837988109988
2024-04-05,GLD,235.52,-0.004185869519259144
2024-04-08,GLD,235.69,0.0007218070652172948
2024-04-09,GLD,230.56,-0.021765878908736047
2024-04-10,GLD,232.28,0.007460097154753598
2024-04-11,GLD,231.53,-0.0032288617186154722
2024-04-12,GLD,233.33,0.007774370491944849
2024-04-15,GLD,231.79,-0.00660009428706132
2024-04-16,GLD,234.38,0.011173907416195616
2024-04-17,GLD,231.92,-0.010495776090110098
2024-04-18,GLD,232.54,0.002673335632976892
2024-04-19,GLD,233.44,0.003870301883546867
2024-04-22,GLD,235.11,0.007153872515421655
2024-04-23,GLD,232.66,-0.01042065416188176
2024-04-24,GLD,236.67,0.017235450872517877
2024-04-25,GLD,236.02,-0.002746440190983135
2024-04-26,GLD,233.18,-0.01203287856961277
2024-04-29,GLD,234.72,0.0066043399948536585
2024-04-30,GLD,236.15,0.006092365371506592
2024-05-01,GLD,236.84,0.0029218716917214227
2024-05-02,GLD,236.35,-0.002068907279175858
2024-05-03,GLD,238.04,0.007150412523799332
2024-05-06,GLD,233.18,-0.02041673668291033
2024-05-07,GLD,232.63,-0.002358692855304989
2024-05-08,GLD,230.96,-0.007178781756437158
2024-05-09,GLD,228.88,-0.009005888465535183
2024-05-10,GLD,226.91,-0.008607130373995076
2024-05-13,GLD,227.62,0.0031289938742233847
2024-05-14,GLD,227.67,0.00021966435286868702
2024-05-15,GLD,224.94,-0.011991039662669567
2024-05-16,GLD,223.42,-0.006757357517560236
2024-05-17,GLD,221.49,-0.008638438814788207
2024-05-20,GLD,222.09,0.0027089259108763475
2024-05-21,GLD,220.76,-0.005988563195101104
2024-05-22,GLD,220.17,-0.0026725856133357206
2024-05-23,GLD,219.08,-0.004950719898260347
2024-05-24,GLD,218.98,-0.0004564542632828905
2024-05-27,GLD,216.12,-0.013060553475203185
2024-05-28,GLD,215.36,-0.0035165648713677555
2024-05-29,GLD,216.13,0.0035754086181276623
2024-05-30,GLD,216.78,0.0030074492203766567
2024-05-31,GLD,218.79,0.00927207306947131
2024-06-03,GLD,216.32,-0.011289364230540722
2024-06-04,GLD,216.52,0.0009245562130177909
2024-06-05,GLD,215.67,-0.003925734343247833
2024-06-06,GLD,212.37,-0.01530115454166081
2024-06-07,GLD,209.72,-0.012478221971088277
2024-06-10,GLD,213.45,0.017785618920465263
2024-06-11,GLD,215.01,0.007308503162333002
2024-06-12,GLD,215.02,4.650946467621431e-05
2024-06-13,GLD,213.69,-0.006185471118965724
2024-06-14,GLD,212.62,-0.005007253498057862
2024-06-17,GLD,214.04,0.0066785815069136945
2024-06-18,GLD,213.43,-0.0028499345916650487
2024-06-19,GLD,215.01,0.007402895562947931
2024-06-20,GLD,217.47,0.011441328310311194
2024-06-21,GLD,220.21,0.012599439003081025
2024-06-24,GLD,224.65,0.020162572090277386
2024-06-25,GLD,226.13,0.006588025817938936
2024-06-26,GLD,225.14,-0.004378012647592189
2024-06-27,GLD,224.71,-0.0019099227147552078
2024-06-28,GLD,223.83,-0.003916158604423514
2024-07-01,GLD,226.39,0.011437251485502342
2024-07-02,GLD,226.83,0.0019435487433192566
2024-07-03,GLD,229.26,0.010712868668165454
2024-07-04,GLD,229.01,-0.0010904649742650152
2024-07-05,GLD,233.82,0.02100344963102052
2024-07-08,GLD,233.72,-0.0004276794115131155
2024-07-09,GLD,233.75,0.00012835871983574165
2024-07-10,GLD,234.7,0.004064171122994509
2024-07-11,GLD,236.08,0.005879846612697248
2024-07-12,GLD,234.42,-0.0070315147407659095
2024-07-15,GLD,238.24,0.01629553792338556
2024-07-16,GLD,241.46,0.013515782404298182
2024-07-17,GLD,238.63,-0.011720367762776518
2024-07-18,GLD,237.19,-0.006034446632862567
2024-07-19,GLD,240.77,0.01509338504995994
2024-07-22,GLD,241.42,0.002699671886032151
2024-07-23,GLD,241.74,0.0013254908458288917
2024-07-24,GLD,242.32,0.0023992719450649513
2024-07-25,GLD,240.46,-0.007675800594255433
2024-07-26,GLD,238.95,-0.006279630707810124
2024-07-29,GLD,239.1,0.0006277463904582614
2024-07-30,GLD,237.27,-0.007653701380175626
2024-07-31,GLD,236.11,-0.004888945083660001
2024-08-01,GLD,232.79,-0.014061242641141947
2024-08-02,GLD,234.31,0.006529490098371893
2024-08-05,GLD,234.66,0.001493747599334183
2024-08-06,GLD,235.42,0.0032387283729651273
2024-08-07,GLD,232.03,-0.014399796109081597
2024-08-08,GLD,232.61,0.0024996767659355434
2024-08-09,GLD,234.85,0.009629852542882844
2024-08-12,GLD,235.4,0.0023419203747072626
2024-08-13,GLD,237.64,0.009515717926932732
2024-08-14,GLD,239.77,0.008963137518936293
2024-08-15,GLD,241.07,0.005421862618342432
2024-08-16,GLD,242.66,0.00659559464056092
2024-08-19,GLD,241.21,-0.005975438885683637
2024-08-20,GLD,238.53,-0.011110650470544381
2024-08-21,GLD,235.94,-0.010858172976145553
2024-08-22,GLD,233.65,-0.009705857421378306
2024-08-23,GLD,233.82,0.0007275839931522032
2024-08-26,GLD,236.12,0.00983662646480199
2024-08-27,GLD,239.22,0.013128917499576565
2024-08-28,GLD,236.8,-0.010116211019145505
2024-08-29,GLD,235.22,-0.006672297297297347
2024-08-30,GLD,232.52,-0.011478615763965583
2024-09-02,GLD,230.98,-0.006623086186134608
2024-09-03,GLD,228.91,-0.008961814875746765
2024-09-04,GLD,229.58,0.002926914507885181
2024-09-05,GLD,229.13,-0.0019601010540988284
2024-09-06,GLD,229.93,0.0034914677257451565
2024-09-09,GLD,233.35,0.014874092114991466
2024-09-10,GLD,232.34,-0.004328262266980909
2024-09-11,GLD,234.34,0.008608074373762653
2024-09-12,GLD,233.17,-0.004992745583340508
2024-09-13,GLD,230.4,-0.011879744392503278
2024-09-16,GLD,229.46,-0.004079861111111138
2024-09-17,GLD,229.4,-0.0002614834829599566
2024-09-18,GLD,227.53,-0.008151700087184022
2024-09-19,GLD,228.81,0.0056256317848195625
2024-09-20,GLD,230.15,0.00585638739565586
2024-09-23,GLD,229.55,-0.0026069954377579974
2024-09-24,GLD,227.45,-0.009148333696362587
2024-09-25,GLD,228.4,0.004176742141130063
2024-09-26,GLD,227.4,-0.004378283712784592
2024-09-27,GLD,227.11,-0.0012752858399296407
2024-09-30,GLD,231.79,0.0206067544361761
2024-10-01,GLD,232.85,0.004573104965701624
2024-10-02,GLD,232.68,-0.0007300837449001341
2024-10-03,GLD,231.03,-0.007091284167096479
2024-10-04,GLD,232.26,0.005323983898195106
2024-10-07,GLD,231.0,-0.005424954792043413
2024-10-08,GLD,230.48,-0.0022510822510822814
2024-10-09,GLD,232.26,0.007723012842763
2024-10-10,GLD,229.5,-0.011883234306380719
2024-10-11,GLD,233.86,0.018997821350762667
2024-10-14,GLD,236.39,0.010818438381937856
2024-10-15,GLD,237.5,0.004695630102796278
2024-10-16,GLD,236.29,-0.005094736842105263
2024-10-17,GLD,237.74,0.006136527148842497
2024-10-18,GLD,240.14,0.010095061832253727
2024-10-21,GLD,243.77,0.015116182227034258
2024-10-22,GLD,243.61,-0.0006563564015260592
2024-10-23,GLD,238.34,-0.021632937892533177
2024-10-24,GLD,237.54,-0.003356549467147807
2024-10-25,GLD,235.74,-0.007577671129072927
2024-10-28,GLD,237.25,0.006405361839314505
2024-10-29,GLD,241.22,0.016733403582718687
2024-10-30,GLD,239.23,-0.008249730536439848
2024-10-31,GLD,237.61,-0.006771725954102692
2024-11-01,GLD,236.08,-0.006439122932536567
2024-11-04,GLD,237.98,0.00804811928159932
2024-11-05,GLD,234.08,-0.01638793175897124
2024-11-06,GLD,234.96,0.003759398496240518
2024-11-07,GLD,235.4,0.001872659176029856
2024-11-08,GLD,238.45,0.012956669498725537
2024-11-11,GLD,238.36,-0.0003774376179491723
2024-11-12,GLD,235.21,-0.013215304581305598
2024-11-13,GLD,235.8,0.0025083967518388928
2024-11-14,GLD,231.92,-0.016454622561492882
2024-11-15,GLD,232.55,0.0027164539496378204
2024-11-18,GLD,231.98,-0.0024510857880026826
2024-11-19,GLD,231.35,-0.0027157513578756065
2024-11-20,GLD,228.22,-0.013529284633671868
2024-11-21,GLD,229.12,0.003943563228463898
2024-11-22,GLD,227.68,-0.006284916201117263
2024-11-25,GLD,228.01,0.0014494026704146012
2024-11-26,GLD,228.54,0.002324459453532768
2024-11-27,GLD,227.03,-0.006607158484291498
2024-11-28,GLD,231.62,0.020217592388671157
2024-11-29,GLD,232.49,0.0037561523184526102
2024-12-02,GLD,232.39,-0.0004301260269259366
2024-12-03,GLD,232.79,0.0017212444597443088
2024-12-04,GLD,230.94,-0.007947076764465821
2024-12-05,GLD,233.1,0.009353078721745955
2024-12-06,GLD,237.03,0.016859716859716878
2024-12-09,GLD,237.66,0.002657891406151025
2024-12-10,GLD,243.19,0.023268534881763836
2024-12-11,GLD,244.05,0.0035363296188166693
2024-12-12,GLD,245.73,0.006883835279655637
2024-12-13,GLD,247.75,0.008220404509013957
2024-12-16,GLD,248.42,0.002704339051463167
2024-12-17,GLD,250.78,0.009500040254407871
2024-12-18,GLD,251.6,0.0032697982295237793
2024-12-19,GLD,252.58,0.003895071542130424
2024-12-20,GLD,254.72,0.008472563148309353
2024-12-23,GLD,260.83,0.023987123115577935
2024-12-24,GLD,263.17,0.00897136065636639
2024-12-25,GLD,263.51,0.001291940570733674
2024-12-26,GLD,259.22,-0.016280217069560843
2024-12-27,GLD,260.21,0.0038191497569630695
2024-12-30,GLD,260.76,0.0021136774143961645
2024-12-31,GLD,262.33,0.006020862095413415
2025-01-01,GLD,265.39,0.011664697137193647
2025-01-02,GLD,265.06,-0.0012434530313877312
2025-01-03,GLD,265.18,0.0004527276842978267
2025-01-06,GLD,265.01,-0.0006410739874802562
2025-01-07,GLD,262.38,-0.009924153805516811
2025-01-08,GLD,261.32,-0.004039942068755242
2025-01-09,GLD,258.13,-0.012207255472218015
2025-01-10,GLD,259.17,0.004028977646922227
2025-01-13,GLD,261.48,0.00891306864220387
2025-01-14,GLD,260.77,-0.0027153128346337763
2025-01-15,GLD,258.01,-0.010584039575104454
2025-01-16,GLD,258.37,0.0013952947560171847
2025-01-17,GLD,257.25,-0.004334868599295549
2025-01-20,GLD,255.93,-0.00513119533527695
2025-01-21,GLD,255.32,-0.0023834642284999985
2025-01-22,GLD,254.13,-0.004660817797274008
2025-01-23,GLD,258.2,0.01601542517609089
2025-01-24,GLD,259.78,0.006119287374128479
2025-01-27,GLD,262.2,0.009315574717068342
2025-01-28,GLD,260.31,-0.007208237986270016
2025-01-29,GLD,258.06,-0.008643540394145388
2025-01-30,GLD,257.72,-0.0013175230566534468
2025-01-31,GLD,258.08,0.0013968648145272766
2025-02-03,GLD,260.83,0.010655610663360182
2025-02-04,GLD,258.79,-0.007821186213242237
2025-02-05,GLD,256.67,-0.008191970323428333
2025-02-06,GLD,255.91,-0.002961000506486955
2025-02-07,GLD,254.05,-0.0072681802196084
2025-02-10,GLD,255.96,0.007518205077740481
2025-02-11,GLD,256.59,0.0024613220815750125
2025-02-12,GLD,258.14,0.006040765423438232
2025-02-13,GLD,255.93,-0.008561245835593034
2025-02-14,GLD,252.24,-0.014418004923221206
2025-02-17,GLD,248.15,-0.016214716143355568
2025-02-18,GLD,246.64,-0.006085029216199911
2025-02-19,GLD,243.6,-0.012325656827765097
2025-02-20,GLD,242.02,-0.006486042692939176
2025-02-21,GLD,240.74,-0.005288819105858988
2025-02-24,GLD,239.05,-0.007020021600066428
2025-02-25,GLD,239.01,-0.00016732901066729422
2025-02-26,GLD,237.91,-0.004602317894648711
2025-02-27,GLD,242.09,0.017569669202639693
2025-02-28,GLD,241.38,-0.002932793589161098
2025-03-03,GLD,240.32,-0.004391416024525641
2025-03-04,GLD,243.17,0.011859187749666988
2025-03-05,GLD,238.21,-0.020397252950610567
2025-03-06,GLD,238.01,-0.0008395953150581725
2025-03-07,GLD,232.78,-0.0219738666442586
2025-03-10,GLD,233.31,0.0022768279061775587
2025-03-11,GLD,234.38,0.0045861729030045595
2025-03-12,GLD,232.02,-0.010069118525471432
2025-03-13,GLD,232.24,0.0009481941211963996
2025-03-14,GLD,232.7,0.0019807096107473665
2025-03-17,GLD,230.31,-0.010270734851740349
2025-03-18,GLD,234.11,0.016499500673005985
2025-03-19,GLD,232.03,-0.008884712314723875
2025-03-20,GLD,231.87,-0.0006895660043959584
2025-03-21,GLD,229.42,-0.010566265579850853
2025-03-24,GLD,229.15,-0.0011768808299188471
2025-03-25,GLD,230.04,0.0038839188304602423
2025-03-26,GLD,231.47,0.0062163102069205944
2025-03-27,GLD,232.11,0.0027649371408822176
2025-03-28,GLD,231.89,-0.0009478264615916387
2025-03-31,GLD,231.34,-0.0023718142222605154
2025-04-01,GLD,229.94,-0.0060516987983055825
2025-04-02,GLD,232.03,0.009089327650691592
2025-04-03,GLD,232.12,0.0003878808774726572
2025-04-04,GLD,233.39,0.005471307944166837
2025-04-07,GLD,230.91,-0.010625990830798182
2025-04-08,GLD,231.62,0.0030747910441297766
2025-04-09,GLD,229.88,-0.0075123046369053315
2025-04-10,GLD,227.01,-0.012484774665042608
2025-04-11,GLD,230.17,0.01392009162591945
2025-04-14,GLD,228.21,-0.008515445105791275
2025-04-15,GLD,230.59,0.010428990841768515
2025-04-16,GLD,230.52,-0.0003035691053384637
2025-04-17,GLD,232.12,0.006940829429116668
2025-04-18,GLD,232.02,-0.0004308116491469338
2025-04-21,GLD,229.71,-0.00995603827256275
2025-04-22,GLD,229.49,-0.0009577293108702367
2025-04-23,GLD,231.23,0.007582029718070427
2025-04-24,GLD,233.05,0.007870951001167859
2025-04-25,GLD,239.12,0.02604591289422875
2025-04-28,GLD,240.33,0.005060220809635307
2025-04-29,GLD,241.45,0.004660258810801787
2025-04-30,GLD,246.06,0.0190929799130255
2025-05-01,GLD,243.36,-0.010972933430870468
2025-05-02,GLD,246.57,0.013190335305719891
2025-05-05,GLD,247.14,0.0023117167538628802
2025-05-06,GLD,245.21,-0.007809338836286983
2025-05-07,GLD,248.74,0.01439582398760253
2025-05-08,GLD,253.1,0.01752834284795357
2025-05-09,GLD,253.11,3.951007506919346e-05
2025-05-12,GLD,254.99,0.0074276006479396806
2025-05-13,GLD,254.69,-0.0011765167261461595
2025-05-14,GLD,256.92,0.008755742274922484
2025-05-15,GLD,256.06,-0.003347345477191399
2025-05-16,GLD,255.09,-0.0037881746465672217
2025-05-19,GLD,255.1,3.920185032724177e-05
2025-05-20,GLD,256.87,0.006938455507644159
2025-05-21,GLD,256.51,-0.0014014871335695789
2025-05-22,GLD,256.47,-0.00015593933959678896
2025-05-23,GLD,252.48,-0.015557375131594497
2025-05-26,GLD,253.66,0.004673637515842932
2025-05-27,GLD,257.07,0.013443191673894184
2025-05-28,GLD,256.37,-0.0027229937371143764
2025-05-29,GLD,254.22,-0.008386316651714298
2025-05-30,GLD,256.0,0.007001809456376407
2025-06-02,GLD,256.46,0.00179687499999992
2025-06-03,GLD,258.56,0.008188411448179167
2025-06-04,GLD,260.04,0.00572400990099009
2025-06-05,GLD,259.52,-0.0019996923550223977
2025-06-06,GLD,259.2,-0.0012330456226880004
2025-06-09,GLD,262.69,0.013464506172839563
2025-06-10,GLD,264.73,0.0077658076059234915
2025-06-11,GLD,266.47,0.006572734484191489
2025-06-12,GLD,270.42,0.014823432281307447
2025-06-13,GLD,271.32,0.003328156201464205
2025-06-16,GLD,271.2,-0.0004422821760283746
2025-06-17,GLD,272.07,0.0032079646017699748
2025-06-18,GLD,270.29,-0.006542433932443803
2025-06-19,GLD,272.56,0.008398386917754852
2025-06-20,GLD,270.31,-0.008255063105371274
2025-06-23,GLD,270.64,0.0012208205393806626
2025-06-24,GLD,269.63,-0.0037318947679574332
2025-06-25,GLD,270.38,0.0027815895857286055
2025-06-26,GLD,272.85,0.00913529107182498
2025-06-27,GLD,273.11,0.000952904526296372
2025-06-30,GLD,272.76,-0.0012815349126725772
2025-07-01,GLD,272.8,0.0001466490687784816
2025-07-02,GLD,273.01,0.0007697947214075906
2025-07-03,GLD,270.13,-0.010549064136844755
2025-07-04,GLD,276.89,0.025024987968755852
2025-07-07,GLD,275.9,-0.003575427064899439
2025-07-08,GLD,275.45,-0.0016310257339615664
2025-07-09,GLD,274.45,-0.0036304229442729596
2025-07-10,GLD,274.49,0.0001457460375295927
2025-07-11,GLD,275.69,0.004371743961528507
2025-07-14,GLD,276.84,0.004171351880735585
2025-07-15,GLD,282.75,0.021348071087993192
2025-07-16,GLD,283.76,0.003572060123784304
2025-07-17,GLD,282.28,-0.005215675218494531
2025-07-18,GLD,280.68,-0.005668130933824456
2025-07-21,GLD,281.65,0.0034558928316943405
2025-07-22,GLD,279.99,-0.0058938398721817276
2025-07-23,GLD,281.25,0.004500160720025681
2025-07-24,GLD,280.54,-0.0025244444444443292
2025-07-25,GLD,279.49,-0.003742781777999582
2025-07-28,GLD,279.7,0.0007513685641704626
2025-07-29,GLD,276.02,-0.013156953879156275
2025-07-30,GLD,276.18,0.0005796681399898862
2025-07-31,GLD,275.34,-0.0030414946773844598
2025-08-01,GLD,276.32,0.0035592358538534263
2025-08-04,GLD,274.29,-0.007346554719166121
2025-08-05,GLD,277.08,0.010171716066936343
2025-08-06,GLD,276.82,-0.0009383571531687007
2025-08-07,GLD,271.27,-0.020049129398164944
2025-08-08,GLD,274.77,0.012902274486673804
2025-08-11,GLD,279.5,0.017214397496087663
2025-08-12,GLD,277.44,-0.007370304114490134
2025-08-13,GLD,279.61,0.007821510957324085
2025-08-14,GLD,280.19,0.002074317799792613
2025-08-15,GLD,273.29,-0.024626146543416882
2025-08-18,GLD,273.75,0.0016831936770462796
2025-08-19,GLD,273.93,0.0006575342465753309
2025-08-20,GLD,269.6,-0.015806957981966185
2025-08-21,GLD,273.91,0.015986646884273092
2025-08-22,GLD,270.26,-0.013325544887006768
2025-08-25,GLD,271.2,0.0034781321690224853
2025-08-26,GLD,270.83,-0.0013643067846608181
2025-08-27,GLD,270.71,-0.0004430823763984515
2025-08-28,GLD,270.17,-0.001994754534372478
2025-08-29,GLD,269.12,-0.00388644186993381
2025-09-01,GLD,272.25,0.011630499405469674
2025-09-02,GLD,273.36,0.004077134986225861
2025-09-03,GLD,272.12,-0.004536142815335098
2025-09-04,GLD,274.67,0.009370865794502414
2025-09-05,GLD,270.9,-0.013725561582990653
2025-09-08,GLD,274.51,0.013325950535252984
2025-09-09,GLD,271.9,-0.009507850351535563
2025-09-10,GLD,268.0,-0.014343508642883362
2025-09-11,GLD,268.33,0.001231343283581987
2025-09-12,GLD,267.55,-0.0029068684083031204
2025-09-15,GLD,267.19,-0.0013455428891796517
2025-09-16,GLD,267.65,0.0017216213181630025
2025-09-17,GLD,271.67,0.015019615169064249
2025-09-18,GLD,269.64,-0.007472300953362598
2025-09-19,GLD,267.0,-0.009790832220738732
2025-09-22,GLD,266.47,-0.0019850187265916253
2025-09-23,GLD,267.97,0.0056291514992306
2025-09-24,GLD,266.85,-0.0041795723401873985
2025-09-25,GLD,264.17,-0.01004309537193182
2025-09-26,GLD,261.81,-0.008933641215883803
2025-09-29,GLD,262.25,0.0016806080745579433
2025-09-30,GLD,260.81,-0.005490943755958044
2025-10-01,GLD,260.45,-0.0013803151719643525
2025-10-02,GLD,261.01,0.0021501247840276516
2025-10-03,GLD,259.66,-0.005172215623922338
2025-10-06,GLD,257.34,-0.00893476084110012
2025-10-07,GLD,260.5,0.01227947462500989
2025-10-08,GLD,261.12,0.0023800383877159437
2025-10-09,GLD,264.61,0.013365502450980449
2025-10-10,GLD,271.04,0.024299913079626645
2025-10-13,GLD,271.08,0.00014757969303413887
2025-10-14,GLD,273.9,0.010402833111996523
2025-10-15,GLD,272.27,-0.0059510770354144205
2025-10-16,GLD,273.92,0.006060160869725051
2025-10-17,GLD,273.89,-0.00010952102803751806
2025-10-20,GLD,268.46,-0.01982547738143048
2025-10-21,GLD,264.05,-0.016427028235118657
2025-10-22,GLD,266.9,0.01079341033895087
2025-10-23,GLD,269.36,0.00921693518171618
2025-10-24,GLD,268.49,-0.0032298782298781914
2025-10-27,GLD,259.16,-0.03474989757532865
2025-10-28,GLD,257.95,-0.004668930390492543
2025-10-29,GLD,257.41,-0.002093428959100474
2025-10-30,GLD,258.78,0.005322248552892095
2025-10-31,GLD,261.86,0.011902001700286213
2025-11-03,GLD,261.11,-0.002864125868784817
2025-11-04,GLD,264.7,0.013748994676572979
2025-11-05,GLD,264.29,-0.0015489233094067023
2025-11-06,GLD,264.0,-0.0010972795035757432
2025-11-07,GLD,263.11,-0.0033712121212120527
2025-11-10,GLD,258.45,-0.017711223442666624
2025-11-11,GLD,259.79,0.005184755271812946
2025-11-12,GLD,259.97,0.0006928673159090071
2025-11-13,GLD,258.38,-0.006116090318113776
2025-11-14,GLD,258.44,0.0002322161157983782
2025-11-17,GLD,259.93,0.0057653613991641706
2025-11-18,GLD,261.53,0.0061555034047626744
2025-11-19,GLD,260.69,-0.0032118686192788015
2025-11-20,GLD,262.24,0.005945759331006162
2025-11-21,GLD,262.75,0.0019447834045149825
2025-11-24,GLD,263.65,0.0034253092293052845
2025-11-25,GLD,261.15,-0.009482268158543472
2025-11-26,GLD,260.82,-0.0012636415852957938
2025-11-27,GLD,256.96,-0.01479947856759456
2025-11-28,GLD,257.43,0.0018290784557908335
2025-12-01,GLD,254.66,-0.010760206658120719
2025-12-02,GLD,249.82,-0.019005733134375258
2025-12-03,GLD,248.53,-0.00516371787687131
2025-12-04,GLD,246.85,-0.006759747314207587
2025-12-05,GLD,247.75,0.003645938829248463
2025-12-08,GLD,246.09,-0.0067003027245207125
2025-12-09,GLD,241.11,-0.02023649884188705
2025-12-10,GLD,240.83,-0.001161295674173668
2025-12-11,GLD,242.86,0.008429182410829128
2025-12-12,GLD,247.75,0.020135057234620612
2025-12-15,GLD,249.0,0.005045408678102881
2025-12-16,GLD,251.55,0.010240963855421725
2025-12-17,GLD,250.84,-0.0028225004969191225
2025-12-18,GLD,250.71,-0.0005182586509328013
2025-12-19,GLD,249.82,-0.003549918232220506
2025-12-22,GLD,249.75,-0.0002802017452565586
2025-12-23,GLD,249.83,0.0003203203203203664
2025-12-24,GLD,249.15,-0.0027218508585838963
2025-12-25,GLD,249.36,0.0008428657435279874
2025-12-26,GLD,251.73,0.009504331087584195
2025-12-29,GLD,250.6,-0.004488936559011614
2025-12-30,GLD,253.32,0.01085395051875504
2025-12-31,GLD,256.63,0.013066477183009573
2026-01-01,GLD,257.45,0.0031952616607566764
2026-01-02,GLD,259.53,0.008079238687123569
2026-01-05,GLD,267.5,0.030709359226293698
2026-01-06,GLD,270.22,0.010168224299065498
2026-01-07,GLD,267.43,-0.010324920435201057
2026-01-08,GLD,266.58,-0.0031784018247766888
2026-01-09,GLD,266.07,-0.0019131217645734777
2026-01-12,GLD,262.76,-0.012440335250122114
2026-01-13,GLD,260.76,-0.0076115086010046795
2026-01-14,GLD,262.32,0.005982512655315242
2026-01-15,GLD,260.92,-0.005336992985666256
2026-01-16,GLD,262.42,0.005748888548213982
2026-01-19,GLD,261.58,-0.00320097553540144
2026-01-20,GLD,258.62,-0.011315849835614289
2026-01-21,GLD,257.65,-0.0037506766684711756
2026-01-22,GLD,254.36,-0.012769260624878598
2026-01-23,GLD,253.47,-0.0034989778267023874
2026-01-26,GLD,252.86,-0.002406596441393405
2026-01-27,GLD,251.96,-0.0035592818160247175
2026-01-28,GLD,252.98,0.0040482616288299855
2026-01-29,GLD,250.52,-0.009724088860779467
2026-01-30,GLD,247.92,-0.010378412901165701
2026-02-02,GLD,247.12,-0.0032268473701193567
2026-02-03,GLD,249.23,0.00853836192942703
2026-02-04,GLD,250.76,0.006138907836135354
2026-02-05,GLD,248.69,-0.008254905088530884
2026-02-06,GLD,251.7,0.012103421930917957
2026-02-09,GLD,252.29,0.0023440603893523093
2026-02-10,GLD,252.54,0.0009909231440008437
2026-02-11,GLD,249.19,-0.013265225310841844
2026-02-12,GLD,249.81,0.0024880613186724077
2026-02-13,GLD,247.4,-0.009647331972298945
2026-02-16,GLD,244.97,-0.009822150363783422
2026-02-17,GLD,241.49,-0.014205821120953588
2026-02-18,GLD,240.19,-0.005383245683051152
2026-02-19,GLD,237.33,-0.01190724010158617
2026-02-20,GLD,235.19,-0.009016980575569988
2026-02-23,GLD,234.36,-0.003529061609762296
2026-02-24,GLD,231.73,-0.011222051544632294
2026-02-25,GLD,234.87,0.01355025244897079
2026-02-26,GLD,236.93,0.008770809383914502
2026-02-27,GLD,239.32,0.010087367576921302
2026-03-02,GLD,240.08,0.0031756643824170094
2026-03-03,GLD,240.73,0.0027074308563810323
2026-03-04,GLD,242.49,0.007311095418103264
2026-03-05,GLD,243.97,0.006103344467813132
2026-03-06,GLD,245.91,0.007951797352133472
2026-03-09,GLD,242.58,-0.013541539587653917
2026-03-10,GLD,241.91,-0.0027619754307858235
2026-03-11,GLD,238.92,-0.012359968583357528
2026-03-12,GLD,236.34,-0.010798593671521806
2026-03-13,GLD,235.48,-0.0036388254210036886
2026-03-16,GLD,235.4,-0.0003397316120263838
2026-03-17,GLD,234.66,-0.0031435853865761088
2026-03-18,GLD,234.92,0.0011079860223301985
2026-03-19,GLD,238.41,0.014856121232760033
2026-03-20,GLD,238.61,0.0008388909861163363
2026-03-23,GLD,243.42,0.020158417501362047
2026-03-24,GLD,244.06,0.0026292005587051914
2026-03-25,GLD,239.95,-0.016840121281652132
2026-03-26,GLD,240.29,0.0014169618670556439
2026-03-27,GLD,240.52,0.0009571767447669188
2026-03-30,GLD,241.72,0.004989190088142248
2026-03-31,GLD,240.5,-0.005047162005626382
2026-04-01,GLD,239.03,-0.006112266112266118
2026-04-02,GLD,236.14,-0.012090532569133616
2026-04-03,GLD,235.58,-0.002371474548996222
2026-04-06,GLD,236.62,0.004414636216996337
2026-04-07,GLD,236.51,-0.0004648803989519834
2026-04-08,GLD,235.39,-0.004735529153101381
2026-04-09,GLD,233.78,-0.006839712817026999
2026-04-10,GLD,232.61,-0.005004705278466859
2026-04-13,GLD,235.21,0.011177507415846222
2026-04-14,GLD,232.48,-0.01160664937715239
2026-04-15,GLD,232.57,0.0003871300757054552
2026-04-16,GLD,230.63,-0.00834157457969642
2026-04-17,GLD,230.47,-0.0006937518969778456
2026-04-20,GLD,231.23,0.0032976092333059093
2026-04-21,GLD,231.46,0.000994680621026811
2026-04-22,GLD,232.21,0.0032403006999048856
2026-04-23,GLD,232.99,0.0033590284656130898
2026-04-24,GLD,231.39,-0.006867247521352926
2026-04-27,GLD,230.05,-0.005791088638229747
2026-04-28,GLD,231.07,0.004433818735057438
2026-04-29,GLD,230.19,-0.003808369758081964
2026-04-30,GLD,232.16,0.008558147617185874
2026-05-01,GLD,230.14,-0.008700895933838826
2026-05-04,GLD,229.94,-0.0008690362388110717
2026-05-05,GLD,228.63,-0.00569713838392627
2026-05-06,GLD,229.33,0.003061715435419776
2026-05-07,GLD,227.86,-0.006409976889198976
2026-05-08,GLD,227.49,-0.0016238040902308848
2026-05-11,GLD,229.86,0.010418040353422198
2026-05-12,GLD,232.33,0.010745671278169278
2026-05-13,GLD,229.48,-0.012267033960315143
2026-05-14,GLD,226.42,-0.013334495380861067
2026-05-15,GLD,225.08,-0.005918205105555963
2026-05-18,GLD,226.57,0.006619868491203107
2026-05-19,GLD,227.77,0.005296376395816038
2026-05-20,GLD,228.69,0.004039162312859501
2026-05-21,GLD,228.43,-0.0011369102278192544
2026-05-22,GLD,226.84,-0.00696055684454755
2026-05-25,GLD,225.99,-0.0037471345441720816
2026-05-26,GLD,227.15,0.005132970485419719
2026-05-27,GLD,227.42,0.0011886418666078313
2026-05-28,GLD,228.74,0.00580423885322312
2026-05-29,GLD,230.63,0.008262656290985326
2026-06-01,GLD,226.6,-0.017473875905129388
2026-06-02,GLD,226.78,0.000794351279788108
2026-06-03,GLD,226.6,-0.0007937207866655083
2026-06-04,GLD,226.51,-0.000397175639894054
2026-06-05,GLD,227.05,0.0023840007063706814
2026-06-08,GLD,223.79,-0.014358070909491372
2026-06-09,GLD,224.64,0.0037982036730863644
2026-06-10,GLD,225.3,0.0029380341880342886
2026-06-11,GLD,225.7,0.001775410563692681
2026-06-12,GLD,224.26,-0.006380150642445681
2026-06-15,GLD,224.12,-0.0006242753946311685
2026-06-16,GLD,221.53,-0.011556309120114294
2026-06-17,GLD,219.93,-0.007222498081523976
2026-06-18,GLD,222.84,0.013231482744509693
2026-06-19,GLD,222.97,0.0005833782085802319
2026-06-22,GLD,223.09,0.000538188994035016
2026-06-23,GLD,221.25,-0.008247792370792095
2026-06-24,GLD,221.93,0.003073446327683582
2026-06-25,GLD,222.01,0.00036047402334071776
2026-06-26,GLD,224.51,0.011260754020089081
2026-06-29,GLD,230.83,0.028150193755289488
2026-06-30,GLD,229.93,-0.0038989732703721414
2026-07-01,GLD,231.33,0.006088809637715853
2026-07-02,GLD,231.84,0.0022046427181947603
2026-07-03,GLD,231.1,-0.0031918564527260163
2021-09-06,IWM,182.06,
2021-09-07,IWM,184.66,0.014281006261671836
2021-09-08,IWM,183.11,-0.00839380483049923
2021-09-09,IWM,181.91,-0.006553437824258768
2021-09-10,IWM,178.84,-0.016876477378923616
2021-09-13,IWM,178.84,0.0
2021-09-14,IWM,178.03,-0.004529188101095927
2021-09-15,IWM,178.92,0.004999157445374269
2021-09-16,IWM,183.11,0.02341828750279462
2021-09-17,IWM,181.25,-0.010157828627600951
2021-09-20,IWM,179.25,-0.011034482758620734
2021-09-21,IWM,179.73,0.0026778242677822917
2021-09-22,IWM,178.37,-0.007566905914427102
2021-09-23,IWM,179.17,0.004485059146717374
2021-09-24,IWM,178.07,-0.006139420661941175
2021-09-27,IWM,176.85,-0.006851238277082006
2021-09-28,IWM,180.87,0.022731128074639617
2021-09-29,IWM,181.38,0.0028197047603251146
2021-09-30,IWM,181.48,0.0005513287021721158
2021-10-01,IWM,184.93,0.01901035926823913
2021-10-04,IWM,188.31,0.018277185962255915
2021-10-05,IWM,187.86,-0.002389676597100432
2021-10-06,IWM,188.52,0.003513254551261502
2021-10-07,IWM,189.64,0.0059410142159981305
2021-10-08,IWM,194.46,0.02541657878084802
2021-10-11,IWM,192.4,-0.010593438239226538
2021-10-12,IWM,189.87,-0.013149688149688199
2021-10-13,IWM,191.92,0.010796861010164749
2021-10-14,IWM,193.4,0.007711546477699116
2021-10-15,IWM,192.29,-0.005739400206825285
2021-10-18,IWM,194.63,0.012169119558999464
2021-10-19,IWM,194.92,0.0014900066793401834
2021-10-20,IWM,190.82,-0.021034270469936334
2021-10-21,IWM,191.8,0.005135730007336914
2021-10-22,IWM,192.41,0.0031803962460896784
2021-10-25,IWM,190.95,-0.007587963203575687
2021-10-26,IWM,189.55,-0.007331762241424289
2021-10-27,IWM,192.66,0.01640728040094963
2021-10-28,IWM,192.26,-0.002076196408180242
2021-10-29,IWM,197.69,0.02824300426505788
2021-11-01,IWM,192.5,-0.026253224745814152
2021-11-02,IWM,195.67,0.016467532467532298
2021-11-03,IWM,196.7,0.005263964838759128
2021-11-04,IWM,201.37,0.02374173868835805
2021-11-05,IWM,200.24,-0.005611560808462035
2021-11-08,IWM,204.38,0.020675189772273228
2021-11-09,IWM,198.24,-0.03004207848126028
2021-11-10,IWM,199.96,0.008676351896690804
2021-11-11,IWM,194.98,-0.02490498099619931
2021-11-12,IWM,197.67,0.013796286798646085
2021-11-15,IWM,198.75,0.005463651540446257
2021-11-16,IWM,200.53,0.008955974842767223
2021-11-17,IWM,201.06,0.0026429960604399394
2021-11-18,IWM,199.42,-0.008156769123644714
2021-11-19,IWM,200.37,0.00476381506368484
2021-11-22,IWM,199.61,-0.0037929829814842275
2021-11-23,IWM,197.95,-0.008316216622413886
2021-11-24,IWM,198.26,0.0015660520333418138
2021-11-25,IWM,193.49,-0.02405931604963174
2021-11-26,IWM,190.23,-0.01684841593880826
2021-11-29,IWM,191.17,0.00494138674236444
2021-11-30,IWM,188.29,-0.015065125281163327
2021-12-01,IWM,184.96,-0.017685485155876535
2021-12-02,IWM,183.34,-0.00875865051903113
2021-12-03,IWM,184.92,0.008617868441147536
2021-12-06,IWM,187.09,0.011734804239671215
2021-12-07,IWM,187.9,0.004329467101395146
2021-12-08,IWM,187.98,0.00042575838211811323
2021-12-09,IWM,185.85,-0.011330992658793448
2021-12-10,IWM,186.94,0.005864944847995712
2021-12-13,IWM,188.1,0.006205199529260685
2021-12-14,IWM,181.44,-0.03540669856459333
2021-12-15,IWM,181.34,-0.0005511463844797282
2021-12-16,IWM,180.28,-0.005845373331862858
2021-12-17,IWM,181.35,0.0059352118926114805
2021-12-20,IWM,182.47,0.006175902950096512
2021-12-21,IWM,180.67,-0.009864635282512246
2021-12-22,IWM,177.92,-0.015221121381524316
2021-12-23,IWM,177.63,-0.0016299460431654644
2021-12-24,IWM,178.13,0.0028148398356133697
2021-12-27,IWM,180.5,0.013304889687307142
2021-12-28,IWM,181.74,0.006869806094182973
2021-12-29,IWM,182.54,0.004401892813909791
2021-12-30,IWM,179.44,-0.01698257916073187
2021-12-31,IWM,177.06,-0.013263486402139923
2022-01-03,IWM,178.2,0.006438495425279411
2022-01-04,IWM,178.83,0.0035353535353537247
2022-01-05,IWM,177.76,-0.005983336129284922
2022-01-06,IWM,178.55,0.0044441944194419936
2022-01-07,IWM,176.57,-0.01108933071968643
2022-01-10,IWM,172.58,-0.022597270204451347
2022-01-11,IWM,172.65,0.0004056089929307394
2022-01-12,IWM,175.49,0.0164494642339994
2022-01-13,IWM,176.02,0.0030201151062738685
2022-01-14,IWM,178.56,0.014430178388819437
2022-01-17,IWM,179.23,0.0037522401433691677
2022-01-18,IWM,178.15,-0.006025776934664884
2022-01-19,IWM,179.99,0.01032837496491723
2022-01-20,IWM,179.04,-0.005278071003944729
2022-01-21,IWM,177.91,-0.006311438784629142
2022-01-24,IWM,181.46,0.01995390927997298
2022-01-25,IWM,179.84,-0.008927587347073773
2022-01-26,IWM,181.55,0.009508451957295438
2022-01-27,IWM,179.04,-0.0138253924538696
2022-01-28,IWM,180.01,0.005417783735478077
2022-01-31,IWM,180.85,0.004666407421809904
2022-02-01,IWM,181.3,0.002488249930882036
2022-02-02,IWM,185.13,0.021125206839492483
2022-02-03,IWM,183.38,-0.009452816939447994
2022-02-04,IWM,187.52,0.022576071545424847
2022-02-07,IWM,184.33,-0.017011518771331002
2022-02-08,IWM,182.78,-0.008408831986111975
2022-02-09,IWM,182.11,-0.0036656089287667726
2022-02-10,IWM,178.21,-0.02141562791719298
2022-02-11,IWM,179.42,0.006789742438695789
2022-02-14,IWM,176.85,-0.014323932671942874
2022-02-15,IWM,172.94,-0.022109132032796186
2022-02-16,IWM,173.59,0.003758528969584951
2022-02-17,IWM,174.57,0.005645486491157259
2022-02-18,IWM,170.89,-0.021080368906455926
2022-02-21,IWM,169.85,-0.006085786178243291
2022-02-22,IWM,169.6,-0.0014718869590815142
2022-02-23,IWM,168.97,-0.0037146226415094574
2022-02-24,IWM,169.57,0.003550926199917148
2022-02-25,IWM,170.57,0.005897269564191676
2022-02-28,IWM,166.96,-0.021164331359559085
2022-03-01,IWM,169.17,0.01323670340201244
2022-03-02,IWM,170.28,0.0065614470650825485
2022-03-03,IWM,171.15,0.005109231853417828
2022-03-04,IWM,175.0,0.02249488752556239
2022-03-07,IWM,176.6,0.00914285714285712
2022-03-08,IWM,174.95,-0.009343148357870978
2022-03-09,IWM,175.47,0.002972277793655387
2022-03-10,IWM,175.08,-0.002222602154214326
2022-03-11,IWM,176.8,0.0098240804203793
2022-03-14,IWM,175.13,-0.00944570135746614
2022-03-15,IWM,176.08,0.00542454176897178
2022-03-16,IWM,172.72,-0.019082235347569365
2022-03-17,IWM,169.94,-0.01609541454377028
2022-03-18,IWM,164.98,-0.029186771801812506
2022-03-21,IWM,167.6,0.015880712813674425
2022-03-22,IWM,169.56,0.011694510739856945
2022-03-23,IWM,168.11,-0.008551545175748965
2022-03-24,IWM,163.98,-0.024567247635476908
2022-03-25,IWM,161.82,-0.013172338090010949
2022-03-28,IWM,160.08,-0.01075268817204289
2022-03-29,IWM,159.42,-0.004122938530734754
2022-03-30,IWM,162.02,0.016309120562037593
2022-03-31,IWM,166.17,0.02561412171336852
2022-04-01,IWM,167.98,0.010892459529397547
2022-04-04,IWM,171.74,0.022383617097273545
2022-04-05,IWM,172.38,0.0037265634098053724
2022-04-06,IWM,171.16,-0.007077387167884863
2022-04-07,IWM,170.07,-0.006368310352886208
2022-04-08,IWM,169.9,-0.000999588404774432
2022-04-11,IWM,171.61,0.01006474396703938
2022-04-12,IWM,170.69,-0.005360992949128951
2022-04-13,IWM,169.38,-0.007674731970238491
2022-04-14,IWM,172.17,0.016471838469713118
2022-04-15,IWM,170.89,-0.007434512400534388
2022-04-18,IWM,170.24,-0.003803616361401918
2022-04-19,IWM,170.56,0.001879699248120259
2022-04-20,IWM,175.68,0.030018761726078758
2022-04-21,IWM,175.81,0.0007399817850637369
2022-04-22,IWM,177.92,0.01200159262840561
2022-04-25,IWM,177.86,-0.00033723021582721113
2022-04-26,IWM,177.44,-0.0023614078488699564
2022-04-27,IWM,180.04,0.014652840396753852
2022-04-28,IWM,178.41,-0.00905354365696509
2022-04-29,IWM,177.9,-0.0028585841600806683
2022-05-02,IWM,181.27,0.018943226531759505
2022-05-03,IWM,181.79,0.0028686489766645007
2022-05-04,IWM,183.66,0.010286594422135531
2022-05-05,IWM,184.87,0.00658826091691167
2022-05-06,IWM,187.42,0.013793476496997803
2022-05-09,IWM,194.25,0.03644221534521397
2022-05-10,IWM,196.39,0.01101673101673084
2022-05-11,IWM,198.21,0.009267274301135497
2022-05-12,IWM,193.15,-0.025528479895060796
2022-05-13,IWM,193.45,0.001553196997152284
2022-05-16,IWM,197.58,0.021349185836133433
2022-05-17,IWM,194.74,-0.014373924486284051
2022-05-18,IWM,190.79,-0.02028345486289418
2022-05-19,IWM,190.65,-0.0007337910791969104
2022-05-20,IWM,189.63,-0.005350118017309224
2022-05-23,IWM,193.03,0.017929652481147418
2022-05-24,IWM,194.2,0.006061234005076965
2022-05-25,IWM,192.43,-0.009114315139031826
2022-05-26,IWM,191.69,-0.0038455542275113164
2022-05-27,IWM,194.15,0.012833220303615223
2022-05-30,IWM,191.49,-0.013700746845222711
2022-05-31,IWM,191.64,0.0007833307222309127
2022-06-01,IWM,192.36,0.0037570444583596707
2022-06-02,IWM,197.25,0.025421085464753412
2022-06-03,IWM,194.31,-0.014904942965779489
2022-06-06,IWM,194.4,0.0004631773969430153
2022-06-07,IWM,195.19,0.00406378600823043
2022-06-08,IWM,195.4,0.0010758747886674414
2022-06-09,IWM,191.7,-0.01893551688843409
2022-06-10,IWM,188.6,-0.01617110067814287
2022-06-13,IWM,186.44,-0.011452810180275663
2022-06-14,IWM,184.28,-0.011585496674533347
2022-06-15,IWM,185.57,0.007000217060994185
2022-06-16,IWM,186.61,0.005604354152072055
2022-06-17,IWM,186.21,-0.0021435078505975813
2022-06-20,IWM,181.99,-0.022662585253208745
2022-06-21,IWM,182.43,0.0024177152590800777
2022-06-22,IWM,182.3,-0.0007126020939538513
2022-06-23,IWM,179.87,-0.013329676357652254
2022-06-24,IWM,176.45,-0.01901373213987889
2022-06-27,IWM,174.68,-0.010031170303201886
2022-06-28,IWM,174.82,0.0008014655369819046
2022-06-29,IWM,177.88,0.017503718110056132
2022-06-30,IWM,178.87,0.0055655498088600375
2022-07-01,IWM,175.66,-0.017945994297534518
2022-07-04,IWM,176.85,0.006774450643288077
2022-07-05,IWM,175.0,-0.010460842521911151
2022-07-06,IWM,174.58,-0.0023999999999999577
2022-07-07,IWM,179.1,0.025890709130484524
2022-07-08,IWM,177.77,-0.007426018983807792
2022-07-11,IWM,178.86,0.006131518253923662
2022-07-12,IWM,179.41,0.0030750307503073504
2022-07-13,IWM,183.97,0.025416643442394582
2022-07-14,IWM,184.27,0.0016307006577160887
2022-07-15,IWM,185.71,0.00781461985130516
2022-07-18,IWM,188.13,0.013031069947768037
2022-07-19,IWM,186.86,-0.006750651145484454
2022-07-20,IWM,183.49,-0.0180348924328374
2022-07-21,IWM,184.48,0.005395389394517336
2022-07-22,IWM,190.51,0.03268647007805714
2022-07-25,IWM,195.13,0.024250695501548458
2022-07-26,IWM,194.69,-0.002254906985086902
2022-07-27,IWM,193.71,-0.005033643227695284
2022-07-28,IWM,189.72,-0.020597800836301694
2022-07-29,IWM,191.23,0.007959097617541655
2022-08-01,IWM,189.93,-0.006798096532970699
2022-08-02,IWM,187.29,-0.013899857842363028
2022-08-03,IWM,187.55,0.0013882214747185095
2022-08-04,IWM,187.69,0.0007464676086377242
2022-08-05,IWM,186.72,-0.00516809632905324
2022-08-08,IWM,186.89,0.0009104541559554757
2022-08-09,IWM,187.02,0.0006955963400931964
2022-08-10,IWM,191.7,0.025024061597689995
2022-08-11,IWM,192.25,0.002869066249348018
2022-08-12,IWM,186.92,-0.02772431729518865
2022-08-15,IWM,184.3,-0.014016691632783962
2022-08-16,IWM,179.22,-0.027563754747694014
2022-08-17,IWM,176.15,-0.017129784622251898
2022-08-18,IWM,171.87,-0.02429747374396818
2022-08-19,IWM,170.24,-0.009483912259265703
2022-08-22,IWM,171.76,0.008928571428571397
2022-08-23,IWM,172.19,0.0025034932463903203
2022-08-24,IWM,174.45,0.01312503629711359
2022-08-25,IWM,175.16,0.004069934078532622
2022-08-26,IWM,171.13,-0.0230075359671158
2022-08-29,IWM,169.3,-0.01069362472973756
2022-08-30,IWM,167.98,-0.007796810395747311
2022-08-31,IWM,168.32,0.0020240504822002237
2022-09-01,IWM,168.17,-0.000891159695817545
2022-09-02,IWM,169.4,0.007314027472200779
2022-09-05,IWM,168.92,-0.0028335301062575313
2022-09-06,IWM,165.52,-0.02012787118162429
2022-09-07,IWM,161.47,-0.024468342194296833
2022-09-08,IWM,160.1,-0.008484548213290477
2022-09-09,IWM,160.91,0.005059337913803974
2022-09-12,IWM,163.12,0.013734385681436923
2022-09-13,IWM,160.94,-0.013364394310936722
2022-09-14,IWM,165.48,0.02820927053560318
2022-09-15,IWM,167.05,0.00948755136572399
2022-09-16,IWM,169.87,0.016881173301406704
2022-09-19,IWM,169.35,-0.003061164419850493
2022-09-20,IWM,165.52,-0.02261588426335981
2022-09-21,IWM,166.26,0.00447075882068626
2022-09-22,IWM,164.91,-0.008119812342114674
2022-09-23,IWM,164.54,-0.002243648050451741
2022-09-26,IWM,162.22,-0.01409991491430651
2022-09-27,IWM,162.54,0.001972629762051481
2022-09-28,IWM,163.21,0.00412206226159717
2022-09-29,IWM,160.28,-0.01795233135224561
2022-09-30,IWM,160.75,0.0029323683553781343
2022-10-03,IWM,163.65,0.018040435458786863
2022-10-04,IWM,166.53,0.017598533455545295
2022-10-05,IWM,163.33,-0.019215756920674898
2022-10-06,IWM,165.53,0.013469662646176328
2022-10-07,IWM,166.72,0.007189029179000661
2022-10-10,IWM,167.27,0.003298944337811971
2022-10-11,IWM,167.35,0.00047826866742384233
2022-10-12,IWM,165.51,-0.010994920824619059
2022-10-13,IWM,163.81,-0.010271282701951434
2022-10-14,IWM,163.02,-0.004822660399242951
2022-10-17,IWM,160.62,-0.014722119985277948
2022-10-18,IWM,160.61,-6.225874735399373e-05
2022-10-19,IWM,158.06,-0.015876969055476087
2022-10-20,IWM,154.68,-0.021384284448943358
2022-10-21,IWM,156.3,0.010473235065942665
2022-10-24,IWM,156.26,-0.0002559181062061766
2022-10-25,IWM,156.12,-0.0008959426596697462
2022-10-26,IWM,154.38,-0.01114527286702538
2022-10-27,IWM,149.61,-0.030897784687135554
2022-10-28,IWM,146.89,-0.018180602900875753
2022-10-31,IWM,149.58,0.018313023350806867
2022-11-01,IWM,147.26,-0.015510094932477791
2022-11-02,IWM,149.25,0.013513513513513598
2022-11-03,IWM,148.25,-0.00670016750418756
2022-11-04,IWM,148.45,0.0013490725126474867
2022-11-07,IWM,150.2,0.011788480970023496
2022-11-08,IWM,149.65,-0.003661784287616432
2022-11-09,IWM,146.79,-0.019111259605746778
2022-11-10,IWM,146.16,-0.0042918454935622075
2022-11-11,IWM,146.93,0.005268199233716464
2022-11-14,IWM,145.32,-0.010957598856598527
2022-11-15,IWM,145.68,0.0024772914946327163
2022-11-16,IWM,148.73,0.02093629873695768
2022-11-17,IWM,149.36,0.004235863645532412
2022-11-18,IWM,148.31,-0.007029994643813708
2022-11-21,IWM,147.77,-0.003641022183264675
2022-11-22,IWM,148.83,0.007173309873452105
2022-11-23,IWM,149.83,0.006719075455217327
2022-11-24,IWM,148.4,-0.009544150036708277
2022-11-25,IWM,147.0,-0.009433962264150941
2022-11-28,IWM,148.1,0.007482993197278853
2022-11-29,IWM,149.07,0.006549628629304527
2022-11-30,IWM,150.51,0.00965989132622247
2022-12-01,IWM,151.45,0.006245432197196088
2022-12-02,IWM,152.31,0.005678441729944028
2022-12-05,IWM,152.88,0.0037423675398857714
2022-12-06,IWM,149.5,-0.022108843537414935
2022-12-07,IWM,152.29,0.018662207357859506
2022-12-08,IWM,149.69,-0.01707269026200009
2022-12-09,IWM,148.33,-0.009085443249381986
2022-12-12,IWM,147.4,-0.0062698038158161
2022-12-13,IWM,147.88,0.0032564450474896756
2022-12-14,IWM,145.89,-0.013456856911008952
2022-12-15,IWM,146.75,0.005894852285968977
2022-12-16,IWM,147.87,0.007632027257240326
2022-12-19,IWM,148.7,0.005613038479745702
2022-12-20,IWM,151.05,0.01580363147276409
2022-12-21,IWM,149.19,-0.012313803376365562
2022-12-22,IWM,146.09,-0.020778872578591012
2022-12-23,IWM,147.6,0.010336094188513778
2022-12-26,IWM,146.23,-0.009281842818428254
2022-12-27,IWM,144.18,-0.014019011146823357
2022-12-28,IWM,141.79,-0.016576501595228277
2022-12-29,IWM,144.06,0.01600959164962279
2022-12-30,IWM,144.72,0.004581424406497225
2023-01-02,IWM,145.02,0.0020729684908791235
2023-01-03,IWM,143.68,-0.009240104813129202
2023-01-04,IWM,141.53,-0.014963808463251738
2023-01-05,IWM,142.61,0.007630890977178062
2023-01-06,IWM,143.78,0.008204193254329972
2023-01-09,IWM,143.64,-0.0009737098344694273
2023-01-10,IWM,140.86,-0.01935394040657179
2023-01-11,IWM,138.45,-0.017109186426239043
2023-01-12,IWM,140.93,0.017912603828097007
2023-01-13,IWM,138.37,-0.018165046476974367
2023-01-16,IWM,138.03,-0.002457180024571848
2023-01-17,IWM,136.79,-0.00898355429978992
2023-01-18,IWM,135.53,-0.009211199649097113
2023-01-19,IWM,138.42,0.021323692171474784
2023-01-20,IWM,135.29,-0.022612339257332748
2023-01-23,IWM,133.0,-0.01692660211397734
2023-01-24,IWM,135.73,0.020526315789473504
2023-01-25,IWM,133.62,-0.01554556840786847
2023-01-26,IWM,136.25,0.01968268223319858
2023-01-27,IWM,137.32,0.007853211009174244
2023-01-30,IWM,137.31,-7.282260413621344e-05
2023-01-31,IWM,137.05,-0.0018935255990094602
2023-02-01,IWM,138.0,0.00693177672382328
2023-02-02,IWM,139.35,0.009782608695652062
2023-02-03,IWM,139.72,0.002655184786508835
2023-02-06,IWM,139.14,-0.004151159461780796
2023-02-07,IWM,137.79,-0.009702457956015431
2023-02-08,IWM,137.6,-0.0013789099354089007
2023-02-09,IWM,137.65,0.00036337209302339524
2023-02-10,IWM,139.47,0.013221939702143137
2023-02-13,IWM,139.15,-0.0022944002294399413
2023-02-14,IWM,139.2,0.0003593244699962028
2023-02-15,IWM,138.43,-0.005531609195402187
2023-02-16,IWM,137.71,-0.005201184714295981
2023-02-17,IWM,136.05,-0.01205431704306148
2023-02-20,IWM,133.51,-0.01866960676221996
2023-02-21,IWM,131.83,-0.01258332709160348
2023-02-22,IWM,132.06,0.0017446711674125037
2023-02-23,IWM,133.44,0.010449795547478491
2023-02-24,IWM,133.49,0.0003747002398082344
2023-02-27,IWM,133.14,-0.0026219192448874162
2023-02-28,IWM,130.43,-0.02035451404536559
2023-03-01,IWM,128.2,-0.01709729356743095
2023-03-02,IWM,125.89,-0.01801872074882982
2023-03-03,IWM,126.02,0.0010326475494479848
2023-03-06,IWM,124.54,-0.011744167592445565
2023-03-07,IWM,126.18,0.01316845993255189
2023-03-08,IWM,124.86,-0.010461245839277322
2023-03-09,IWM,126.39,0.012253724171071623
2023-03-10,IWM,124.71,-0.0132921908378828
2023-03-13,IWM,124.29,-0.0033678133269183785
2023-03-14,IWM,125.11,0.006597473650333807
2023-03-15,IWM,127.78,0.021341219726640492
2023-03-16,IWM,126.91,-0.0068085772421349056
2023-03-17,IWM,126.41,-0.00393979985816717
2023-03-20,IWM,128.5,0.01653350209635307
2023-03-21,IWM,129.15,0.005058365758754846
2023-03-22,IWM,123.84,-0.041114982578397186
2023-03-23,IWM,127.33,0.02818152454780365
2023-03-24,IWM,129.58,0.017670619649729158
2023-03-27,IWM,126.86,-0.02099089365642859
2023-03-28,IWM,125.65,-0.00953807346681379
2023-03-29,IWM,128.63,0.02371667329884586
2023-03-30,IWM,130.18,0.012050066081007671
2023-03-31,IWM,127.27,-0.022353664157320763
2023-04-03,IWM,127.77,0.0039286556140489814
2023-04-04,IWM,127.08,-0.005400328715660985
2023-04-05,IWM,125.57,-0.01188227887944604
2023-04-06,IWM,125.08,-0.003902205940909398
2023-04-07,IWM,125.13,0.00039974416373511623
2023-04-10,IWM,121.72,-0.027251658275393553
2023-04-11,IWM,123.41,0.013884324679592552
2023-04-12,IWM,123.92,0.0041325662426059395
2023-04-13,IWM,127.65,0.030100064557779138
2023-04-14,IWM,128.38,0.005718762240501274
2023-04-17,IWM,128.01,-0.0028820688580776244
2023-04-18,IWM,127.46,-0.004296539332864557
2023-04-19,IWM,131.7,0.03326533814530053
2023-04-20,IWM,132.67,0.007365223993925474
2023-04-21,IWM,135.17,0.01884374764453156
2023-04-24,IWM,133.71,-0.010801213286971811
2023-04-25,IWM,132.52,-0.008899857901428443
2023-04-26,IWM,132.19,-0.00249019015997598
2023-04-27,IWM,131.96,-0.0017399198123911885
2023-04-28,IWM,128.47,-0.02644740830554715
2023-05-01,IWM,131.13,0.020705223009262808
2023-05-02,IWM,130.4,-0.005566994585525786
2023-05-03,IWM,129.31,-0.008358895705521507
2023-05-04,IWM,129.43,0.000928002474673395
2023-05-05,IWM,129.62,0.0014679749671637765
2023-05-08,IWM,131.17,0.011958031168029404
2023-05-09,IWM,129.04,-0.01623846916215599
2023-05-10,IWM,127.36,-0.013019218846869185
2023-05-11,IWM,131.45,0.0321136934673365
2023-05-12,IWM,132.14,0.005249144161278085
2023-05-15,IWM,130.25,-0.014303011957015221
2023-05-16,IWM,131.85,0.012284069097888706
2023-05-17,IWM,133.99,0.016230565036025935
2023-05-18,IWM,132.51,-0.011045600417941781
2023-05-19,IWM,133.78,0.009584182325862223
2023-05-22,IWM,135.75,0.014725669008820441
2023-05-23,IWM,137.28,0.011270718232044175
2023-05-24,IWM,137.73,0.003277972027971865
2023-05-25,IWM,137.36,-0.002686415450518953
2023-05-26,IWM,137.01,-0.0025480489225394587
2023-05-29,IWM,136.05,-0.007006787825705962
2023-05-30,IWM,136.55,0.003675119441381769
2023-05-31,IWM,136.97,0.0030757964115708525
2023-06-01,IWM,135.27,-0.012411476965758839
2023-06-02,IWM,136.05,0.005766245287203375
2023-06-05,IWM,135.81,-0.0017640573318633557
2023-06-06,IWM,132.42,-0.024961343052794405
2023-06-07,IWM,132.51,0.0006796556411419186
2023-06-08,IWM,131.84,-0.005056222171911484
2023-06-09,IWM,128.32,-0.02669902912621369
2023-06-12,IWM,127.02,-0.010130922693266764
2023-06-13,IWM,130.22,0.02519288301054945
2023-06-14,IWM,128.61,-0.012363692213177568
2023-06-15,IWM,128.26,-0.0027214058004823016
2023-06-16,IWM,128.46,0.001559332605644892
2023-06-19,IWM,126.46,-0.015569048731122637
2023-06-20,IWM,125.54,-0.0072750276767356015
2023-06-21,IWM,124.87,-0.005336944400191168
2023-06-22,IWM,124.15,-0.005765996636501902
2023-06-23,IWM,125.41,0.010149013290374542
2023-06-26,IWM,124.31,-0.008771230364404747
2023-06-27,IWM,122.85,-0.011744831469712835
2023-06-28,IWM,123.34,0.0039886039886041225
2023-06-29,IWM,119.57,-0.030565915355926787
2023-06-30,IWM,122.49,0.024420841348164357
2023-07-03,IWM,121.16,-0.01085802922687562
2023-07-04,IWM,121.41,0.0020633872565203326
2023-07-05,IWM,123.03,0.013343217197924417
2023-07-06,IWM,123.03,0.0
2023-07-07,IWM,121.47,-0.012679834186783756
2023-07-10,IWM,120.9,-0.004692516670782854
2023-07-11,IWM,121.38,0.003970223325062028
2023-07-12,IWM,122.18,0.0065908716427749425
2023-07-13,IWM,122.06,-0.0009821574725814575
2023-07-14,IWM,123.27,0.009913157463542488
2023-07-17,IWM,126.4,0.025391417214245315
2023-07-18,IWM,127.13,0.005775316455696178
2023-07-19,IWM,129.92,0.021946039487139135
2023-07-20,IWM,128.97,-0.007312192118226535
2023-07-21,IWM,127.17,-0.013956734124214942
2023-07-24,IWM,128.03,0.006762601242431332
2023-07-25,IWM,126.98,-0.008201202843083677
2023-07-26,IWM,127.09,0.0008662781540400566
2023-07-27,IWM,123.37,-0.02927059564088441
2023-07-28,IWM,123.85,0.003890735186836247
2023-07-31,IWM,124.32,0.0037949132014534204
2023-08-01,IWM,125.52,0.009652509652509744
2023-08-02,IWM,126.3,0.006214149139579295
2023-08-03,IWM,124.9,-0.011084718923198622
2023-08-04,IWM,124.1,-0.006405124099279513
2023-08-07,IWM,121.66,-0.019661563255439107
2023-08-08,IWM,125.66,0.03287851389117202
2023-08-09,IWM,125.72,0.00047747891134819476
2023-08-10,IWM,125.18,-0.004295259306395072
2023-08-11,IWM,130.73,0.044336155935452704
2023-08-14,IWM,133.03,0.017593513348122203
2023-08-15,IWM,136.49,0.026009170863714903
2023-08-16,IWM,136.11,-0.002784086746281722
2023-08-17,IWM,138.74,0.019322606715156843
2023-08-18,IWM,132.34,-0.046129450771226765
2023-08-21,IWM,130.75,-0.012014508085235076
2023-08-22,IWM,123.42,-0.05606118546845118
2023-08-23,IWM,125.68,0.01831145681413071
2023-08-24,IWM,129.3,0.028803309993634674
2023-08-25,IWM,131.37,0.016009280742459442
2023-08-28,IWM,129.48,-0.014386846311943424
2023-08-29,IWM,131.22,0.013438368860055672
2023-08-30,IWM,130.15,-0.008154244779759123
2023-08-31,IWM,131.37,0.009373799462158994
2023-09-01,IWM,130.66,-0.005404582476973507
2023-09-04,IWM,131.59,0.007117710087249485
2023-09-05,IWM,131.63,0.0003039744661448296
2023-09-06,IWM,131.15,-0.003646585124971402
2023-09-07,IWM,131.52,0.0028211971025544624
2023-09-08,IWM,128.85,-0.020301094890511018
2023-09-11,IWM,129.23,0.002949165696546352
2023-09-12,IWM,128.66,-0.004410740540122249
2023-09-13,IWM,128.38,-0.0021762785636562088
2023-09-14,IWM,127.35,-0.00802305655086466
2023-09-15,IWM,129.85,0.019630938358853545
2023-09-18,IWM,133.12,0.02518290335001927
2023-09-19,IWM,132.61,-0.0038311298076922906
2023-09-20,IWM,135.75,0.023678455621747974
2023-09-21,IWM,137.35,0.011786372007366541
2023-09-22,IWM,139.41,0.0149981798325447
2023-09-25,IWM,139.36,-0.0003586543289576527
2023-09-26,IWM,139.24,-0.000861079219288241
2023-09-27,IWM,137.7,-0.011060040218328182
2023-09-28,IWM,136.5,-0.008714596949890963
2023-09-29,IWM,139.12,0.01919413919413926
2023-10-02,IWM,138.84,-0.002012650948821193
2023-10-03,IWM,136.16,-0.01930279458369355
2023-10-04,IWM,134.56,-0.011750881316098694
2023-10-05,IWM,136.02,0.010850178359096407
2023-10-06,IWM,144.5,0.062343772974562395
2023-10-09,IWM,146.28,0.012318339100346076
2023-10-10,IWM,144.66,-0.011074651353568554
2023-10-11,IWM,140.33,-0.02993225494262397
2023-10-12,IWM,141.24,0.006484714601296959
2023-10-13,IWM,142.56,0.009345794392523255
2023-10-16,IWM,142.54,-0.00014029180695851462
2023-10-17,IWM,146.82,0.030026659183387094
2023-10-18,IWM,145.7,-0.007628388502928796
2023-10-19,IWM,141.46,-0.02910089224433754
2023-10-20,IWM,137.55,-0.027640322352608493
2023-10-23,IWM,140.33,0.02021083242457289
2023-10-24,IWM,139.3,-0.007339841801467961
2023-10-25,IWM,139.85,0.003948312993538927
2023-10-26,IWM,139.61,-0.0017161244190202485
2023-10-27,IWM,138.35,-0.009025141465511255
2023-10-30,IWM,137.43,-0.006649801228767571
2023-10-31,IWM,139.33,0.013825220112057002
2023-11-01,IWM,138.5,-0.0059570803129261884
2023-11-02,IWM,137.57,-0.00671480144404335
2023-11-03,IWM,138.6,0.007487097477647753
2023-11-06,IWM,138.63,0.00021645021645011475
2023-11-07,IWM,134.75,-0.027988169948784503
2023-11-08,IWM,138.44,0.027384044526901574
2023-11-09,IWM,137.86,-0.0041895405952036
2023-11-10,IWM,138.1,0.001740896561729155
2023-11-13,IWM,137.16,-0.006806661839246941
2023-11-14,IWM,138.72,0.01137357830271224
2023-11-15,IWM,138.86,0.0010092272202999464
2023-11-16,IWM,138.61,-0.0018003744778913866
2023-11-17,IWM,139.38,0.005555154750739311
2023-11-20,IWM,139.92,0.0038743004735255493
2023-11-21,IWM,138.04,-0.013436249285305846
2023-11-22,IWM,137.43,-0.004419008982903372
2023-11-23,IWM,134.76,-0.019428072473259284
2023-11-24,IWM,135.49,0.005417037696646032
2023-11-27,IWM,137.39,0.014023175142076738
2023-11-28,IWM,135.94,-0.010553897663585277
2023-11-29,IWM,133.84,-0.015447991761071034
2023-11-30,IWM,132.74,-0.008218768679019717
2023-12-01,IWM,133.04,0.0022600572547837317
2023-12-04,IWM,132.68,-0.002705953096812874
2023-12-05,IWM,130.44,-0.01688272535423585
2023-12-06,IWM,129.05,-0.010656240417049934
2023-12-07,IWM,129.61,0.004339403332041858
2023-12-08,IWM,128.64,-0.0074839904328372064
2023-12-11,IWM,128.67,0.00023320895522394025
2023-12-12,IWM,130.55,0.01461102043988527
2023-12-13,IWM,131.75,0.009191880505553307
2023-12-14,IWM,133.26,0.011461100569259974
2023-12-15,IWM,134.17,0.006828755815698528
2023-12-18,IWM,134.58,0.0030558247000076477
2023-12-19,IWM,135.67,0.008099271808589492
2023-12-20,IWM,137.48,0.013341195548020934
2023-12-21,IWM,138.2,0.005237125400058273
2023-12-22,IWM,138.44,0.0017366136034733248
2023-12-25,IWM,138.0,-0.0031782721756717924
2023-12-26,IWM,138.04,0.00028985507246370723
2023-12-27,IWM,143.93,0.04266879165459292
2023-12-28,IWM,149.32,0.03744875981379825
2023-12-29,IWM,149.61,0.0019421376908654864
2024-01-01,IWM,151.75,0.014303856694071193
2024-01-02,IWM,150.75,-0.00658978583196046
2024-01-03,IWM,150.27,-0.003184079601989964
2024-01-04,IWM,146.0,-0.028415518732947453
2024-01-05,IWM,146.94,0.006438356164383485
2024-01-08,IWM,146.51,-0.002926364502518042
2024-01-09,IWM,145.98,-0.003617500511910454
2024-01-10,IWM,146.44,0.0031511165913138406
2024-01-11,IWM,146.97,0.003619229718656136
2024-01-12,IWM,145.93,-0.0070762740695379245
2024-01-15,IWM,146.01,0.0005482080449530358
2024-01-16,IWM,144.23,-0.012190945825628408
2024-01-17,IWM,141.56,-0.018512098731193194
2024-01-18,IWM,143.39,0.012927380615993078
2024-01-19,IWM,147.21,0.02664063044842746
2024-01-22,IWM,148.73,0.01032538550370199
2024-01-23,IWM,146.68,-0.013783365830699834
2024-01-24,IWM,149.92,0.022088901008999073
2024-01-25,IWM,152.16,0.014941302027748238
2024-01-26,IWM,152.87,0.004666140904311389
2024-01-29,IWM,153.5,0.004121148688428056
2024-01-30,IWM,153.16,-0.0022149837133550454
2024-01-31,IWM,153.97,0.005288587098459141
2024-02-01,IWM,152.92,-0.006819510294213238
2024-02-02,IWM,156.19,0.02138373005493066
2024-02-05,IWM,156.9,0.00454574556629761
2024-02-06,IWM,158.24,0.008540471637985991
2024-02-07,IWM,158.86,0.003918099089989857
2024-02-08,IWM,158.02,-0.00528767468211
2024-02-09,IWM,155.22,-0.017719276041007537
2024-02-12,IWM,156.47,0.008053085942533178
2024-02-13,IWM,156.85,0.0024285805585735343
2024-02-14,IWM,166.77,0.0632451386675168
2024-02-15,IWM,175.94,0.054985908736583156
2024-02-16,IWM,171.11,-0.02745254063885405
2024-02-19,IWM,170.05,-0.00619484542107418
2024-02-20,IWM,170.71,0.0038812114084092464
2024-02-21,IWM,176.82,0.03579169351531819
2024-02-22,IWM,175.18,-0.009274968894921298
2024-02-23,IWM,172.04,-0.017924420595958557
2024-02-26,IWM,171.34,-0.00406882120437102
2024-02-27,IWM,169.97,-0.00799579782887827
2024-02-28,IWM,165.92,-0.023827734306054116
2024-02-29,IWM,162.92,-0.01808100289296044
2024-03-01,IWM,169.63,0.04118585808986008
2024-03-04,IWM,169.15,-0.0028296881447856803
2024-03-05,IWM,170.09,0.0055571977534731865
2024-03-06,IWM,169.4,-0.004056675877476601
2024-03-07,IWM,167.65,-0.010330578512396715
2024-03-08,IWM,165.14,-0.014971667163734104
2024-03-11,IWM,166.32,0.0071454523434661965
2024-03-12,IWM,163.0,-0.019961519961519958
2024-03-13,IWM,162.02,-0.006012269938650228
2024-03-14,IWM,159.07,-0.018207628687816446
2024-03-15,IWM,159.28,0.0013201735085182076
2024-03-18,IWM,157.1,-0.013686589653440495
2024-03-19,IWM,164.61,0.047803946530872166
2024-03-20,IWM,160.36,-0.025818601543041164
2024-03-21,IWM,167.91,0.04708156647543027
2024-03-22,IWM,177.86,0.05925793579894001
2024-03-25,IWM,188.13,0.05774204430450913
2024-03-26,IWM,177.12,-0.058523361505341986
2024-03-27,IWM,177.81,0.00389566395663965
2024-03-28,IWM,179.14,0.007479894269163623
2024-03-29,IWM,180.51,0.007647649882773333
2024-04-01,IWM,176.82,-0.020442080771148397
2024-04-02,IWM,180.04,0.01821060965954069
2024-04-03,IWM,180.16,0.0006665185514329597
2024-04-04,IWM,176.05,-0.02281305506216691
2024-04-05,IWM,175.4,-0.0036921329167850514
2024-04-08,IWM,171.61,-0.021607753705815247
2024-04-09,IWM,170.47,-0.006642969523920628
2024-04-10,IWM,178.95,0.049744823136035565
2024-04-11,IWM,180.78,0.010226320201173644
2024-04-12,IWM,171.3,-0.05243942914039157
2024-04-15,IWM,178.18,0.04016345592527726
2024-04-16,IWM,173.23,-0.02778089572342579
2024-04-17,IWM,174.02,0.004560411014258525
2024-04-18,IWM,171.49,-0.014538558786346356
2024-04-19,IWM,172.02,0.003090559216280875
2024-04-22,IWM,173.38,0.007906057435181912
2024-04-23,IWM,172.01,-0.007901718768024035
2024-04-24,IWM,168.75,-0.018952386489157536
2024-04-25,IWM,167.42,-0.0078814814814816
2024-04-26,IWM,166.4,-0.006092462071436988
2024-04-29,IWM,166.71,0.0018629807692307487
2024-04-30,IWM,167.35,0.0038390018595164666
2024-05-01,IWM,165.75,-0.009560800717060003
2024-05-02,IWM,166.82,0.006455505279034712
2024-05-03,IWM,165.92,-0.0053950365663589794
2024-05-06,IWM,160.96,-0.02989392478302788
2024-05-07,IWM,160.57,-0.0024229622266402906
2024-05-08,IWM,158.79,-0.011085507878183964
2024-05-09,IWM,158.22,-0.003589646703192839
2024-05-10,IWM,161.73,0.022184300341296925
2024-05-13,IWM,162.86,0.006986953564583009
2024-05-14,IWM,160.96,-0.011666461991894916
2024-05-15,IWM,161.83,0.005405069582504973
2024-05-16,IWM,163.43,0.009886918371130093
2024-05-17,IWM,162.93,-0.003059413816312806
2024-05-20,IWM,162.22,-0.004357699625606171
2024-05-21,IWM,162.18,-0.00024657872025635186
2024-05-22,IWM,159.06,-0.01923788383277847
2024-05-23,IWM,157.22,-0.011567961775430624
2024-05-24,IWM,154.39,-0.018000254420557305
2024-05-27,IWM,152.15,-0.01450871170412582
2024-05-28,IWM,151.72,-0.0028261583963195003
2024-05-29,IWM,150.24,-0.009754811494858906
2024-05-30,IWM,150.27,0.00019968051118213204
2024-05-31,IWM,150.89,0.004125906701270887
2024-06-03,IWM,154.28,0.022466697594274
2024-06-04,IWM,158.37,0.026510241120041522
2024-06-05,IWM,157.72,-0.004104312685483391
2024-06-06,IWM,157.45,-0.0017118944965762717
2024-06-07,IWM,154.73,-0.017275325500158756
2024-06-10,IWM,159.51,0.030892522458475957
2024-06-11,IWM,157.35,-0.013541470754184659
2024-06-12,IWM,155.8,-0.009850651414045064
2024-06-13,IWM,158.47,0.017137355584082137
2024-06-14,IWM,155.13,-0.021076544456363977
2024-06-17,IWM,160.56,0.035002900792883374
2024-06-18,IWM,162.46,0.011833582461385106
2024-06-19,IWM,155.35,-0.04376461898313444
2024-06-20,IWM,160.05,0.030254264563888134
2024-06-21,IWM,158.17,-0.011746329272102618
2024-06-24,IWM,156.16,-0.012707845988493283
2024-06-25,IWM,157.97,0.011590676229508157
2024-06-26,IWM,155.18,-0.017661581312907515
2024-06-27,IWM,154.43,-0.004833097048588697
2024-06-28,IWM,155.67,0.008029527941461945
2024-07-01,IWM,153.98,-0.010856298580330215
2024-07-02,IWM,149.0,-0.032341862579555736
2024-07-03,IWM,150.57,0.010536912751677896
2024-07-04,IWM,150.97,0.0026565716942286155
2024-07-05,IWM,148.91,-0.01364509505199707
2024-07-08,IWM,149.35,0.0029548049157208656
2024-07-09,IWM,149.46,0.0007365249414128527
2024-07-10,IWM,147.4,-0.0137829519603907
2024-07-11,IWM,149.32,0.013025780189959146
2024-07-12,IWM,148.97,-0.002343959282078756
2024-07-15,IWM,149.27,0.0020138282875747926
2024-07-16,IWM,148.36,-0.006096335499430561
2024-07-17,IWM,148.56,0.001348072256672772
2024-07-18,IWM,151.37,0.018914916532041026
2024-07-19,IWM,158.4,0.04644249190724725
2024-07-22,IWM,157.38,-0.006439393939393967
2024-07-23,IWM,156.27,-0.007052992756385712
2024-07-24,IWM,158.78,0.016061944071158907
2024-07-25,IWM,156.03,-0.017319561657639482
2024-07-26,IWM,154.54,-0.009549445619432273
2024-07-29,IWM,152.81,-0.011194512747508711
2024-07-30,IWM,155.58,0.018127085923696162
2024-07-31,IWM,155.69,0.0007070317521531422
2024-08-01,IWM,154.93,-0.004881495279080217
2024-08-02,IWM,158.67,0.02413993416381577
2024-08-05,IWM,156.5,-0.01367618327346054
2024-08-06,IWM,159.0,0.015974440894568787
2024-08-07,IWM,158.68,-0.0020125786163521786
2024-08-08,IWM,157.45,-0.007751449458028858
2024-08-09,IWM,157.49,0.0002540489044142724
2024-08-12,IWM,156.23,-0.008000507968760062
2024-08-13,IWM,158.16,0.012353581258401025
2024-08-14,IWM,162.43,0.02699797673242288
2024-08-15,IWM,163.99,0.009604137166779658
2024-08-16,IWM,162.9,-0.006646746752850818
2024-08-19,IWM,160.44,-0.015101289134438312
2024-08-20,IWM,161.08,0.003989030167040664
2024-08-21,IWM,162.63,0.00962254780233418
2024-08-22,IWM,164.18,0.009530836868966386
2024-08-23,IWM,162.42,-0.010719941527591814
2024-08-26,IWM,163.45,0.006341583548824081
2024-08-27,IWM,162.65,-0.004894463138574334
2024-08-28,IWM,164.67,0.012419305256686108
2024-08-29,IWM,161.8,-0.017428796987915107
2024-08-30,IWM,161.03,-0.004758961681087803
2024-09-02,IWM,162.4,0.008507731478606395
2024-09-03,IWM,162.1,-0.001847290640394128
2024-09-04,IWM,164.8,0.016656384947563385
2024-09-05,IWM,165.18,0.0023058252427183845
2024-09-06,IWM,167.47,0.013863663881825916
2024-09-09,IWM,168.69,0.007284886845405181
2024-09-10,IWM,170.64,0.011559665658900986
2024-09-11,IWM,171.48,0.004922644163150469
2024-09-12,IWM,170.55,-0.00542337298810347
2024-09-13,IWM,171.29,0.004338903547346673
2024-09-16,IWM,168.8,-0.014536750540019683
2024-09-17,IWM,169.41,0.0036137440758292616
2024-09-18,IWM,171.77,0.013930700667020846
2024-09-19,IWM,170.42,-0.007859346800954903
2024-09-20,IWM,166.69,-0.021887102452763707
2024-09-23,IWM,165.39,-0.0077989081528586635
2024-09-24,IWM,165.99,0.0036277888626883303
2024-09-25,IWM,168.48,0.015000903668895615
2024-09-26,IWM,167.14,-0.007953466286799604
2024-09-27,IWM,168.12,0.005863348091420528
2024-09-30,IWM,165.32,-0.016654770402093844
2024-10-01,IWM,167.05,0.010464553593031889
2024-10-02,IWM,165.57,-0.008859622867405048
2024-10-03,IWM,164.92,-0.003925831974391558
2024-10-04,IWM,166.31,0.00842832888673306
2024-10-07,IWM,163.56,-0.016535385725452434
2024-10-08,IWM,162.44,-0.00684764000978233
2024-10-09,IWM,160.99,-0.008926372814577643
2024-10-10,IWM,157.89,-0.019255854400894612
2024-10-11,IWM,155.6,-0.014503768446386678
2024-10-14,IWM,160.15,0.029241645244215908
2024-10-15,IWM,161.39,0.007742741180143398
2024-10-16,IWM,160.91,-0.002974161967903788
2024-10-17,IWM,166.55,0.03505064943135916
2024-10-18,IWM,167.12,0.0034223956769738884
2024-10-21,IWM,166.16,-0.005744375299186255
2024-10-22,IWM,163.98,-0.01311988444872414
2024-10-23,IWM,162.95,-0.0062812538114404015
2024-10-24,IWM,163.83,0.005400429579625721
2024-10-25,IWM,161.9,-0.011780504181163387
2024-10-28,IWM,163.09,0.007350216182828939
2024-10-29,IWM,166.94,0.023606597584155953
2024-10-30,IWM,171.06,0.024679525578052086
2024-10-31,IWM,173.87,0.016426984683736823
2024-11-01,IWM,173.02,-0.004888709955713999
2024-11-04,IWM,173.33,0.0017917003814587051
2024-11-05,IWM,171.7,-0.009404027000519344
2024-11-06,IWM,172.92,0.007105416423995425
2024-11-07,IWM,171.15,-0.01023594725884791
2024-11-08,IWM,170.9,-0.0014607069821793717
2024-11-11,IWM,173.18,0.013341135166764273
2024-11-12,IWM,175.2,0.01166416445317009
2024-11-13,IWM,177.17,0.011244292237442943
2024-11-14,IWM,178.26,0.006152283117909274
2024-11-15,IWM,177.67,-0.0033097722427914977
2024-11-18,IWM,183.82,0.0346147351832049
2024-11-19,IWM,183.11,-0.0038624741595038037
2024-11-20,IWM,179.81,-0.01802195401671136
2024-11-21,IWM,178.5,-0.007285467993993655
2024-11-22,IWM,176.2,-0.012885154061624715
2024-11-25,IWM,177.76,0.008853575482406395
2024-11-26,IWM,180.67,0.01637038703870375
2024-11-27,IWM,176.05,-0.025571483920960758
2024-11-28,IWM,175.24,-0.004600965634762866
2024-11-29,IWM,175.37,0.0007418397626113293
2024-12-02,IWM,177.37,0.01140445914352517
2024-12-03,IWM,181.91,0.025596211309691475
2024-12-04,IWM,177.78,-0.022703534714968887
2024-12-05,IWM,177.7,-0.0004499943750704283
2024-12-06,IWM,179.38,0.009454136184580797
2024-12-09,IWM,183.82,0.024751923291336908
2024-12-10,IWM,181.06,-0.01501468828201502
2024-12-11,IWM,179.27,-0.009886225560587603
2024-12-12,IWM,182.03,0.015395771740949415
2024-12-13,IWM,182.29,0.0014283359885731706
2024-12-16,IWM,181.0,-0.0070766361292445845
2024-12-17,IWM,182.74,0.009613259668508345
2024-12-18,IWM,181.1,-0.00897449928860683
2024-12-19,IWM,177.41,-0.020375483158475927
2024-12-20,IWM,181.97,0.025703173440054128
2024-12-23,IWM,182.43,0.0025278892125075725
2024-12-24,IWM,185.01,0.014142410787699289
2024-12-25,IWM,186.5,0.008053618723312228
2024-12-26,IWM,188.61,0.01131367292225205
2024-12-27,IWM,189.77,0.006150257144371896
2024-12-30,IWM,190.83,0.005585709016177498
2024-12-31,IWM,189.52,-0.006864748729235481
2025-01-01,IWM,194.93,0.028545799915576264
2025-01-02,IWM,196.98,0.010516595701020703
2025-01-03,IWM,193.92,-0.015534572037770311
2025-01-06,IWM,194.03,0.0005672442244224474
2025-01-07,IWM,190.36,-0.018914600834922357
2025-01-08,IWM,190.67,0.0016284933809622704
2025-01-09,IWM,189.04,-0.008548801594377653
2025-01-10,IWM,189.65,0.003226830300465666
2025-01-13,IWM,192.33,0.014131294489849733
2025-01-14,IWM,197.63,0.027556803410804243
2025-01-15,IWM,197.36,-0.0013661893437230122
2025-01-16,IWM,198.63,0.0064349412241588855
2025-01-17,IWM,198.46,-0.000855862659215556
2025-01-20,IWM,200.1,0.0082636299506198
2025-01-21,IWM,197.47,-0.013143428285857017
2025-01-22,IWM,195.2,-0.011495417025371046
2025-01-23,IWM,194.18,-0.005225409836065453
2025-01-24,IWM,194.91,0.003759398496240518
2025-01-27,IWM,193.27,-0.008414139859422187
2025-01-28,IWM,194.6,0.006881564650488947
2025-01-29,IWM,197.03,0.01248715313463511
2025-01-30,IWM,200.11,0.01563213723798418
2025-01-31,IWM,193.93,-0.030883014342111825
2025-02-03,IWM,187.74,-0.03191873356365693
2025-02-04,IWM,184.91,-0.015074038563971492
2025-02-05,IWM,183.11,-0.009734465415607518
2025-02-06,IWM,184.02,0.004969690350062894
2025-02-07,IWM,182.04,-0.01075970003260529
2025-02-10,IWM,183.92,0.010327400571302991
2025-02-11,IWM,184.84,0.00500217485863419
2025-02-12,IWM,185.22,0.002055832070980257
2025-02-13,IWM,180.49,-0.025537199006586686
2025-02-14,IWM,187.34,0.03795224112139173
2025-02-17,IWM,188.02,0.003629764065335772
2025-02-18,IWM,189.25,0.006541857249228844
2025-02-19,IWM,189.34,0.0004755614266842567
2025-02-20,IWM,186.34,-0.0158445125171649
2025-02-21,IWM,184.84,-0.008049801438231197
2025-02-24,IWM,180.94,-0.021099329149534718
2025-02-25,IWM,176.03,-0.027136067204598158
2025-02-26,IWM,170.82,-0.029597227745270738
2025-02-27,IWM,169.13,-0.009893455098934578
2025-02-28,IWM,170.72,0.009401052444864888
2025-03-03,IWM,169.31,-0.008259137769446978
2025-03-04,IWM,166.82,-0.014706750930246315
2025-03-05,IWM,161.16,-0.033928785517324034
2025-03-06,IWM,159.76,-0.008687019111442096
2025-03-07,IWM,156.71,-0.019091136705057465
2025-03-10,IWM,155.87,-0.005360219513751541
2025-03-11,IWM,159.6,0.023930198242124723
2025-03-12,IWM,162.04,0.015288220551378462
2025-03-13,IWM,160.51,-0.009442113058504065
2025-03-14,IWM,159.51,-0.0062301414242103
2025-03-17,IWM,157.02,-0.01561030656385165
2025-03-18,IWM,160.48,0.022035409501974135
2025-03-19,IWM,159.25,-0.007664506480558275
2025-03-20,IWM,161.27,0.012684458398744214
2025-03-21,IWM,164.61,0.020710609536801705
2025-03-24,IWM,163.43,-0.007168458781362075
2025-03-25,IWM,164.01,0.0035489200269227528
2025-03-26,IWM,164.78,0.0046948356807512415
2025-03-27,IWM,165.91,0.006857628352955336
2025-03-28,IWM,165.99,0.0004821891386896926
2025-03-31,IWM,168.89,0.01747093198385441
2025-04-01,IWM,169.01,0.0007105216413050286
2025-04-02,IWM,167.72,-0.007632684456540972
2025-04-03,IWM,171.8,0.024326258049129468
2025-04-04,IWM,172.45,0.0037834691501745787
2025-04-07,IWM,173.57,0.006494636126413544
2025-04-08,IWM,176.34,0.01595897908624777
2025-04-09,IWM,173.08,-0.01848701372348871
2025-04-10,IWM,172.22,-0.004968800554656871
2025-04-11,IWM,176.09,0.02247125769364766
2025-04-14,IWM,175.35,-0.004202396501788885
2025-04-15,IWM,172.92,-0.013857998289136031
2025-04-16,IWM,171.84,-0.006245662734212232
2025-04-17,IWM,171.45,-0.002269553072625774
2025-04-18,IWM,170.97,-0.002799650043744495
2025-04-21,IWM,173.38,0.014096040240977992
2025-04-22,IWM,173.34,-0.00023070711731454363
2025-04-23,IWM,174.14,0.004615207107418806
2025-04-24,IWM,174.4,0.0014930515677042955
2025-04-25,IWM,172.78,-0.009288990825688126
2025-04-28,IWM,173.89,0.006424354670679477
2025-04-29,IWM,170.85,-0.01748231640692388
2025-04-30,IWM,163.47,-0.04319578577699734
2025-05-01,IWM,166.19,0.016639138679880094
2025-05-02,IWM,173.39,0.043323906372224386
2025-05-05,IWM,174.51,0.006459426725878181
2025-05-06,IWM,172.54,-0.01128875136095353
2025-05-07,IWM,170.41,-0.012344963486727645
2025-05-08,IWM,172.53,0.012440584472742211
2025-05-09,IWM,169.61,-0.016924592824436258
2025-05-12,IWM,168.91,-0.00412711514651265
2025-05-13,IWM,172.16,0.01924101592564087
2025-05-14,IWM,173.9,0.010106877323420083
2025-05-15,IWM,172.57,-0.007648073605520445
2025-05-16,IWM,171.94,-0.003650692472619732
2025-05-19,IWM,166.59,-0.031115505408863542
2025-05-20,IWM,167.34,0.004502070952638215
2025-05-21,IWM,169.22,0.011234612166845848
2025-05-22,IWM,167.29,-0.011405271244533832
2025-05-23,IWM,167.45,0.0009564229780620881
2025-05-26,IWM,169.72,0.013556285458345751
2025-05-27,IWM,169.32,-0.002356823002592545
2025-05-28,IWM,169.28,-0.00023623907394276777
2025-05-29,IWM,172.77,0.020616729678639034
2025-05-30,IWM,172.84,0.0004051629333796658
2025-06-02,IWM,168.89,-0.022853506132839763
2025-06-03,IWM,168.63,-0.0015394635561607473
2025-06-04,IWM,168.9,0.001601138587439932
2025-06-05,IWM,165.66,-0.019182948490230944
2025-06-06,IWM,167.77,0.01273693106362428
2025-06-09,IWM,172.29,0.02694164630148399
2025-06-10,IWM,170.25,-0.01184050148006266
2025-06-11,IWM,175.07,0.028311306901615207
2025-06-12,IWM,173.9,-0.006683041069286522
2025-06-13,IWM,171.77,-0.012248418631397362
2025-06-16,IWM,172.28,0.002969086569249546
2025-06-17,IWM,171.32,-0.005572324123519934
2025-06-18,IWM,174.42,0.018094793369133777
2025-06-19,IWM,175.36,0.0053892902190118
2025-06-20,IWM,175.55,0.0010834854014598605
2025-06-23,IWM,179.86,0.024551409854742356
2025-06-24,IWM,179.7,-0.0008895807850551884
2025-06-25,IWM,176.56,-0.01747356705620473
2025-06-26,IWM,178.59,0.011497507929315809
2025-06-27,IWM,180.18,0.008903074080295559
2025-06-30,IWM,182.57,0.013264513264513278
2025-07-01,IWM,186.98,0.02415511858465247
2025-07-02,IWM,186.69,-0.0015509680179698337
2025-07-03,IWM,183.86,-0.015158819433285009
2025-07-04,IWM,186.31,0.013325356249320075
2025-07-07,IWM,189.09,0.014921367613117908
2025-07-08,IWM,186.49,-0.013750066106086978
2025-07-09,IWM,192.99,0.034854415786369275
2025-07-10,IWM,193.16,0.0008808746567179337
2025-07-11,IWM,192.16,-0.005177055290950472
2025-07-14,IWM,196.98,0.02508326394671112
2025-07-15,IWM,200.63,0.018529799979693395
2025-07-16,IWM,199.42,-0.006031002342620773
2025-07-17,IWM,199.05,-0.0018553806037507892
2025-07-18,IWM,201.97,0.014669680984677136
2025-07-21,IWM,201.4,-0.002822201317027262
2025-07-22,IWM,204.78,0.016782522343594897
2025-07-23,IWM,207.77,0.014601035257349348
2025-07-24,IWM,208.86,0.0052461856860952505
2025-07-25,IWM,209.39,0.0025375849851574372
2025-07-28,IWM,215.9,0.03109030994794404
2025-07-29,IWM,217.37,0.00680870773506248
2025-07-30,IWM,217.43,0.0002760270506509954
2025-07-31,IWM,215.13,-0.010578117095157102
2025-08-01,IWM,211.72,-0.015850880862734118
2025-08-04,IWM,207.89,-0.018089930096353735
2025-08-05,IWM,208.64,0.003607677136947318
2025-08-06,IWM,210.04,0.006710122699386423
2025-08-07,IWM,209.04,-0.004760997905160935
2025-08-08,IWM,215.38,0.030329123612705677
2025-08-11,IWM,220.11,0.02196118488253318
2025-08-12,IWM,217.93,-0.009904138839671117
2025-08-13,IWM,213.42,-0.02069471848758786
2025-08-14,IWM,211.7,-0.008059225939462067
2025-08-15,IWM,208.69,-0.01421823334907879
2025-08-18,IWM,206.43,-0.010829459964540655
2025-08-19,IWM,206.97,0.002615898851910936
2025-08-20,IWM,207.81,0.004058559211479906
2025-08-21,IWM,207.76,-0.00024060439824846735
2025-08-22,IWM,207.44,-0.0015402387370041515
2025-08-25,IWM,210.13,0.012967605090628664
2025-08-26,IWM,214.73,0.02189121020320761
2025-08-27,IWM,216.43,0.007916918921436311
2025-08-28,IWM,218.15,0.007947142263087459
2025-08-29,IWM,218.17,9.168003667192615e-05
2025-09-01,IWM,224.37,0.02841820598615774
2025-09-02,IWM,224.9,0.0023621696305209383
2025-09-03,IWM,224.61,-0.0012894619831035348
2025-09-04,IWM,221.97,-0.011753706424469157
2025-09-05,IWM,221.91,-0.00027030679821593573
2025-09-08,IWM,227.14,0.023568113199044616
2025-09-09,IWM,225.85,-0.005679316720965
2025-09-10,IWM,226.45,0.002656630506973734
2025-09-11,IWM,225.77,-0.0030028703908147047
2025-09-12,IWM,222.79,-0.013199273597023553
2025-09-15,IWM,223.6,0.003635710759010813
2025-09-16,IWM,223.77,0.0007602862254025844
2025-09-17,IWM,222.59,-0.005273271662868173
2025-09-18,IWM,227.98,0.024214924300282936
2025-09-19,IWM,222.43,-0.024344240722870336
2025-09-22,IWM,223.76,0.005979409252349077
2025-09-23,IWM,225.27,0.006748301751877017
2025-09-24,IWM,217.41,-0.03489146357704098
2025-09-25,IWM,215.42,-0.009153212823697188
2025-09-26,IWM,219.58,0.01931111317426426
2025-09-29,IWM,217.71,-0.008516258311321634
2025-09-30,IWM,218.75,0.004776996922511545
2025-10-01,IWM,220.65,0.008685714285714408
2025-10-02,IWM,220.1,-0.00249263539542266
2025-10-03,IWM,218.48,-0.007360290776919576
2025-10-06,IWM,217.41,-0.004897473452947554
2025-10-07,IWM,222.58,0.023779954923876634
2025-10-08,IWM,222.43,-0.0006739149968550961
2025-10-09,IWM,219.24,-0.014341590612777066
2025-10-10,IWM,214.63,-0.021027184820288314
2025-10-13,IWM,219.78,0.023994781717374014
2025-10-14,IWM,219.41,-0.0016835016835017313
2025-10-15,IWM,225.98,0.029943940567886518
2025-10-16,IWM,227.71,0.0076555447384725195
2025-10-17,IWM,229.23,0.0066751569979359715
2025-10-20,IWM,231.02,0.007808751036077366
2025-10-21,IWM,230.89,-0.0005627218422648017
2025-10-22,IWM,226.58,-0.018666897656892778
2025-10-23,IWM,230.12,0.015623620796186843
2025-10-24,IWM,227.04,-0.013384321223709472
2025-10-27,IWM,227.62,0.002554615926708914
2025-10-28,IWM,226.99,-0.0027677708461470996
2025-10-29,IWM,225.44,-0.0068284946473413655
2025-10-30,IWM,227.44,0.008871540099361308
2025-10-31,IWM,229.52,0.009145269081955787
2025-11-03,IWM,228.79,-0.0031805507145347134
2025-11-04,IWM,222.92,-0.025656715765549176
2025-11-05,IWM,222.12,-0.0035887313834558343
2025-11-06,IWM,220.19,-0.00868899693859182
2025-11-07,IWM,219.12,-0.004859439574912527
2025-11-10,IWM,217.57,-0.00707374954362916
2025-11-11,IWM,217.08,-0.0022521487337407997
2025-11-12,IWM,213.3,-0.01741293532338306
2025-11-13,IWM,213.51,0.000984528832630005
2025-11-14,IWM,211.49,-0.00946091517961678
2025-11-17,IWM,214.6,0.014705187006477827
2025-11-18,IWM,217.4,0.013047530288909703
2025-11-19,IWM,221.84,0.020423183072677098
2025-11-20,IWM,215.54,-0.028398846015146084
2025-11-21,IWM,215.06,-0.0022269648325136115
2025-11-24,IWM,212.88,-0.010136706035524967
2025-11-25,IWM,209.34,-0.01662908680947006
2025-11-26,IWM,208.4,-0.004490302856596906
2025-11-27,IWM,206.65,-0.008397312859884876
2025-11-28,IWM,210.6,0.019114444713283163
2025-12-01,IWM,210.85,0.0011870845204178249
2025-12-02,IWM,211.89,0.004932416409769935
2025-12-03,IWM,211.79,-0.0004719429892868776
2025-12-04,IWM,214.42,0.012417961187969118
2025-12-05,IWM,215.36,0.004383919410502868
2025-12-08,IWM,216.6,0.00575780089153044
2025-12-09,IWM,213.01,-0.016574330563250195
2025-12-10,IWM,216.94,0.018449838035772936
2025-12-11,IWM,220.84,0.017977320918226347
2025-12-12,IWM,221.69,0.0038489404093460244
2025-12-15,IWM,222.46,0.003473318598042452
2025-12-16,IWM,219.57,-0.012991099523509964
2025-12-17,IWM,216.94,-0.011977956915789956
2025-12-18,IWM,215.98,-0.0044251866875634205
2025-12-19,IWM,222.52,0.030280581535327533
2025-12-22,IWM,221.6,-0.00413445982383609
2025-12-23,IWM,224.23,0.011868231046931355
2025-12-24,IWM,221.49,-0.012219595950586415
2025-12-25,IWM,224.01,0.01137748882568057
2025-12-26,IWM,229.92,0.02638275077005492
2025-12-29,IWM,230.48,0.002435629784272697
2025-12-30,IWM,230.62,0.0006074279763972346
2025-12-31,IWM,228.13,-0.010796982048391301
2026-01-01,IWM,228.64,0.002235567439617725
2026-01-02,IWM,230.74,0.009184744576627102
2026-01-05,IWM,223.76,-0.030250498396463654
2026-01-06,IWM,222.29,-0.006569538791562413
2026-01-07,IWM,222.29,0.0
2026-01-08,IWM,221.64,-0.0029241081470151586
2026-01-09,IWM,226.58,0.022288395596462784
2026-01-12,IWM,224.5,-0.009179980580810376
2026-01-13,IWM,222.24,-0.01006681514476615
2026-01-14,IWM,222.32,0.0003599712023036883
2026-01-15,IWM,223.12,0.003598416696653617
2026-01-16,IWM,225.74,0.011742560057368179
2026-01-19,IWM,228.41,0.011827766456985911
2026-01-20,IWM,227.79,-0.0027144170570465587
2026-01-21,IWM,224.89,-0.012731024188946005
2026-01-22,IWM,222.11,-0.01236159900395739
2026-01-23,IWM,219.34,-0.012471298005492848
2026-01-26,IWM,220.42,0.004923862496580611
2026-01-27,IWM,225.66,0.023772797386807154
2026-01-28,IWM,221.87,-0.0167951785872551
2026-01-29,IWM,219.64,-0.01005093072519947
2026-01-30,IWM,218.68,-0.004370788563103134
2026-02-02,IWM,219.36,0.00310956648984817
2026-02-03,IWM,214.74,-0.02106126914660833
2026-02-04,IWM,215.12,0.0017695818198750768
2026-02-05,IWM,212.84,-0.010598735589438468
2026-02-06,IWM,212.95,0.0005168201465888256
2026-02-09,IWM,211.04,-0.008969241606010758
2026-02-10,IWM,214.09,0.01445223654283545
2026-02-11,IWM,211.01,-0.01438647297865392
2026-02-12,IWM,210.74,-0.0012795602104165305
2026-02-13,IWM,206.81,-0.01864857169972478
2026-02-16,IWM,209.3,0.012040036748706573
2026-02-17,IWM,210.89,0.007596751075011898
2026-02-18,IWM,218.33,0.0352790554317417
2026-02-19,IWM,214.4,-0.018000274813355976
2026-02-20,IWM,213.41,-0.00461753731343284
2026-02-23,IWM,218.73,0.024928541305468288
2026-02-24,IWM,216.2,-0.011566771819137789
2026-02-25,IWM,223.69,0.03464384828862177
2026-02-26,IWM,220.31,-0.015110197147838456
2026-02-27,IWM,224.09,0.017157641505151755
2026-03-02,IWM,227.09,0.013387478245347806
2026-03-03,IWM,227.63,0.0023779118411202393
2026-03-04,IWM,230.7,0.013486798752361251
2026-03-05,IWM,229.67,-0.0044646727351538296
2026-03-06,IWM,227.58,-0.009100013062219636
2026-03-09,IWM,228.62,0.004569821601195123
2026-03-10,IWM,234.12,0.024057387805091368
2026-03-11,IWM,233.72,-0.001708525542456929
2026-03-12,IWM,233.27,-0.0019253807975354587
2026-03-13,IWM,233.68,0.001757619925408349
2026-03-16,IWM,233.83,0.0006419034577200833
2026-03-17,IWM,234.13,0.0012829833639822485
2026-03-18,IWM,232.6,-0.006534831076752234
2026-03-19,IWM,232.34,-0.0011177987962166513
2026-03-20,IWM,232.47,0.0005595248342944448
2026-03-23,IWM,229.96,-0.010797092097905026
2026-03-24,IWM,237.27,0.03178813706731609
2026-03-25,IWM,237.63,0.0015172588190668357
2026-03-26,IWM,234.46,-0.013340066489921254
2026-03-27,IWM,238.37,0.016676618612982974
2026-03-30,IWM,236.94,-0.005999077065066971
2026-03-31,IWM,236.01,-0.0039250443150165015
2026-04-01,IWM,243.57,0.03203254099402564
2026-04-02,IWM,243.35,-0.0009032311039947061
2026-04-03,IWM,241.07,-0.009369221286213314
2026-04-06,IWM,239.29,-0.007383747459244194
2026-04-07,IWM,236.92,-0.009904300221488582
2026-04-08,IWM,237.59,0.0028279588046598025
2026-04-09,IWM,235.1,-0.01048023906730089
2026-04-10,IWM,239.08,0.01692896639727781
2026-04-13,IWM,245.04,0.0249288940940271
2026-04-14,IWM,250.1,0.020649689846555574
2026-04-15,IWM,249.98,-0.0004798080767692836
2026-04-16,IWM,251.54,0.00624049923993919
2026-04-17,IWM,252.65,0.004412817046990591
2026-04-20,IWM,253.06,0.0016227983376211341
2026-04-21,IWM,255.15,0.008258910930214247
2026-04-22,IWM,255.4,0.0009798157946305786
2026-04-23,IWM,258.82,0.013390759592795565
2026-04-24,IWM,257.32,-0.005795533575457812
2026-04-27,IWM,255.27,-0.007966734027669786
2026-04-28,IWM,255.72,0.0017628393465740633
2026-04-29,IWM,253.97,-0.006843422493352125
2026-04-30,IWM,259.42,0.02145922746781115
2026-05-01,IWM,260.82,0.00539665407447365
2026-05-04,IWM,260.27,-0.002108733992791989
2026-05-05,IWM,257.9,-0.009105928458908119
2026-05-06,IWM,256.66,-0.00480806514152754
2026-05-07,IWM,254.1,-0.009974285046364995
2026-05-08,IWM,251.15,-0.011609602518693363
2026-05-11,IWM,250.24,-0.003623332669719259
2026-05-12,IWM,256.0,0.023017902813299296
2026-05-13,IWM,255.21,-0.003085937499999969
2026-05-14,IWM,255.19,-7.836683515538567e-05
2026-05-15,IWM,257.05,0.007288686860770444
2026-05-18,IWM,263.74,0.02602606496790516
2026-05-19,IWM,263.82,0.00030332903617202867
2026-05-20,IWM,261.31,-0.00951406261845189
2026-05-21,IWM,260.99,-0.001224599135126847
2026-05-22,IWM,259.85,-0.004367983447641666
2026-05-25,IWM,261.14,0.004964402539926693
2026-05-26,IWM,265.23,0.015662096959485394
2026-05-27,IWM,270.81,0.02103834407872407
2026-05-28,IWM,277.83,0.025922233300099684
2026-05-29,IWM,279.35,0.005470971457366192
2026-06-01,IWM,278.56,-0.002827993556470454
2026-06-02,IWM,281.19,0.009441412981045394
2026-06-03,IWM,283.39,0.007823891319036935
2026-06-04,IWM,285.28,0.006669254384417123
2026-06-05,IWM,286.09,0.0028393157599551078
2026-06-08,IWM,280.24,-0.02044811073438413
2026-06-09,IWM,279.21,-0.0036754210676563925
2026-06-10,IWM,273.16,-0.021668278356792192
2026-06-11,IWM,265.24,-0.028993996192707594
2026-06-12,IWM,261.34,-0.01470366460564032
2026-06-15,IWM,262.43,0.004170811969082644
2026-06-16,IWM,265.1,0.010174141675875603
2026-06-17,IWM,263.91,-0.004488872123726839
2026-06-18,IWM,263.51,-0.0015156682202267513
2026-06-19,IWM,265.04,0.005806231262570849
2026-06-22,IWM,266.33,0.004867189858134502
2026-06-23,IWM,265.66,-0.0025156760410015577
2026-06-24,IWM,268.46,0.010539787698562009
2026-06-25,IWM,268.76,0.0011174849139536924
2026-06-26,IWM,272.5,0.013915761273999072
2026-06-29,IWM,268.22,-0.015706422018348487
2026-06-30,IWM,269.89,0.006226232197449777
2026-07-01,IWM,267.32,-0.009522398014005673
2026-07-02,IWM,262.59,-0.017694149334131493
2026-07-03,IWM,262.93,0.0012947941658099094
2021-09-06,LQD,104.63,
2021-09-07,LQD,105.04,0.003918570199751503
2021-09-08,LQD,103.66,-0.013137852246763226
2021-09-09,LQD,104.01,0.0033764229210881957
2021-09-10,LQD,103.01,-0.009614460148062665
2021-09-13,LQD,103.03,0.00019415590719340514
2021-09-14,LQD,104.3,0.012326506842667229
2021-09-15,LQD,104.42,0.0011505273250240755
2021-09-16,LQD,105.42,0.009576709442635556
2021-09-17,LQD,105.2,-0.002086890533105623
2021-09-20,LQD,104.37,-0.007889733840304114
2021-09-21,LQD,104.73,0.003449267030755987
2021-09-22,LQD,105.24,0.004869664852477751
2021-09-23,LQD,105.18,-0.0005701254275939371
2021-09-24,LQD,104.8,-0.003612854154782408
2021-09-27,LQD,105.11,0.00295801526717554
2021-09-28,LQD,105.78,0.0063742745694985725
2021-09-29,LQD,105.89,0.0010398941198714873
2021-09-30,LQD,105.96,0.0006610633676455979
2021-10-01,LQD,106.93,0.009154397885994925
2021-10-04,LQD,108.55,0.01515009819508073
2021-10-05,LQD,108.19,-0.0033164440350068602
2021-10-06,LQD,108.25,0.0005545799057213863
2021-10-07,LQD,108.9,0.006004618937644368
2021-10-08,LQD,108.28,-0.005693296602387599
2021-10-11,LQD,107.58,-0.006464721093461412
2021-10-12,LQD,107.24,-0.003160438743260885
2021-10-13,LQD,107.26,0.00018649757553168556
2021-10-14,LQD,107.31,0.0004661570016781802
2021-10-15,LQD,107.5,0.0017705712421955955
2021-10-18,LQD,107.51,9.302325581406201e-05
2021-10-19,LQD,108.42,0.008464328899637108
2021-10-20,LQD,109.15,0.006733075078398931
2021-10-21,LQD,109.18,0.0002748511223087391
2021-10-22,LQD,109.43,0.0022897966660559987
2021-10-25,LQD,110.47,0.00950379237868959
2021-10-26,LQD,109.91,-0.005069249570019085
2021-10-27,LQD,110.05,0.0012737694477300554
2021-10-28,LQD,109.87,-0.001635620172648733
2021-10-29,LQD,110.99,0.010193865477382325
2021-11-01,LQD,111.78,0.007117758356608661
2021-11-02,LQD,112.35,0.005099302200751499
2021-11-03,LQD,111.99,-0.0032042723631509062
2021-11-04,LQD,112.84,0.0075899633895883944
2021-11-05,LQD,112.63,-0.0018610421836229296
2021-11-08,LQD,112.73,0.000887862913966142
2021-11-09,LQD,112.79,0.0005322451876164092
2021-11-10,LQD,113.38,0.005230960191506151
2021-11-11,LQD,113.19,-0.0016757805609455279
2021-11-12,LQD,112.5,-0.006095944871455039
2021-11-15,LQD,112.37,-0.0011555555555554653
2021-11-16,LQD,112.38,8.899172376963804e-05
2021-11-17,LQD,112.27,-0.0009788218544224403
2021-11-18,LQD,112.9,0.005611472343457713
2021-11-19,LQD,112.52,-0.003365810451727236
2021-11-22,LQD,113.36,0.007465339495200896
2021-11-23,LQD,112.59,-0.006792519407198272
2021-11-24,LQD,112.68,0.0007993605115907965
2021-11-25,LQD,111.93,-0.006656017039403661
2021-11-26,LQD,112.86,0.00830876440632533
2021-11-29,LQD,114.06,0.01063264221158966
2021-11-30,LQD,113.26,-0.0070138523584077905
2021-12-01,LQD,112.69,-0.005032668197068713
2021-12-02,LQD,112.39,-0.002662170556393617
2021-12-03,LQD,112.4,8.897588753442598e-05
2021-12-06,LQD,112.87,0.0041814946619216364
2021-12-07,LQD,113.14,0.002392132541862324
2021-12-08,LQD,113.7,0.004949619939897509
2021-12-09,LQD,113.99,0.0025505716798592815
2021-12-10,LQD,113.89,-0.0008772699359592684
2021-12-13,LQD,114.06,0.001492668364211136
2021-12-14,LQD,114.32,0.0022795020164825264
2021-12-15,LQD,113.77,-0.004811056682995085
2021-12-16,LQD,114.02,0.00219741583897326
2021-12-17,LQD,114.04,0.00017540782318903325
2021-12-20,LQD,115.36,0.011574886004910523
2021-12-21,LQD,115.55,0.0016470180305132587
2021-12-22,LQD,115.43,-0.0010385114668973738
2021-12-23,LQD,115.86,0.003725201420774482
2021-12-24,LQD,116.88,0.008803728638011377
2021-12-27,LQD,116.78,-0.0008555783709787157
2021-12-28,LQD,115.98,-0.006850488097276952
2021-12-29,LQD,116.63,0.005604414554233328
2021-12-30,LQD,116.75,0.0010288947955072736
2021-12-31,LQD,117.24,0.004197002141327566
2022-01-03,LQD,117.48,0.0020470829068577334
2022-01-04,LQD,116.25,-0.010469867211440276
2022-01-05,LQD,116.37,0.0010322580645161228
2022-01-06,LQD,116.33,-0.00034373120219988174
2022-01-07,LQD,116.42,0.0007736611364221879
2022-01-10,LQD,117.1,0.005840920803985572
2022-01-11,LQD,117.03,-0.000597779675491017
2022-01-12,LQD,116.74,-0.002477997094762041
2022-01-13,LQD,117.65,0.007795100222717233
2022-01-14,LQD,118.51,0.007309817254568696
2022-01-17,LQD,119.3,0.006666104126233918
2022-01-18,LQD,118.53,-0.006454316848281572
2022-01-19,LQD,119.25,0.006074411541381997
2022-01-20,LQD,118.26,-0.008301886792452806
2022-01-21,LQD,118.18,-0.0006764755623203111
2022-01-24,LQD,118.26,0.0006769334912843927
2022-01-25,LQD,117.67,-0.004989007272112378
2022-01-26,LQD,118.35,0.005778873119741679
2022-01-27,LQD,118.19,-0.0013519222644697848
2022-01-28,LQD,117.28,-0.007699466959979695
2022-01-31,LQD,117.94,0.005627557980900422
2022-02-01,LQD,117.36,-0.004917754790571438
2022-02-02,LQD,117.83,0.004004771642808436
2022-02-03,LQD,118.42,0.005007213782568076
2022-02-04,LQD,118.61,0.0016044587062995497
2022-02-07,LQD,118.15,-0.0038782564707865452
2022-02-08,LQD,118.56,0.0034701650444350918
2022-02-09,LQD,118.43,-0.0010964912280700956
2022-02-10,LQD,118.74,0.002617580005066289
2022-02-11,LQD,119.37,0.005305709954522619
2022-02-14,LQD,119.46,0.00075395828097502
2022-02-15,LQD,119.22,-0.002009040683073837
2022-02-16,LQD,118.78,-0.003690655930213005
2022-02-17,LQD,118.24,-0.004546219902340498
2022-02-18,LQD,117.55,-0.005835588633288258
2022-02-21,LQD,116.95,-0.005104210974053558
2022-02-22,LQD,115.73,-0.010431808465156012
2022-02-23,LQD,115.0,-0.006307785362481666
2022-02-24,LQD,114.82,-0.001565217391304441
2022-02-25,LQD,114.6,-0.001916042501306392
2022-02-28,LQD,114.57,-0.0002617801047120061
2022-03-01,LQD,116.13,0.01361612987693106
2022-03-02,LQD,115.85,-0.0024110910186859735
2022-03-03,LQD,117.2,0.011652999568407596
2022-03-04,LQD,118.11,0.007764505119453924
2022-03-07,LQD,118.02,-0.0007620015240030753
2022-03-08,LQD,118.37,0.0029655990510084607
2022-03-09,LQD,117.68,-0.00582917969079999
2022-03-10,LQD,115.86,-0.015465669612508615
2022-03-11,LQD,116.12,0.002244087692042207
2022-03-14,LQD,116.01,-0.0009472959007922332
2022-03-15,LQD,116.14,0.0011205930523230379
2022-03-16,LQD,115.44,-0.006027208541415585
2022-03-17,LQD,115.02,-0.0036382536382536523
2022-03-18,LQD,113.58,-0.012519561815336422
2022-03-21,LQD,113.76,0.0015847860538826808
2022-03-22,LQD,114.36,0.0052742616033754075
2022-03-23,LQD,114.24,-0.0010493179433368471
2022-03-24,LQD,114.37,0.0011379551820729361
2022-03-25,LQD,114.18,-0.0016612748098276953
2022-03-28,LQD,113.15,-0.00902084428095995
2022-03-29,LQD,114.52,0.012107821475916936
2022-03-30,LQD,115.34,0.007160321341250553
2022-03-31,LQD,114.6,-0.006415814114791085
2022-04-01,LQD,114.68,0.0006980802792322383
2022-04-04,LQD,115.86,0.0102895012207882
2022-04-05,LQD,114.78,-0.009321595028482621
2022-04-06,LQD,114.37,-0.0035720508799441664
2022-04-07,LQD,114.8,0.0037597272011891114
2022-04-08,LQD,114.52,-0.0024390243902439046
2022-04-11,LQD,114.5,-0.00017464198393291053
2022-04-12,LQD,113.66,-0.007336244541484738
2022-04-13,LQD,113.86,0.0017596339961287732
2022-04-14,LQD,114.59,0.006411382399437837
2022-04-15,LQD,115.7,0.009686709136923044
2022-04-18,LQD,115.73,0.0002592912705272621
2022-04-19,LQD,115.44,-0.0025058325412599114
2022-04-20,LQD,115.68,0.0020790020790022457
2022-04-21,LQD,115.05,-0.005446058091286399
2022-04-22,LQD,115.06,8.691873098665148e-05
2022-04-25,LQD,115.21,0.001303667651660012
2022-04-26,LQD,115.31,0.0008679802100513001
2022-04-27,LQD,115.66,0.0030352961581823212
2022-04-28,LQD,114.92,-0.0063980632889503175
2022-04-29,LQD,114.5,-0.0036547163243996206
2022-05-02,LQD,115.13,0.0055021834061135255
2022-05-03,LQD,114.97,-0.0013897333449144345
2022-05-04,LQD,114.98,8.697921196842984e-05
2022-05-05,LQD,115.73,0.006522873543225005
2022-05-06,LQD,115.93,0.0017281603732826056
2022-05-09,LQD,115.53,-0.003450357974639884
2022-05-10,LQD,116.03,0.00432788020427588
2022-05-11,LQD,115.55,-0.004136861156597504
2022-05-12,LQD,114.96,-0.00510601471224581
2022-05-13,LQD,115.3,0.00295755045233137
2022-05-16,LQD,115.94,0.005550737207285383
2022-05-17,LQD,116.24,0.002587545282042303
2022-05-18,LQD,115.58,-0.005677907777013047
2022-05-19,LQD,115.31,-0.00233604429832146
2022-05-20,LQD,114.77,-0.004683028358338448
2022-05-23,LQD,114.11,-0.00575063169817891
2022-05-24,LQD,112.93,-0.010340899132415982
2022-05-25,LQD,113.42,0.0043389710440095985
2022-05-26,LQD,113.99,0.005025568682772041
2022-05-27,LQD,114.33,0.002982717782261668
2022-05-30,LQD,115.11,0.006822356336919411
2022-05-31,LQD,114.71,-0.0034749370167665994
2022-06-01,LQD,114.84,0.0011332926510330132
2022-06-02,LQD,114.31,-0.00461511668408221
2022-06-03,LQD,113.84,-0.004111626279415637
2022-06-06,LQD,113.13,-0.006236823612087217
2022-06-07,LQD,113.53,0.003535755325731582
2022-06-08,LQD,114.22,0.006077688716638718
2022-06-09,LQD,113.56,-0.005778322535457847
2022-06-10,LQD,113.26,-0.002641775272983371
2022-06-13,LQD,113.43,0.0015009712166695888
2022-06-14,LQD,114.0,0.005025125628140614
2022-06-15,LQD,113.35,-0.0057017543859649855
2022-06-16,LQD,112.61,-0.006528451698279647
2022-06-17,LQD,112.0,-0.005416925672675599
2022-06-20,LQD,111.04,-0.008571428571428563
2022-06-21,LQD,111.41,0.003332132564841439
2022-06-22,LQD,111.85,0.003949376178080888
2022-06-23,LQD,111.67,-0.0016092981671881335
2022-06-24,LQD,111.6,-0.0006268469597923154
2022-06-27,LQD,111.48,-0.0010752688172042113
2022-06-28,LQD,112.14,0.005920344456404658
2022-06-29,LQD,112.84,0.006242197253433224
2022-06-30,LQD,112.39,-0.003987947536334691
2022-07-01,LQD,111.45,-0.008363733428240927
2022-07-04,LQD,111.32,-0.001166442350830077
2022-07-05,LQD,112.17,0.007635644987423751
2022-07-06,LQD,112.52,0.003120263885174168
2022-07-07,LQD,112.06,-0.004088162104514681
2022-07-08,LQD,111.73,-0.002944850972693147
2022-07-11,LQD,111.57,-0.0014320236283900112
2022-07-12,LQD,111.67,0.0008962982880702519
2022-07-13,LQD,113.23,0.01396973224679865
2022-07-14,LQD,112.82,-0.0036209485118785523
2022-07-15,LQD,113.31,0.004343201560007115
2022-07-18,LQD,113.08,-0.0020298296708146646
2022-07-19,LQD,112.77,-0.0027414220021224622
2022-07-20,LQD,112.67,-0.0008867606632969594
2022-07-21,LQD,112.61,-0.0005325286234135751
2022-07-22,LQD,111.96,-0.005772133913506838
2022-07-25,LQD,112.31,0.0031261164701679167
2022-07-26,LQD,112.45,0.0012465497284301907
2022-07-27,LQD,111.67,-0.006936416184971095
2022-07-28,LQD,111.93,0.002328288707799775
2022-07-29,LQD,113.25,0.011793084963816591
2022-08-01,LQD,112.44,-0.007152317880794734
2022-08-02,LQD,113.57,0.010049804340092505
2022-08-03,LQD,114.06,0.004314519679492923
2022-08-04,LQD,113.95,-0.0009644046992810518
2022-08-05,LQD,113.83,-0.0010530934620448518
2022-08-08,LQD,114.24,0.0036018624264253507
2022-08-09,LQD,113.44,-0.007002801120448154
2022-08-10,LQD,115.07,0.01436882933709449
2022-08-11,LQD,114.83,-0.0020856869731467054
2022-08-12,LQD,114.42,-0.00357049551510924
2022-08-15,LQD,114.51,0.0007865757734661916
2022-08-16,LQD,114.64,0.001135272028643719
2022-08-17,LQD,114.52,-0.0010467550593161734
2022-08-18,LQD,113.84,-0.005937827453719846
2022-08-19,LQD,113.75,-0.0007905832747716612
2022-08-22,LQD,114.39,0.0056263736263735264
2022-08-23,LQD,114.61,0.001923245038901955
2022-08-24,LQD,115.55,0.008201727597940911
2022-08-25,LQD,115.49,-0.0005192557334487979
2022-08-26,LQD,116.14,0.005628192917135788
2022-08-29,LQD,115.49,-0.005596693645600226
2022-08-30,LQD,115.24,-0.0021646895835136792
2022-08-31,LQD,114.56,-0.005900728913571629
2022-09-01,LQD,114.84,0.002444134078212201
2022-09-02,LQD,115.1,0.0022640195053986734
2022-09-05,LQD,114.47,-0.005473501303214556
2022-09-06,LQD,113.45,-0.00891063160653438
2022-09-07,LQD,113.07,-0.0033494931687969576
2022-09-08,LQD,115.31,0.01981073671177147
2022-09-09,LQD,116.23,0.00797849275865059
2022-09-12,LQD,116.39,0.0013765809171470966
2022-09-13,LQD,114.82,-0.013489131368674356
2022-09-14,LQD,113.82,-0.008709284096847236
2022-09-15,LQD,114.97,0.010103672465296087
2022-09-16,LQD,114.29,-0.005914586413847012
2022-09-19,LQD,114.8,0.004462332662525048
2022-09-20,LQD,114.74,-0.000522648083623678
2022-09-21,LQD,114.94,0.001743071291615772
2022-09-22,LQD,114.68,-0.002262049765094698
2022-09-23,LQD,114.53,-0.001307987443320613
2022-09-26,LQD,112.84,-0.014755959137343955
2022-09-27,LQD,113.13,0.002570010634526776
2022-09-28,LQD,112.75,-0.00335896755944487
2022-09-29,LQD,112.47,-0.002483370288248299
2022-09-30,LQD,112.87,0.0035565039566107792
2022-10-03,LQD,113.11,0.0021263400372109054
2022-10-04,LQD,112.97,-0.0012377331800901281
2022-10-05,LQD,113.67,0.0061963353102594265
2022-10-06,LQD,113.99,0.002815166710653516
2022-10-07,LQD,114.03,0.00035090797438375176
2022-10-10,LQD,113.74,-0.0025431903884942653
2022-10-11,LQD,113.24,-0.004395990856339016
2022-10-12,LQD,113.54,0.002649240551042098
2022-10-13,LQD,113.85,0.0027303153073805486
2022-10-14,LQD,113.95,0.0008783487044357052
2022-10-17,LQD,114.29,0.0029837648091268765
2022-10-18,LQD,114.93,0.005599790007874805
2022-10-19,LQD,115.01,0.0006960758722700522
2022-10-20,LQD,114.42,-0.005129988696635057
2022-10-21,LQD,115.02,0.005243838489774388
2022-10-24,LQD,114.97,-0.00043470700747694213
2022-10-25,LQD,115.44,0.0040880229625119835
2022-10-26,LQD,114.45,-0.00857588357588357
2022-10-27,LQD,113.3,-0.01004805591961555
2022-10-28,LQD,113.48,0.0015887025595764381
2022-10-31,LQD,113.56,0.0007049700387733449
2022-11-01,LQD,112.58,-0.008629799225079338
2022-11-02,LQD,111.92,-0.005862497779356879
2022-11-03,LQD,112.5,0.00518227305218022
2022-11-04,LQD,112.18,-0.0028444444444444272
2022-11-07,LQD,111.53,-0.005794259226243548
2022-11-08,LQD,111.15,-0.0034071550255536653
2022-11-09,LQD,111.16,8.996851102116565e-05
2022-11-10,LQD,111.32,0.0014393666786614023
2022-11-11,LQD,111.84,0.004671218109953301
2022-11-14,LQD,112.49,0.005811874105865478
2022-11-15,LQD,112.86,0.0032891812605564397
2022-11-16,LQD,113.81,0.008417508417508435
2022-11-17,LQD,114.63,0.0072049907740971975
2022-11-18,LQD,115.04,0.0035767251155893742
2022-11-21,LQD,114.16,-0.007649513212795611
2022-11-22,LQD,115.23,0.009372810091100359
2022-11-23,LQD,115.12,-0.0009546125141022266
2022-11-24,LQD,114.0,-0.00972897845726206
2022-11-25,LQD,114.13,0.001140350877192997
2022-11-28,LQD,114.68,0.004819065977394343
2022-11-29,LQD,115.74,0.009243111266131754
2022-11-30,LQD,116.09,0.0030240193537238724
2022-12-01,LQD,116.3,0.001808941338616643
2022-12-02,LQD,116.28,-0.00017196904557181814
2022-12-05,LQD,116.57,0.002493980048159594
2022-12-06,LQD,117.03,0.003946126790769666
2022-12-07,LQD,117.46,0.003674271554302333
2022-12-08,LQD,116.91,-0.004682445087689446
2022-12-09,LQD,118.03,0.009580018817894054
2022-12-12,LQD,117.65,-0.003219520460899683
2022-12-13,LQD,117.67,0.00016999575010623325
2022-12-14,LQD,117.64,-0.00025495028469446623
2022-12-15,LQD,117.22,-0.0035702142128527514
2022-12-16,LQD,117.65,0.0036683159870329884
2022-12-19,LQD,118.0,0.002974925626859193
2022-12-20,LQD,118.22,0.001864406779660932
2022-12-21,LQD,119.18,0.008120453391981197
2022-12-22,LQD,118.37,-0.0067964423560999965
2022-12-23,LQD,119.61,0.010475627270423171
2022-12-26,LQD,119.81,0.0016721009949001164
2022-12-27,LQD,119.51,-0.0025039646106335134
2022-12-28,LQD,118.67,-0.007028700527152543
2022-12-29,LQD,119.4,0.006151512597960762
2022-12-30,LQD,118.72,-0.0056951423785595034
2023-01-02,LQD,118.91,0.001600404312668502
2023-01-03,LQD,118.24,-0.005634513497603244
2023-01-04,LQD,116.76,-0.012516914749661656
2023-01-05,LQD,116.03,-0.006252141144227563
2023-01-06,LQD,116.71,0.00586055330517965
2023-01-09,LQD,117.29,0.004969582726416011
2023-01-10,LQD,116.86,-0.003666126694517935
2023-01-11,LQD,116.22,-0.0054766387129898675
2023-01-12,LQD,116.43,0.0018069179143005432
2023-01-13,LQD,116.54,0.0009447736837584486
2023-01-16,LQD,116.23,-0.002660030890681342
2023-01-17,LQD,115.81,-0.00361352490751099
2023-01-18,LQD,115.39,-0.003626629824712957
2023-01-19,LQD,115.71,0.002773203917150413
2023-01-20,LQD,115.5,-0.001814882032667775
2023-01-23,LQD,114.69,-0.007012987012987026
2023-01-24,LQD,115.02,0.0028773214752810805
2023-01-25,LQD,114.88,-0.0012171796209354824
2023-01-26,LQD,116.68,0.01566852367688032
2023-01-27,LQD,116.26,-0.003599588618443672
2023-01-30,LQD,116.98,0.006193015654567313
2023-01-31,LQD,116.84,-0.0011967857753462097
2023-02-01,LQD,116.58,-0.002225265320095926
2023-02-02,LQD,116.72,0.0012008920912678356
2023-02-03,LQD,118.42,0.014564770390678605
2023-02-06,LQD,117.52,-0.007600067556156054
2023-02-07,LQD,117.81,0.0024676650782846643
2023-02-08,LQD,117.88,0.0005941770647652778
2023-02-09,LQD,118.02,0.001187648456057122
2023-02-10,LQD,117.01,-0.00855787154719534
2023-02-13,LQD,117.31,0.002563883428766678
2023-02-14,LQD,115.59,-0.014662006649049486
2023-02-15,LQD,115.69,0.0008651267410675345
2023-02-16,LQD,114.7,-0.00855735154291637
2023-02-17,LQD,113.11,-0.013862249346120348
2023-02-20,LQD,112.92,-0.0016797807444081103
2023-02-21,LQD,113.33,0.0036308891250442787
2023-02-22,LQD,113.71,0.0033530397952881152
2023-02-23,LQD,113.88,0.0014950312197696825
2023-02-24,LQD,114.54,0.005795574288725014
2023-02-27,LQD,113.51,-0.008992491705954286
2023-02-28,LQD,113.44,-0.0006166857545590876
2023-03-01,LQD,113.67,0.002027503526093044
2023-03-02,LQD,114.04,0.003255036509193232
2023-03-03,LQD,115.58,0.013504033672395499
2023-03-06,LQD,114.83,-0.006489011939782019
2023-03-07,LQD,114.99,0.0013933641034573618
2023-03-08,LQD,115.82,0.007218018958170314
2023-03-09,LQD,115.67,-0.0012951131065445098
2023-03-10,LQD,116.3,0.005446528918474858
2023-03-13,LQD,116.07,-0.001977644024075742
2023-03-14,LQD,116.94,0.007495476867407591
2023-03-15,LQD,116.71,-0.0019668205917564574
2023-03-16,LQD,116.5,-0.0017993316768056822
2023-03-17,LQD,116.4,-0.0008583690987123971
2023-03-20,LQD,115.88,-0.0044673539518901295
2023-03-21,LQD,116.96,0.009319986192612983
2023-03-22,LQD,116.68,-0.002393980848153121
2023-03-23,LQD,116.86,0.001542680836475796
2023-03-24,LQD,117.27,0.0035084716755091616
2023-03-27,LQD,116.82,-0.0038372985418265726
2023-03-28,LQD,116.64,-0.0015408320493065508
2023-03-29,LQD,117.0,0.0030864197530864335
2023-03-30,LQD,117.25,0.002136752136752129
2023-03-31,LQD,116.23,-0.008699360341151374
2023-04-03,LQD,115.95,-0.0024090166050073636
2023-04-04,LQD,116.89,0.00810694264769296
2023-04-05,LQD,116.84,-0.00042775258790317405
2023-04-06,LQD,117.04,0.001711742553919926
2023-04-07,LQD,116.62,-0.0035885167464114742
2023-04-10,LQD,116.17,-0.0038586863316755204
2023-04-11,LQD,117.12,0.008177670655074465
2023-04-12,LQD,117.61,0.004183743169398957
2023-04-13,LQD,117.99,0.003231017770597644
2023-04-14,LQD,119.25,0.01067887109077037
2023-04-17,LQD,119.34,0.0007547169811321641
2023-04-18,LQD,119.09,-0.002094855036031462
2023-04-19,LQD,119.53,0.00369468469224965
2023-04-20,LQD,119.57,0.00033464402242100455
2023-04-21,LQD,120.3,0.006105210337041145
2023-04-24,LQD,120.08,-0.0018287614297589627
2023-04-25,LQD,120.31,0.0019153897401733566
2023-04-26,LQD,120.91,0.00498711661541007
2023-04-27,LQD,120.56,-0.00289471507733019
2023-04-28,LQD,119.66,-0.007465162574651685
2023-05-01,LQD,120.73,0.00894200233996334
2023-05-02,LQD,120.77,0.0003313178166155506
2023-05-03,LQD,120.16,-0.0050509232425270945
2023-05-04,LQD,119.77,-0.0032456724367510015
2023-05-05,LQD,120.82,0.008766803039158333
2023-05-08,LQD,121.21,0.003227942393643435
2023-05-09,LQD,121.69,0.003960069301212732
2023-05-10,LQD,121.91,0.0018078724628154408
2023-05-11,LQD,122.65,0.006070051677466992
2023-05-12,LQD,122.51,-0.0011414594374236087
2023-05-15,LQD,121.53,-0.007999346992082268
2023-05-16,LQD,121.65,0.0009874105159219937
2023-05-17,LQD,122.17,0.004274558158651853
2023-05-18,LQD,121.24,-0.007612343455840276
2023-05-19,LQD,121.6,0.0029693170570768146
2023-05-22,LQD,121.31,-0.002384868421052566
2023-05-23,LQD,121.54,0.0018959690050284195
2023-05-24,LQD,120.42,-0.009215073226921167
2023-05-25,LQD,120.23,-0.0015778109948513253
2023-05-26,LQD,120.31,0.0006653913332779204
2023-05-29,LQD,119.1,-0.010057351841077256
2023-05-30,LQD,119.62,0.004366078925273076
2023-05-31,LQD,119.2,-0.0035111185420498847
2023-06-01,LQD,117.28,-0.016107382550335614
2023-06-02,LQD,117.49,0.001790586630286528
2023-06-05,LQD,117.49,0.0
2023-06-06,LQD,117.88,0.003319431440973686
2023-06-07,LQD,118.47,0.005005089921954475
2023-06-08,LQD,120.01,0.012999071494893322
2023-06-09,LQD,119.02,-0.008249312557287003
2023-06-12,LQD,117.95,-0.008990085699882355
2023-06-13,LQD,119.33,0.011699872827469315
2023-06-14,LQD,119.32,-8.380122349793684e-05
2023-06-15,LQD,119.58,0.002179014415018443
2023-06-16,LQD,120.16,0.004850309416290388
2023-06-19,LQD,120.41,0.0020805592543275964
2023-06-20,LQD,119.48,-0.007723610995764463
2023-06-21,LQD,118.76,-0.006026113157013735
2023-06-22,LQD,118.76,0.0
2023-06-23,LQD,117.98,-0.006567867969013097
2023-06-26,LQD,117.53,-0.00381420579759284
2023-06-27,LQD,116.32,-0.010295243767548756
2023-06-28,LQD,116.26,-0.0005158184319118408
2023-06-29,LQD,115.45,-0.006967142611388311
2023-06-30,LQD,116.04,0.005110437418796021
2023-07-03,LQD,116.0,-0.00034470872113068207
2023-07-04,LQD,115.11,-0.007672413793103461
2023-07-05,LQD,115.32,0.0018243419338024314
2023-07-06,LQD,115.84,0.004509191814082714
2023-07-07,LQD,115.72,-0.001035911602209949
2023-07-10,LQD,115.94,0.0019011406844107182
2023-07-11,LQD,116.06,0.0010350181128169211
2023-07-12,LQD,115.94,-0.0010339479579528632
2023-07-13,LQD,118.09,0.018544074521304132
2023-07-14,LQD,117.89,-0.0016936235074943573
2023-07-17,LQD,117.36,-0.004495716345746081
2023-07-18,LQD,118.31,0.00809475119291081
2023-07-19,LQD,118.21,-0.0008452370890035255
2023-07-20,LQD,118.26,0.0004229760595551024
2023-07-21,LQD,118.47,0.0017757483510907335
2023-07-24,LQD,119.48,0.008525365071326174
2023-07-25,LQD,119.73,0.002092400401740857
2023-07-26,LQD,118.88,-0.0070993067735739546
2023-07-27,LQD,118.57,-0.0026076716016151247
2023-07-28,LQD,118.45,-0.0010120603862696642
2023-07-31,LQD,118.52,0.0005909666525960589
2023-08-01,LQD,118.94,0.003543705703678679
2023-08-02,LQD,118.5,-0.0036993442071632243
2023-08-03,LQD,118.47,-0.00025316455696200446
2023-08-04,LQD,118.87,0.0033763822064658555
2023-08-07,LQD,118.92,0.00042062757634386827
2023-08-08,LQD,119.92,0.008409014463504949
2023-08-09,LQD,119.61,-0.0025850567044696238
2023-08-10,LQD,119.06,-0.004598277735975209
2023-08-11,LQD,120.09,0.008651100285570257
2023-08-14,LQD,121.32,0.01024231826130384
2023-08-15,LQD,122.31,0.008160237388724179
2023-08-16,LQD,122.42,0.0008993541002371153
2023-08-17,LQD,120.92,-0.012252899852965182
2023-08-18,LQD,118.33,-0.021419120079391396
2023-08-21,LQD,119.04,0.006000169018845591
2023-08-22,LQD,118.54,-0.004200268817204256
2023-08-23,LQD,119.82,0.010798042854732515
2023-08-24,LQD,121.18,0.01135035887164082
2023-08-25,LQD,121.3,0.0009902624195410326
2023-08-28,LQD,120.69,-0.005028854080791456
2023-08-29,LQD,120.08,-0.005054271273510658
2023-08-30,LQD,120.35,0.0022485009993338245
2023-08-31,LQD,119.97,-0.0031574574158703683
2023-09-01,LQD,120.36,0.0032508127031758427
2023-09-04,LQD,119.91,-0.0037387836490528903
2023-09-05,LQD,119.58,-0.0027520640480359626
2023-09-06,LQD,118.32,-0.010536879076768702
2023-09-07,LQD,118.42,0.0008451656524679496
2023-09-08,LQD,118.82,0.0033778078027359992
2023-09-11,LQD,119.4,0.004881333108904373
2023-09-12,LQD,120.34,0.00787269681742031
2023-09-13,LQD,120.5,0.001329566229017809
2023-09-14,LQD,119.94,-0.004647302904564388
2023-09-15,LQD,121.05,0.009254627313656894
2023-09-18,LQD,122.02,0.008013217678645157
2023-09-19,LQD,122.55,0.004343550237665861
2023-09-20,LQD,121.51,-0.00848633210934302
2023-09-21,LQD,121.5,-8.229775327139865e-05
2023-09-22,LQD,121.27,-0.0018930041152264154
2023-09-25,LQD,121.35,0.0006596850004123578
2023-09-26,LQD,120.19,-0.009559126493613457
2023-09-27,LQD,120.14,-0.00041600798735330624
2023-09-28,LQD,121.1,0.007990677542866642
2023-09-29,LQD,120.98,-0.0009909165978528867
2023-10-02,LQD,121.29,0.0025624070094230067
2023-10-03,LQD,119.29,-0.01648940555692968
2023-10-04,LQD,119.12,-0.0014250984994551574
2023-10-05,LQD,119.25,0.0010913364674278725
2023-10-06,LQD,121.16,0.016016771488469583
2023-10-09,LQD,120.74,-0.0034664905909541632
2023-10-10,LQD,119.84,-0.0074540334603279135
2023-10-11,LQD,120.57,0.006091455273698143
2023-10-12,LQD,120.87,0.0024881811395871534
2023-10-13,LQD,122.21,0.011086291056506825
2023-10-16,LQD,122.52,0.002536617298093402
2023-10-17,LQD,124.28,0.014365001632386631
2023-10-18,LQD,124.88,0.004827808175088544
2023-10-19,LQD,125.04,0.0012812299807816174
2023-10-20,LQD,124.95,-0.0007197696737044623
2023-10-23,LQD,125.65,0.0056022408963585235
2023-10-24,LQD,125.4,-0.0019896538002387443
2023-10-25,LQD,125.79,0.0031100478468899517
2023-10-26,LQD,125.79,0.0
2023-10-27,LQD,124.71,-0.008585738134986975
2023-10-30,LQD,125.88,0.00938176569641569
2023-10-31,LQD,125.67,-0.0016682554814108075
2023-11-01,LQD,125.76,0.0007161613750299445
2023-11-02,LQD,126.46,0.00556615776081415
2023-11-03,LQD,126.46,0.0
2023-11-06,LQD,125.89,-0.004507354104064443
2023-11-07,LQD,125.96,0.000556040988164197
2023-11-08,LQD,126.04,0.000635122261035459
2023-11-09,LQD,127.18,0.009044747699143096
2023-11-10,LQD,128.23,0.008256015096713254
2023-11-13,LQD,128.36,0.0010138033221556153
2023-11-14,LQD,129.19,0.006466188843876397
2023-11-15,LQD,128.91,-0.0021673504141187516
2023-11-16,LQD,129.21,0.0023272050267628686
2023-11-17,LQD,129.24,0.00023218017181325656
2023-11-20,LQD,129.67,0.003327143299288071
2023-11-21,LQD,130.18,0.003933060846764924
2023-11-22,LQD,131.24,0.008142571823628764
2023-11-23,LQD,132.05,0.00617189881133795
2023-11-24,LQD,133.47,0.01075350246118889
2023-11-27,LQD,131.78,-0.012662021428036296
2023-11-28,LQD,131.86,0.0006070723933830902
2023-11-29,LQD,132.68,0.006218716820870496
2023-11-30,LQD,132.35,-0.0024871872173651832
2023-12-01,LQD,132.11,-0.001813373630525028
2023-12-04,LQD,131.72,-0.002952085383392755
2023-12-05,LQD,130.03,-0.012830245976313326
2023-12-06,LQD,130.48,0.0034607398292700875
2023-12-07,LQD,129.73,-0.005748007357449403
2023-12-08,LQD,129.94,0.0016187466276111895
2023-12-11,LQD,129.38,-0.004309681391411413
2023-12-12,LQD,129.09,-0.0022414592672745925
2023-12-13,LQD,129.3,0.0016267720195213276
2023-12-14,LQD,128.9,-0.0030935808197989356
2023-12-15,LQD,129.29,0.003025601241272158
2023-12-18,LQD,130.39,0.008508005259494134
2023-12-19,LQD,129.5,-0.006825676815706672
2023-12-20,LQD,129.95,0.0034749034749033125
2023-12-21,LQD,128.52,-0.011004232397075597
2023-12-22,LQD,128.62,0.0007780890133830543
2023-12-25,LQD,128.45,-0.0013217229046805778
2023-12-26,LQD,128.24,-0.0016348773841959874
2023-12-27,LQD,129.86,0.0126325639426077
2023-12-28,LQD,132.17,0.0177883874942244
2023-12-29,LQD,132.53,0.002723764848301613
2024-01-01,LQD,132.86,0.002490002263638491
2024-01-02,LQD,133.87,0.007601987054041803
2024-01-03,LQD,133.81,-0.00044819601105550166
2024-01-04,LQD,134.76,0.00709961886256627
2024-01-05,LQD,133.76,-0.007420599584446408
2024-01-08,LQD,133.58,-0.0013456937799041224
2024-01-09,LQD,133.93,0.0026201527174727346
2024-01-10,LQD,133.13,-0.005973269618457455
2024-01-11,LQD,133.32,0.001427176444077194
2024-01-12,LQD,132.65,-0.005025502550254912
2024-01-15,LQD,131.39,-0.009498680738786458
2024-01-16,LQD,132.48,0.008295912930968985
2024-01-17,LQD,132.73,0.001887077294685957
2024-01-18,LQD,132.29,-0.0033150003767046243
2024-01-19,LQD,132.64,0.0026457026230251035
2024-01-22,LQD,132.93,0.00218636911942105
2024-01-23,LQD,131.77,-0.008726397351989768
2024-01-24,LQD,132.48,0.005388176367913555
2024-01-25,LQD,133.14,0.004981884057970953
2024-01-26,LQD,133.58,0.0033047919483253363
2024-01-29,LQD,131.95,-0.012202425512801485
2024-01-30,LQD,131.99,0.0003031451307315969
2024-01-31,LQD,132.46,0.0035608758239260574
2024-02-01,LQD,132.99,0.0040012079118223465
2024-02-02,LQD,134.4,0.010602300924881458
2024-02-05,LQD,134.41,7.44047619047894e-05
2024-02-06,LQD,134.62,0.0015623837512090955
2024-02-07,LQD,134.22,-0.0029713266973704355
2024-02-08,LQD,132.57,-0.012293249888243207
2024-02-09,LQD,131.37,-0.009051821679112781
2024-02-12,LQD,131.79,0.003197076958209477
2024-02-13,LQD,131.49,-0.002276348736626299
2024-02-14,LQD,133.64,0.016351053312038788
2024-02-15,LQD,133.57,-0.0005237952708769811
2024-02-16,LQD,132.89,-0.005090963539717053
2024-02-19,LQD,133.59,0.00526751448566487
2024-02-20,LQD,131.26,-0.017441425256381593
2024-02-21,LQD,130.92,-0.002590278835898241
2024-02-22,LQD,131.35,0.003284448518179106
2024-02-23,LQD,130.92,-0.003273696231442802
2024-02-26,LQD,129.72,-0.009165902841429818
2024-02-27,LQD,129.59,-0.001002158495220451
2024-02-28,LQD,129.68,0.0006944980322556304
2024-02-29,LQD,129.75,0.0005397902529302723
2024-03-01,LQD,130.75,0.007707129094412402
2024-03-04,LQD,128.76,-0.015219885277246714
2024-03-05,LQD,128.69,-0.0005436470953711359
2024-03-06,LQD,127.94,-0.005827958660346577
2024-03-07,LQD,127.99,0.0003908081913397421
2024-03-08,LQD,127.97,-0.00015626220798492518
2024-03-11,LQD,127.78,-0.001484722981948905
2024-03-12,LQD,127.54,-0.0018782282047268284
2024-03-13,LQD,129.43,0.014818880351262331
2024-03-14,LQD,130.56,0.008730587962605174
2024-03-15,LQD,130.78,0.001685049019607865
2024-03-18,LQD,131.25,0.003593821685272891
2024-03-19,LQD,131.19,-0.00045714285714282266
2024-03-20,LQD,131.64,0.003430139492339279
2024-03-21,LQD,132.23,0.004481920388939464
2024-03-22,LQD,133.12,0.006730696513650658
2024-03-25,LQD,134.19,0.008037860576923128
2024-03-26,LQD,132.43,-0.013115731425590527
2024-03-27,LQD,130.2,-0.0168390847995169
2024-03-28,LQD,129.68,-0.0039938556067586894
2024-03-29,LQD,131.36,0.012954966070326979
2024-04-01,LQD,130.94,-0.0031973203410475826
2024-04-02,LQD,129.2,-0.013288529097296498
2024-04-03,LQD,127.8,-0.010835913312693402
2024-04-04,LQD,127.6,-0.0015649452269170805
2024-04-05,LQD,127.41,-0.0014890282131660992
2024-04-08,LQD,127.04,-0.0029040106742013183
2024-04-09,LQD,126.31,-0.00574622166246852
2024-04-10,LQD,127.34,0.008154540416435818
2024-04-11,LQD,127.46,0.0009423590387938052
2024-04-12,LQD,127.46,0.0
2024-04-15,LQD,127.5,0.00031382394476708875
2024-04-16,LQD,125.53,-0.015450980392156866
2024-04-17,LQD,124.6,-0.0074085875886242825
2024-04-18,LQD,124.59,-8.025682182977167e-05
2024-04-19,LQD,125.55,0.007705273296412241
2024-04-22,LQD,125.66,0.0008761449621663697
2024-04-23,LQD,125.26,-0.003183192742320484
2024-04-24,LQD,125.45,0.0015168449624780589
2024-04-25,LQD,125.97,0.004145077720207224
2024-04-26,LQD,125.69,-0.0022227514487576094
2024-04-29,LQD,124.71,-0.007796960776513706
2024-04-30,LQD,123.02,-0.013551439339267057
2024-05-01,LQD,121.42,-0.013006015282067906
2024-05-02,LQD,121.3,-0.0009883050568275653
2024-05-03,LQD,121.87,0.004699093157460865
2024-05-06,LQD,121.23,-0.005251497497333224
2024-05-07,LQD,120.09,-0.00940361296708736
2024-05-08,LQD,119.85,-0.001998501124157004
2024-05-09,LQD,118.92,-0.007759699624530603
2024-05-10,LQD,118.49,-0.003615876219307146
2024-05-13,LQD,117.81,-0.0057388809182208345
2024-05-14,LQD,117.48,-0.0028011204481792618
2024-05-15,LQD,117.06,-0.003575076608784533
2024-05-16,LQD,118.35,0.01101998974884677
2024-05-17,LQD,118.68,0.0027883396704690977
2024-05-20,LQD,119.59,0.007667677789012339
2024-05-21,LQD,119.94,0.002926666109206444
2024-05-22,LQD,119.85,-0.0007503751875937992
2024-05-23,LQD,119.88,0.0002503128911139907
2024-05-24,LQD,120.59,0.005922589255922706
2024-05-27,LQD,120.95,0.0029853221660169904
2024-05-28,LQD,120.84,-0.0009094667217858232
2024-05-29,LQD,121.07,0.0019033432638198011
2024-05-30,LQD,120.82,-0.002064921120013219
2024-05-31,LQD,120.74,-0.0006621420294653513
2024-06-03,LQD,119.79,-0.007868146430346057
2024-06-04,LQD,120.12,0.0027548209366390353
2024-06-05,LQD,119.73,-0.0032467532467532756
2024-06-06,LQD,119.02,-0.005930009187338214
2024-06-07,LQD,119.17,0.0012602923878339833
2024-06-10,LQD,120.47,0.010908785768230178
2024-06-11,LQD,120.02,-0.0037353698016103776
2024-06-12,LQD,120.76,0.006165639060156769
2024-06-13,LQD,120.55,-0.001738986419344224
2024-06-14,LQD,121.33,0.006470344255495641
2024-06-17,LQD,121.83,0.004120992334954332
2024-06-18,LQD,121.97,0.0011491422473939306
2024-06-19,LQD,121.26,-0.005821103550053275
2024-06-20,LQD,120.99,-0.0022266204849085147
2024-06-21,LQD,121.28,0.0023968923051491675
2024-06-24,LQD,121.59,0.0025560686015830836
2024-06-25,LQD,121.39,-0.0016448721111933517
2024-06-26,LQD,121.31,-0.0006590328692643865
2024-06-27,LQD,120.5,-0.006677108235100149
2024-06-28,LQD,120.67,0.0014107883817426892
2024-07-01,LQD,120.65,-0.00016574127786517234
2024-07-02,LQD,118.88,-0.014670534604227181
2024-07-03,LQD,119.12,0.0020188425302827273
2024-07-04,LQD,118.82,-0.002518468770987381
2024-07-05,LQD,118.49,-0.0027773102171351205
2024-07-08,LQD,117.88,-0.005148113764874673
2024-07-09,LQD,117.33,-0.004665761791652456
2024-07-10,LQD,117.58,0.002130742350634929
2024-07-11,LQD,117.66,0.0006803878210579484
2024-07-12,LQD,117.01,-0.005524392316845095
2024-07-15,LQD,116.7,-0.002649346209725678
2024-07-16,LQD,117.52,0.007026563838903099
2024-07-17,LQD,117.25,-0.002297481279782132
2024-07-18,LQD,117.01,-0.002046908315564977
2024-07-19,LQD,117.09,0.0006837022476711141
2024-07-22,LQD,115.97,-0.009565291655991182
2024-07-23,LQD,116.06,0.0007760627748556459
2024-07-24,LQD,116.86,0.006892986386351829
2024-07-25,LQD,116.67,-0.0016258771179188392
2024-07-26,LQD,116.37,-0.002571355104139861
2024-07-29,LQD,116.01,-0.0030935808197989356
2024-07-30,LQD,115.58,-0.003706577019222501
2024-07-31,LQD,115.16,-0.003633846686277864
2024-08-01,LQD,115.16,0.0
2024-08-02,LQD,115.98,0.0071205279610977446
2024-08-05,LQD,116.63,0.005604414554233328
2024-08-06,LQD,117.31,0.0058304038412073655
2024-08-07,LQD,117.47,0.001363907595260283
2024-08-08,LQD,117.96,0.004171277773048487
2024-08-09,LQD,119.23,0.010766361478467434
2024-08-12,LQD,118.36,-0.0072968212698146795
2024-08-13,LQD,119.0,0.005407232173031407
2024-08-14,LQD,119.8,0.006722689075630228
2024-08-15,LQD,120.4,0.005008347245408995
2024-08-16,LQD,120.27,-0.0010797342192692128
2024-08-19,LQD,119.45,-0.006817992849422083
2024-08-20,LQD,119.61,0.0013394725826705312
2024-08-21,LQD,119.13,-0.004013042387760235
2024-08-22,LQD,118.82,-0.0026021992780995706
2024-08-23,LQD,119.65,0.006985356000673404
2024-08-26,LQD,121.12,0.012285833681571212
2024-08-27,LQD,121.4,0.002311756935270859
2024-08-28,LQD,120.56,-0.006919275123558499
2024-08-29,LQD,120.73,0.0014100862641008849
2024-08-30,LQD,121.33,0.004969767249233703
2024-09-02,LQD,121.43,0.0008241984669909996
2024-09-03,LQD,120.91,-0.004282302561146478
2024-09-04,LQD,120.48,-0.0035563642378627636
2024-09-05,LQD,120.34,-0.0011620185922974757
2024-09-06,LQD,120.53,0.0015788598969586065
2024-09-09,LQD,121.49,0.007964822036007568
2024-09-10,LQD,122.3,0.006667215408675542
2024-09-11,LQD,121.91,-0.0031888798037612576
2024-09-12,LQD,121.08,-0.006808301205807554
2024-09-13,LQD,121.02,-0.0004955401387513048
2024-09-16,LQD,119.27,-0.01446041976532808
2024-09-17,LQD,119.05,-0.00184455437243225
2024-09-18,LQD,119.29,0.0020159596808064784
2024-09-19,LQD,118.63,-0.005532735350825768
2024-09-20,LQD,118.56,-0.0005900699654387553
2024-09-23,LQD,119.27,0.005988529014844701
2024-09-24,LQD,119.12,-0.0012576507084764987
2024-09-25,LQD,119.28,0.001343183344526544
2024-09-26,LQD,119.92,0.005365526492287165
2024-09-27,LQD,119.78,-0.0011674449633088946
2024-09-30,LQD,119.95,0.0014192686592084947
2024-10-01,LQD,120.66,0.0059191329720715835
2024-10-02,LQD,120.2,-0.003812365324051048
2024-10-03,LQD,120.51,0.0025790349417638136
2024-10-04,LQD,120.82,0.0025724006306528935
2024-10-07,LQD,120.1,-0.0059592782651878284
2024-10-08,LQD,119.66,-0.0036636136552872234
2024-10-09,LQD,119.82,0.0013371218452280509
2024-10-10,LQD,118.64,-0.009848105491570669
2024-10-11,LQD,117.97,-0.005647336480107956
2024-10-14,LQD,118.28,0.00262778672543873
2024-10-15,LQD,118.89,0.005157253973621989
2024-10-16,LQD,118.99,0.0008411136344519399
2024-10-17,LQD,119.67,0.00571476594671827
2024-10-18,LQD,118.79,-0.007353555611264273
2024-10-21,LQD,119.72,0.007828941830120284
2024-10-22,LQD,119.46,-0.0021717340461075985
2024-10-23,LQD,118.31,-0.009626653273062002
2024-10-24,LQD,118.51,0.001690474178007051
2024-10-25,LQD,118.15,-0.0030377183360054127
2024-10-28,LQD,117.56,-0.004993652137113891
2024-10-29,LQD,117.8,0.0020415107179312386
2024-10-30,LQD,117.55,-0.0021222410865874286
2024-10-31,LQD,117.5,-0.00042535091450446316
2024-11-01,LQD,117.98,0.004085106382978765
2024-11-04,LQD,118.26,0.0023732836073910857
2024-11-05,LQD,118.6,0.002875021139861156
2024-11-06,LQD,118.72,0.0010118043844857816
2024-11-07,LQD,119.16,0.0037061994609164373
2024-11-08,LQD,119.29,0.0010909701242027836
2024-11-11,LQD,118.62,-0.0056165646743231434
2024-11-12,LQD,118.49,-0.0010959366042826435
2024-11-13,LQD,119.07,0.0048949278420120645
2024-11-14,LQD,118.7,-0.0031074158058284063
2024-11-15,LQD,118.81,0.0009267059814659362
2024-11-18,LQD,118.68,-0.0010941839912465001
2024-11-19,LQD,118.31,-0.003117627232895215
2024-11-20,LQD,117.71,-0.00507142253402082
2024-11-21,LQD,117.28,-0.0036530456205928763
2024-11-22,LQD,117.41,0.0011084583901772582
2024-11-25,LQD,117.53,0.0010220594497913904
2024-11-26,LQD,117.73,0.001701693184718911
2024-11-27,LQD,118.0,0.002293383164868823
2024-11-28,LQD,117.5,-0.004237288135593209
2024-11-29,LQD,118.38,0.0074893617021276615
2024-12-02,LQD,118.24,-0.0011826322013853696
2024-12-03,LQD,117.97,-0.0022834912043301347
2024-12-04,LQD,117.92,-0.000423836568619107
2024-12-05,LQD,117.41,-0.004324966078697479
2024-12-06,LQD,118.14,0.006217528319564014
2024-12-09,LQD,119.36,0.010326730997122002
2024-12-10,LQD,119.21,-0.0012567024128686821
2024-12-11,LQD,120.96,0.014679976512037562
2024-12-12,LQD,121.3,0.002810846560846514
2024-12-13,LQD,121.37,0.0005770816158285896
2024-12-16,LQD,122.04,0.005520309796489986
2024-12-17,LQD,123.91,0.015322844968862492
2024-12-18,LQD,123.96,0.00040351868291499393
2024-12-19,LQD,124.58,0.005001613423684992
2024-12-20,LQD,124.23,-0.0028094397174506236
2024-12-23,LQD,123.86,-0.0029783466151493965
2024-12-24,LQD,124.27,0.0033101889229776305
2024-12-25,LQD,124.83,0.004506316890641404
2024-12-26,LQD,124.89,0.0004806536890171742
2024-12-27,LQD,125.22,0.002642325246216659
2024-12-30,LQD,125.29,0.0005590161316084696
2024-12-31,LQD,124.91,-0.0030329635246229003
2025-01-01,LQD,125.38,0.003762709150588517
2025-01-02,LQD,124.57,-0.006460360504067619
2025-01-03,LQD,125.13,0.00449546439752746
2025-01-06,LQD,125.54,0.003276592343962381
2025-01-07,LQD,124.96,-0.004620041421061094
2025-01-08,LQD,125.47,0.004081306017925668
2025-01-09,LQD,124.72,-0.005977524507850496
2025-01-10,LQD,123.22,-0.012026940346375858
2025-01-13,LQD,123.64,0.0034085375750689817
2025-01-14,LQD,125.27,0.013183435781300545
2025-01-15,LQD,125.57,0.002394827173305636
2025-01-16,LQD,126.72,0.009158238432746657
2025-01-17,LQD,124.95,-0.013967803030302983
2025-01-20,LQD,125.05,0.0008003201280510908
2025-01-21,LQD,124.04,-0.00807676929228296
2025-01-22,LQD,123.56,-0.003869719445340203
2025-01-23,LQD,123.46,-0.0008093234056330001
2025-01-24,LQD,123.82,0.002915924185971086
2025-01-27,LQD,124.57,0.006057179777095856
2025-01-28,LQD,123.86,-0.005699606646865196
2025-01-29,LQD,123.33,-0.004279024705312495
2025-01-30,LQD,123.51,0.0014594989053757779
2025-01-31,LQD,122.92,-0.0047769411383693505
2025-02-03,LQD,123.23,0.0025219655060202406
2025-02-04,LQD,122.49,-0.006005031242392378
2025-02-05,LQD,121.13,-0.011102947179361555
2025-02-06,LQD,120.07,-0.008750928754231002
2025-02-07,LQD,119.34,-0.006079786791038488
2025-02-10,LQD,119.97,0.005279034690799378
2025-02-11,LQD,120.03,0.0005001250312577366
2025-02-12,LQD,119.87,-0.0013330000833124966
2025-02-13,LQD,120.21,0.0028364061066155077
2025-02-14,LQD,120.67,0.003826636719075127
2025-02-17,LQD,121.46,0.006546780475677361
2025-02-18,LQD,121.66,0.0016466326362589712
2025-02-19,LQD,121.29,-0.003041262534933309
2025-02-20,LQD,121.01,-0.002308516777970171
2025-02-21,LQD,121.12,0.0009090157838194113
2025-02-24,LQD,120.48,-0.005284015852047519
2025-02-25,LQD,120.3,-0.0014940239043825798
2025-02-26,LQD,119.91,-0.0032418952618453734
2025-02-27,LQD,120.2,0.0024184805270619503
2025-02-28,LQD,119.13,-0.008901830282861956
2025-03-03,LQD,118.97,-0.0013430705951481547
2025-03-04,LQD,119.32,0.0029419181306211684
2025-03-05,LQD,118.66,-0.005531344284277595
2025-03-06,LQD,118.65,-8.427439743796672e-05
2025-03-07,LQD,117.55,-0.00927096502317748
2025-03-10,LQD,116.35,-0.010208421948107227
2025-03-11,LQD,116.88,0.00455522131499797
2025-03-12,LQD,116.66,-0.0018822724161533522
2025-03-13,LQD,116.27,-0.0033430481741814067
2025-03-14,LQD,116.57,0.0025802012556979115
2025-03-17,LQD,115.79,-0.006691258471304695
2025-03-18,LQD,116.3,0.004404525433975293
2025-03-19,LQD,116.58,0.002407566638005232
2025-03-20,LQD,116.35,-0.001972894149939952
2025-03-21,LQD,115.31,-0.008938547486033399
2025-03-24,LQD,115.65,0.002948573410805677
2025-03-25,LQD,116.62,0.00838737570255077
2025-03-26,LQD,117.8,0.010118333047504757
2025-03-27,LQD,118.39,0.005008488964346469
2025-03-28,LQD,117.58,-0.006841794070445162
2025-03-31,LQD,119.13,0.01318251403299886
2025-04-01,LQD,119.62,0.004113153697641314
2025-04-02,LQD,119.44,-0.0015047650894499665
2025-04-03,LQD,119.92,0.004018754186202234
2025-04-04,LQD,120.83,0.007588392261507648
2025-04-07,LQD,120.91,0.0006620872299925029
2025-04-08,LQD,121.74,0.006864610040526076
2025-04-09,LQD,120.67,-0.008789222934121876
2025-04-10,LQD,121.45,0.006463909836744941
2025-04-11,LQD,121.96,0.004199258954302065
2025-04-14,LQD,122.16,0.0016398819285010635
2025-04-15,LQD,122.48,0.0026195153896528822
2025-04-16,LQD,121.57,-0.00742978445460496
2025-04-17,LQD,121.83,0.0021386855309699637
2025-04-18,LQD,122.32,0.004021997865878646
2025-04-21,LQD,122.53,0.0017168083714846905
2025-04-22,LQD,122.28,-0.0020403166571452136
2025-04-23,LQD,122.3,0.00016355904481524242
2025-04-24,LQD,123.05,0.00613246116107935
2025-04-25,LQD,123.68,0.0051198699715564455
2025-04-28,LQD,123.16,-0.004204398447606783
2025-04-29,LQD,123.74,0.004709321208184569
2025-04-30,LQD,123.91,0.001373848391789334
2025-05-01,LQD,123.95,0.00032281494633212837
2025-05-02,LQD,123.86,-0.0007260992335619276
2025-05-05,LQD,123.24,-0.005005651542063672
2025-05-06,LQD,123.3,0.00048685491723476915
2025-05-07,LQD,122.82,-0.00389294403892948
2025-05-08,LQD,123.66,0.006839276990718179
2025-05-09,LQD,122.31,-0.01091703056768556
2025-05-12,LQD,123.7,0.011364565448450659
2025-05-13,LQD,122.7,-0.00808407437348424
2025-05-14,LQD,122.7,0.0
2025-05-15,LQD,121.9,-0.006519967400163029
2025-05-16,LQD,121.52,-0.003117309269893398
2025-05-19,LQD,120.68,-0.006912442396313279
2025-05-20,LQD,121.06,0.003148823334438111
2025-05-21,LQD,121.33,0.0022302990252767163
2025-05-22,LQD,121.26,-0.0005769389268935887
2025-05-23,LQD,122.2,0.007751937984496138
2025-05-26,LQD,122.68,0.003927986906710368
2025-05-27,LQD,123.39,0.005787414411476899
2025-05-28,LQD,123.82,0.003484885322959652
2025-05-29,LQD,123.5,-0.0025843967048941874
2025-05-30,LQD,124.11,0.004939271255060662
2025-06-02,LQD,123.38,-0.005881878978325705
2025-06-03,LQD,123.39,8.105041335704222e-05
2025-06-04,LQD,122.95,-0.0035659291676797267
2025-06-05,LQD,123.32,0.003009353395689196
2025-06-06,LQD,123.83,0.004135582225105461
2025-06-09,LQD,124.75,0.007429540499071408
2025-06-10,LQD,124.26,-0.003927855711422845
2025-06-11,LQD,124.91,0.005230967326573355
2025-06-12,LQD,124.39,-0.004162997358097775
2025-06-13,LQD,123.51,-0.007074523675536626
2025-06-16,LQD,123.09,-0.0034005343696866808
2025-06-17,LQD,123.47,0.003087171987976145
2025-06-18,LQD,122.91,-0.004535514699927079
2025-06-19,LQD,122.25,-0.005369782767878917
2025-06-20,LQD,122.79,0.004417177914110448
2025-06-23,LQD,125.04,0.018323967749816816
2025-06-24,LQD,125.27,0.0018394113883557495
2025-06-25,LQD,126.01,0.005907240360820687
2025-06-26,LQD,125.91,-0.0007935878104913252
2025-06-27,LQD,126.78,0.0069096974029068114
2025-06-30,LQD,126.21,-0.004495977283483277
2025-07-01,LQD,127.1,0.007051739164883886
2025-07-02,LQD,126.91,-0.0014948859166010742
2025-07-03,LQD,127.28,0.00291545189504383
2025-07-04,LQD,128.82,0.012099308610936443
2025-07-07,LQD,128.93,0.0008539046731874667
2025-07-08,LQD,128.75,-0.001396106414333409
2025-07-09,LQD,128.26,-0.0038058252427185524
2025-07-10,LQD,127.63,-0.004911897707780999
2025-07-11,LQD,127.0,-0.0049361435399200015
2025-07-14,LQD,127.54,0.004251968503937054
2025-07-15,LQD,128.26,0.005645287752861661
2025-07-16,LQD,128.81,0.004288164665523286
2025-07-17,LQD,129.4,0.004580389721295042
2025-07-18,LQD,129.07,-0.002550231839258177
2025-07-21,LQD,130.1,0.00798016580150307
2025-07-22,LQD,130.38,0.0021521906225980825
2025-07-23,LQD,130.82,0.003374750728639242
2025-07-24,LQD,130.69,-0.0009937318452835076
2025-07-25,LQD,130.19,-0.0038258474252046426
2025-07-28,LQD,129.6,-0.004531838082802109
2025-07-29,LQD,129.19,-0.0031635802469135443
2025-07-30,LQD,128.07,-0.008669401656475006
2025-07-31,LQD,127.88,-0.0014835636761145743
2025-08-01,LQD,127.52,-0.0028151391929934766
2025-08-04,LQD,127.55,0.00023525721455452953
2025-08-05,LQD,127.62,0.0005488043904351425
2025-08-06,LQD,127.66,0.0003134304967873369
2025-08-07,LQD,127.45,-0.0016449945166848723
2025-08-08,LQD,128.43,0.007689289917614861
2025-08-11,LQD,128.93,0.00389317137740397
2025-08-12,LQD,128.06,-0.00674784766927794
2025-08-13,LQD,127.66,-0.0031235358425738546
2025-08-14,LQD,128.13,0.003681654394485312
2025-08-15,LQD,127.28,-0.00663388745805038
2025-08-18,LQD,126.83,-0.0035355122564425523
2025-08-19,LQD,126.01,-0.006465347315303904
2025-08-20,LQD,125.97,-0.0003174351241965745
2025-08-21,LQD,126.85,0.006985790267523884
2025-08-22,LQD,127.78,0.00733149389042187
2025-08-25,LQD,128.2,0.0032868993582719774
2025-08-26,LQD,128.29,0.0007020280811231849
2025-08-27,LQD,127.98,-0.0024164003429728576
2025-08-28,LQD,128.34,0.002812939521800173
2025-08-29,LQD,128.89,0.004285491662770591
2025-09-01,LQD,129.53,0.004965474435565387
2025-09-02,LQD,130.49,0.007411410484057912
2025-09-03,LQD,130.38,-0.0008429764732931222
2025-09-04,LQD,129.76,-0.004755330572173699
2025-09-05,LQD,129.02,-0.005702836004932044
2025-09-08,LQD,130.25,0.009533405673538997
2025-09-09,LQD,129.05,-0.009213051823416474
2025-09-10,LQD,129.7,0.005036807438977053
2025-09-11,LQD,129.58,-0.0009252120277561948
2025-09-12,LQD,129.69,0.000848896434634927
2025-09-15,LQD,130.69,0.0077106947335954246
2025-09-16,LQD,130.3,-0.0029841609916595457
2025-09-17,LQD,130.2,-0.0007674597083654477
2025-09-18,LQD,130.39,0.001459293394777239
2025-09-19,LQD,130.37,-0.00015338599585845714
2025-09-22,LQD,130.64,0.002071028610876491
2025-09-23,LQD,131.24,0.0045927740355176105
2025-09-24,LQD,130.58,-0.005028954587016132
2025-09-25,LQD,131.57,0.007581559197426646
2025-09-26,LQD,131.64,0.0005320361784599825
2025-09-29,LQD,132.1,0.003494378608325688
2025-09-30,LQD,131.79,-0.0023467070401211876
2025-10-01,LQD,133.41,0.01229228317778297
2025-10-02,LQD,132.39,-0.0076456037778278585
2025-10-03,LQD,131.55,-0.006344890097439215
2025-10-06,LQD,132.52,0.0073736221968832005
2025-10-07,LQD,133.54,0.007696951403561636
2025-10-08,LQD,132.06,-0.01108282162647889
2025-10-09,LQD,132.15,0.0006815084052702591
2025-10-10,LQD,132.1,-0.0003783579265986825
2025-10-13,LQD,132.79,0.0052233156699470484
2025-10-14,LQD,133.0,0.001581444385872599
2025-10-15,LQD,134.63,0.012255639097744409
2025-10-16,LQD,135.27,0.004753769590730261
2025-10-17,LQD,135.17,-0.0007392622163082674
2025-10-20,LQD,134.05,-0.00828586224753991
2025-10-21,LQD,134.09,0.00029839612085047484
2025-10-22,LQD,132.86,-0.009172943545379897
2025-10-23,LQD,133.04,0.001354809573987481
2025-10-24,LQD,131.69,-0.010147324113048639
2025-10-27,LQD,131.64,-0.00037967955045947743
2025-10-28,LQD,130.56,-0.008204193254329861
2025-10-29,LQD,129.72,-0.006433823529411797
2025-10-30,LQD,128.87,-0.006552574776441555
2025-10-31,LQD,129.15,0.0021727322107549796
2025-11-03,LQD,128.52,-0.004878048780487809
2025-11-04,LQD,127.88,-0.004979769685652169
2025-11-05,LQD,128.21,0.002580544260244011
2025-11-06,LQD,128.51,0.0023399110833786096
2025-11-07,LQD,128.95,0.0034238580655201467
2025-11-10,LQD,128.32,-0.004885614579294262
2025-11-11,LQD,128.51,0.0014806733167083141
2025-11-12,LQD,129.58,0.008326200295696973
2025-11-13,LQD,129.34,-0.0018521376755672447
2025-11-14,LQD,128.38,-0.007422297819700052
2025-11-17,LQD,129.48,0.008568312821311652
2025-11-18,LQD,129.91,0.00332097621254257
2025-11-19,LQD,129.11,-0.006158109460395522
2025-11-20,LQD,128.58,-0.00410502672140034
2025-11-21,LQD,128.86,0.0021776326022708847
2025-11-24,LQD,127.96,-0.00698432407263716
2025-11-25,LQD,127.24,-0.005626758361988116
2025-11-26,LQD,126.02,-0.009588179817667353
2025-11-27,LQD,126.14,0.0009522298047930366
2025-11-28,LQD,126.28,0.0011098779134295356
2025-12-01,LQD,125.19,-0.00863161229014886
2025-12-02,LQD,125.84,0.005192107995846351
2025-12-03,LQD,126.3,0.003655435473617352
2025-12-04,LQD,126.4,0.0007917656373714888
2025-12-05,LQD,126.99,0.0046677215189872
2025-12-08,LQD,127.73,0.005827230490589974
2025-12-09,LQD,127.3,-0.0033664761606514437
2025-12-10,LQD,128.75,0.011390416339355891
2025-12-11,LQD,127.9,-0.0066019417475727815
2025-12-12,LQD,126.96,-0.007349491790461404
2025-12-15,LQD,125.74,-0.00960932577189666
2025-12-16,LQD,123.99,-0.013917607762048645
2025-12-17,LQD,123.3,-0.005564964916525472
2025-12-18,LQD,123.62,0.0025952960259529867
2025-12-19,LQD,123.92,0.0024267917812650364
2025-12-22,LQD,123.9,-0.00016139444803098257
2025-12-23,LQD,124.01,0.0008878127522196078
2025-12-24,LQD,122.96,-0.008467059108136499
2025-12-25,LQD,124.9,0.015777488614183488
2025-12-26,LQD,124.12,-0.006244995996797398
2025-12-29,LQD,123.41,-0.0057202707057686375
2025-12-30,LQD,123.72,0.002511952029819353
2025-12-31,LQD,123.08,-0.005172971225347545
2026-01-01,LQD,122.24,-0.00682482937926554
2026-01-02,LQD,122.3,0.0004908376963350669
2026-01-05,LQD,121.67,-0.0051512673753065785
2026-01-06,LQD,123.06,0.011424344538505826
2026-01-07,LQD,123.6,0.004388103364212581
2026-01-08,LQD,124.2,0.004854368932038833
2026-01-09,LQD,125.53,0.010708534621578059
2026-01-12,LQD,124.0,-0.012188321516768963
2026-01-13,LQD,123.23,-0.006209677419354853
2026-01-14,LQD,124.06,0.006735372879980606
2026-01-15,LQD,122.64,-0.011446074480090274
2026-01-16,LQD,121.71,-0.007583170254403138
2026-01-19,LQD,121.58,-0.0010681127269739354
2026-01-20,LQD,121.42,-0.0013160059220266307
2026-01-21,LQD,121.55,0.0010706638115631772
2026-01-22,LQD,121.19,-0.002961744138214706
2026-01-23,LQD,121.38,0.0015677861209670851
2026-01-26,LQD,122.02,0.005272697314219865
2026-01-27,LQD,123.67,0.013522373381412933
2026-01-28,LQD,123.13,-0.004366459125091038
2026-01-29,LQD,123.25,0.0009745797124989242
2026-01-30,LQD,124.26,0.008194726166328659
2026-02-02,LQD,124.45,0.001529051987767538
2026-02-03,LQD,124.18,-0.002169546002410594
2026-02-04,LQD,123.71,-0.003784828474794777
2026-02-05,LQD,123.59,-0.0009700105084471389
2026-02-06,LQD,124.14,0.004450198236103153
2026-02-09,LQD,123.27,-0.007008216529724498
2026-02-10,LQD,124.36,0.008842378518698846
2026-02-11,LQD,122.92,-0.011579285944033457
2026-02-12,LQD,121.92,-0.008135372600065138
2026-02-13,LQD,122.21,0.0023786089238844177
2026-02-16,LQD,121.35,-0.007037067343097947
2026-02-17,LQD,121.3,-0.00041203131437983487
2026-02-18,LQD,121.9,0.004946413849958864
2026-02-19,LQD,121.33,-0.004675963904840041
2026-02-20,LQD,120.67,-0.005439709882139598
2026-02-23,LQD,121.31,0.0053037208916881795
2026-02-24,LQD,120.29,-0.008408210370126068
2026-02-25,LQD,120.55,0.002161443178984035
2026-02-26,LQD,120.36,-0.0015761094981335821
2026-02-27,LQD,120.66,0.002492522432701927
2026-03-02,LQD,119.61,-0.00870213823968169
2026-03-03,LQD,120.18,0.004765487835465265
2026-03-04,LQD,119.8,-0.003161923780995224
2026-03-05,LQD,120.53,0.006093489148581099
2026-03-06,LQD,120.03,-0.00414834481042059
2026-03-09,LQD,119.94,-0.0007498125468633488
2026-03-10,LQD,120.09,0.001250625312656295
2026-03-11,LQD,120.91,0.006828212174202708
2026-03-12,LQD,120.56,-0.00289471507733019
2026-03-13,LQD,121.43,0.007216323822163195
2026-03-16,LQD,121.61,0.0014823355019351059
2026-03-17,LQD,122.73,0.009209768933475804
2026-03-18,LQD,123.25,0.004236942882750672
2026-03-19,LQD,121.96,-0.010466531440162297
2026-03-20,LQD,122.55,0.004837651689078459
2026-03-23,LQD,123.59,0.008486332109343131
2026-03-24,LQD,124.77,0.009547698033821383
2026-03-25,LQD,125.43,0.005289733108920558
2026-03-26,LQD,124.71,-0.005740253527864225
2026-03-27,LQD,125.39,0.005452650148344285
2026-03-30,LQD,125.88,0.0039078076401626305
2026-03-31,LQD,124.91,-0.007705751509374026
2026-04-01,LQD,126.4,0.01192858858378032
2026-04-02,LQD,127.61,0.009572784810126578
2026-04-03,LQD,127.22,-0.0030561868192148234
2026-04-06,LQD,128.41,0.009353875176858928
2026-04-07,LQD,128.06,-0.0027256444202164998
2026-04-08,LQD,128.11,0.00039044198032178734
2026-04-09,LQD,128.73,0.004839590976504438
2026-04-10,LQD,128.45,-0.002175095160413254
2026-04-13,LQD,129.14,0.0053717399766446405
2026-04-14,LQD,129.91,0.00596252129471897
2026-04-15,LQD,130.12,0.00161650373335398
2026-04-16,LQD,129.7,-0.0032277897325546645
2026-04-17,LQD,129.91,0.0016191210485736462
2026-04-20,LQD,130.42,0.003925794781002079
2026-04-21,LQD,130.83,0.0031436896181569196
2026-04-22,LQD,131.73,0.006879156156844646
2026-04-23,LQD,131.91,0.0013664313368253467
2026-04-24,LQD,132.74,0.006292168903039963
2026-04-27,LQD,131.6,-0.008588217568178513
2026-04-28,LQD,131.27,-0.002507598784194376
2026-04-29,LQD,131.5,0.0017521139635863214
2026-04-30,LQD,130.85,-0.004942965779467734
2026-05-01,LQD,131.17,0.0024455483377912035
2026-05-04,LQD,131.47,0.0022871083326980735
2026-05-05,LQD,130.26,-0.009203620597855067
2026-05-06,LQD,129.85,-0.003147551051742692
2026-05-07,LQD,128.87,-0.007547169811320642
2026-05-08,LQD,127.71,-0.00900131915884228
2026-05-11,LQD,128.37,0.0051679586563309066
2026-05-12,LQD,128.15,-0.001713796058269046
2026-05-13,LQD,127.34,-0.0063207179087008125
2026-05-14,LQD,126.51,-0.006517983351656986
2026-05-15,LQD,127.27,0.006007430242668477
2026-05-18,LQD,128.46,0.0093502003614363
2026-05-19,LQD,129.15,0.005371321812237317
2026-05-20,LQD,128.4,-0.005807200929152101
2026-05-21,LQD,128.75,0.002725856697819218
2026-05-22,LQD,129.08,0.0025631067961167098
2026-05-25,LQD,129.64,0.004338394793925948
2026-05-26,LQD,130.29,0.005013884603517482
2026-05-27,LQD,130.36,0.000537263028628665
2026-05-28,LQD,131.91,0.011890150352868778
2026-05-29,LQD,132.95,0.00788416344477283
2026-06-01,LQD,134.65,0.012786761940579261
2026-06-02,LQD,136.04,0.010323059784626665
2026-06-03,LQD,135.5,-0.003969420758600406
2026-06-04,LQD,136.31,0.005977859778597772
2026-06-05,LQD,136.27,-0.0002934487565108279
2026-06-08,LQD,136.49,0.0016144419167829493
2026-06-09,LQD,136.19,-0.002197963220748833
2026-06-10,LQD,135.03,-0.008517512298994001
2026-06-11,LQD,134.99,-0.00029623046730353764
2026-06-12,LQD,135.66,0.004963330617082651
2026-06-15,LQD,135.84,0.0013268465280849018
2026-06-16,LQD,135.8,-0.00029446407538269437
2026-06-17,LQD,134.52,-0.009425625920471248
2026-06-18,LQD,135.73,0.008994944989592524
2026-06-19,LQD,136.1,0.0027260001473514706
2026-06-22,LQD,135.62,-0.00352681851579717
2026-06-23,LQD,136.18,0.00412918448606403
2026-06-24,LQD,136.85,0.004919958877955599
2026-06-25,LQD,136.06,-0.005772743880160691
2026-06-26,LQD,136.01,-0.00036748493311777874
2026-06-29,LQD,136.42,0.003014484229100667
2026-06-30,LQD,136.35,-0.0005131212432194499
2026-07-01,LQD,136.77,0.0030803080308032804
2026-07-02,LQD,135.9,-0.00636104408861593
2026-07-03,LQD,136.7,0.005886681383370007
2021-09-06,QQQ,352.1,
2021-09-07,QQQ,359.46,0.020903152513490397
2021-09-08,QQQ,357.69,-0.0049240527457853345
2021-09-09,QQQ,356.72,-0.0027118454527662594
2021-09-10,QQQ,352.48,-0.01188607311056289
2021-09-13,QQQ,350.11,-0.006723785746709066
2021-09-14,QQQ,351.72,0.004598554739938976
2021-09-15,QQQ,355.36,0.010349141362447467
2021-09-16,QQQ,369.44,0.039621791985592125
2021-09-17,QQQ,360.21,-0.02498375920311824
2021-09-20,QQQ,356.8,-0.009466699980566817
2021-09-21,QQQ,354.66,-0.005997757847533647
2021-09-22,QQQ,350.03,-0.013054756668358536
2021-09-23,QQQ,350.84,0.0023140873639402315
2021-09-24,QQQ,345.07,-0.016446243301789898
2021-09-27,QQQ,345.83,0.002202451676471373
2021-09-28,QQQ,357.0,0.03229910649741208
2021-09-29,QQQ,357.55,0.001540616246498594
2021-09-30,QQQ,355.05,-0.006992029086841045
2021-10-01,QQQ,364.78,0.02740459090268965
2021-10-04,QQQ,367.3,0.006908273479905747
2021-10-05,QQQ,366.99,-0.0008439967329159082
2021-10-06,QQQ,365.88,-0.003024605575083772
2021-10-07,QQQ,363.65,-0.006094894500929371
2021-10-08,QQQ,370.96,0.0201017461845181
2021-10-11,QQQ,369.17,-0.004825318093594877
2021-10-12,QQQ,366.72,-0.006636508925427331
2021-10-13,QQQ,374.48,0.021160558464223378
2021-10-14,QQQ,377.27,0.007450331125827825
2021-10-15,QQQ,376.21,-0.002809658865003839
2021-10-18,QQQ,378.66,0.006512320246670811
2021-10-19,QQQ,378.88,0.0005809961442981848
2021-10-20,QQQ,371.63,-0.019135346283783772
2021-10-21,QQQ,373.69,0.005543147754486943
2021-10-22,QQQ,373.09,-0.0016056089271856422
2021-10-25,QQQ,368.33,-0.012758315687903754
2021-10-26,QQQ,363.14,-0.0140906252545272
2021-10-27,QQQ,371.21,0.022222834168640127
2021-10-28,QQQ,370.33,-0.0023706257913310713
2021-10-29,QQQ,379.85,0.025706802041422616
2021-11-01,QQQ,375.22,-0.012189021982361492
2021-11-02,QQQ,378.58,0.008954746548691217
2021-11-03,QQQ,378.33,-0.0006603624068889369
2021-11-04,QQQ,381.66,0.008801839663785671
2021-11-05,QQQ,378.94,-0.00712676203951168
2021-11-08,QQQ,385.17,0.016440597456061745
2021-11-09,QQQ,371.62,-0.0351792714905107
2021-11-10,QQQ,378.94,0.01969754049835859
2021-11-11,QQQ,370.7,-0.021744867261307865
2021-11-12,QQQ,370.97,0.0007283517669276485
2021-11-15,QQQ,368.99,-0.005337358816076776
2021-11-16,QQQ,371.1,0.005718312149380678
2021-11-17,QQQ,368.64,-0.006628940986257215
2021-11-18,QQQ,363.0,-0.01529947916666663
2021-11-19,QQQ,360.45,-0.007024793388429762
2021-11-22,QQQ,360.88,0.0011929532528782705
2021-11-23,QQQ,358.73,-0.0059576590556417175
2021-11-24,QQQ,354.35,-0.012209739915814088
2021-11-25,QQQ,347.74,-0.018653873289120937
2021-11-26,QQQ,339.99,-0.02228676597457868
2021-11-29,QQQ,343.77,0.011117974058060476
2021-11-30,QQQ,337.83,-0.017278994676673376
2021-12-01,QQQ,332.83,-0.014800343367966096
2021-12-02,QQQ,331.01,-0.005468257068172888
2021-12-03,QQQ,334.38,0.010180961300262803
2021-12-06,QQQ,340.62,0.018661403193970916
2021-12-07,QQQ,331.5,-0.02677470494979739
2021-12-08,QQQ,334.63,0.009441930618401262
2021-12-09,QQQ,334.75,0.0003586050264472451
2021-12-10,QQQ,339.57,0.014398805078416732
2021-12-13,QQQ,341.69,0.006243189916659286
2021-12-14,QQQ,331.38,-0.030173549123474475
2021-12-15,QQQ,331.85,0.0014183113042429696
2021-12-16,QQQ,330.95,-0.0027120687057407
2021-12-17,QQQ,331.66,0.002145339175102068
2021-12-20,QQQ,337.13,0.01649279382500146
2021-12-21,QQQ,336.78,-0.0010381751846469944
2021-12-22,QQQ,335.79,-0.0029396044895776408
2021-12-23,QQQ,340.21,0.013162988772744688
2021-12-24,QQQ,345.95,0.016871932041974125
2021-12-27,QQQ,353.52,0.021881774822951172
2021-12-28,QQQ,351.92,-0.004525910839556335
2021-12-29,QQQ,359.07,0.020317117526710504
2021-12-30,QQQ,356.15,-0.008132119085415113
2021-12-31,QQQ,357.98,0.00513828443071751
2022-01-03,QQQ,362.62,0.012961617967484074
2022-01-04,QQQ,360.88,-0.004798411560311133
2022-01-05,QQQ,358.33,-0.007066060740412383
2022-01-06,QQQ,360.46,0.005944241341779843
2022-01-07,QQQ,357.82,-0.007323974920934284
2022-01-10,QQQ,351.3,-0.018221452126767623
2022-01-11,QQQ,349.76,-0.00438371762026768
2022-01-12,QQQ,347.95,-0.005174977127172964
2022-01-13,QQQ,348.96,0.0029027159074579423
2022-01-14,QQQ,356.32,0.02109124254928929
2022-01-17,QQQ,362.94,0.01857880556802871
2022-01-18,QQQ,359.22,-0.010249628037692138
2022-01-19,QQQ,362.6,0.00940927565280325
2022-01-20,QQQ,364.08,0.004081632653061051
2022-01-21,QQQ,363.47,-0.0016754559437485161
2022-01-24,QQQ,369.09,0.015462073898808493
2022-01-25,QQQ,367.3,-0.004849765639816761
2022-01-26,QQQ,372.31,0.013640076231962839
2022-01-27,QQQ,362.65,-0.0259461201686767
2022-01-28,QQQ,361.44,-0.0033365503929407847
2022-01-31,QQQ,364.93,0.009655821159805233
2022-02-01,QQQ,361.41,-0.009645685473926413
2022-02-02,QQQ,367.87,0.017874436235854052
2022-02-03,QQQ,364.84,-0.008236605322532453
2022-02-04,QQQ,369.82,0.013649819098783045
2022-02-07,QQQ,365.06,-0.012871126493970042
2022-02-08,QQQ,360.43,-0.01268284665534436
2022-02-09,QQQ,359.59,-0.00233054962128576
2022-02-10,QQQ,353.97,-0.01562891070385708
2022-02-11,QQQ,356.42,0.006921490521795581
2022-02-14,QQQ,352.29,-0.011587453004881842
2022-02-15,QQQ,340.42,-0.03369383178631247
2022-02-16,QQQ,344.46,0.01186769285000877
2022-02-17,QQQ,345.52,0.0030772803808860605
2022-02-18,QQQ,338.07,-0.02156170409817082
2022-02-21,QQQ,337.43,-0.001893099062324377
2022-02-22,QQQ,336.37,-0.003141392288770972
2022-02-23,QQQ,332.97,-0.010107916877248213
2022-02-24,QQQ,333.21,0.0007207856563653525
2022-02-25,QQQ,333.9,0.002070766183487782
2022-02-28,QQQ,327.12,-0.020305480682839105
2022-03-01,QQQ,328.15,0.003148691611640997
2022-03-02,QQQ,330.54,0.0072832546091727846
2022-03-03,QQQ,330.28,-0.0007865916379259374
2022-03-04,QQQ,337.72,0.022526341286181584
2022-03-07,QQQ,341.88,0.012317896482292978
2022-03-08,QQQ,341.04,-0.002457002457002422
2022-03-09,QQQ,334.9,-0.018003753225428243
2022-03-10,QQQ,328.44,-0.019289340101522834
2022-03-11,QQQ,334.1,0.017232980148581323
2022-03-14,QQQ,332.66,-0.004310086800359159
2022-03-15,QQQ,332.66,0.0
2022-03-16,QQQ,327.39,-0.0158420008417004
2022-03-17,QQQ,323.5,-0.011881853446959245
2022-03-18,QQQ,311.97,-0.03564142194744968
2022-03-21,QQQ,320.25,0.026541013558996074
2022-03-22,QQQ,319.88,-0.001155347384855565
2022-03-23,QQQ,320.82,0.0029386019757409176
2022-03-24,QQQ,312.98,-0.024437379215759503
2022-03-25,QQQ,303.18,-0.031311904914052
2022-03-28,QQQ,293.93,-0.030509928095520777
2022-03-29,QQQ,296.43,0.008505426462082744
2022-03-30,QQQ,298.8,0.007995142192085858
2022-03-31,QQQ,303.52,0.01579651941097704
2022-04-01,QQQ,302.15,-0.004513705851344252
2022-04-04,QQQ,307.2,0.016713552871090664
2022-04-05,QQQ,307.46,0.000846354166666563
2022-04-06,QQQ,303.99,-0.01128602094581399
2022-04-07,QQQ,302.52,-0.004835685384387722
2022-04-08,QQQ,298.43,-0.013519767288113105
2022-04-11,QQQ,299.67,0.004155078242804144
2022-04-12,QQQ,299.28,-0.0013014315747323923
2022-04-13,QQQ,296.12,-0.010558674151296299
2022-04-14,QQQ,302.27,0.020768607321356214
2022-04-15,QQQ,303.83,0.005160948820590816
2022-04-18,QQQ,305.3,0.004838231906000079
2022-04-19,QQQ,308.03,0.008942024238453916
2022-04-20,QQQ,316.86,0.02866603902217335
2022-04-21,QQQ,316.53,-0.0010414694186707818
2022-04-22,QQQ,317.42,0.002811739803494362
2022-04-25,QQQ,317.22,-0.0006300800201625156
2022-04-26,QQQ,312.71,-0.014217262467688174
2022-04-27,QQQ,319.01,0.02014646157781974
2022-04-28,QQQ,320.1,0.0034168207893170432
2022-04-29,QQQ,319.79,-0.0009684473601999644
2022-05-02,QQQ,325.0,0.016291941586666248
2022-05-03,QQQ,327.76,0.008492307692307577
2022-05-04,QQQ,324.39,-0.010281913595313608
2022-05-05,QQQ,325.47,0.0033293258115232316
2022-05-06,QQQ,326.23,0.0023350846468184194
2022-05-09,QQQ,330.97,0.014529626337246748
2022-05-10,QQQ,332.62,0.004985346103876465
2022-05-11,QQQ,329.75,-0.008628464914917977
2022-05-12,QQQ,319.72,-0.030416982562547323
2022-05-13,QQQ,318.8,-0.0028775178280996405
2022-05-16,QQQ,322.73,0.0123274780426601
2022-05-17,QQQ,323.66,0.002881665788739829
2022-05-18,QQQ,317.63,-0.01863066180559858
2022-05-19,QQQ,321.28,0.011491357869218843
2022-05-20,QQQ,314.78,-0.02023157370517925
2022-05-23,QQQ,315.54,0.002414384649596757
2022-05-24,QQQ,319.92,0.013880965963110947
2022-05-25,QQQ,312.63,-0.022786946736684244
2022-05-26,QQQ,314.78,0.006877139110130104
2022-05-27,QQQ,323.71,0.028369019632759507
2022-05-30,QQQ,324.34,0.001946186401408756
2022-05-31,QQQ,326.09,0.005395572547326921
2022-06-01,QQQ,323.71,-0.0072985985464135705
2022-06-02,QQQ,330.37,0.02057397052917742
2022-06-03,QQQ,325.12,-0.01589127342071006
2022-06-06,QQQ,323.24,-0.005782480314960647
2022-06-07,QQQ,329.04,0.01794332384605868
2022-06-08,QQQ,330.86,0.005531242402139647
2022-06-09,QQQ,329.73,-0.0034153418364262222
2022-06-10,QQQ,323.48,-0.01895490249598153
2022-06-13,QQQ,324.06,0.0017930011128972634
2022-06-14,QQQ,319.86,-0.012960562858729818
2022-06-15,QQQ,324.05,0.013099481022947446
2022-06-16,QQQ,326.62,0.00793087486499
2022-06-17,QQQ,323.59,-0.009276835466291211
2022-06-20,QQQ,311.22,-0.03822738650761748
2022-06-21,QQQ,311.08,-0.00044984255510582827
2022-06-22,QQQ,307.04,-0.01298701298701288
2022-06-23,QQQ,303.65,-0.011040906722251331
2022-06-24,QQQ,300.77,-0.009484603984850959
2022-06-27,QQQ,302.14,0.00455497556272233
2022-06-28,QQQ,303.46,0.0043688356391076155
2022-06-29,QQQ,307.64,0.013774467804652968
2022-06-30,QQQ,309.32,0.00546092835782086
2022-07-01,QQQ,307.12,-0.007112375533428139
2022-07-04,QQQ,307.38,0.0008465746288095488
2022-07-05,QQQ,304.14,-0.010540698809291427
2022-07-06,QQQ,304.53,0.0012823042020122521
2022-07-07,QQQ,307.73,0.01050799592815177
2022-07-08,QQQ,309.19,0.004744418808695805
2022-07-11,QQQ,313.38,0.013551537889323617
2022-07-12,QQQ,313.51,0.000414831833556617
2022-07-13,QQQ,321.81,0.026474434627284715
2022-07-14,QQQ,323.36,0.0048165066343495155
2022-07-15,QQQ,327.86,0.013916378030677912
2022-07-18,QQQ,330.86,0.009150247056670446
2022-07-19,QQQ,329.43,-0.00432206975760141
2022-07-20,QQQ,323.48,-0.018061500166954958
2022-07-21,QQQ,329.19,0.017651786818350335
2022-07-22,QQQ,335.12,0.018013912937817178
2022-07-25,QQQ,343.09,0.023782525662449094
2022-07-26,QQQ,343.06,-8.744061325005603e-05
2022-07-27,QQQ,342.73,-0.0009619308575758989
2022-07-28,QQQ,337.99,-0.013830128672716158
2022-07-29,QQQ,339.73,0.005148081304180652
2022-08-01,QQQ,340.65,0.002708032849615849
2022-08-02,QQQ,332.69,-0.023367092323499095
2022-08-03,QQQ,329.36,-0.010009317983708521
2022-08-04,QQQ,338.19,0.026809570075297495
2022-08-05,QQQ,333.7,-0.013276560513320934
2022-08-08,QQQ,334.4,0.002097692538207907
2022-08-09,QQQ,333.28,-0.0033492822966507685
2022-08-10,QQQ,341.69,0.025234037445991397
2022-08-11,QQQ,342.0,0.0009072551142847995
2022-08-12,QQQ,334.91,-0.02073099415204671
2022-08-15,QQQ,330.65,-0.012719835179600625
2022-08-16,QQQ,324.56,-0.01841826704975047
2022-08-17,QQQ,319.04,-0.017007641114123673
2022-08-18,QQQ,314.29,-0.014888415245737252
2022-08-19,QQQ,313.35,-0.002990868306341321
2022-08-22,QQQ,314.49,0.003638104356151306
2022-08-23,QQQ,312.21,-0.0072498330630546
2022-08-24,QQQ,316.62,0.014125108100317085
2022-08-25,QQQ,317.54,0.0029056913650433724
2022-08-26,QQQ,312.17,-0.016911255274925985
2022-08-29,QQQ,310.64,-0.004901175641477518
2022-08-30,QQQ,309.84,-0.002575328354365247
2022-08-31,QQQ,303.9,-0.01917118512780791
2022-09-01,QQQ,305.13,0.004047384007897392
2022-09-02,QQQ,304.42,-0.0023268770687903118
2022-09-05,QQQ,299.6,-0.015833388082254762
2022-09-06,QQQ,298.34,-0.0042056074766356755
2022-09-07,QQQ,293.89,-0.014915867801836846
2022-09-08,QQQ,295.0,0.0037769233386641954
2022-09-09,QQQ,299.77,0.016169491525423574
2022-09-12,QQQ,311.43,0.03889648730693551
2022-09-13,QQQ,305.39,-0.01939440644767687
2022-09-14,QQQ,325.12,0.06460591374963176
2022-09-15,QQQ,327.78,0.008181594488188892
2022-09-16,QQQ,333.84,0.018488010250778064
2022-09-19,QQQ,333.54,-0.0008986340762040523
2022-09-20,QQQ,331.96,-0.004737063020927135
2022-09-21,QQQ,325.96,-0.018074466803229328
2022-09-22,QQQ,323.79,-0.006657258559332302
2022-09-23,QQQ,325.28,0.004601748046573206
2022-09-26,QQQ,320.81,-0.013742006886374725
2022-09-27,QQQ,321.79,0.0030547676194632167
2022-09-28,QQQ,319.13,-0.008266260604742337
2022-09-29,QQQ,316.01,-0.009776580077084596
2022-09-30,QQQ,321.65,0.017847536470364744
2022-10-03,QQQ,330.02,0.026022073682574254
2022-10-04,QQQ,334.26,0.012847706199624387
2022-10-05,QQQ,329.96,-0.012864237419972557
2022-10-06,QQQ,328.34,-0.004909686022548154
2022-10-07,QQQ,327.64,-0.0021319364073825176
2022-10-10,QQQ,331.04,0.01037724331583445
2022-10-11,QQQ,330.28,-0.0022957950700822627
2022-10-12,QQQ,330.8,0.001574421702797757
2022-10-13,QQQ,325.58,-0.015779927448609565
2022-10-14,QQQ,327.25,0.005129307697033125
2022-10-17,QQQ,326.59,-0.002016806722689113
2022-10-18,QQQ,325.67,-0.002816987660369197
2022-10-19,QQQ,325.4,-0.0008290600915037416
2022-10-20,QQQ,316.07,-0.028672403196066343
2022-10-21,QQQ,319.44,0.010662195083367632
2022-10-24,QQQ,321.06,0.005071374906085557
2022-10-25,QQQ,321.25,0.0005917896966298741
2022-10-26,QQQ,318.38,-0.008933852140077803
2022-10-27,QQQ,301.15,-0.05411772096237211
2022-10-28,QQQ,294.99,-0.020454922795948738
2022-10-31,QQQ,292.02,-0.01006813790297989
2022-11-01,QQQ,290.83,-0.00407506335182517
2022-11-02,QQQ,290.7,-0.0004469965271808318
2022-11-03,QQQ,286.84,-0.013278293773649863
2022-11-04,QQQ,291.78,0.017222144749686308
2022-11-07,QQQ,297.05,0.018061553225032778
2022-11-08,QQQ,296.28,-0.0025921562026596234
2022-11-09,QQQ,290.83,-0.018394761711894136
2022-11-10,QQQ,284.16,-0.022934360279200816
2022-11-11,QQQ,288.06,0.01372466216216206
2022-11-14,QQQ,288.14,0.000277719919461239
2022-11-15,QQQ,290.59,0.00850281113347684
2022-11-16,QQQ,297.51,0.023813620565057425
2022-11-17,QQQ,297.35,-0.0005377970488386064
2022-11-18,QQQ,299.04,0.0056835379182780255
2022-11-21,QQQ,296.68,-0.007891920813269171
2022-11-22,QQQ,298.59,0.006437912902790721
2022-11-23,QQQ,301.34,0.009209953447871566
2022-11-24,QQQ,301.1,-0.0007964425565804012
2022-11-25,QQQ,299.25,-0.0061441381600797484
2022-11-28,QQQ,299.36,0.00036758563074346107
2022-11-29,QQQ,299.6,0.0008017103153394878
2022-11-30,QQQ,299.56,-0.00013351134846473212
2022-12-01,QQQ,301.88,0.007744692215249094
2022-12-02,QQQ,304.59,0.008977076984232113
2022-12-05,QQQ,306.54,0.006402048655570036
2022-12-06,QQQ,303.67,-0.009362562797677332
2022-12-07,QQQ,307.22,0.011690321730826181
2022-12-08,QQQ,300.13,-0.02307792461428304
2022-12-09,QQQ,299.15,-0.003265251724252849
2022-12-12,QQQ,296.87,-0.007621594517800312
2022-12-13,QQQ,298.38,0.005086401455182354
2022-12-14,QQQ,294.27,-0.013774381660969226
2022-12-15,QQQ,297.46,0.010840384680735449
2022-12-16,QQQ,300.2,0.009211322530760402
2022-12-19,QQQ,304.17,0.013224516988674218
2022-12-20,QQQ,310.53,0.020909359897425706
2022-12-21,QQQ,312.57,0.0065694135832288225
2022-12-22,QQQ,306.91,-0.018107943820584116
2022-12-23,QQQ,311.35,0.014466781792707994
2022-12-26,QQQ,305.79,-0.017857716396338486
2022-12-27,QQQ,303.21,-0.008437162758756167
2022-12-28,QQQ,298.48,-0.015599749348636172
2022-12-29,QQQ,301.54,0.010251943178772427
2022-12-30,QQQ,299.69,-0.0061351727797307465
2023-01-02,QQQ,299.46,-0.0007674597083653367
2023-01-03,QQQ,300.59,0.0037734588926734425
2023-01-04,QQQ,298.22,-0.007884493828803185
2023-01-05,QQQ,295.01,-0.010763865602575362
2023-01-06,QQQ,298.49,0.011796210297956078
2023-01-09,QQQ,295.86,-0.008811015444403436
2023-01-10,QQQ,285.65,-0.03450956533495586
2023-01-11,QQQ,277.52,-0.0284614038158586
2023-01-12,QQQ,285.5,0.028754684347074067
2023-01-13,QQQ,284.42,-0.003782837127845884
2023-01-16,QQQ,281.46,-0.010407144363968945
2023-01-17,QQQ,278.03,-0.012186456334825624
2023-01-18,QQQ,276.2,-0.006582023522641367
2023-01-19,QQQ,281.66,0.01976828385228102
2023-01-20,QQQ,271.98,-0.03436767734147561
2023-01-23,QQQ,270.01,-0.007243179645562314
2023-01-24,QQQ,273.18,0.011740305914595739
2023-01-25,QQQ,275.89,0.00992019913610065
2023-01-26,QQQ,276.55,0.0023922577838995096
2023-01-27,QQQ,272.67,-0.014030012655939283
2023-01-30,QQQ,279.24,0.024095059962592202
2023-01-31,QQQ,275.21,-0.014432029795158341
2023-02-01,QQQ,277.73,0.0091566440172961
2023-02-02,QQQ,284.04,0.02271990782414579
2023-02-03,QQQ,287.65,0.012709477538374703
2023-02-06,QQQ,284.3,-0.011646097688162604
2023-02-07,QQQ,287.56,0.011466760464298176
2023-02-08,QQQ,283.6,-0.013771039087494663
2023-02-09,QQQ,282.93,-0.002362482369534624
2023-02-10,QQQ,289.68,0.023857491252253116
2023-02-13,QQQ,293.93,0.01467136150234749
2023-02-14,QQQ,296.6,0.009083795461504396
2023-02-15,QQQ,296.21,-0.0013149022252193499
2023-02-16,QQQ,288.65,-0.025522433408730283
2023-02-17,QQQ,283.48,-0.01791096483630683
2023-02-20,QQQ,281.64,-0.0064907577254128546
2023-02-21,QQQ,278.15,-0.012391705723618807
2023-02-22,QQQ,281.63,0.012511234945173477
2023-02-23,QQQ,285.61,0.014132017185669143
2023-02-24,QQQ,284.93,-0.002380869017191256
2023-02-27,QQQ,279.12,-0.02039097322149297
2023-02-28,QQQ,272.2,-0.0247922040699341
2023-03-01,QQQ,269.02,-0.011682586333578326
2023-03-02,QQQ,265.24,-0.01405099992565595
2023-03-03,QQQ,264.43,-0.0030538380334791393
2023-03-06,QQQ,263.91,-0.0019664939681578453
2023-03-07,QQQ,263.04,-0.003296578378992887
2023-03-08,QQQ,262.6,-0.0016727493917274572
2023-03-09,QQQ,267.85,0.01999238385376989
2023-03-10,QQQ,265.62,-0.008325555348142721
2023-03-13,QQQ,260.95,-0.017581507416610243
2023-03-14,QQQ,260.36,-0.0022609695343934755
2023-03-15,QQQ,256.88,-0.013366108465202142
2023-03-16,QQQ,256.24,-0.002491435689816246
2023-03-17,QQQ,250.52,-0.022322822354043037
2023-03-20,QQQ,254.88,0.01740380009580078
2023-03-21,QQQ,260.58,0.022363465160075258
2023-03-22,QQQ,257.29,-0.0126256811727683
2023-03-23,QQQ,260.82,0.013719926930700677
2023-03-24,QQQ,267.62,0.026071620274518814
2023-03-27,QQQ,262.98,-0.017338016590688232
2023-03-28,QQQ,264.11,0.004296904707582261
2023-03-29,QQQ,270.33,0.023550793230093348
2023-03-30,QQQ,273.3,0.010986571967595227
2023-03-31,QQQ,270.42,-0.010537870472008715
2023-04-03,QQQ,268.9,-0.005620886029140015
2023-04-04,QQQ,267.94,-0.0035701004090739064
2023-04-05,QQQ,273.03,0.01899679032619228
2023-04-06,QQQ,276.35,0.01215983591546732
2023-04-07,QQQ,278.77,0.008757011036728546
2023-04-10,QQQ,274.57,-0.01506618359220857
2023-04-11,QQQ,277.93,0.012237316531303444
2023-04-12,QQQ,276.13,-0.0064764509049041186
2023-04-13,QQQ,280.97,0.017527975953355313
2023-04-14,QQQ,281.93,0.0034167348827276456
2023-04-17,QQQ,280.08,-0.00656191253147953
2023-04-18,QQQ,279.38,-0.0024992859183090577
2023-04-19,QQQ,287.2,0.027990550504688905
2023-04-20,QQQ,288.7,0.005222841225626773
2023-04-21,QQQ,289.1,0.0013855213023901136
2023-04-24,QQQ,287.13,-0.00681425112417855
2023-04-25,QQQ,284.41,-0.009473060982829962
2023-04-26,QQQ,286.78,0.008333040329102204
2023-04-27,QQQ,281.14,-0.019666643420043206
2023-04-28,QQQ,273.89,-0.02578786369780184
2023-05-01,QQQ,277.81,0.014312315163021783
2023-05-02,QQQ,278.15,0.0012238580324681614
2023-05-03,QQQ,276.35,-0.006471328419917155
2023-05-04,QQQ,277.3,0.0034376696218563207
2023-05-05,QQQ,275.43,-0.006743598990263222
2023-05-08,QQQ,278.06,0.009548705660240353
2023-05-09,QQQ,278.9,0.0030209307343738168
2023-05-10,QQQ,272.16,-0.024166367873789674
2023-05-11,QQQ,281.88,0.03571428571428559
2023-05-12,QQQ,283.0,0.0039733219809847675
2023-05-15,QQQ,284.2,0.004240282685512353
2023-05-16,QQQ,283.11,-0.0038353272343418787
2023-05-17,QQQ,283.57,0.001624810144466693
2023-05-18,QQQ,283.03,-0.0019042917092781941
2023-05-19,QQQ,282.75,-0.0009892944210859733
2023-05-22,QQQ,284.64,0.006684350132625916
2023-05-23,QQQ,284.31,-0.0011593591905564304
2023-05-24,QQQ,285.35,0.0036579789666211227
2023-05-25,QQQ,278.66,-0.023444892237602932
2023-05-26,QQQ,272.45,-0.022285222134500904
2023-05-29,QQQ,269.23,-0.011818682327032426
2023-05-30,QQQ,270.15,0.0034171526204358482
2023-05-31,QQQ,275.14,0.01847121969276322
2023-06-01,QQQ,275.36,0.0007995929345061548
2023-06-02,QQQ,274.24,-0.004067402672864651
2023-06-05,QQQ,267.67,-0.023957117852975496
2023-06-06,QQQ,266.48,-0.0044457727799155355
2023-06-07,QQQ,266.1,-0.0014259981987391201
2023-06-08,QQQ,269.63,0.013265689590379548
2023-06-09,QQQ,263.99,-0.020917553684678958
2023-06-12,QQQ,262.81,-0.004469866282813761
2023-06-13,QQQ,268.6,0.022031125147444985
2023-06-14,QQQ,264.62,-0.01481757259865979
2023-06-15,QQQ,266.31,0.0063865165142469316
2023-06-16,QQQ,268.6,0.008599001164057096
2023-06-19,QQQ,266.44,-0.008041697691735017
2023-06-20,QQQ,267.27,0.003115147875694335
2023-06-21,QQQ,266.38,-0.003329965952033498
2023-06-22,QQQ,263.1,-0.012313236729484145
2023-06-23,QQQ,265.14,0.007753705815279233
2023-06-26,QQQ,261.54,-0.013577732518669228
2023-06-27,QQQ,258.36,-0.012158752007341178
2023-06-28,QQQ,258.99,0.0024384579656293592
2023-06-29,QQQ,256.26,-0.010540947526931577
2023-06-30,QQQ,255.11,-0.004487629751034006
2023-07-03,QQQ,257.32,0.008662929716592771
2023-07-04,QQQ,259.37,0.007966734027669897
2023-07-05,QQQ,259.67,0.0011566488028684763
2023-07-06,QQQ,261.55,0.0072399584087494695
2023-07-07,QQQ,257.94,-0.013802332250047789
2023-07-10,QQQ,255.94,-0.0077537411801194
2023-07-11,QQQ,261.38,0.021254981636321002
2023-07-12,QQQ,262.85,0.005623995715051011
2023-07-13,QQQ,264.97,0.008065436560776185
2023-07-14,QQQ,268.97,0.015096048609276602
2023-07-17,QQQ,272.66,0.013719002119195522
2023-07-18,QQQ,274.33,0.006124844128218232
2023-07-19,QQQ,284.38,0.036634710020778005
2023-07-20,QQQ,284.64,0.0009142696392150373
2023-07-21,QQQ,277.08,-0.02655986509274877
2023-07-24,QQQ,278.96,0.006785044030604759
2023-07-25,QQQ,276.35,-0.00935618009750483
2023-07-26,QQQ,278.82,0.008937941016826434
2023-07-27,QQQ,271.34,-0.026827343806039794
2023-07-28,QQQ,271.34,0.0
2023-07-31,QQQ,269.67,-0.006154639935136541
2023-08-01,QQQ,269.9,0.0008528942781917959
2023-08-02,QQQ,271.27,0.005075954057058185
2023-08-03,QQQ,267.12,-0.015298411177055993
2023-08-04,QQQ,269.42,0.008610362383947301
2023-08-07,QQQ,267.46,-0.007274886793853574
2023-08-08,QQQ,271.92,0.016675390712630023
2023-08-09,QQQ,271.31,-0.0022433068549574386
2023-08-10,QQQ,269.2,-0.007777081567211019
2023-08-11,QQQ,287.29,0.06719910846953958
2023-08-14,QQQ,299.75,0.04337080998294396
2023-08-15,QQQ,298.51,-0.004136780650542127
2023-08-16,QQQ,293.93,-0.015342869585608487
2023-08-17,QQQ,300.71,0.023066716565168566
2023-08-18,QQQ,278.18,-0.07492268298360538
2023-08-21,QQQ,271.38,-0.024444604213099463
2023-08-22,QQQ,260.02,-0.04186012233768155
2023-08-23,QQQ,268.65,0.033189754634258994
2023-08-24,QQQ,280.85,0.04541224641727171
2023-08-25,QQQ,282.01,0.004130318675449329
2023-08-28,QQQ,275.37,-0.023545264352327844
2023-08-29,QQQ,277.99,0.009514471438428318
2023-08-30,QQQ,279.07,0.003885031835677566
2023-08-31,QQQ,285.08,0.02153581538682059
2023-09-01,QQQ,292.82,0.027150273607408515
2023-09-04,QQQ,287.53,-0.018065705894406148
2023-09-05,QQQ,291.71,0.014537613466421018
2023-09-06,QQQ,296.84,0.017585958657570844
2023-09-07,QQQ,299.51,0.008994744643579189
2023-09-08,QQQ,289.57,-0.033187539648091846
2023-09-11,QQQ,292.99,0.011810615740580843
2023-09-12,QQQ,293.45,0.0015700194545889001
2023-09-13,QQQ,292.53,-0.0031351167149429315
2023-09-14,QQQ,291.64,-0.003042422999350425
2023-09-15,QQQ,295.67,0.013818406254286097
2023-09-18,QQQ,301.37,0.0192782493996686
2023-09-19,QQQ,294.92,-0.0214022629989713
2023-09-20,QQQ,299.0,0.013834260138342547
2023-09-21,QQQ,304.95,0.01989966555183953
2023-09-22,QQQ,310.1,0.016888014428595
2023-09-25,QQQ,308.21,-0.006094808126410944
2023-09-26,QQQ,311.19,0.009668732357807963
2023-09-27,QQQ,313.65,0.007905138339920903
2023-09-28,QQQ,310.66,-0.009532918858600192
2023-09-29,QQQ,320.0,0.03006502285456758
2023-10-02,QQQ,319.64,-0.0011250000000000426
2023-10-03,QQQ,316.03,-0.011293955700162672
2023-10-04,QQQ,313.2,-0.008954846058918386
2023-10-05,QQQ,318.58,0.017177522349936192
2023-10-06,QQQ,348.3,0.0932889698035031
2023-10-09,QQQ,343.91,-0.01260407694516219
2023-10-10,QQQ,334.5,-0.027361809775813484
2023-10-11,QQQ,314.72,-0.0591330343796711
2023-10-12,QQQ,324.39,0.030725724453482428
2023-10-13,QQQ,325.91,0.004685717808810441
2023-10-16,QQQ,326.54,0.0019330490012579027
2023-10-17,QQQ,328.78,0.006859802780669888
2023-10-18,QQQ,320.17,-0.026187724314130856
2023-10-19,QQQ,308.98,-0.034950182715432376
2023-10-20,QQQ,298.51,-0.03388568839407091
2023-10-23,QQQ,316.12,0.058992998559512344
2023-10-24,QQQ,317.72,0.005061369100341606
2023-10-25,QQQ,317.98,0.0008183306055646877
2023-10-26,QQQ,316.76,-0.0038367192905215397
2023-10-27,QQQ,310.75,-0.018973355221618915
2023-10-30,QQQ,305.03,-0.018407079646017732
2023-10-31,QQQ,306.19,0.00380290463233135
2023-11-01,QQQ,305.73,-0.0015023351513765437
2023-11-02,QQQ,303.66,-0.006770680011775054
2023-11-03,QQQ,304.43,0.0025357307514983773
2023-11-06,QQQ,304.52,0.00029563446440872276
2023-11-07,QQQ,297.87,-0.021837646131616872
2023-11-08,QQQ,308.52,0.035753852351696924
2023-11-09,QQQ,301.08,-0.024115130299494303
2023-11-10,QQQ,303.79,0.009000929985386152
2023-11-13,QQQ,302.28,-0.004970538859080498
2023-11-14,QQQ,304.21,0.0063848087865554515
2023-11-15,QQQ,308.17,0.013017323559383343
2023-11-16,QQQ,302.37,-0.018820780737904386
2023-11-17,QQQ,303.72,0.0044647286437147216
2023-11-20,QQQ,308.83,0.01682470696694316
2023-11-21,QQQ,299.65,-0.029725091474273935
2023-11-22,QQQ,300.15,0.0016686133822794158
2023-11-23,QQQ,295.43,-0.015725470598034197
2023-11-24,QQQ,295.61,0.0006092813864537749
2023-11-27,QQQ,301.31,0.019282162308446926
2023-11-28,QQQ,298.33,-0.009890146360890806
2023-11-29,QQQ,295.58,-0.00921798008916297
2023-11-30,QQQ,296.48,0.003044860951350037
2023-12-01,QQQ,299.97,0.01177145169994609
2023-12-04,QQQ,294.12,-0.019501950195019546
2023-12-05,QQQ,289.8,-0.014687882496939975
2023-12-06,QQQ,288.85,-0.00327812284334017
2023-12-07,QQQ,286.08,-0.00958975246667837
2023-12-08,QQQ,284.26,-0.0063618568232661765
2023-12-11,QQQ,282.23,-0.007141349468796077
2023-12-12,QQQ,285.73,0.012401233036884785
2023-12-13,QQQ,290.76,0.017604031778252205
2023-12-14,QQQ,290.73,-0.00010317787866276351
2023-12-15,QQQ,295.39,0.016028617617720897
2023-12-18,QQQ,293.46,-0.006533735062121293
2023-12-19,QQQ,292.51,-0.003237238465208181
2023-12-20,QQQ,292.9,0.0013332877508460683
2023-12-21,QQQ,296.18,0.011198361215432051
2023-12-22,QQQ,297.05,0.002937402930650368
2023-12-25,QQQ,300.48,0.011546877630028707
2023-12-26,QQQ,304.19,0.012346911608093647
2023-12-27,QQQ,323.71,0.06417041980341232
2023-12-28,QQQ,326.52,0.008680609187235566
2023-12-29,QQQ,326.48,-0.00012250398137925167
2024-01-01,QQQ,322.5,-0.012190639549130133
2024-01-02,QQQ,319.57,-0.009085271317829435
2024-01-03,QQQ,320.13,0.0017523547266640183
2024-01-04,QQQ,315.89,-0.013244619373379618
2024-01-05,QQQ,322.59,0.02120991484377477
2024-01-08,QQQ,325.5,0.009020738398586525
2024-01-09,QQQ,329.19,0.011336405529953852
2024-01-10,QQQ,329.23,0.00012151037394825259
2024-01-11,QQQ,324.76,-0.013577134526015278
2024-01-12,QQQ,323.5,-0.0038797881512501187
2024-01-15,QQQ,330.85,0.02272024729520883
2024-01-16,QQQ,323.13,-0.023333837086292997
2024-01-17,QQQ,315.12,-0.024788784699656508
2024-01-18,QQQ,317.86,0.008695100279258794
2024-01-19,QQQ,331.28,0.04221984521487432
2024-01-22,QQQ,333.53,0.006791837720357297
2024-01-23,QQQ,328.4,-0.015380925254100064
2024-01-24,QQQ,334.71,0.019214372716199746
2024-01-25,QQQ,337.5,0.00833557407905361
2024-01-26,QQQ,337.72,0.0006518518518519034
2024-01-29,QQQ,338.17,0.0013324647637096287
2024-01-30,QQQ,336.96,-0.0035780820297484084
2024-01-31,QQQ,333.78,-0.00943732193732194
2024-02-01,QQQ,336.05,0.0068008868116724575
2024-02-02,QQQ,340.58,0.013480136884392202
2024-02-05,QQQ,338.81,-0.005197016853602632
2024-02-06,QQQ,347.67,0.02615034975354913
2024-02-07,QQQ,347.6,-0.0002013403514826706
2024-02-08,QQQ,344.42,-0.00914844649021862
2024-02-09,QQQ,342.38,-0.005923000987166915
2024-02-12,QQQ,342.29,-0.0002628658216016211
2024-02-13,QQQ,349.77,0.021852814864588455
2024-02-14,QQQ,378.27,0.08148211681962425
2024-02-15,QQQ,394.94,0.04406905120681004
2024-02-16,QQQ,373.93,-0.05319795411961303
2024-02-19,QQQ,378.26,0.0115797074318722
2024-02-20,QQQ,360.05,-0.04814148998043666
2024-02-21,QQQ,368.41,0.02321899736147759
2024-02-22,QQQ,369.32,0.0024700741022229966
2024-02-23,QQQ,364.04,-0.014296545001624583
2024-02-26,QQQ,361.87,-0.0059608834194044835
2024-02-27,QQQ,364.8,0.008096830353441886
2024-02-28,QQQ,361.0,-0.01041666666666674
2024-02-29,QQQ,353.26,-0.021440443213296412
2024-03-01,QQQ,365.46,0.034535469625771364
2024-03-04,QQQ,364.12,-0.003666611941115283
2024-03-05,QQQ,363.13,-0.0027188838844337537
2024-03-06,QQQ,361.14,-0.0054801310825324245
2024-03-07,QQQ,361.99,0.0023536578612173287
2024-03-08,QQQ,355.91,-0.016796044089615658
2024-03-11,QQQ,355.59,-0.0008991037059932205
2024-03-12,QQQ,345.58,-0.028150397930200466
2024-03-13,QQQ,342.39,-0.009230858267260778
2024-03-14,QQQ,343.54,0.0033587429539414515
2024-03-15,QQQ,344.68,0.0033183908715141985
2024-03-18,QQQ,336.44,-0.02390623186723917
2024-03-19,QQQ,351.52,0.04482225656877903
2024-03-20,QQQ,347.74,-0.010753299954483264
2024-03-21,QQQ,362.36,0.0420429056191407
2024-03-22,QQQ,386.02,0.06529418258085862
2024-03-25,QQQ,401.75,0.04074918398010463
2024-03-26,QQQ,382.33,-0.04833851897946484
2024-03-27,QQQ,383.21,0.0023016765621322044
2024-03-28,QQQ,380.2,-0.007854701077738002
2024-03-29,QQQ,374.76,-0.014308258811152053
2024-04-01,QQQ,377.73,0.007925072046109483
2024-04-02,QQQ,384.96,0.019140656024144054
2024-04-03,QQQ,373.76,-0.029093931837073983
2024-04-04,QQQ,360.74,-0.03483518835616428
2024-04-05,QQQ,362.57,0.005072905693851437
2024-04-08,QQQ,352.87,-0.026753454505336838
2024-04-09,QQQ,354.14,0.00359905914359393
2024-04-10,QQQ,381.78,0.07804822951375168
2024-04-11,QQQ,379.58,-0.00576248101000576
2024-04-12,QQQ,353.77,-0.06799620633331582
2024-04-15,QQQ,373.52,0.05582723238262144
2024-04-16,QQQ,361.87,-0.031189762261726206
2024-04-17,QQQ,363.96,0.005775554757233126
2024-04-18,QQQ,359.22,-0.013023409165842215
2024-04-19,QQQ,357.27,-0.005428428261232798
2024-04-22,QQQ,359.48,0.006185797855963404
2024-04-23,QQQ,357.15,-0.00648158451096037
2024-04-24,QQQ,346.39,-0.030127397452050952
2024-04-25,QQQ,343.99,-0.006928606484020827
2024-04-26,QQQ,339.77,-0.012267798482514136
2024-04-29,QQQ,338.0,-0.005209406363127944
2024-04-30,QQQ,337.28,-0.0021301775147929414
2024-05-01,QQQ,336.49,-0.0023422675521820313
2024-05-02,QQQ,338.56,0.0061517429938482415
2024-05-03,QQQ,333.85,-0.013911862003780695
2024-05-06,QQQ,322.74,-0.03327841845140034
2024-05-07,QQQ,321.7,-0.0032224081303836583
2024-05-08,QQQ,318.2,-0.010879701585327917
2024-05-09,QQQ,316.45,-0.0054996857322439086
2024-05-10,QQQ,325.61,0.028946121030178684
2024-05-13,QQQ,325.62,3.071158748202407e-05
2024-05-14,QQQ,320.49,-0.015754560530679917
2024-05-15,QQQ,318.62,-0.00583481543885922
2024-05-16,QQQ,319.73,0.0034837737744022323
2024-05-17,QQQ,317.29,-0.007631439026678732
2024-05-20,QQQ,320.06,0.008730183743578479
2024-05-21,QQQ,322.93,0.00896706867462349
2024-05-22,QQQ,321.38,-0.0047998018146347965
2024-05-23,QQQ,321.75,0.0011512850830792676
2024-05-24,QQQ,318.07,-0.011437451437451451
2024-05-27,QQQ,315.26,-0.008834533278837986
2024-05-28,QQQ,319.64,0.013893294423650282
2024-05-29,QQQ,314.56,-0.015892879489425527
2024-05-30,QQQ,313.28,-0.00406917599186174
2024-05-31,QQQ,314.25,0.0030962717058222733
2024-06-03,QQQ,314.41,0.0005091487669053318
2024-06-04,QQQ,316.98,0.008174040265894744
2024-06-05,QQQ,313.62,-0.010600037857278144
2024-06-06,QQQ,313.98,0.0011478859766596017
2024-06-07,QQQ,312.14,-0.005860245875533576
2024-06-10,QQQ,316.95,0.015409752034343471
2024-06-11,QQQ,314.63,-0.007319766524688465
2024-06-12,QQQ,316.88,0.007151257032069314
2024-06-13,QQQ,334.23,0.05475258773037117
2024-06-14,QQQ,330.31,-0.011728450468240448
2024-06-17,QQQ,349.4,0.05779419333353508
2024-06-18,QQQ,350.29,0.0025472238122496993
2024-06-19,QQQ,339.38,-0.031145622198749723
2024-06-20,QQQ,345.15,0.017001591136778682
2024-06-21,QQQ,346.09,0.002723453570911083
2024-06-24,QQQ,346.94,0.002456008552688571
2024-06-25,QQQ,347.54,0.0017294056609211683
2024-06-26,QQQ,340.2,-0.02111987109397484
2024-06-27,QQQ,334.67,-0.01625514403292172
2024-06-28,QQQ,338.95,0.01278871724385211
2024-07-01,QQQ,338.48,-0.001386635196931607
2024-07-02,QQQ,332.79,-0.0168104467029071
2024-07-03,QQQ,340.89,0.024339673668078765
2024-07-04,QQQ,342.55,0.004869606031271179
2024-07-05,QQQ,337.0,-0.016202014304481094
2024-07-08,QQQ,334.26,-0.008130563798219637
2024-07-09,QQQ,330.81,-0.010321306767187233
2024-07-10,QQQ,321.39,-0.02847555998911766
2024-07-11,QQQ,323.01,0.00504060487258462
2024-07-12,QQQ,322.69,-0.0009906814030524735
2024-07-15,QQQ,333.11,0.03229105333292015
2024-07-16,QQQ,337.69,0.01374921197202128
2024-07-17,QQQ,341.44,0.011104859486511298
2024-07-18,QQQ,344.39,0.0086398781630741
2024-07-19,QQQ,357.58,0.03829960219518558
2024-07-22,QQQ,353.58,-0.011186307959058062
2024-07-23,QQQ,346.12,-0.021098478420725097
2024-07-24,QQQ,347.93,0.005229400208020429
2024-07-25,QQQ,347.68,-0.0007185353375679382
2024-07-26,QQQ,348.4,0.002070869765301353
2024-07-29,QQQ,343.31,-0.014609644087255957
2024-07-30,QQQ,354.95,0.03390521685939807
2024-07-31,QQQ,352.62,-0.006564304831666368
2024-08-01,QQQ,356.82,0.011910838863365525
2024-08-02,QQQ,369.91,0.03668516338770256
2024-08-05,QQQ,363.69,-0.0168149009218459
2024-08-06,QQQ,363.51,-0.0004949269982678084
2024-08-07,QQQ,365.8,0.006299689141976872
2024-08-08,QQQ,361.74,-0.0110989611809732
2024-08-09,QQQ,360.67,-0.0029579255819096595
2024-08-12,QQQ,360.37,-0.0008317852884909271
2024-08-13,QQQ,361.13,0.002108943585759082
2024-08-14,QQQ,369.71,0.023758757234237038
2024-08-15,QQQ,376.21,0.01758134754266849
2024-08-16,QQQ,377.05,0.002232795513144259
2024-08-19,QQQ,373.55,-0.009282588516111967
2024-08-20,QQQ,373.67,0.0003212421362601692
2024-08-21,QQQ,379.57,0.015789332833783698
2024-08-22,QQQ,384.65,0.013383565613720672
2024-08-23,QQQ,380.59,-0.01055505004549595
2024-08-26,QQQ,383.01,0.006358548569326716
2024-08-27,QQQ,388.12,0.01334168820657422
2024-08-28,QQQ,389.49,0.003529836133154607
2024-08-29,QQQ,382.48,-0.01799789468279034
2024-08-30,QQQ,383.27,0.002065467475423466
2024-09-02,QQQ,375.83,-0.01941190283612071
2024-09-03,QQQ,373.94,-0.005028869435649064
2024-09-04,QQQ,380.63,0.017890570679788276
2024-09-05,QQQ,379.17,-0.0038357460000525423
2024-09-06,QQQ,384.23,0.013344937626921904
2024-09-09,QQQ,387.19,0.0077037191265647564
2024-09-10,QQQ,389.3,0.0054495209070482
2024-09-11,QQQ,388.89,-0.001053172360647392
2024-09-12,QQQ,386.99,-0.00488570032657043
2024-09-13,QQQ,387.31,0.0008268947518024206
2024-09-16,QQQ,379.02,-0.02140404327283063
2024-09-17,QQQ,382.61,0.009471795683605233
2024-09-18,QQQ,391.77,0.023940827474451698
2024-09-19,QQQ,385.55,-0.015876662327385938
2024-09-20,QQQ,383.0,-0.006613928154584392
2024-09-23,QQQ,386.57,0.009321148825065295
2024-09-24,QQQ,380.14,-0.01663346871200555
2024-09-25,QQQ,386.64,0.01709896353974849
2024-09-26,QQQ,382.5,-0.010707635009310934
2024-09-27,QQQ,386.07,0.009333333333333416
2024-09-30,QQQ,387.53,0.0037816976196025642
2024-10-01,QQQ,390.01,0.006399504554486235
2024-10-02,QQQ,390.21,0.000512807363913792
2024-10-03,QQQ,388.87,-0.0034340483329489135
2024-10-04,QQQ,388.49,-0.0009771903206726718
2024-10-07,QQQ,378.56,-0.025560503487863317
2024-10-08,QQQ,377.93,-0.0016642011834319126
2024-10-09,QQQ,377.32,-0.001614055512925705
2024-10-10,QQQ,376.17,-0.003047810876709356
2024-10-11,QQQ,373.6,-0.006832017438923921
2024-10-14,QQQ,384.62,0.029496788008565256
2024-10-15,QQQ,385.69,0.002781966616400622
2024-10-16,QQQ,379.37,-0.016386216909953566
2024-10-17,QQQ,397.46,0.04768431873896195
2024-10-18,QQQ,395.49,-0.004956473607406919
2024-10-21,QQQ,399.54,0.010240461200030415
2024-10-22,QQQ,390.95,-0.021499724683386012
2024-10-23,QQQ,387.59,-0.008594449418084182
2024-10-24,QQQ,391.33,0.009649371758817304
2024-10-25,QQQ,383.85,-0.019114302506835545
2024-10-28,QQQ,383.95,0.0002605184316788467
2024-10-29,QQQ,391.98,0.02091418153405389
2024-10-30,QQQ,402.99,0.028088167763661298
2024-10-31,QQQ,404.12,0.0028040398024764546
2024-11-01,QQQ,399.02,-0.012620013857270185
2024-11-04,QQQ,397.48,-0.003859455666382572
2024-11-05,QQQ,392.85,-0.011648384824393676
2024-11-06,QQQ,394.78,0.004912816596665204
2024-11-07,QQQ,386.28,-0.021530979279598794
2024-11-08,QQQ,384.46,-0.004711608159884029
2024-11-11,QQQ,388.68,0.010976434479529784
2024-11-12,QQQ,400.45,0.030281980034990275
2024-11-13,QQQ,399.23,-0.0030465726058184206
2024-11-14,QQQ,402.48,0.00814067079127323
2024-11-15,QQQ,395.24,-0.01798847147684357
2024-11-18,QQQ,401.08,0.014775832405626854
2024-11-19,QQQ,398.7,-0.0059339782587014556
2024-11-20,QQQ,394.39,-0.010810132932029148
2024-11-21,QQQ,396.07,0.004259742894089591
2024-11-22,QQQ,394.26,-0.004569899260231769
2024-11-25,QQQ,407.77,0.03426672754020177
2024-11-26,QQQ,407.75,-4.904725703214208e-05
2024-11-27,QQQ,397.97,-0.02398528510116482
2024-11-28,QQQ,389.86,-0.020378420483956106
2024-11-29,QQQ,391.38,0.003898835479402729
2024-12-02,QQQ,403.52,0.031018447544585825
2024-12-03,QQQ,408.22,0.01164750198255371
2024-12-04,QQQ,404.03,-0.010264073293812292
2024-12-05,QQQ,405.73,0.004207608345915048
2024-12-06,QQQ,405.6,-0.00032041012495998
2024-12-09,QQQ,417.21,0.02862426035502952
2024-12-10,QQQ,399.46,-0.04254452194338587
2024-12-11,QQQ,399.19,-0.0006759124818505047
2024-12-12,QQQ,401.57,0.005962073198226392
2024-12-13,QQQ,400.87,-0.0017431581044400346
2024-12-16,QQQ,394.88,-0.014942500062364417
2024-12-17,QQQ,391.52,-0.008508914100486265
2024-12-18,QQQ,386.19,-0.013613608500204322
2024-12-19,QQQ,374.68,-0.02980398249566274
2024-12-20,QQQ,392.6,0.04782747944913002
2024-12-23,QQQ,390.94,-0.004228222109016855
2024-12-24,QQQ,398.63,0.01967053767841609
2024-12-25,QQQ,400.3,0.004189348518676583
2024-12-26,QQQ,401.51,0.0030227329502872102
2024-12-27,QQQ,400.54,-0.0024158800528005786
2024-12-30,QQQ,405.93,0.013456833275078628
2024-12-31,QQQ,398.55,-0.018180474466040986
2025-01-01,QQQ,407.82,0.023259315016936455
2025-01-02,QQQ,408.9,0.0026482271590406725
2025-01-03,QQQ,401.91,-0.017094644167277906
2025-01-06,QQQ,405.33,0.00850936776890343
2025-01-07,QQQ,402.39,-0.007253349122936847
2025-01-08,QQQ,400.49,-0.004721787320758453
2025-01-09,QQQ,401.12,0.0015730729855927272
2025-01-10,QQQ,401.89,0.0019196250498603185
2025-01-13,QQQ,406.53,0.01154544775933708
2025-01-14,QQQ,416.49,0.024500036897646016
2025-01-15,QQQ,417.07,0.0013925904583542703
2025-01-16,QQQ,424.56,0.01795861605965432
2025-01-17,QQQ,424.93,0.0008714904842661575
2025-01-20,QQQ,426.52,0.003741792765867169
2025-01-21,QQQ,425.3,-0.0028603582481476764
2025-01-22,QQQ,420.64,-0.010956971549494487
2025-01-23,QQQ,418.92,-0.004089007227082497
2025-01-24,QQQ,432.12,0.03150959610426818
2025-01-27,QQQ,435.55,0.007937609923169608
2025-01-28,QQQ,435.39,-0.000367351624383061
2025-01-29,QQQ,431.03,-0.010014010427432884
2025-01-30,QQQ,436.45,0.012574530775120163
2025-01-31,QQQ,428.72,-0.01771107801580929
2025-02-03,QQQ,419.88,-0.02061951856689692
2025-02-04,QQQ,416.87,-0.007168714870915527
2025-02-05,QQQ,419.93,0.007340417876076533
2025-02-06,QQQ,426.53,0.015716905198485343
2025-02-07,QQQ,432.72,0.014512461022671452
2025-02-10,QQQ,434.77,0.004737474579404655
2025-02-11,QQQ,433.43,-0.003082089380591957
2025-02-12,QQQ,424.97,-0.019518722746464157
2025-02-13,QQQ,406.46,-0.04355601571875678
2025-02-14,QQQ,418.93,0.03067952566058163
2025-02-17,QQQ,423.39,0.010646170004535271
2025-02-18,QQQ,436.19,0.030232173646047356
2025-02-19,QQQ,428.32,-0.018042596116371268
2025-02-20,QQQ,428.75,0.0010039223010833709
2025-02-21,QQQ,425.15,-0.008396501457725969
2025-02-24,QQQ,418.24,-0.016253087145713163
2025-02-25,QQQ,418.69,0.0010759372609028262
2025-02-26,QQQ,414.7,-0.00952972366189786
2025-02-27,QQQ,409.86,-0.011671087533156488
2025-02-28,QQQ,413.69,0.009344654272190445
2025-03-03,QQQ,409.76,-0.009499867050206667
2025-03-04,QQQ,407.53,-0.005442210074189768
2025-03-05,QQQ,402.72,-0.011802812062915446
2025-03-06,QQQ,400.97,-0.004345450933651129
2025-03-07,QQQ,400.55,-0.0010474599097189952
2025-03-10,QQQ,397.44,-0.007764324054425176
2025-03-11,QQQ,404.68,0.018216586151368785
2025-03-12,QQQ,414.24,0.02362360383512896
2025-03-13,QQQ,416.0,0.004248744689069106
2025-03-14,QQQ,412.42,-0.008605769230769167
2025-03-17,QQQ,406.89,-0.013408661073662898
2025-03-18,QQQ,418.2,0.027796210277962086
2025-03-19,QQQ,411.92,-0.015016738402678032
2025-03-20,QQQ,413.98,0.005000971062342208
2025-03-21,QQQ,420.96,0.016860717909077616
2025-03-24,QQQ,420.92,-9.5020904598897e-05
2025-03-25,QQQ,423.54,0.006224460705122059
2025-03-26,QQQ,422.43,-0.002620767814138003
2025-03-27,QQQ,427.38,0.011717917761522534
2025-03-28,QQQ,425.62,-0.004118115026440106
2025-03-31,QQQ,434.7,0.021333583948122792
2025-04-01,QQQ,433.91,-0.0018173452956060654
2025-04-02,QQQ,425.79,-0.01871355811112907
2025-04-03,QQQ,433.57,0.01827191808168349
2025-04-04,QQQ,435.85,0.005258666420647318
2025-04-07,QQQ,440.56,0.01080647011586544
2025-04-08,QQQ,448.28,0.01752315235155244
2025-04-09,QQQ,450.1,0.004059962523423
2025-04-10,QQQ,447.24,-0.006354143523661482
2025-04-11,QQQ,454.83,0.0169707539576065
2025-04-14,QQQ,456.66,0.0040234813007058445
2025-04-15,QQQ,451.82,-0.010598694871458036
2025-04-16,QQQ,445.44,-0.014120667522464658
2025-04-17,QQQ,450.77,0.011965696839080442
2025-04-18,QQQ,461.82,0.02451361004503405
2025-04-21,QQQ,468.09,0.013576718201896876
2025-04-22,QQQ,468.86,0.0016449828024525104
2025-04-23,QQQ,472.77,0.00833937635968085
2025-04-24,QQQ,477.21,0.009391458848911682
2025-04-25,QQQ,477.1,-0.0002305064856141792
2025-04-28,QQQ,482.74,0.011821421085726147
2025-04-29,QQQ,471.3,-0.02369805692505278
2025-04-30,QQQ,457.2,-0.02991725015913438
2025-05-01,QQQ,455.76,-0.0031496062992125706
2025-05-02,QQQ,468.03,0.026922064244339072
2025-05-05,QQQ,467.05,-0.0020938828707560697
2025-05-06,QQQ,467.24,0.00040680869285947274
2025-05-07,QQQ,470.69,0.007383785634791584
2025-05-08,QQQ,474.0,0.007032229280418134
2025-05-09,QQQ,466.31,-0.016223628691983127
2025-05-12,QQQ,470.63,0.009264223370718971
2025-05-13,QQQ,485.57,0.03174468265941388
2025-05-14,QQQ,496.64,0.02279794880243835
2025-05-15,QQQ,491.79,-0.009765624999999889
2025-05-16,QQQ,494.73,0.005978161410358007
2025-05-19,QQQ,483.99,-0.021708810866533312
2025-05-20,QQQ,490.81,0.01409120023140975
2025-05-21,QQQ,495.66,0.009881624253784693
2025-05-22,QQQ,485.7,-0.020094419561796473
2025-05-23,QQQ,484.86,-0.001729462631253842
2025-05-26,QQQ,491.64,0.013983417893824956
2025-05-27,QQQ,493.09,0.002949312505085011
2025-05-28,QQQ,498.6,0.01117443063132506
2025-05-29,QQQ,505.08,0.012996389891696714
2025-05-30,QQQ,504.1,-0.001940286687257431
2025-06-02,QQQ,494.26,-0.019519936520531744
2025-06-03,QQQ,501.5,0.01464816088698262
2025-06-04,QQQ,500.61,-0.0017746759720836947
2025-06-05,QQQ,498.58,-0.004055052835540751
2025-06-06,QQQ,507.46,0.017810582053030544
2025-06-09,QQQ,516.06,0.016947148543727586
2025-06-10,QQQ,514.97,-0.002112157501065637
2025-06-11,QQQ,523.47,0.016505815872769336
2025-06-12,QQQ,516.08,-0.014117332416375361
2025-06-13,QQQ,503.9,-0.02360099209424904
2025-06-16,QQQ,507.82,0.00777932129390746
2025-06-17,QQQ,507.04,-0.0015359773147964884
2025-06-18,QQQ,512.13,0.010038655727358847
2025-06-19,QQQ,509.3,-0.005525940679124375
2025-06-20,QQQ,498.0,-0.022187315923817064
2025-06-23,QQQ,517.44,0.03903614457831339
2025-06-24,QQQ,516.35,-0.002106524427953116
2025-06-25,QQQ,517.78,0.002769439333785151
2025-06-26,QQQ,522.55,0.009212406813704721
2025-06-27,QQQ,531.79,0.01768251841929014
2025-06-30,QQQ,547.91,0.030312717426051572
2025-07-01,QQQ,555.51,0.013870891204760039
2025-07-02,QQQ,559.64,0.007434609637990253
2025-07-03,QQQ,553.91,-0.010238724894575113
2025-07-04,QQQ,553.46,-0.0008124063476014909
2025-07-07,QQQ,548.84,-0.008347486719907482
2025-07-08,QQQ,540.46,-0.015268566431018149
2025-07-09,QQQ,551.84,0.02105613736446732
2025-07-10,QQQ,559.26,0.013445926355465376
2025-07-11,QQQ,564.68,0.009691377892214748
2025-07-14,QQQ,580.91,0.02874194233902383
2025-07-15,QQQ,580.04,-0.0014976502384190793
2025-07-16,QQQ,575.1,-0.00851665402386037
2025-07-17,QQQ,575.62,0.0009041905755520219
2025-07-18,QQQ,591.44,0.027483409193565178
2025-07-21,QQQ,596.06,0.007811443257135009
2025-07-22,QQQ,606.6,0.017682783612388064
2025-07-23,QQQ,609.47,0.0047312891526540835
2025-07-24,QQQ,613.79,0.007088125748601071
2025-07-25,QQQ,620.87,0.011534889783150648
2025-07-28,QQQ,630.96,0.016251389179699594
2025-07-29,QQQ,632.59,0.0025833650310638223
2025-07-30,QQQ,624.03,-0.01353167138272826
2025-07-31,QQQ,613.68,-0.01658574107014088
2025-08-01,QQQ,610.21,-0.005654412723243296
2025-08-04,QQQ,600.63,-0.01569951328231267
2025-08-05,QQQ,604.07,0.005727319647703233
2025-08-06,QQQ,599.12,-0.008194414554604679
2025-08-07,QQQ,606.24,0.011884096675123468
2025-08-08,QQQ,610.02,0.006235154394299336
2025-08-11,QQQ,620.89,0.017819087898757413
2025-08-12,QQQ,607.69,-0.021259804474222377
2025-08-13,QQQ,594.94,-0.020981092333262064
2025-08-14,QQQ,599.88,0.008303358321847476
2025-08-15,QQQ,589.15,-0.017886910715476434
2025-08-18,QQQ,579.86,-0.01576848001357878
2025-08-19,QQQ,577.39,-0.004259648880764355
2025-08-20,QQQ,582.32,0.008538422903063836
2025-08-21,QQQ,573.17,-0.015713010028850283
2025-08-22,QQQ,569.29,-0.006769370343877035
2025-08-25,QQQ,579.51,0.017952186056315877
2025-08-26,QQQ,590.8,0.019481976152266434
2025-08-27,QQQ,607.53,0.02831753554502381
2025-08-28,QQQ,602.46,-0.008345266900399828
2025-08-29,QQQ,597.69,-0.007917538093815346
2025-09-01,QQQ,605.63,0.013284478575850356
2025-09-02,QQQ,615.52,0.016330102537853053
2025-09-03,QQQ,612.57,-0.0047926956069663795
2025-09-04,QQQ,608.85,-0.006072775356285809
2025-09-05,QQQ,587.54,-0.03500041061016679
2025-09-08,QQQ,592.93,0.00917384348299688
2025-09-09,QQQ,591.45,-0.0024960787951358032
2025-09-10,QQQ,600.93,0.016028404767943094
2025-09-11,QQQ,595.17,-0.009585143028306153
2025-09-12,QQQ,591.72,-0.005796663138262881
2025-09-15,QQQ,581.14,-0.017880078415466794
2025-09-16,QQQ,576.57,-0.00786385380459087
2025-09-17,QQQ,574.17,-0.00416254747905731
2025-09-18,QQQ,595.87,0.03779368479718559
2025-09-19,QQQ,592.57,-0.005538120731031881
2025-09-22,QQQ,596.35,0.006378993199115612
2025-09-23,QQQ,601.59,0.008786786283222936
2025-09-24,QQQ,587.19,-0.02393656809454936
2025-09-25,QQQ,583.9,-0.005602956453618191
2025-09-26,QQQ,598.33,0.024713135810926712
2025-09-29,QQQ,586.61,-0.01958785285711906
2025-09-30,QQQ,586.12,-0.0008353079558821586
2025-10-01,QQQ,601.92,0.0269569371459768
2025-10-02,QQQ,604.32,0.003987240829346206
2025-10-03,QQQ,598.16,-0.010193275086047282
2025-10-06,QQQ,592.7,-0.009127992510365002
2025-10-07,QQQ,608.39,0.026472076936055133
2025-10-08,QQQ,612.99,0.007560939528920674
2025-10-09,QQQ,604.33,-0.014127473531378887
2025-10-10,QQQ,598.65,-0.009398838383002817
2025-10-13,QQQ,604.7,0.010106071995322985
2025-10-14,QQQ,607.67,0.004911526376715658
2025-10-15,QQQ,637.69,0.04940181348429262
2025-10-16,QQQ,653.78,0.02523169565149197
2025-10-17,QQQ,659.27,0.008397320199455383
2025-10-20,QQQ,659.0,-0.00040954388945346754
2025-10-21,QQQ,656.28,-0.00412746585735968
2025-10-22,QQQ,646.57,-0.014795514109831043
2025-10-23,QQQ,659.08,0.019348253089379375
2025-10-24,QQQ,656.44,-0.004005583540693025
2025-10-27,QQQ,671.33,0.02268295655353114
2025-10-28,QQQ,673.58,0.003351555866712319
2025-10-29,QQQ,665.27,-0.012337064639686535
2025-10-30,QQQ,654.18,-0.01666992348971097
2025-10-31,QQQ,658.98,0.007337430065119888
2025-11-03,QQQ,659.64,0.0010015478466720573
2025-11-04,QQQ,650.03,-0.014568552543811841
2025-11-05,QQQ,649.8,-0.0003538298232389492
2025-11-06,QQQ,633.08,-0.025730994152046605
2025-11-07,QQQ,641.85,0.013852909584886497
2025-11-10,QQQ,641.81,-6.231985666449447e-05
2025-11-11,QQQ,646.18,0.006808868668297441
2025-11-12,QQQ,624.58,-0.03342721842211138
2025-11-13,QQQ,625.33,0.001200806942265098
2025-11-14,QQQ,625.77,0.0007036284841601681
2025-11-17,QQQ,628.91,0.005017818048164591
2025-11-18,QQQ,639.59,0.016981762096325514
2025-11-19,QQQ,648.58,0.014055879547835382
2025-11-20,QQQ,634.65,-0.021477689722162352
2025-11-21,QQQ,647.73,0.02060978492082266
2025-11-24,QQQ,643.36,-0.0067466382597687335
2025-11-25,QQQ,651.45,0.012574608306391566
2025-11-26,QQQ,637.52,-0.021383068539412187
2025-11-27,QQQ,631.38,-0.00963107039779143
2025-11-28,QQQ,637.9,0.010326586207988875
2025-12-01,QQQ,645.75,0.01230600407587401
2025-12-02,QQQ,649.04,0.005094850948509366
2025-12-03,QQQ,653.09,0.006239985208924104
2025-12-04,QQQ,656.8,0.0056806871947203685
2025-12-05,QQQ,668.24,0.01741778319123033
2025-12-08,QQQ,670.4,0.003232371603016926
2025-12-09,QQQ,659.14,-0.01679594272076368
2025-12-10,QQQ,684.26,0.038110264890615086
2025-12-11,QQQ,700.47,0.023689825504925155
2025-12-12,QQQ,697.41,-0.0043684954387769315
2025-12-15,QQQ,701.53,0.0059075723032362415
2025-12-16,QQQ,689.41,-0.017276524168602925
2025-12-17,QQQ,682.76,-0.00964592912780493
2025-12-18,QQQ,679.49,-0.0047893842638701
2025-12-19,QQQ,701.82,0.032862882455959586
2025-12-22,QQQ,699.66,-0.0030777122339062934
2025-12-23,QQQ,697.09,-0.003673212703313
2025-12-24,QQQ,678.75,-0.02630937181712556
2025-12-25,QQQ,701.67,0.03376795580110481
2025-12-26,QQQ,707.07,0.007695925435033724
2025-12-29,QQQ,708.61,0.0021780021780022363
2025-12-30,QQQ,702.14,-0.009130551361115513
2025-12-31,QQQ,702.11,-4.272652177628178e-05
2026-01-01,QQQ,697.99,-0.005868026377633173
2026-01-02,QQQ,692.55,-0.007793807934211139
2026-01-05,QQQ,669.52,-0.03325391668471589
2026-01-06,QQQ,657.04,-0.018640219859003437
2026-01-07,QQQ,664.23,0.010943017167904578
2026-01-08,QQQ,659.82,-0.006639266519127385
2026-01-09,QQQ,669.35,0.014443333030220273
2026-01-12,QQQ,663.46,-0.008799581683722968
2026-01-13,QQQ,660.82,-0.003979139661773101
2026-01-14,QQQ,671.87,0.016721648860506644
2026-01-15,QQQ,669.56,-0.0034381651212288533
2026-01-16,QQQ,672.24,0.00400262859191125
2026-01-19,QQQ,678.54,0.009371652981078116
2026-01-20,QQQ,679.49,0.001400064845108684
2026-01-21,QQQ,679.87,0.0005592429616330108
2026-01-22,QQQ,685.98,0.008987012222924973
2026-01-23,QQQ,676.79,-0.013396892037668806
2026-01-26,QQQ,677.41,0.0009160891857149522
2026-01-27,QQQ,689.5,0.017847389321090645
2026-01-28,QQQ,683.16,-0.009195068890500369
2026-01-29,QQQ,683.99,0.0012149423268341675
2026-01-30,QQQ,676.88,-0.01039488881416395
2026-02-02,QQQ,688.31,0.016886301855572494
2026-02-03,QQQ,676.87,-0.016620418125553815
2026-02-04,QQQ,674.89,-0.002925229364575177
2026-02-05,QQQ,678.73,0.0056898161181822005
2026-02-06,QQQ,685.44,0.009886110824628425
2026-02-09,QQQ,674.27,-0.01629610177404306
2026-02-10,QQQ,681.39,0.010559568125528385
2026-02-11,QQQ,665.42,-0.02343738534466311
2026-02-12,QQQ,656.78,-0.01298428060473078
2026-02-13,QQQ,643.53,-0.020174183135905466
2026-02-16,QQQ,655.91,0.019237642378754582
2026-02-17,QQQ,668.46,0.019133722614383286
2026-02-18,QQQ,690.12,0.03240283637016428
2026-02-19,QQQ,690.33,0.0003042949052338706
2026-02-20,QQQ,695.99,0.008198977300711174
2026-02-23,QQQ,704.48,0.012198451127171328
2026-02-24,QQQ,701.84,-0.003747444923915544
2026-02-25,QQQ,710.23,0.01195429157642769
2026-02-26,QQQ,707.77,-0.0034636666995199183
2026-02-27,QQQ,716.47,0.012292128798903734
2026-03-02,QQQ,725.29,0.012310354934609968
2026-03-03,QQQ,724.72,-0.0007858925395358707
2026-03-04,QQQ,738.23,0.01864168230489005
2026-03-05,QQQ,731.34,-0.009333134659929798
2026-03-06,QQQ,729.09,-0.003076544425301475
2026-03-09,QQQ,735.64,0.008983801725438445
2026-03-10,QQQ,757.57,0.029810777010494283
2026-03-11,QQQ,768.74,0.014744512058291637
2026-03-12,QQQ,771.38,0.003434191013866883
2026-03-13,QQQ,772.66,0.0016593637377166903
2026-03-16,QQQ,773.43,0.0009965573473456057
2026-03-17,QQQ,776.15,0.0035168017790880857
2026-03-18,QQQ,773.18,-0.00382657991367652
2026-03-19,QQQ,765.67,-0.00971313277632635
2026-03-20,QQQ,760.81,-0.0063473820314234874
2026-03-23,QQQ,756.84,-0.0052181227901840765
2026-03-24,QQQ,779.87,0.030429152793192804
2026-03-25,QQQ,771.62,-0.010578686191288322
2026-03-26,QQQ,758.89,-0.016497757963764625
2026-03-27,QQQ,774.25,0.020240087496211645
2026-03-30,QQQ,761.27,-0.01676461091378756
2026-03-31,QQQ,738.31,-0.030160127155936856
2026-04-01,QQQ,772.89,0.04683669461337381
2026-04-02,QQQ,777.28,0.005679980333553214
2026-04-03,QQQ,766.79,-0.013495780156443038
2026-04-06,QQQ,761.98,-0.006272903924151252
2026-04-07,QQQ,746.49,-0.020328617549017047
2026-04-08,QQQ,752.27,0.007742903454835304
2026-04-09,QQQ,749.9,-0.003150464593829394
2026-04-10,QQQ,770.71,0.02775036671556208
2026-04-13,QQQ,775.3,0.0059555474821917365
2026-04-14,QQQ,804.4,0.03753385786147301
2026-04-15,QQQ,807.48,0.0038289408254599255
2026-04-16,QQQ,822.04,0.018031406350621726
2026-04-17,QQQ,844.14,0.0268843365286362
2026-04-20,QQQ,844.67,0.000627857938256593
2026-04-21,QQQ,846.67,0.002367788603833354
2026-04-22,QQQ,866.13,0.0229841614796793
2026-04-23,QQQ,881.95,0.01826515650075633
2026-04-24,QQQ,877.49,-0.005056976019048753
2026-04-27,QQQ,853.38,-0.027476096593693433
2026-04-28,QQQ,873.34,0.023389345895146407
2026-04-29,QQQ,873.05,-0.0003320585339043891
2026-04-30,QQQ,892.37,0.02212931676307206
2026-05-01,QQQ,889.71,-0.0029808263388504397
2026-05-04,QQQ,883.74,-0.006710051589843946
2026-05-05,QQQ,887.26,0.003983071944237082
2026-05-06,QQQ,871.5,-0.017762549872641586
2026-05-07,QQQ,868.38,-0.0035800344234079295
2026-05-08,QQQ,865.77,-0.00300559662820421
2026-05-11,QQQ,861.33,-0.005128382826847688
2026-05-12,QQQ,877.17,0.01839016404862237
2026-05-13,QQQ,872.65,-0.005152935006897175
2026-05-14,QQQ,871.37,-0.0014667965392768378
2026-05-15,QQQ,878.9,0.008641564433019333
2026-05-18,QQQ,886.01,0.00808965752645352
2026-05-19,QQQ,887.58,0.0017719890294691787
2026-05-20,QQQ,879.83,-0.008731607291737054
2026-05-21,QQQ,867.5,-0.014014070900060238
2026-05-22,QQQ,863.34,-0.00479538904899135
2026-05-25,QQQ,861.42,-0.002223921050802824
2026-05-26,QQQ,862.5,0.00125374381834642
2026-05-27,QQQ,877.53,0.017426086956521702
2026-05-28,QQQ,905.1,0.0314177293083997
2026-05-29,QQQ,905.7,0.0006629101756712164
2026-06-01,QQQ,898.57,-0.007872363917411973
2026-06-02,QQQ,912.01,0.014957098500951505
2026-06-03,QQQ,930.52,0.020295830089582356
2026-06-04,QQQ,938.2,0.00825344968404762
2026-06-05,QQQ,947.74,0.010168407589000283
2026-06-08,QQQ,931.64,-0.01698778145905
2026-06-09,QQQ,928.47,-0.0034026018633807054
2026-06-10,QQQ,915.06,-0.014443116094219555
2026-06-11,QQQ,910.2,-0.005311127139203897
2026-06-12,QQQ,898.58,-0.012766424961546896
2026-06-15,QQQ,900.14,0.001736072469896932
2026-06-16,QQQ,899.63,-0.0005665785322283012
2026-06-17,QQQ,908.1,0.009414981714704895
2026-06-18,QQQ,904.73,-0.0037110450390925864
2026-06-19,QQQ,900.41,-0.004774905220342074
2026-06-22,QQQ,904.17,0.0041758754345242455
2026-06-23,QQQ,908.2,0.004457126425340574
2026-06-24,QQQ,916.2,0.008808632459810672
2026-06-25,QQQ,910.74,-0.0059593975114604625
2026-06-26,QQQ,921.14,0.01141928541625492
2026-06-29,QQQ,907.26,-0.015068284951256006
2026-06-30,QQQ,909.85,0.002854749465423412
2026-07-01,QQQ,904.06,-0.0063636863219213025
2026-07-02,QQQ,884.29,-0.021868017609450674
2026-07-03,QQQ,877.05,-0.00818735935043935
2021-09-06,SPY,422.85,
2021-09-07,SPY,427.69,0.011446139292893509
2021-09-08,SPY,421.34,-0.014847202412962668
2021-09-09,SPY,421.76,0.0009968196705749666
2021-09-10,SPY,417.17,-0.0108829666160849
2021-09-13,SPY,416.5,-0.0016060598796654446
2021-09-14,SPY,412.47,-0.009675870348139215
2021-09-15,SPY,415.26,0.00676412830023998
2021-09-16,SPY,423.62,0.02013196551558072
2021-09-17,SPY,419.09,-0.010693546102639173
2021-09-20,SPY,415.04,-0.009663795366150363
2021-09-21,SPY,414.19,-0.0020479953739399592
2021-09-22,SPY,414.32,0.00031386561722879236
2021-09-23,SPY,414.7,0.0009171654759605463
2021-09-24,SPY,412.37,-0.005618519411622835
2021-09-27,SPY,411.24,-0.002740257535708168
2021-09-28,SPY,423.01,0.02862075673572595
2021-09-29,SPY,424.16,0.002718611853147701
2021-09-30,SPY,419.74,-0.010420596001508908
2021-10-01,SPY,426.15,0.015271358459999052
2021-10-04,SPY,428.24,0.0049043763932887785
2021-10-05,SPY,430.36,0.004950495049504955
2021-10-06,SPY,434.64,0.009945162189794576
2021-10-07,SPY,434.43,-0.00048315847598012773
2021-10-08,SPY,439.57,0.011831595423888785
2021-10-11,SPY,434.56,-0.011397502104329216
2021-10-12,SPY,433.96,-0.0013807069219441415
2021-10-13,SPY,441.7,0.01783574522997511
2021-10-14,SPY,444.2,0.005659950192438368
2021-10-15,SPY,444.48,0.0006303466906798505
2021-10-18,SPY,442.29,-0.00492710583153344
2021-10-19,SPY,442.4,0.0002487056003979138
2021-10-20,SPY,438.07,-0.009787522603978305
2021-10-21,SPY,439.35,0.0029219074577122583
2021-10-22,SPY,439.19,-0.00036417434846935937
2021-10-25,SPY,434.9,-0.009767981966802619
2021-10-26,SPY,431.63,-0.007518969878132831
2021-10-27,SPY,439.77,0.018858744758242008
2021-10-28,SPY,438.02,-0.0039793528435317915
2021-10-29,SPY,444.9,0.015707045340395354
2021-11-01,SPY,439.06,-0.013126545291076597
2021-11-02,SPY,441.21,0.004896825035302532
2021-11-03,SPY,441.31,0.0002266494413092346
2021-11-04,SPY,447.62,0.014298339036051821
2021-11-05,SPY,445.09,-0.005652115633796639
2021-11-08,SPY,450.12,0.011301085173785141
2021-11-09,SPY,437.91,-0.027126099706744844
2021-11-10,SPY,439.38,0.003356854148112598
2021-11-11,SPY,432.36,-0.015977058582548054
2021-11-12,SPY,434.84,0.005735960773429527
2021-11-15,SPY,431.17,-0.008439885935056513
2021-11-16,SPY,435.42,0.009856900990328654
2021-11-17,SPY,432.23,-0.00732625970327494
2021-11-18,SPY,427.52,-0.010896976146958837
2021-11-19,SPY,431.47,0.009239333832335328
2021-11-22,SPY,430.72,-0.0017382436785871036
2021-11-23,SPY,427.37,-0.0077776745913819
2021-11-24,SPY,427.87,0.0011699464164540707
2021-11-25,SPY,422.61,-0.012293453619089845
2021-11-26,SPY,417.88,-0.011192352286978569
2021-11-29,SPY,423.83,0.014238537379151817
2021-11-30,SPY,414.95,-0.02095179671094538
2021-12-01,SPY,409.81,-0.012387034582479806
2021-12-02,SPY,407.15,-0.0064908128156951905
2021-12-03,SPY,411.82,0.011469974210978728
2021-12-06,SPY,420.75,0.021684230974697627
2021-12-07,SPY,417.08,-0.008722519310754628
2021-12-08,SPY,420.19,0.0074566030497746905
2021-12-09,SPY,420.95,0.0018087055855684486
2021-12-10,SPY,428.4,0.017698063903076378
2021-12-13,SPY,431.65,0.007586367880485501
2021-12-14,SPY,419.74,-0.02759179891115482
2021-12-15,SPY,417.97,-0.004216896173821816
2021-12-16,SPY,416.14,-0.004378304663014143
2021-12-17,SPY,418.69,0.006127745470274393
2021-12-20,SPY,422.81,0.009840215911533612
2021-12-21,SPY,420.17,-0.006243939358104078
2021-12-22,SPY,419.43,-0.0017611918985173114
2021-12-23,SPY,420.17,0.001764299167918315
2021-12-24,SPY,422.67,0.005949972630125977
2021-12-27,SPY,431.83,0.021671753377339176
2021-12-28,SPY,429.48,-0.0054419563254057834
2021-12-29,SPY,435.63,0.014319642358200602
2021-12-30,SPY,434.01,-0.0037187521520556377
2021-12-31,SPY,432.97,-0.0023962581507337433
2022-01-03,SPY,436.74,0.008707300736771506
2022-01-04,SPY,436.45,-0.0006640106241699861
2022-01-05,SPY,436.62,0.0003895062435559371
2022-01-06,SPY,441.51,0.011199670193761113
2022-01-07,SPY,441.2,-0.0007021358519625487
2022-01-10,SPY,436.32,-0.011060743427017239
2022-01-11,SPY,429.79,-0.01496607994132737
2022-01-12,SPY,430.92,0.002629191000255826
2022-01-13,SPY,432.65,0.004014666295367952
2022-01-14,SPY,439.6,0.01606379290419513
2022-01-17,SPY,441.93,0.005300272975432119
2022-01-18,SPY,441.23,-0.0015839612608331555
2022-01-19,SPY,444.75,0.00797769870589038
2022-01-20,SPY,440.78,-0.008926363125351333
2022-01-21,SPY,440.01,-0.0017469032170243093
2022-01-24,SPY,445.75,0.01304515806458939
2022-01-25,SPY,443.11,-0.0059226023555803975
2022-01-26,SPY,448.02,0.011080770011960839
2022-01-27,SPY,443.41,-0.010289719208963821
2022-01-28,SPY,443.85,0.0009923096005954868
2022-01-31,SPY,442.38,-0.00331192970598182
2022-02-01,SPY,441.38,-0.0022605000226050276
2022-02-02,SPY,445.17,0.008586705333272882
2022-02-03,SPY,441.9,-0.007345508457443306
2022-02-04,SPY,446.28,0.009911744738628547
2022-02-07,SPY,440.86,-0.012144841803352069
2022-02-08,SPY,438.4,-0.005580002721952582
2022-02-09,SPY,439.49,0.00248631386861331
2022-02-10,SPY,427.54,-0.027190607294818925
2022-02-11,SPY,425.67,-0.004373859755812282
2022-02-14,SPY,422.76,-0.006836281626612206
2022-02-15,SPY,412.02,-0.025404484814078976
2022-02-16,SPY,416.36,0.01053346924906573
2022-02-17,SPY,417.12,0.0018253434527812917
2022-02-18,SPY,412.24,-0.011699271192942118
2022-02-21,SPY,411.92,-0.0007762468464971306
2022-02-22,SPY,412.28,0.0008739561079820213
2022-02-23,SPY,406.21,-0.014723003783836175
2022-02-24,SPY,407.48,0.0031264616823811764
2022-02-25,SPY,404.73,-0.006748797486993197
2022-02-28,SPY,398.98,-0.014207002198996843
2022-03-01,SPY,404.3,0.013334001704345955
2022-03-02,SPY,408.85,0.0112540192926045
2022-03-03,SPY,408.36,-0.0011984835514247116
2022-03-04,SPY,416.68,0.020374179645410884
2022-03-07,SPY,420.04,0.008063741960257387
2022-03-08,SPY,417.5,-0.006047043138748709
2022-03-09,SPY,413.05,-0.010658682634730465
2022-03-10,SPY,409.61,-0.008328289553322876
2022-03-11,SPY,414.78,0.012621762164009676
2022-03-14,SPY,412.11,-0.0064371474034427
2022-03-15,SPY,412.77,0.001601514158841022
2022-03-16,SPY,406.26,-0.015771495021440485
2022-03-17,SPY,400.76,-0.01353812829222667
2022-03-18,SPY,391.84,-0.022257710350334414
2022-03-21,SPY,400.11,0.0211055532870561
2022-03-22,SPY,400.44,0.0008247731873733954
2022-03-23,SPY,396.53,-0.009764259314753887
2022-03-24,SPY,392.26,-0.010768416008877013
2022-03-25,SPY,381.77,-0.026742466731249692
2022-03-28,SPY,374.21,-0.01980249888676433
2022-03-29,SPY,375.16,0.0025386814890036025
2022-03-30,SPY,377.74,0.006877065785264813
2022-03-31,SPY,382.33,0.012151215121512182
2022-04-01,SPY,384.06,0.004524886877828038
2022-04-04,SPY,394.24,0.02650627506118841
2022-04-05,SPY,392.49,-0.004438920454545414
2022-04-06,SPY,387.89,-0.011720043822772586
2022-04-07,SPY,386.57,-0.003403026631261463
2022-04-08,SPY,381.36,-0.013477507307861347
2022-04-11,SPY,388.99,0.020007342143905982
2022-04-12,SPY,387.0,-0.0051158127458289515
2022-04-13,SPY,383.85,-0.008139534883720878
2022-04-14,SPY,386.75,0.007555034518692105
2022-04-15,SPY,387.74,0.0025597931480285663
2022-04-18,SPY,388.62,0.00226956207768092
2022-04-19,SPY,390.49,0.00481189851268593
2022-04-20,SPY,399.63,0.023406489282696175
2022-04-21,SPY,400.07,0.0011010184420590097
2022-04-22,SPY,400.71,0.0015997200489914487
2022-04-25,SPY,399.01,-0.004242469616430822
2022-04-26,SPY,395.89,-0.007819352898423615
2022-04-27,SPY,401.38,0.013867488443759735
2022-04-28,SPY,400.1,-0.0031889979570480786
2022-04-29,SPY,399.16,-0.0023494126468383003
2022-05-02,SPY,403.94,0.011975147810401765
2022-05-03,SPY,407.21,0.008095261672525611
2022-05-04,SPY,404.2,-0.007391763463569179
2022-05-05,SPY,406.98,0.006877783275606175
2022-05-06,SPY,407.88,0.002211410880141429
2022-05-09,SPY,413.98,0.014955379033048999
2022-05-10,SPY,419.26,0.012754239335233564
2022-05-11,SPY,420.03,0.0018365691933406314
2022-05-12,SPY,410.76,-0.022069852153417613
2022-05-13,SPY,410.64,-0.00029214139643585213
2022-05-16,SPY,412.8,0.005260081823495133
2022-05-17,SPY,413.99,0.0028827519379845956
2022-05-18,SPY,407.62,-0.015386845092876689
2022-05-19,SPY,407.0,-0.0015210244835877074
2022-05-20,SPY,402.48,-0.011105651105651093
2022-05-23,SPY,407.27,0.01190121248260767
2022-05-24,SPY,412.2,0.01210499177449842
2022-05-25,SPY,405.78,-0.015574963609898185
2022-05-26,SPY,409.16,0.008329636748977354
2022-05-27,SPY,414.43,0.012880046925408006
2022-05-30,SPY,410.63,-0.00916922037497292
2022-05-31,SPY,414.25,0.008815722182987207
2022-06-01,SPY,412.62,-0.003934821967411017
2022-06-02,SPY,419.69,0.017134409383936733
2022-06-03,SPY,413.25,-0.015344659153184503
2022-06-06,SPY,411.42,-0.004428312159709624
2022-06-07,SPY,414.47,0.007413348889212967
2022-06-08,SPY,418.28,0.009192462663160095
2022-06-09,SPY,414.61,-0.00877402696758145
2022-06-10,SPY,409.94,-0.011263597115361512
2022-06-13,SPY,409.6,-0.0008293896667804779
2022-06-14,SPY,404.16,-0.013281250000000022
2022-06-15,SPY,407.09,0.00724960411718123
2022-06-16,SPY,410.18,0.00759045911223577
2022-06-17,SPY,408.87,-0.0031937198303183534
2022-06-20,SPY,398.11,-0.026316433096094105
2022-06-21,SPY,397.18,-0.0023360377785034414
2022-06-22,SPY,399.17,0.005010322775567788
2022-06-23,SPY,396.13,-0.007615802790790993
2022-06-24,SPY,388.93,-0.018175851361926565
2022-06-27,SPY,387.37,-0.0040110045509474945
2022-06-28,SPY,386.37,-0.002581511216666277
2022-06-29,SPY,391.05,0.012112741672490213
2022-06-30,SPY,392.01,0.002454929037207565
2022-07-01,SPY,386.07,-0.015152674676666367
2022-07-04,SPY,383.82,-0.005827958660346577
2022-07-05,SPY,382.54,-0.003334896566098644
2022-07-06,SPY,381.62,-0.002404977257280283
2022-07-07,SPY,387.35,0.01501493632409212
2022-07-08,SPY,384.86,-0.006428294823802805
2022-07-11,SPY,387.04,0.005664397443226221
2022-07-12,SPY,386.45,-0.0015243902439024959
2022-07-13,SPY,394.7,0.02134816923275973
2022-07-14,SPY,396.13,0.0036230048137826376
2022-07-15,SPY,400.96,0.012192966955292484
2022-07-18,SPY,406.45,0.013692138866719938
2022-07-19,SPY,402.69,-0.009250830360437945
2022-07-20,SPY,394.57,-0.020164394447341638
2022-07-21,SPY,397.6,0.007679245761208486
2022-07-22,SPY,405.09,0.01883802816901392
2022-07-25,SPY,413.75,0.02137796539040715
2022-07-26,SPY,413.69,-0.00014501510574016496
2022-07-27,SPY,410.77,-0.007058425390993328
2022-07-28,SPY,403.11,-0.0186479051537356
2022-07-29,SPY,405.52,0.005978517030091002
2022-08-01,SPY,404.69,-0.002046754783980975
2022-08-02,SPY,398.69,-0.014826163236057233
2022-08-03,SPY,395.92,-0.006947753894002817
2022-08-04,SPY,399.05,0.007905637502525709
2022-08-05,SPY,394.97,-0.010224282671344453
2022-08-08,SPY,394.22,-0.0018988783958275857
2022-08-09,SPY,392.88,-0.0033991172441784068
2022-08-10,SPY,404.36,0.029220118102219583
2022-08-11,SPY,404.05,-0.000766643584924287
2022-08-12,SPY,398.69,-0.013265684939982703
2022-08-15,SPY,393.74,-0.012415661290727131
2022-08-16,SPY,385.13,-0.021867222024686384
2022-08-17,SPY,379.18,-0.015449328798068152
2022-08-18,SPY,375.33,-0.010153489108075342
2022-08-19,SPY,372.94,-0.0063677297311698355
2022-08-22,SPY,377.17,0.011342307073523905
2022-08-23,SPY,374.91,-0.0059919930005036814
2022-08-24,SPY,379.93,0.013389880237923757
2022-08-25,SPY,380.76,0.0021846129550180393
2022-08-26,SPY,376.07,-0.012317470322512847
2022-08-29,SPY,371.19,-0.012976307602308057
2022-08-30,SPY,369.67,-0.00409493790242188
2022-08-31,SPY,370.52,0.002299348067194895
2022-09-01,SPY,373.53,0.008123718017920778
2022-09-02,SPY,370.92,-0.0069873905710383655
2022-09-05,SPY,368.31,-0.007036557748301586
2022-09-06,SPY,365.47,-0.007710895712850552
2022-09-07,SPY,357.23,-0.022546310230661892
2022-09-08,SPY,351.89,-0.014948352601965254
2022-09-09,SPY,354.98,0.008781153201284475
2022-09-12,SPY,362.01,0.019803932615921838
2022-09-13,SPY,356.03,-0.016518880693903504
2022-09-14,SPY,367.66,0.03266578659101782
2022-09-15,SPY,368.09,0.0011695588315290273
2022-09-16,SPY,370.18,0.0056779591947622166
2022-09-19,SPY,370.75,0.0015397914528068046
2022-09-20,SPY,366.79,-0.01068105192178015
2022-09-21,SPY,366.37,-0.0011450693857520955
2022-09-22,SPY,369.24,0.007833610830581206
2022-09-23,SPY,370.76,0.004116563752572855
2022-09-26,SPY,366.84,-0.010572877333045683
2022-09-27,SPY,366.42,-0.0011449133137061418
2022-09-28,SPY,365.85,-0.001555591943671164
2022-09-29,SPY,363.24,-0.0071340713407134215
2022-09-30,SPY,364.46,0.003358660940425029
2022-10-03,SPY,370.97,0.01786204247379697
2022-10-04,SPY,374.52,0.009569506968218233
2022-10-05,SPY,371.34,-0.008490868311438637
2022-10-06,SPY,372.31,0.0026121613615555095
2022-10-07,SPY,374.79,0.006661115736885881
2022-10-10,SPY,377.02,0.005949998665919498
2022-10-11,SPY,376.45,-0.0015118561349530824
2022-10-12,SPY,375.49,-0.002550139460751666
2022-10-13,SPY,371.79,-0.009853791046366078
2022-10-14,SPY,372.15,0.0009682885499877614
2022-10-17,SPY,370.48,-0.004487437861077415
2022-10-18,SPY,369.04,-0.0038868494925502484
2022-10-19,SPY,366.37,-0.0072349880771732655
2022-10-20,SPY,358.82,-0.02060758249856709
2022-10-21,SPY,361.85,0.008444345354216676
2022-10-24,SPY,362.91,0.0029293906314771245
2022-10-25,SPY,360.08,-0.0077980766581247085
2022-10-26,SPY,356.65,-0.009525660964230243
2022-10-27,SPY,343.45,-0.03701107528389169
2022-10-28,SPY,336.18,-0.021167564419857232
2022-10-31,SPY,336.25,0.0002082217859480373
2022-11-01,SPY,333.78,-0.007345724907063311
2022-11-02,SPY,334.32,0.0016178321049793443
2022-11-03,SPY,332.96,-0.004067958841828201
2022-11-04,SPY,335.24,0.006847669389716593
2022-11-07,SPY,338.88,0.010857892852881523
2022-11-08,SPY,335.7,-0.009383852691218109
2022-11-09,SPY,330.23,-0.016294310396187006
2022-11-10,SPY,327.08,-0.009538806286527701
2022-11-11,SPY,329.65,0.007857404916228328
2022-11-14,SPY,327.13,-0.007644471409070208
2022-11-15,SPY,329.14,0.006144346284351787
2022-11-16,SPY,333.52,0.013307407182354014
2022-11-17,SPY,335.67,0.006446390021588089
2022-11-18,SPY,335.59,-0.00023832931152634185
2022-11-21,SPY,334.01,-0.004708125987067491
2022-11-22,SPY,335.55,0.004610640399988153
2022-11-23,SPY,335.85,0.0008940545373268272
2022-11-24,SPY,334.73,-0.0033348220931963546
2022-11-25,SPY,335.84,0.0033161055178798637
2022-11-28,SPY,335.88,0.00011910433539785714
2022-11-29,SPY,337.23,0.004019292604501734
2022-11-30,SPY,337.38,0.0004448002846721977
2022-12-01,SPY,338.9,0.004505305590135622
2022-12-02,SPY,341.1,0.006491590439657857
2022-12-05,SPY,342.41,0.003840515977719061
2022-12-06,SPY,337.3,-0.014923629566893526
2022-12-07,SPY,340.89,0.010643344203972616
2022-12-08,SPY,335.77,-0.015019507759101214
2022-12-09,SPY,335.44,-0.0009828156178336434
2022-12-12,SPY,331.26,-0.012461244932029603
2022-12-13,SPY,332.44,0.003562156614139944
2022-12-14,SPY,328.84,-0.010829021778366088
2022-12-15,SPY,331.28,0.007420021895146567
2022-12-16,SPY,332.83,0.00467882154069077
2022-12-19,SPY,337.49,0.014001141724003352
2022-12-20,SPY,341.5,0.011881833535808406
2022-12-21,SPY,341.76,0.0007613469985359167
2022-12-22,SPY,336.8,-0.014513108614232162
2022-12-23,SPY,341.5,0.013954869358669741
2022-12-26,SPY,337.73,-0.011039531478770126
2022-12-27,SPY,332.52,-0.015426524146507692
2022-12-28,SPY,327.13,-0.016209551305184644
2022-12-29,SPY,330.44,0.010118301592638934
2022-12-30,SPY,332.22,0.005386757051204505
2023-01-02,SPY,329.7,-0.007585335018963413
2023-01-03,SPY,326.97,-0.00828025477706995
2023-01-04,SPY,322.44,-0.013854482062574669
2023-01-05,SPY,319.46,-0.009242029524872852
2023-01-06,SPY,322.85,0.01061165717147694
2023-01-09,SPY,321.58,-0.00393371534768483
2023-01-10,SPY,314.47,-0.022109583929348697
2023-01-11,SPY,309.52,-0.015740770184755393
2023-01-12,SPY,315.21,0.018383303179116073
2023-01-13,SPY,312.98,-0.0070746486469336345
2023-01-16,SPY,311.76,-0.00389801265256573
2023-01-17,SPY,312.66,0.0028868360277136684
2023-01-18,SPY,310.98,-0.005373248896564986
2023-01-19,SPY,314.25,0.010515145668531733
2023-01-20,SPY,307.05,-0.022911694510739822
2023-01-23,SPY,303.7,-0.010910275199478958
2023-01-24,SPY,305.07,0.004511030622324608
2023-01-25,SPY,305.99,0.0030157013144525013
2023-01-26,SPY,306.11,0.00039216967874766695
2023-01-27,SPY,306.95,0.0027441115938713345
2023-01-30,SPY,311.61,0.015181625671933707
2023-01-31,SPY,307.96,-0.011713359648278354
2023-02-01,SPY,313.09,0.01665800753344593
2023-02-02,SPY,316.76,0.011721869111118277
2023-02-03,SPY,317.12,0.0011365071347393396
2023-02-06,SPY,314.04,-0.00971241170534809
2023-02-07,SPY,315.37,0.004235129282893935
2023-02-08,SPY,312.3,-0.009734597456955263
2023-02-09,SPY,309.5,-0.008965738072366336
2023-02-10,SPY,312.41,0.009402261712439408
2023-02-13,SPY,315.1,0.008610479818187633
2023-02-14,SPY,317.25,0.006823230720406137
2023-02-15,SPY,316.48,-0.0024271079590227895
2023-02-16,SPY,314.49,-0.00628791708796772
2023-02-17,SPY,309.36,-0.016312124391872573
2023-02-20,SPY,308.18,-0.0038143263511766223
2023-02-21,SPY,305.75,-0.007885002271399877
2023-02-22,SPY,308.82,0.010040883074407203
2023-02-23,SPY,311.67,0.009228676899164734
2023-02-24,SPY,309.75,-0.006160361921262902
2023-02-27,SPY,304.85,-0.01581920903954792
2023-02-28,SPY,300.92,-0.012891586025914448
2023-03-01,SPY,296.87,-0.013458726571846324
2023-03-02,SPY,293.74,-0.010543335466702608
2023-03-03,SPY,294.38,0.002178797576087632
2023-03-06,SPY,292.31,-0.007031727698892598
2023-03-07,SPY,293.78,0.005028907666518423
2023-03-08,SPY,293.78,0.0
2023-03-09,SPY,300.59,0.02318061134182048
2023-03-10,SPY,299.7,-0.0029608436741075383
2023-03-13,SPY,299.4,-0.0010010010010010895
2023-03-14,SPY,299.26,-0.000467601870407397
2023-03-15,SPY,301.96,0.009022254895408643
2023-03-16,SPY,302.09,0.0004305205987547023
2023-03-17,SPY,298.59,-0.011585951206594114
2023-03-20,SPY,301.04,0.008205231253558543
2023-03-21,SPY,305.28,0.01408450704225328
2023-03-22,SPY,298.0,-0.023846960167714815
2023-03-23,SPY,303.72,0.019194630872483298
2023-03-24,SPY,307.57,0.012676149084683175
2023-03-27,SPY,302.27,-0.01723184966023994
2023-03-28,SPY,299.44,-0.00936249048863591
2023-03-29,SPY,304.22,0.015963131178199363
2023-03-30,SPY,308.31,0.013444218000131292
2023-03-31,SPY,302.96,-0.01735266452596418
2023-04-03,SPY,302.2,-0.0025085819910218854
2023-04-04,SPY,299.27,-0.009695565850430188
2023-04-05,SPY,298.86,-0.0013700003341463596
2023-04-06,SPY,299.26,0.00133841932677492
2023-04-07,SPY,299.73,0.0015705406669785926
2023-04-10,SPY,293.69,-0.02015146965602377
2023-04-11,SPY,297.92,0.014402941877490028
2023-04-12,SPY,297.85,-0.00023496240601506013
2023-04-13,SPY,303.08,0.01755917408091312
2023-04-14,SPY,303.75,0.002210637455457354
2023-04-17,SPY,304.38,0.002074074074074117
2023-04-18,SPY,303.19,-0.003909586700834522
2023-04-19,SPY,313.22,0.03308156601471035
2023-04-20,SPY,313.27,0.00015963220739401152
2023-04-21,SPY,316.48,0.010246752003064463
2023-04-24,SPY,312.39,-0.012923407482305471
2023-04-25,SPY,310.7,-0.00540990428630872
2023-04-26,SPY,314.35,0.011747666559382086
2023-04-27,SPY,311.14,-0.010211547637983265
2023-04-28,SPY,306.33,-0.01545927878125608
2023-05-01,SPY,310.85,0.014755329220122126
2023-05-02,SPY,310.2,-0.002091040694868984
2023-05-03,SPY,308.08,-0.006834300451321718
2023-05-04,SPY,308.83,0.0024344326149052797
2023-05-05,SPY,307.71,-0.0036265906809571646
2023-05-08,SPY,310.66,0.009586948750446966
2023-05-09,SPY,307.23,-0.01104100946372244
2023-05-10,SPY,304.76,-0.008039579468151037
2023-05-11,SPY,311.17,0.02103294395589983
2023-05-12,SPY,312.33,0.0037278657968311535
2023-05-15,SPY,310.99,-0.004290333941664226
2023-05-16,SPY,312.4,0.004533907842695806
2023-05-17,SPY,312.37,-9.603072983344063e-05
2023-05-18,SPY,311.44,-0.0029772385312289984
2023-05-19,SPY,308.92,-0.008091446185460982
2023-05-22,SPY,307.91,-0.003269454875048483
2023-05-23,SPY,310.38,0.008021824559124369
2023-05-24,SPY,310.54,0.0005154971325471713
2023-05-25,SPY,304.92,-0.01809750756746309
2023-05-26,SPY,301.93,-0.009805850714941666
2023-05-29,SPY,298.42,-0.011625211141655267
2023-05-30,SPY,299.23,0.0027142952885195193
2023-05-31,SPY,302.71,0.011629849948200155
2023-06-01,SPY,299.55,-0.010439034059000263
2023-06-02,SPY,300.66,0.0037055583375062984
2023-06-05,SPY,299.34,-0.004390341249251861
2023-06-06,SPY,296.39,-0.009855014364936188
2023-06-07,SPY,295.11,-0.004318634231924023
2023-06-08,SPY,297.7,0.00877638846531803
2023-06-09,SPY,293.44,-0.014309707759489365
2023-06-12,SPY,291.49,-0.006645310796074111
2023-06-13,SPY,295.72,0.014511647054787469
2023-06-14,SPY,294.23,-0.005038549979710538
2023-06-15,SPY,293.69,-0.001835298915814243
2023-06-16,SPY,294.95,0.004290238006060765
2023-06-19,SPY,292.91,-0.006916426512968199
2023-06-20,SPY,293.3,0.0013314670035164955
2023-06-21,SPY,291.3,-0.006818956699624956
2023-06-22,SPY,291.9,0.002059732234809264
2023-06-23,SPY,293.19,0.004419321685508848
2023-06-26,SPY,290.72,-0.008424571097240596
2023-06-27,SPY,285.34,-0.01850577875619175
2023-06-28,SPY,286.1,0.0026634891708139374
2023-06-29,SPY,282.5,-0.01258301293254116
2023-06-30,SPY,282.92,0.0014867256637167703
2023-07-03,SPY,282.34,-0.0020500494839531536
2023-07-04,SPY,281.63,-0.002514698590352027
2023-07-05,SPY,282.0,0.0013137804921350416
2023-07-06,SPY,282.84,0.0029787234042553123
2023-07-07,SPY,279.64,-0.011313816999010018
2023-07-10,SPY,280.35,0.002538978686883242
2023-07-11,SPY,282.86,0.008953094346352719
2023-07-12,SPY,286.12,0.011525136109736156
2023-07-13,SPY,289.59,0.012127778554452684
2023-07-14,SPY,290.82,0.0042473842328809575
2023-07-17,SPY,296.3,0.018843270751667696
2023-07-18,SPY,298.28,0.006682416469794061
2023-07-19,SPY,304.92,0.02226096285369472
2023-07-20,SPY,305.01,0.0002951593860684998
2023-07-21,SPY,300.02,-0.016360119340349533
2023-07-24,SPY,300.29,0.000899940003999955
2023-07-25,SPY,300.35,0.00019980685337506188
2023-07-26,SPY,299.87,-0.0015981355085733506
2023-07-27,SPY,294.24,-0.018774802414379566
2023-07-28,SPY,294.81,0.0019371941272430249
2023-07-31,SPY,295.6,0.0026796920050202733
2023-08-01,SPY,295.4,-0.0006765899864683567
2023-08-02,SPY,298.78,0.01144211238997972
2023-08-03,SPY,297.07,-0.005723274650244248
2023-08-04,SPY,297.02,-0.0001683104992089568
2023-08-07,SPY,294.83,-0.007373240859201435
2023-08-08,SPY,300.78,0.02018112132415295
2023-08-09,SPY,300.65,-0.0004322095884035093
2023-08-10,SPY,298.3,-0.007816397804756292
2023-08-11,SPY,310.24,0.040026818638954076
2023-08-14,SPY,314.91,0.015052862300154679
2023-08-15,SPY,315.17,0.000825632720459879
2023-08-16,SPY,317.1,0.006123679284195882
2023-08-17,SPY,320.75,0.011510564490696762
2023-08-18,SPY,305.94,-0.04617303195635236
2023-08-21,SPY,300.56,-0.01758514741452566
2023-08-22,SPY,288.84,-0.038993878094224166
2023-08-23,SPY,295.68,0.023680930619027984
2023-08-24,SPY,306.32,0.0359848484848484
2023-08-25,SPY,308.07,0.005712979890310832
2023-08-28,SPY,302.23,-0.018956730613172268
2023-08-29,SPY,304.87,0.008735069318069
2023-08-30,SPY,304.22,-0.002132056286285877
2023-08-31,SPY,309.41,0.01706002235224502
2023-09-01,SPY,313.11,0.01195824310785043
2023-09-04,SPY,310.28,-0.009038357126888497
2023-09-05,SPY,311.32,0.0033518112672425993
2023-09-06,SPY,311.43,0.0003533341899011333
2023-09-07,SPY,314.61,0.010210962335035267
2023-09-08,SPY,307.97,-0.02110549569308029
2023-09-11,SPY,309.54,0.005097899146020657
2023-09-12,SPY,310.93,0.004490534341280661
2023-09-13,SPY,309.29,-0.005274499083394946
2023-09-14,SPY,308.42,-0.0028128940476574993
2023-09-15,SPY,313.32,0.015887426236949498
2023-09-18,SPY,320.27,0.022181794969998725
2023-09-19,SPY,317.73,-0.007930808380428922
2023-09-20,SPY,319.85,0.006672331854089997
2023-09-21,SPY,324.33,0.014006565577614483
2023-09-22,SPY,327.92,0.011068972959640044
2023-09-25,SPY,327.96,0.00012198097096849381
2023-09-26,SPY,329.17,0.003689474326137532
2023-09-27,SPY,330.6,0.004344259804964112
2023-09-28,SPY,327.68,-0.00883242589231703
2023-09-29,SPY,333.0,0.0162353515625
2023-10-02,SPY,333.29,0.000870870870870899
2023-10-03,SPY,328.72,-0.013711782531729111
2023-10-04,SPY,325.44,-0.009978096860550068
2023-10-05,SPY,329.27,0.01176868239921336
2023-10-06,SPY,350.2,0.06356485558963776
2023-10-09,SPY,349.42,-0.0022272986864647626
2023-10-10,SPY,341.78,-0.02186480453322659
2023-10-11,SPY,333.69,-0.023670197202878995
2023-10-12,SPY,338.37,0.014024993257214735
2023-10-13,SPY,340.58,0.006531311877530532
2023-10-16,SPY,340.06,-0.0015268072112278874
2023-10-17,SPY,342.3,0.006587072869493671
2023-10-18,SPY,334.61,-0.02246567338591876
2023-10-19,SPY,327.27,-0.021935985176773087
2023-10-20,SPY,321.97,-0.0161945793992726
2023-10-23,SPY,334.71,0.039568903935149
2023-10-24,SPY,333.99,-0.0021511158913685158
2023-10-25,SPY,335.4,0.004221683283930577
2023-10-26,SPY,335.83,0.0012820512820512775
2023-10-27,SPY,334.23,-0.004764315278563469
2023-10-30,SPY,332.51,-0.005146156838105598
2023-10-31,SPY,336.2,0.011097410604192337
2023-11-01,SPY,336.7,0.001487209994051053
2023-11-02,SPY,334.15,-0.00757350757350761
2023-11-03,SPY,335.17,0.0030525213227594605
2023-11-06,SPY,337.62,0.0073097234239341
2023-11-07,SPY,334.26,-0.00995201706060067
2023-11-08,SPY,342.3,0.02405313229222772
2023-11-09,SPY,339.9,-0.007011393514461117
2023-11-10,SPY,342.0,0.0061782877316858276
2023-11-13,SPY,339.81,-0.006403508771929856
2023-11-14,SPY,343.0,0.009387598952355747
2023-11-15,SPY,345.51,0.007317784256559712
2023-11-16,SPY,342.49,-0.008740702150444202
2023-11-17,SPY,340.88,-0.00470086717860374
2023-11-20,SPY,344.8,0.011499647969960058
2023-11-21,SPY,338.13,-0.019344547563805103
2023-11-22,SPY,339.38,0.0036968030047614953
2023-11-23,SPY,334.07,-0.015646178325181226
2023-11-24,SPY,335.74,0.004998952315383054
2023-11-27,SPY,339.38,0.010841722761660844
2023-11-28,SPY,336.96,-0.007130650008839723
2023-11-29,SPY,334.21,-0.00816120607787274
2023-11-30,SPY,333.22,-0.0029622093893060253
2023-12-01,SPY,333.46,0.0007202448832601682
2023-12-04,SPY,331.86,-0.004798176692856648
2023-12-05,SPY,329.09,-0.00834689326824578
2023-12-06,SPY,327.29,-0.005469628369139001
2023-12-07,SPY,326.02,-0.0038803507592656272
2023-12-08,SPY,327.16,0.003496717992761411
2023-12-11,SPY,326.83,-0.0010086807678201248
2023-12-12,SPY,330.29,0.010586543462962617
2023-12-13,SPY,333.42,0.009476520633382668
2023-12-14,SPY,332.49,-0.002789274788554952
2023-12-15,SPY,337.47,0.014977894072002229
2023-12-18,SPY,337.61,0.00041485169052069004
2023-12-19,SPY,337.86,0.0007404993927904169
2023-12-20,SPY,337.88,5.9196116734661075e-05
2023-12-21,SPY,336.65,-0.0036403456848586035
2023-12-22,SPY,337.6,0.0028219218773208876
2023-12-25,SPY,338.62,0.003021327014217867
2023-12-26,SPY,338.42,-0.0005906325674797097
2023-12-27,SPY,346.22,0.023048283198392472
2023-12-28,SPY,352.82,0.01906302351106226
2023-12-29,SPY,354.01,0.003372824669803265
2024-01-01,SPY,356.03,0.005706053501313368
2024-01-02,SPY,353.96,-0.0058141167879111055
2024-01-03,SPY,353.81,-0.0004237766979319213
2024-01-04,SPY,347.23,-0.018597552358610492
2024-01-05,SPY,351.79,0.013132505831869423
2024-01-08,SPY,354.6,0.007987719946559002
2024-01-09,SPY,354.62,5.640157924413636e-05
2024-01-10,SPY,355.8,0.0033275054988437525
2024-01-11,SPY,354.25,-0.004356379988757708
2024-01-12,SPY,352.73,-0.004290755116443168
2024-01-15,SPY,354.03,0.003685538513877429
2024-01-16,SPY,350.95,-0.008699827698217644
2024-01-17,SPY,343.63,-0.02085767203305311
2024-01-18,SPY,346.73,0.009021331082850859
2024-01-19,SPY,357.26,0.03036945173477923
2024-01-22,SPY,359.01,0.004898393326988826
2024-01-23,SPY,354.22,-0.013342246734074137
2024-01-24,SPY,359.58,0.015131838970131373
2024-01-25,SPY,361.89,0.0064241615217754955
2024-01-26,SPY,362.78,0.0024593108403105912
2024-01-29,SPY,364.88,0.005788632228899138
2024-01-30,SPY,364.54,-0.0009318131988598211
2024-01-31,SPY,361.63,-0.007982663082240715
2024-02-01,SPY,361.27,-0.0009954926305892897
2024-02-02,SPY,369.52,0.022836105959531672
2024-02-05,SPY,368.75,-0.0020837843689109903
2024-02-06,SPY,374.22,0.014833898305084858
2024-02-07,SPY,373.07,-0.003073058628614289
2024-02-08,SPY,370.52,-0.00683517838475356
2024-02-09,SPY,366.04,-0.012091115189463375
2024-02-12,SPY,365.68,-0.000983499071139815
2024-02-13,SPY,375.17,0.02595165171734859
2024-02-14,SPY,399.71,0.0654103473092198
2024-02-15,SPY,414.82,0.037802406744890105
2024-02-16,SPY,402.92,-0.028687141410732364
2024-02-19,SPY,403.29,0.0009182964360170409
2024-02-20,SPY,400.51,-0.006893302586228334
2024-02-21,SPY,411.89,0.028413772440138763
2024-02-22,SPY,409.07,-0.00684648814003741
2024-02-23,SPY,404.36,-0.011513921822670858
2024-02-26,SPY,400.62,-0.009249183895538637
2024-02-27,SPY,400.46,-0.0003993809595128628
2024-02-28,SPY,397.17,-0.008215552115067637
2024-02-29,SPY,393.57,-0.009064128710627783
2024-03-01,SPY,408.62,0.038239703229412836
2024-03-04,SPY,406.28,-0.005726591943615134
2024-03-05,SPY,406.28,0.0
2024-03-06,SPY,406.47,0.0004676577729645359
2024-03-07,SPY,404.57,-0.004674391714025727
2024-03-08,SPY,400.93,-0.008997206911041333
2024-03-11,SPY,400.78,-0.00037413014740739214
2024-03-12,SPY,393.45,-0.018289335795199313
2024-03-13,SPY,392.7,-0.0019062142584826969
2024-03-14,SPY,393.11,0.001044053985230553
2024-03-15,SPY,388.11,-0.01271908626084306
2024-03-18,SPY,380.04,-0.020793074128468758
2024-03-19,SPY,389.81,0.025707820229449396
2024-03-20,SPY,388.72,-0.002796234062748426
2024-03-21,SPY,397.86,0.02351306853261992
2024-03-22,SPY,414.14,0.04091891620167898
2024-03-25,SPY,430.19,0.03875501038296236
2024-03-26,SPY,419.09,-0.02580255236058493
2024-03-27,SPY,416.8,-0.005464220095922068
2024-03-28,SPY,416.62,-0.0004318618042226108
2024-03-29,SPY,413.94,-0.00643272046469201
2024-04-01,SPY,409.23,-0.011378460646470412
2024-04-02,SPY,416.14,0.016885370085282014
2024-04-03,SPY,413.71,-0.005839380977555653
2024-04-04,SPY,409.26,-0.010756326895651536
2024-04-05,SPY,407.83,-0.0034941113228754705
2024-04-08,SPY,400.42,-0.018169335262241515
2024-04-09,SPY,404.76,0.01083861944957798
2024-04-10,SPY,420.46,0.03878841782784859
2024-04-11,SPY,418.72,-0.004138324692003925
2024-04-12,SPY,403.88,-0.035441345051585804
2024-04-15,SPY,417.25,0.03310389224522137
2024-04-16,SPY,405.73,-0.027609346914319932
2024-04-17,SPY,406.7,0.002390752470854851
2024-04-18,SPY,403.28,-0.008409146791246713
2024-04-19,SPY,400.53,-0.006819083515175572
2024-04-22,SPY,405.72,0.012957830874091858
2024-04-23,SPY,406.17,0.0011091393078970224
2024-04-24,SPY,399.98,-0.015239924169682673
2024-04-25,SPY,399.11,-0.0021751087554378046
2024-04-26,SPY,393.53,-0.013981107965222672
2024-04-29,SPY,392.63,-0.0022869920971716473
2024-04-30,SPY,392.02,-0.0015536255507729857
2024-05-01,SPY,388.7,-0.0084689556655273
2024-05-02,SPY,390.53,0.004708001029071207
2024-05-03,SPY,388.69,-0.004711545847950194
2024-05-06,SPY,378.61,-0.02593326301165444
2024-05-07,SPY,377.85,-0.002007342648107535
2024-05-08,SPY,372.5,-0.014159057827180188
2024-05-09,SPY,369.66,-0.007624161073825464
2024-05-10,SPY,374.41,0.012849645620299777
2024-05-13,SPY,375.54,0.003018081782003579
2024-05-14,SPY,372.49,-0.008121638174362289
2024-05-15,SPY,375.6,0.008349217428655908
2024-05-16,SPY,375.21,-0.0010383386581470644
2024-05-17,SPY,374.28,-0.0024786119772927107
2024-05-20,SPY,373.31,-0.002591642620497936
2024-05-21,SPY,375.29,0.005303902922504156
2024-05-22,SPY,372.5,-0.007434250846012458
2024-05-23,SPY,369.29,-0.008617449664429455
2024-05-24,SPY,365.53,-0.010181700018955464
2024-05-27,SPY,364.28,-0.003419691954148818
2024-05-28,SPY,367.0,0.0074667837926869485
2024-05-29,SPY,363.76,-0.00882833787465942
2024-05-30,SPY,362.98,-0.0021442709478776134
2024-05-31,SPY,366.11,0.008623064631660071
2024-06-03,SPY,372.5,0.0174537707246456
2024-06-04,SPY,380.19,0.020644295302013393
2024-06-05,SPY,376.86,-0.00875877850548401
2024-06-06,SPY,374.69,-0.00575810645863184
2024-06-07,SPY,372.2,-0.006645493608049335
2024-06-10,SPY,380.04,0.021063944116066713
2024-06-11,SPY,377.72,-0.006104620566256158
2024-06-12,SPY,378.59,0.0023032934448796727
2024-06-13,SPY,388.83,0.027047729734013037
2024-06-14,SPY,387.92,-0.0023403543965228035
2024-06-17,SPY,393.86,0.015312435553722414
2024-06-18,SPY,398.6,0.012034733153912569
2024-06-19,SPY,387.74,-0.027245358755644822
2024-06-20,SPY,395.37,0.01967813483261982
2024-06-21,SPY,390.59,-0.012089941067860543
2024-06-24,SPY,392.29,0.004352389974141779
2024-06-25,SPY,393.34,0.0026765912972543937
2024-06-26,SPY,387.75,-0.014211623531804496
2024-06-27,SPY,386.91,-0.0021663442940037525
2024-06-28,SPY,389.48,0.006642371610968922
2024-07-01,SPY,386.68,-0.007189072609633418
2024-07-02,SPY,379.46,-0.018671769938967686
2024-07-03,SPY,383.89,0.011674484794181206
2024-07-04,SPY,384.89,0.002604912865664666
2024-07-05,SPY,377.86,-0.01826495881940282
2024-07-08,SPY,374.37,-0.009236225056899361
2024-07-09,SPY,373.0,-0.0036594812618532258
2024-07-10,SPY,367.88,-0.013726541554959781
2024-07-11,SPY,368.88,0.002718277699249816
2024-07-12,SPY,368.74,-0.0003795272175233233
2024-07-15,SPY,374.25,0.014942778109236832
2024-07-16,SPY,375.04,0.0021108884435538933
2024-07-17,SPY,375.12,0.00021331058020468419
2024-07-18,SPY,375.85,0.0019460439326082213
2024-07-19,SPY,388.98,0.034934149261673486
2024-07-22,SPY,384.3,-0.012031466913466016
2024-07-23,SPY,378.29,-0.015638823835545157
2024-07-24,SPY,379.17,0.0023262576330327356
2024-07-25,SPY,378.03,-0.0030065669752354918
2024-07-26,SPY,376.91,-0.002962727825833844
2024-07-29,SPY,372.88,-0.010692207688838273
2024-07-30,SPY,379.17,0.016868697704355284
2024-07-31,SPY,379.03,-0.00036922752327461783
2024-08-01,SPY,379.44,0.001081708571880835
2024-08-02,SPY,386.74,0.019238878347037858
2024-08-05,SPY,385.6,-0.002947716812328638
2024-08-06,SPY,388.56,0.007676348547717815
2024-08-07,SPY,391.65,0.007952439777640485
2024-08-08,SPY,390.23,-0.0036256861994126144
2024-08-09,SPY,392.15,0.004920175281244221
2024-08-12,SPY,389.57,-0.0065791151345148124
2024-08-13,SPY,392.59,0.007752136971532764
2024-08-14,SPY,400.95,0.02129448024656777
2024-08-15,SPY,403.74,0.006958473625140238
2024-08-16,SPY,401.56,-0.0053995145390598465
2024-08-19,SPY,395.85,-0.014219543779260824
2024-08-20,SPY,397.69,0.004648225337880341
2024-08-21,SPY,403.85,0.015489451582891167
2024-08-22,SPY,409.43,0.013817011266559431
2024-08-23,SPY,406.85,-0.006301443470190238
2024-08-26,SPY,411.6,0.01167506452009337
2024-08-27,SPY,414.5,0.0070456754130223676
2024-08-28,SPY,417.9,0.008202653799758597
2024-08-29,SPY,410.1,-0.018664752333093948
2024-08-30,SPY,406.52,-0.008729578151670414
2024-09-02,SPY,406.92,0.0009839614287121545
2024-09-03,SPY,407.28,0.0008846947803007321
2024-09-04,SPY,410.42,0.007709683755647401
2024-09-05,SPY,408.7,-0.004190828906973421
2024-09-06,SPY,410.58,0.004599951064350405
2024-09-09,SPY,412.27,0.004116128403721664
2024-09-10,SPY,414.13,0.004511606471487184
2024-09-11,SPY,416.19,0.004974283437567895
2024-09-12,SPY,413.35,-0.006823806434561042
2024-09-13,SPY,414.66,0.0031692270472964967
2024-09-16,SPY,405.78,-0.021415135291564247
2024-09-17,SPY,410.74,0.012223372270688593
2024-09-18,SPY,418.69,0.019355309928421827
2024-09-19,SPY,418.7,2.388401920283556e-05
2024-09-20,SPY,414.49,-0.010054931932170996
2024-09-23,SPY,415.13,0.0015440662018384455
2024-09-24,SPY,413.91,-0.002938838436152502
2024-09-25,SPY,415.2,0.0031166195549756637
2024-09-26,SPY,413.72,-0.0035645472061656136
2024-09-27,SPY,415.81,0.005051725804892104
2024-09-30,SPY,414.07,-0.004184603544888366
2024-10-01,SPY,415.22,0.0027773081846065306
2024-10-02,SPY,413.17,-0.004937141756177432
2024-10-03,SPY,406.51,-0.016119272938499907
2024-10-04,SPY,405.51,-0.002459964084524313
2024-10-07,SPY,403.23,-0.0056225493822592565
2024-10-08,SPY,402.41,-0.002033578850779927
2024-10-09,SPY,400.64,-0.004398499043264392
2024-10-10,SPY,397.7,-0.00733825878594252
2024-10-11,SPY,395.7,-0.005028916268544181
2024-10-14,SPY,402.45,0.01705837755875672
2024-10-15,SPY,404.47,0.005019257050565384
2024-10-16,SPY,404.48,2.4723712512608742e-05
2024-10-17,SPY,418.36,0.034315664556962
2024-10-18,SPY,418.84,0.001147337221531597
2024-10-21,SPY,424.55,0.013632890841371426
2024-10-22,SPY,418.87,-0.013378871746555165
2024-10-23,SPY,418.77,-0.0002387375558049465
2024-10-24,SPY,418.98,0.0005014685865749602
2024-10-25,SPY,412.93,-0.014439830063487591
2024-10-28,SPY,413.39,0.0011139902646937205
2024-10-29,SPY,421.92,0.02063426788262901
2024-10-30,SPY,429.91,0.018937239287068586
2024-10-31,SPY,433.16,0.007559721802237629
2024-11-01,SPY,430.36,-0.006464124111182912
2024-11-04,SPY,431.7,0.003113672274374979
2024-11-05,SPY,424.65,-0.016330785267546943
2024-11-06,SPY,430.01,0.01262215942540923
2024-11-07,SPY,424.85,-0.011999720936722302
2024-11-08,SPY,423.95,-0.002118394727550932
2024-11-11,SPY,428.35,0.01037858237999778
2024-11-12,SPY,433.32,0.011602661375043732
2024-11-13,SPY,433.98,0.001523123788424341
2024-11-14,SPY,434.08,0.00023042536522410728
2024-11-15,SPY,430.14,-0.009076667895318802
2024-11-18,SPY,436.23,0.014158181057330355
2024-11-19,SPY,436.69,0.0010544896041078111
2024-11-20,SPY,432.04,-0.010648285969451998
2024-11-21,SPY,431.39,-0.0015044903249700203
2024-11-22,SPY,427.25,-0.009596884489672886
2024-11-25,SPY,432.75,0.012873025160912821
2024-11-26,SPY,433.45,0.0016175621028307052
2024-11-27,SPY,424.46,-0.020740569846579793
2024-11-28,SPY,418.79,-0.013358149177778778
2024-11-29,SPY,420.94,0.005133837961746934
2024-12-02,SPY,427.24,0.014966503539696863
2024-12-03,SPY,432.98,0.013435071622507344
2024-12-04,SPY,426.91,-0.014019123285140211
2024-12-05,SPY,427.54,0.0014757208779367925
2024-12-06,SPY,429.94,0.0056135098470317946
2024-12-09,SPY,435.12,0.012048192771084265
2024-12-10,SPY,425.11,-0.02300514800514797
2024-12-11,SPY,426.71,0.003763731740020093
2024-12-12,SPY,427.4,0.0016170232710739363
2024-12-13,SPY,427.97,0.0013336452971457469
2024-12-16,SPY,426.76,-0.0028273009790407144
2024-12-17,SPY,426.69,-0.00016402661917702677
2024-12-18,SPY,427.6,0.002132695868194867
2024-12-19,SPY,419.27,-0.019480823199251707
2024-12-20,SPY,429.53,0.02447110453884127
2024-12-23,SPY,428.52,-0.002351407352222168
2024-12-24,SPY,434.06,0.012928218052832952
2024-12-25,SPY,431.38,-0.00617426162281709
2024-12-26,SPY,436.21,0.01119662478557193
2024-12-27,SPY,434.99,-0.0027968180463537884
2024-12-30,SPY,439.15,0.009563438239959421
2024-12-31,SPY,434.12,-0.011453945121256859
2025-01-01,SPY,442.07,0.018312908873122646
2025-01-02,SPY,442.14,0.0001583459633089923
2025-01-03,SPY,438.35,-0.008571945537612424
2025-01-06,SPY,443.02,0.010653587316071578
2025-01-07,SPY,438.82,-0.009480384632747918
2025-01-08,SPY,437.27,-0.0035321999908847213
2025-01-09,SPY,434.05,-0.00736387129233651
2025-01-10,SPY,434.2,0.0003455823061859764
2025-01-13,SPY,439.93,0.013196683555964928
2025-01-14,SPY,451.14,0.025481326574682273
2025-01-15,SPY,449.88,-0.0027929245910359723
2025-01-16,SPY,452.92,0.006757357517560347
2025-01-17,SPY,454.51,0.0035105537401747267
2025-01-20,SPY,457.57,0.006732525136960765
2025-01-21,SPY,456.94,-0.0013768385165111585
2025-01-22,SPY,454.01,-0.006412220422812642
2025-01-23,SPY,451.4,-0.005748772053479012
2025-01-24,SPY,460.51,0.02018165706690289
2025-01-27,SPY,459.41,-0.002388656055243077
2025-01-28,SPY,461.81,0.005224091769878703
2025-01-29,SPY,461.51,-0.0006496178081895065
2025-01-30,SPY,466.31,0.010400641372884767
2025-01-31,SPY,455.48,-0.023224893311316497
2025-02-03,SPY,448.13,-0.01613682269254413
2025-02-04,SPY,442.2,-0.013232767277352564
2025-02-05,SPY,441.06,-0.0025780189959294653
2025-02-06,SPY,446.61,0.01258332199700729
2025-02-07,SPY,449.68,0.006874006403797539
2025-02-10,SPY,452.41,0.006070983810709807
2025-02-11,SPY,450.72,-0.00373554961207756
2025-02-12,SPY,446.66,-0.009007809726659599
2025-02-13,SPY,435.79,-0.024336184122151105
2025-02-14,SPY,447.49,0.026847793662085007
2025-02-17,SPY,449.53,0.0045587610896331565
2025-02-18,SPY,457.48,0.017685137810602214
2025-02-19,SPY,454.02,-0.007563172160531706
2025-02-20,SPY,455.75,0.0038104048279812286
2025-02-21,SPY,457.87,0.004651673066374151
2025-02-24,SPY,451.82,-0.013213357503221501
2025-02-25,SPY,446.67,-0.011398344473462885
2025-02-26,SPY,443.02,-0.008171580809098522
2025-02-27,SPY,440.49,-0.005710803124012398
2025-02-28,SPY,443.41,0.006628981361665565
2025-03-03,SPY,442.64,-0.0017365418010419909
2025-03-04,SPY,438.35,-0.009691848906560607
2025-03-05,SPY,430.16,-0.018683700239534584
2025-03-06,SPY,428.74,-0.0033010972661335902
2025-03-07,SPY,426.59,-0.005014694220273452
2025-03-10,SPY,426.49,-0.0002344171218264801
2025-03-11,SPY,428.12,0.003821895003399911
2025-03-12,SPY,433.43,0.012403064561337995
2025-03-13,SPY,433.71,0.0006460097362894768
2025-03-14,SPY,429.54,-0.009614719513038605
2025-03-17,SPY,425.55,-0.009289006844531378
2025-03-18,SPY,432.4,0.016096815885324744
2025-03-19,SPY,427.35,-0.011679000925069238
2025-03-20,SPY,430.24,0.00676260676260676
2025-03-21,SPY,435.81,0.012946262551134291
2025-03-24,SPY,434.35,-0.00335008375209378
2025-03-25,SPY,439.5,0.011856797513525974
2025-03-26,SPY,441.83,0.005301478953356087
2025-03-27,SPY,443.63,0.0040739650996990395
2025-03-28,SPY,446.16,0.005702950657079153
2025-03-31,SPY,454.36,0.018379056840595265
2025-04-01,SPY,456.33,0.004335768993749323
2025-04-02,SPY,450.42,-0.012951153770297763
2025-04-03,SPY,455.71,0.011744593934549963
2025-04-04,SPY,459.62,0.008580017993899736
2025-04-07,SPY,463.5,0.008441756233410258
2025-04-08,SPY,473.79,0.022200647249190908
2025-04-09,SPY,474.02,0.00048544713902765046
2025-04-10,SPY,472.09,-0.004071558162102917
2025-04-11,SPY,477.86,0.01222224575822417
2025-04-14,SPY,477.23,-0.0013183777675469521
2025-04-15,SPY,475.77,-0.0030593215011630592
2025-04-16,SPY,472.75,-0.006347604935157736
2025-04-17,SPY,478.4,0.011951348492860836
2025-04-18,SPY,480.49,0.004368729096990043
2025-04-21,SPY,486.44,0.012383192158005318
2025-04-22,SPY,486.5,0.0001233451196447355
2025-04-23,SPY,489.51,0.006187050359712121
2025-04-24,SPY,489.95,0.0008988580417150782
2025-04-25,SPY,488.44,-0.0030819471374630147
2025-04-28,SPY,490.97,0.005179755957743115
2025-04-29,SPY,488.97,-0.004073568649815673
2025-04-30,SPY,481.78,-0.014704378591733791
2025-05-01,SPY,480.03,-0.0036323633193573457
2025-05-02,SPY,492.6,0.026185863383538566
2025-05-05,SPY,492.03,-0.0011571254567601663
2025-05-06,SPY,491.96,-0.00014226774790149221
2025-05-07,SPY,491.47,-0.0009960159362548682
2025-05-08,SPY,498.5,0.014304026695423966
2025-05-09,SPY,487.93,-0.021203610832497444
2025-05-12,SPY,491.18,0.006660791506978514
2025-05-13,SPY,503.65,0.025387841524491916
2025-05-14,SPY,508.69,0.010006949270326748
2025-05-15,SPY,503.45,-0.010300969156067596
2025-05-16,SPY,507.31,0.0076670970304897335
2025-05-19,SPY,501.2,-0.012043917920009473
2025-05-20,SPY,503.87,0.00532721468475672
2025-05-21,SPY,504.21,0.0006747772242838845
2025-05-22,SPY,497.27,-0.013764106225580552
2025-05-23,SPY,498.56,0.002594164136183519
2025-05-26,SPY,503.32,0.009547496790757393
2025-05-27,SPY,504.62,0.0025828498768178942
2025-05-28,SPY,507.43,0.005568546629146631
2025-05-29,SPY,514.94,0.014800070945746313
2025-05-30,SPY,515.54,0.0011651842933155798
2025-06-02,SPY,506.79,-0.016972494859758602
2025-06-03,SPY,510.06,0.006452376724086939
2025-06-04,SPY,512.64,0.005058228443712398
2025-06-05,SPY,507.99,-0.00907069288389506
2025-06-06,SPY,514.81,0.013425461131124417
2025-06-09,SPY,523.58,0.01703541112255036
2025-06-10,SPY,519.69,-0.007429619160395751
2025-06-11,SPY,530.87,0.021512824953337395
2025-06-12,SPY,525.01,-0.011038483997965587
2025-06-13,SPY,513.73,-0.021485305041808678
2025-06-16,SPY,517.57,0.007474743542327689
2025-06-17,SPY,519.6,0.00392217477829071
2025-06-18,SPY,520.65,0.0020207852193994125
2025-06-19,SPY,521.63,0.001882262556419878
2025-06-20,SPY,517.15,-0.008588463086862341
2025-06-23,SPY,530.69,0.02618195881272367
2025-06-24,SPY,531.92,0.002317737285420618
2025-06-25,SPY,528.74,-0.005978342607910858
2025-06-26,SPY,530.96,0.0041986609675832565
2025-06-27,SPY,537.6,0.01250565014313687
2025-06-30,SPY,545.42,0.014546130952380887
2025-07-01,SPY,554.5,0.016647721022331474
2025-07-02,SPY,555.75,0.0022542831379621653
2025-07-03,SPY,551.02,-0.008511021142600161
2025-07-04,SPY,556.35,0.00967297012812618
2025-07-07,SPY,560.76,0.007926664869236877
2025-07-08,SPY,556.04,-0.008417148156073972
2025-07-09,SPY,565.9,0.017732537227537648
2025-07-10,SPY,567.08,0.0020851740590210888
2025-07-11,SPY,566.12,-0.0016928828384003003
2025-07-14,SPY,576.72,0.018723945453260837
2025-07-15,SPY,582.58,0.010160909973644161
2025-07-16,SPY,577.39,-0.008908647739366393
2025-07-17,SPY,576.28,-0.001922444101906895
2025-07-18,SPY,590.98,0.02550843340043052
2025-07-21,SPY,591.09,0.00018613151037261133
2025-07-22,SPY,596.89,0.009812380517349117
2025-07-23,SPY,596.63,-0.0004355911474476226
2025-07-24,SPY,596.89,0.0004357809697801418
2025-07-25,SPY,602.42,0.009264688636096974
2025-07-28,SPY,612.37,0.01651671591248638
2025-07-29,SPY,613.91,0.002514819471887808
2025-07-30,SPY,610.93,-0.004854131713117549
2025-07-31,SPY,604.36,-0.010754096213968722
2025-08-01,SPY,600.76,-0.005956714541002106
2025-08-04,SPY,590.9,-0.01641254411079307
2025-08-05,SPY,593.13,0.0037739042139111056
2025-08-06,SPY,590.55,-0.004349805270345564
2025-08-07,SPY,591.59,0.0017610701888071123
2025-08-08,SPY,596.27,0.007910884227251946
2025-08-11,SPY,607.01,0.018011974441108913
2025-08-12,SPY,598.87,-0.013409993245580787
2025-08-13,SPY,588.36,-0.01754971863676591
2025-08-14,SPY,595.46,0.012067441702359183
2025-08-15,SPY,590.52,-0.008296107211231751
2025-08-18,SPY,586.71,-0.006451940662466904
2025-08-19,SPY,582.92,-0.0064597501320926565
2025-08-20,SPY,585.99,0.005266588897275826
2025-08-21,SPY,582.18,-0.00650181743715772
2025-08-22,SPY,577.47,-0.008090281356281426
2025-08-25,SPY,584.43,0.012052574159696405
2025-08-26,SPY,588.05,0.006194069435176086
2025-08-27,SPY,598.69,0.01809369951534756
2025-08-28,SPY,601.83,0.005244784446040596
2025-08-29,SPY,599.63,-0.0036555173387834428
2025-09-01,SPY,607.35,0.012874606007037714
2025-09-02,SPY,610.02,0.004396147196838562
2025-09-03,SPY,612.26,0.0036720107537457913
2025-09-04,SPY,609.95,-0.003772906934962128
2025-09-05,SPY,601.68,-0.01355848840068874
2025-09-08,SPY,606.61,0.008193724238798161
2025-09-09,SPY,604.38,-0.003676167554112264
2025-09-10,SPY,609.5,0.008471491445779078
2025-09-11,SPY,605.84,-0.006004922067268215
2025-09-12,SPY,596.14,-0.016010827941370764
2025-09-15,SPY,593.64,-0.004193645787902156
2025-09-16,SPY,591.53,-0.0035543426992790117
2025-09-17,SPY,594.09,0.004327760215035781
2025-09-18,SPY,603.21,0.015351209412715283
2025-09-19,SPY,597.38,-0.009664959135292972
2025-09-22,SPY,601.06,0.006160233017509675
2025-09-23,SPY,608.48,0.012344857418560728
2025-09-24,SPY,596.67,-0.01940901919537219
2025-09-25,SPY,597.36,0.0011564181205692137
2025-09-26,SPY,606.03,0.014513860988348615
2025-09-29,SPY,604.04,-0.0032836658251241824
2025-09-30,SPY,607.96,0.006489636447917446
2025-10-01,SPY,620.48,0.02059346009605889
2025-10-02,SPY,616.16,-0.006962351727694771
2025-10-03,SPY,614.87,-0.0020936120488184162
2025-10-06,SPY,613.03,-0.0029925024801991107
2025-10-07,SPY,626.13,0.02136926414694229
2025-10-08,SPY,628.72,0.0041365211697252935
2025-10-09,SPY,618.6,-0.01609619544471308
2025-10-10,SPY,616.04,-0.004138376980278191
2025-10-13,SPY,625.36,0.01512888773456278
2025-10-14,SPY,627.47,0.0033740565434310366
2025-10-15,SPY,648.09,0.0328621288667188
2025-10-16,SPY,653.16,0.007822987548025573
2025-10-17,SPY,653.74,0.0008879906914078806
2025-10-20,SPY,655.97,0.0034111420442377582
2025-10-21,SPY,653.63,-0.003567236306538435
2025-10-22,SPY,645.22,-0.012866606489910115
2025-10-23,SPY,650.38,0.007997272248225329
2025-10-24,SPY,650.16,-0.00033826378424928194
2025-10-27,SPY,653.54,0.005198720314999461
2025-10-28,SPY,659.95,0.009808121920616975
2025-10-29,SPY,658.28,-0.002530494734449662
2025-10-30,SPY,651.87,-0.009737497721334365
2025-10-31,SPY,653.1,0.0018868792857471561
2025-11-03,SPY,653.78,0.0010411881794518685
2025-11-04,SPY,644.13,-0.01476031692618307
2025-11-05,SPY,645.07,0.0014593327433904957
2025-11-06,SPY,637.42,-0.011859178073697518
2025-11-07,SPY,639.09,0.0026199366194974427
2025-11-10,SPY,641.88,0.004365582312350291
2025-11-11,SPY,646.62,0.007384557861282559
2025-11-12,SPY,635.32,-0.017475487921808752
2025-11-13,SPY,632.54,-0.004375747654725259
2025-11-14,SPY,629.51,-0.004790210895753599
2025-11-17,SPY,633.25,0.005941128814474839
2025-11-18,SPY,643.43,0.016075799447295536
2025-11-19,SPY,645.87,0.0037921763051149693
2025-11-20,SPY,631.97,-0.021521358787372047
2025-11-21,SPY,636.5,0.007168061775084222
2025-11-24,SPY,634.14,-0.003707776904948945
2025-11-25,SPY,630.72,-0.0053931308543854195
2025-11-26,SPY,622.17,-0.013555936073059494
2025-11-27,SPY,616.82,-0.00859893598212691
2025-11-28,SPY,626.61,0.015871729191660355
2025-12-01,SPY,623.11,-0.005585611464866469
2025-12-02,SPY,628.9,0.009292099308308321
2025-12-03,SPY,631.6,0.00429321036730812
2025-12-04,SPY,637.01,0.008565547815072794
2025-12-05,SPY,639.36,0.003689110061066536
2025-12-08,SPY,638.2,-0.0018143143143142249
2025-12-09,SPY,634.96,-0.0050767784393607185
2025-12-10,SPY,645.62,0.016788459115534726
2025-12-11,SPY,659.35,0.021266379604101493
2025-12-12,SPY,659.61,0.00039432774702352624
2025-12-15,SPY,662.37,0.004184290717242023
2025-12-16,SPY,654.78,-0.011458852303093514
2025-12-17,SPY,649.12,-0.008644124744188852
2025-12-18,SPY,648.24,-0.0013556815380822984
2025-12-19,SPY,662.62,0.02218314204615579
2025-12-22,SPY,660.37,-0.003395611360961004
2025-12-23,SPY,658.3,-0.0031346063570423244
2025-12-24,SPY,644.54,-0.02090232416831228
2025-12-25,SPY,658.49,0.021643342538864907
2025-12-26,SPY,669.24,0.01632522893286148
2025-12-29,SPY,674.08,0.007232084155161189
2025-12-30,SPY,667.74,-0.009405411820555432
2025-12-31,SPY,661.61,-0.009180219846047888
2026-01-01,SPY,662.32,0.0010731397651184693
2026-01-02,SPY,658.25,-0.006145065829206486
2026-01-05,SPY,641.84,-0.024929737941511543
2026-01-06,SPY,637.7,-0.006450205658731112
2026-01-07,SPY,641.83,0.006476399560922053
2026-01-08,SPY,639.17,-0.004144399607372784
2026-01-09,SPY,647.94,0.013720919317239622
2026-01-12,SPY,641.91,-0.009306417260857569
2026-01-13,SPY,637.78,-0.006433923758782378
2026-01-14,SPY,641.91,0.006475587193075949
2026-01-15,SPY,639.23,-0.0041750401146577465
2026-01-16,SPY,638.04,-0.001861614755252483
2026-01-19,SPY,641.41,0.005281800514074453
2026-01-20,SPY,641.68,0.00042094759981914365
2026-01-21,SPY,634.74,-0.010815359680837688
2026-01-22,SPY,636.38,0.0025837350726281016
2026-01-23,SPY,627.06,-0.014645337691316596
2026-01-26,SPY,627.48,0.000669792364367261
2026-01-27,SPY,635.09,0.01212787658570802
2026-01-28,SPY,627.37,-0.012155757451699833
2026-01-29,SPY,624.37,-0.00478186715973028
2026-01-30,SPY,619.95,-0.007079135768854994
2026-02-02,SPY,623.71,0.006065005242358312
2026-02-03,SPY,612.67,-0.01770053390197379
2026-02-04,SPY,614.15,0.0024156560628070256
2026-02-05,SPY,618.34,0.006822437515265012
2026-02-06,SPY,627.03,0.014053756832810294
2026-02-09,SPY,623.28,-0.005980575092100815
2026-02-10,SPY,631.98,0.01395841355410088
2026-02-11,SPY,624.48,-0.01186746416025819
2026-02-12,SPY,619.94,-0.0072700486805020725
2026-02-13,SPY,606.46,-0.021744039745781873
2026-02-16,SPY,612.48,0.0099264584638723
2026-02-17,SPY,618.98,0.010612591431556906
2026-02-18,SPY,633.05,0.02273094445700985
2026-02-19,SPY,628.75,-0.006792512439775633
2026-02-20,SPY,628.36,-0.0006202783300198744
2026-02-23,SPY,636.53,0.013002100706601238
2026-02-24,SPY,630.76,-0.009064773066469689
2026-02-25,SPY,634.96,0.006658634028790633
2026-02-26,SPY,625.91,-0.014252866322288171
2026-02-27,SPY,634.03,0.012973111150165417
2026-03-02,SPY,635.26,0.0019399712947336667
2026-03-03,SPY,635.96,0.0011019110285552802
2026-03-04,SPY,644.13,0.012846719919491711
2026-03-05,SPY,637.2,-0.010758697778398663
2026-03-06,SPY,631.48,-0.008976773383553072
2026-03-09,SPY,636.01,0.007173623867739343
2026-03-10,SPY,649.94,0.021902171349507116
2026-03-11,SPY,654.43,0.006908329999692153
2026-03-12,SPY,657.97,0.005409287471540347
2026-03-13,SPY,663.53,0.008450233293311182
2026-03-16,SPY,664.51,0.0014769490452579692
2026-03-17,SPY,661.94,-0.0038675113993769106
2026-03-18,SPY,660.91,-0.0015560322687858674
2026-03-19,SPY,657.57,-0.005053638165559482
2026-03-20,SPY,658.63,0.001611995681068068
2026-03-23,SPY,655.97,-0.004038686364119415
2026-03-24,SPY,673.37,0.026525603305029177
2026-03-25,SPY,671.13,-0.0033265515244219612
2026-03-26,SPY,669.67,-0.002175435459598085
2026-03-27,SPY,679.84,0.01518658443711085
2026-03-30,SPY,673.26,-0.009678747940692012
2026-03-31,SPY,662.14,-0.016516650328253557
2026-04-01,SPY,674.71,0.018983900685655586
2026-04-02,SPY,679.62,0.007277200575061871
2026-04-03,SPY,672.37,-0.01066772608222244
2026-04-06,SPY,671.77,-0.0008923658104912358
2026-04-07,SPY,664.23,-0.011224079670125175
2026-04-08,SPY,664.98,0.0011291269590352204
2026-04-09,SPY,660.43,-0.006842311046948879
2026-04-10,SPY,668.8,0.012673561164695757
2026-04-13,SPY,673.66,0.0072667464114832825
2026-04-14,SPY,690.67,0.025250126176409537
2026-04-15,SPY,688.97,-0.002461378082151966
2026-04-16,SPY,695.36,0.009274714428785025
2026-04-17,SPY,706.54,0.01607800276115956
2026-04-20,SPY,709.1,0.0036232909672488933
2026-04-21,SPY,714.54,0.0076716965167111795
2026-04-22,SPY,717.98,0.004814286114143362
2026-04-23,SPY,726.98,0.012535168110532346
2026-04-24,SPY,723.13,-0.005295881592340956
2026-04-27,SPY,714.65,-0.011726798777536573
2026-04-28,SPY,727.32,0.01772895823130205
2026-04-29,SPY,729.9,0.0035472694274871763
2026-04-30,SPY,738.25,0.011439923277161368
2026-05-01,SPY,738.91,0.0008940060954960583
2026-05-04,SPY,735.57,-0.004520171604119438
2026-05-05,SPY,737.01,0.001957665483910409
2026-05-06,SPY,736.18,-0.0011261719651023405
2026-05-07,SPY,725.26,-0.014833328805455182
2026-05-08,SPY,726.65,0.0019165540633703237
2026-05-11,SPY,723.07,-0.004926718502717864
2026-05-12,SPY,738.29,0.02104913770450989
2026-05-13,SPY,739.55,0.0017066464397459402
2026-05-14,SPY,744.7,0.006963694138327536
2026-05-15,SPY,746.8,0.002819927487578866
2026-05-18,SPY,757.04,0.013711837171933583
2026-05-19,SPY,758.78,0.002298425446475738
2026-05-20,SPY,754.78,-0.005271620232478402
2026-05-21,SPY,749.09,-0.007538620525186057
2026-05-22,SPY,748.21,-0.0011747587072313825
2026-05-25,SPY,749.36,0.0015370016439235634
2026-05-26,SPY,749.03,-0.0004403757873385761
2026-05-27,SPY,758.05,0.012042241298746426
2026-05-28,SPY,771.98,0.018376096563551325
2026-05-29,SPY,777.75,0.007474286898624394
2026-06-01,SPY,774.06,-0.004744455159112926
2026-06-02,SPY,788.3,0.018396506730744333
2026-06-03,SPY,792.75,0.005645058987695073
2026-06-04,SPY,797.21,0.005625985493535213
2026-06-05,SPY,800.73,0.004415398702976692
2026-06-08,SPY,795.15,-0.006968641114982632
2026-06-09,SPY,795.71,0.0007042696346601929
2026-06-10,SPY,783.41,-0.01545789295094957
2026-06-11,SPY,777.64,-0.007365236593865232
2026-06-12,SPY,771.25,-0.00821716989866772
2026-06-15,SPY,770.62,-0.0008168557536466503
2026-06-16,SPY,778.72,0.010511017103111753
2026-06-17,SPY,777.75,-0.0012456338606945394
2026-06-18,SPY,781.97,0.0054259080681453575
2026-06-19,SPY,782.98,0.0012916096525441567
2026-06-22,SPY,781.79,-0.0015198344785307683
2026-06-23,SPY,785.67,0.004962969595415645
2026-06-24,SPY,785.26,-0.0005218475950462542
2026-06-25,SPY,781.82,-0.004380714667753249
2026-06-26,SPY,791.86,0.0128418306003939
2026-06-29,SPY,789.11,-0.003472836107392685
2026-06-30,SPY,790.21,0.0013939754913763203
2026-07-01,SPY,782.33,-0.00997203275078773
2026-07-02,SPY,766.43,-0.020323904234785917
2026-07-03,SPY,757.56,-0.011573137794710586
2021-09-06,TLT,99.46,
2021-09-07,TLT,99.66,0.002010858636637858
2021-09-08,TLT,98.31,-0.013546056592414146
2021-09-09,TLT,99.83,0.015461295900722094
2021-09-10,TLT,99.09,-0.007412601422418064
2021-09-13,TLT,99.54,0.004541326067211582
2021-09-14,TLT,100.22,0.006831424552943499
2021-09-15,TLT,98.9,-0.013171023747754917
2021-09-16,TLT,98.73,-0.001718907987866558
2021-09-17,TLT,99.28,0.005570748506026568
2021-09-20,TLT,99.45,0.001712328767123239
2021-09-21,TLT,98.98,-0.004725992961287062
2021-09-22,TLT,100.21,0.012426752879369563
2021-09-23,TLT,100.65,0.004390779363337094
2021-09-24,TLT,99.5,-0.01142573273720815
2021-09-27,TLT,99.3,-0.0020100502512563345
2021-09-28,TLT,100.62,0.013293051359516639
2021-09-29,TLT,99.37,-0.012422977539256586
2021-09-30,TLT,100.82,0.014591929153668026
2021-10-01,TLT,101.27,0.004463400119024019
2021-10-04,TLT,102.8,0.015108126789769916
2021-10-05,TLT,101.93,-0.008463035019455112
2021-10-06,TLT,102.13,0.001962130874129109
2021-10-07,TLT,102.88,0.0073435817095857114
2021-10-08,TLT,101.16,-0.016718506998444793
2021-10-11,TLT,99.94,-0.012060102807433748
2021-10-12,TLT,99.06,-0.008805283169901923
2021-10-13,TLT,97.41,-0.01665657177468205
2021-10-14,TLT,96.83,-0.005954214146391523
2021-10-15,TLT,96.26,-0.005886605390891142
2021-10-18,TLT,95.98,-0.002908788697278175
2021-10-19,TLT,97.89,0.019899979162325554
2021-10-20,TLT,98.78,0.009091837777096767
2021-10-21,TLT,99.5,0.007288924883579684
2021-10-22,TLT,99.25,-0.002512562814070307
2021-10-25,TLT,100.54,0.012997481108312448
2021-10-26,TLT,100.89,0.003481201511835952
2021-10-27,TLT,100.7,-0.0018832391713747842
2021-10-28,TLT,99.82,-0.008738828202581983
2021-10-29,TLT,99.34,-0.004808655580043952
2021-11-01,TLT,100.83,0.014998993356150514
2021-11-02,TLT,100.74,-0.0008925914906278143
2021-11-03,TLT,100.0,-0.007345642247369444
2021-11-04,TLT,100.58,0.005800000000000027
2021-11-05,TLT,101.48,0.008948101014118137
2021-11-08,TLT,101.38,-0.0009854158454868367
2021-11-09,TLT,102.54,0.011442099033339925
2021-11-10,TLT,102.66,0.001170275014628297
2021-11-11,TLT,103.07,0.003993765828949947
2021-11-12,TLT,102.7,-0.003589793344328962
2021-11-15,TLT,101.79,-0.008860759493670822
2021-11-16,TLT,100.01,-0.017486983004224355
2021-11-17,TLT,100.26,0.0024997500249974713
2021-11-18,TLT,101.98,0.01715539597047666
2021-11-19,TLT,101.1,-0.008629142969209691
2021-11-22,TLT,101.56,0.004549950544015857
2021-11-23,TLT,101.24,-0.003150846790074935
2021-11-24,TLT,100.05,-0.011754247333069956
2021-11-25,TLT,99.66,-0.00389805097451279
2021-11-26,TLT,100.49,0.008328316275336034
2021-11-29,TLT,102.0,0.015026370783162601
2021-11-30,TLT,101.48,-0.00509803921568619
2021-12-01,TLT,101.43,-0.0004927079227433628
2021-12-02,TLT,101.5,0.0006901311249136732
2021-12-03,TLT,100.27,-0.012118226600985271
2021-12-06,TLT,99.25,-0.010172534157773971
2021-12-07,TLT,98.75,-0.005037783375314908
2021-12-08,TLT,98.02,-0.007392405063291196
2021-12-09,TLT,98.63,0.006223219751071207
2021-12-10,TLT,97.93,-0.007097232079488869
2021-12-13,TLT,98.45,0.005309915245583552
2021-12-14,TLT,100.89,0.024784154393092894
2021-12-15,TLT,101.26,0.0036673604916246383
2021-12-16,TLT,101.08,-0.001777602212127305
2021-12-17,TLT,100.94,-0.0013850415512465242
2021-12-20,TLT,100.71,-0.0022785813354468942
2021-12-21,TLT,100.94,0.0022837851256081176
2021-12-22,TLT,102.04,0.010897562908658731
2021-12-23,TLT,102.99,0.009310074480595842
2021-12-24,TLT,104.14,0.011166132634236492
2021-12-27,TLT,101.91,-0.021413481851353944
2021-12-28,TLT,100.99,-0.00902757334903348
2021-12-29,TLT,100.98,-9.901970492121048e-05
2021-12-30,TLT,99.91,-0.01059615765498123
2021-12-31,TLT,100.42,0.0051045941347211965
2022-01-03,TLT,99.93,-0.004879506074487061
2022-01-04,TLT,99.18,-0.007505253677574264
2022-01-05,TLT,99.9,0.007259528130671544
2022-01-06,TLT,99.7,-0.002002002002002068
2022-01-07,TLT,99.94,0.002407221664994852
2022-01-10,TLT,101.79,0.018511106663998467
2022-01-11,TLT,101.49,-0.0029472443265547987
2022-01-12,TLT,100.94,-0.0054192531283869805
2022-01-13,TLT,103.18,0.02219140083217752
2022-01-14,TLT,102.63,-0.00533049040511735
2022-01-17,TLT,103.11,0.004676995030692854
2022-01-18,TLT,102.11,-0.009698380370478099
2022-01-19,TLT,101.79,-0.0031338752325922314
2022-01-20,TLT,101.06,-0.007171627861283114
2022-01-21,TLT,100.63,-0.0042548980803484016
2022-01-24,TLT,100.63,0.0
2022-01-25,TLT,100.61,-0.00019874788830365198
2022-01-26,TLT,101.27,0.006559984097008309
2022-01-27,TLT,101.97,0.00691221487113669
2022-01-28,TLT,101.3,-0.006570559968618217
2022-01-31,TLT,101.74,0.004343534057255738
2022-02-01,TLT,100.01,-0.017004128169844646
2022-02-02,TLT,100.27,0.002599740025997388
2022-02-03,TLT,100.68,0.004088959808517201
2022-02-04,TLT,99.74,-0.009336511720302032
2022-02-07,TLT,99.22,-0.005213555243633428
2022-02-08,TLT,99.5,0.0028220116911912285
2022-02-09,TLT,100.08,0.005829145728643237
2022-02-10,TLT,101.37,0.01288968824940051
2022-02-11,TLT,102.29,0.009075663411265644
2022-02-14,TLT,103.51,0.011926874572294466
2022-02-15,TLT,104.57,0.01024055646797395
2022-02-16,TLT,104.11,-0.004398967199005344
2022-02-17,TLT,103.13,-0.009413120737681302
2022-02-18,TLT,103.68,0.005333074760011769
2022-02-21,TLT,103.85,0.001639660493827133
2022-02-22,TLT,102.76,-0.010495907558979223
2022-02-23,TLT,102.68,-0.0007785130400933538
2022-02-24,TLT,101.52,-0.011297234125438371
2022-02-25,TLT,102.18,0.00650118203309713
2022-02-28,TLT,102.4,0.00215306322176545
2022-03-01,TLT,103.39,0.009667968749999867
2022-03-02,TLT,101.76,-0.015765547925331247
2022-03-03,TLT,103.03,0.012480345911949575
2022-03-04,TLT,102.89,-0.0013588275259632798
2022-03-07,TLT,103.3,0.003984838176693595
2022-03-08,TLT,104.18,0.008518877057115182
2022-03-09,TLT,103.08,-0.010558648492992928
2022-03-10,TLT,101.61,-0.014260768335273566
2022-03-11,TLT,100.59,-0.010038382049010863
2022-03-14,TLT,102.17,0.015707326772044894
2022-03-15,TLT,102.32,0.0014681413330721593
2022-03-16,TLT,101.94,-0.0037138389366692115
2022-03-17,TLT,102.76,0.0080439474200511
2022-03-18,TLT,102.18,-0.005644219540677287
2022-03-21,TLT,101.89,-0.0028381287923273657
2022-03-22,TLT,102.79,0.00883305525566791
2022-03-23,TLT,104.79,0.019457145636735174
2022-03-24,TLT,105.25,0.004389731844641531
2022-03-25,TLT,105.61,0.003420427553444183
2022-03-28,TLT,106.1,0.004639712148470698
2022-03-29,TLT,106.84,0.006974552309142457
2022-03-30,TLT,106.43,-0.0038375140396854635
2022-03-31,TLT,103.81,-0.0246171192332989
2022-04-01,TLT,104.48,0.006454098834409061
2022-04-04,TLT,104.14,-0.0032542113323124067
2022-04-05,TLT,102.62,-0.014595736508546175
2022-04-06,TLT,102.88,0.002533619177548241
2022-04-07,TLT,103.62,0.007192846034214773
2022-04-08,TLT,103.59,-0.0002895193977996424
2022-04-11,TLT,102.56,-0.009943044695433945
2022-04-12,TLT,102.02,-0.005265210608424442
2022-04-13,TLT,103.1,0.010586159576553511
2022-04-14,TLT,102.92,-0.0017458777885547283
2022-04-15,TLT,104.89,0.019141080450835624
2022-04-18,TLT,105.14,0.002383449327867382
2022-04-19,TLT,105.61,0.0044702301692980395
2022-04-20,TLT,104.62,-0.009374112299971538
2022-04-21,TLT,102.6,-0.01930797170713061
2022-04-22,TLT,103.13,0.005165692007797373
2022-04-25,TLT,102.92,-0.0020362649083680573
2022-04-26,TLT,102.3,-0.006024096385542244
2022-04-27,TLT,101.62,-0.006647116324535629
2022-04-28,TLT,101.28,-0.003345798071245798
2022-04-29,TLT,101.47,0.0018759873617693046
2022-05-02,TLT,101.69,0.0021681285108898773
2022-05-03,TLT,101.03,-0.006490313698495398
2022-05-04,TLT,100.76,-0.0026724735227159346
2022-05-05,TLT,101.12,0.0035728463676061306
2022-05-06,TLT,100.86,-0.0025712025316456666
2022-05-09,TLT,99.77,-0.01080705929010517
2022-05-10,TLT,100.27,0.0050115265109751395
2022-05-11,TLT,99.86,-0.004088959808516979
2022-05-12,TLT,100.66,0.00801121570198271
2022-05-13,TLT,100.23,-0.004271806079872764
2022-05-16,TLT,99.45,-0.0077821011673151474
2022-05-17,TLT,100.57,0.01126194067370534
2022-05-18,TLT,101.9,0.013224619667893123
2022-05-19,TLT,101.53,-0.003631010794897027
2022-05-20,TLT,102.65,0.011031222298828025
2022-05-23,TLT,101.53,-0.010910862152946899
2022-05-24,TLT,99.32,-0.0217669654289373
2022-05-25,TLT,100.63,0.01318968989126068
2022-05-26,TLT,101.67,0.010334890191791679
2022-05-27,TLT,102.03,0.0035408675125405686
2022-05-30,TLT,102.35,0.003136332451239676
2022-05-31,TLT,102.2,-0.0014655593551538004
2022-06-01,TLT,102.89,0.006751467710371717
2022-06-02,TLT,101.44,-0.01409272038098941
2022-06-03,TLT,101.43,-9.858044164023916e-05
2022-06-06,TLT,101.07,-0.003549245785270716
2022-06-07,TLT,100.46,-0.006035420995349705
2022-06-08,TLT,98.9,-0.015528568584511127
2022-06-09,TLT,99.26,0.003640040444893744
2022-06-10,TLT,99.49,0.0023171468869633838
2022-06-13,TLT,98.92,-0.005729219016986531
2022-06-14,TLT,100.88,0.019813991103922346
2022-06-15,TLT,99.81,-0.010606661379857218
2022-06-16,TLT,98.54,-0.012724175934275106
2022-06-17,TLT,97.47,-0.010858534605236558
2022-06-20,TLT,97.15,-0.003283061454806502
2022-06-21,TLT,96.86,-0.0029850746268657025
2022-06-22,TLT,97.88,0.010530662812306302
2022-06-23,TLT,98.06,0.0018389865140988615
2022-06-24,TLT,99.91,0.01886600040791353
2022-06-27,TLT,100.5,0.005905314783305027
2022-06-28,TLT,101.41,0.009054726368159072
2022-06-29,TLT,101.29,-0.0011833152549057813
2022-06-30,TLT,102.11,0.008095567183334929
2022-07-01,TLT,101.57,-0.005288414454999613
2022-07-04,TLT,101.57,0.0
2022-07-05,TLT,101.7,0.0012799054839027768
2022-07-06,TLT,102.66,0.00943952802359882
2022-07-07,TLT,101.27,-0.01353984024936683
2022-07-08,TLT,101.62,0.003456107435568345
2022-07-11,TLT,99.65,-0.019385947648100754
2022-07-12,TLT,98.92,-0.007325639739086842
2022-07-13,TLT,99.53,0.006166599272139139
2022-07-14,TLT,99.45,-0.0008037777554505965
2022-07-15,TLT,98.9,-0.005530417295123158
2022-07-18,TLT,97.87,-0.010414560161779551
2022-07-19,TLT,97.75,-0.0012261162766936673
2022-07-20,TLT,99.98,0.02281329923273656
2022-07-21,TLT,100.42,0.004400880176035127
2022-07-22,TLT,99.19,-0.012248556064529015
2022-07-25,TLT,98.37,-0.0082669623954027
2022-07-26,TLT,98.35,-0.00020331401850171016
2022-07-27,TLT,98.57,0.0022369089984748403
2022-07-28,TLT,99.42,0.008623313381353359
2022-07-29,TLT,100.93,0.015188090927378939
2022-08-01,TLT,99.35,-0.01565441395026268
2022-08-02,TLT,101.21,0.018721690991444273
2022-08-03,TLT,100.68,-0.005236636695978514
2022-08-04,TLT,100.57,-0.001092570520460967
2022-08-05,TLT,100.82,0.0024858307646415945
2022-08-08,TLT,101.13,0.003074786748660907
2022-08-09,TLT,100.08,-0.01038267576386831
2022-08-10,TLT,99.86,-0.0021982414068745237
2022-08-11,TLT,99.12,-0.007410374524334018
2022-08-12,TLT,99.91,0.007970137207425232
2022-08-15,TLT,99.8,-0.0011009908918026001
2022-08-16,TLT,101.59,0.017935871743486986
2022-08-17,TLT,102.36,0.007579486169898564
2022-08-18,TLT,102.86,0.004884720593981928
2022-08-19,TLT,102.48,-0.0036943418238382097
2022-08-22,TLT,102.84,0.003512880562060783
2022-08-23,TLT,102.68,-0.001555814858031912
2022-08-24,TLT,103.97,0.01256330346708201
2022-08-25,TLT,103.79,-0.0017312686351831363
2022-08-26,TLT,105.03,0.011947201079101966
2022-08-29,TLT,104.22,-0.007712082262210873
2022-08-30,TLT,104.11,-0.0010554596046824516
2022-08-31,TLT,103.38,-0.007011814427048346
2022-09-01,TLT,103.08,-0.0029019152640742396
2022-09-02,TLT,103.69,0.005917733798991076
2022-09-05,TLT,102.82,-0.008390394444980243
2022-09-06,TLT,102.92,0.0009725734292940214
2022-09-07,TLT,104.54,0.015740380878352056
2022-09-08,TLT,107.58,0.02907977807537776
2022-09-09,TLT,108.02,0.004089979550102152
2022-09-12,TLT,106.52,-0.013886317348639099
2022-09-13,TLT,106.17,-0.0032857679309049592
2022-09-14,TLT,104.2,-0.018555147405105
2022-09-15,TLT,105.25,0.010076775431861806
2022-09-16,TLT,103.88,-0.013016627078384801
2022-09-19,TLT,104.91,0.009915286869464746
2022-09-20,TLT,105.34,0.004098751310647186
2022-09-21,TLT,104.73,-0.005790772735902783
2022-09-22,TLT,103.73,-0.009548362455838788
2022-09-23,TLT,103.31,-0.0040489732960571345
2022-09-26,TLT,101.34,-0.019068821992062723
2022-09-27,TLT,101.57,0.002269587527136352
2022-09-28,TLT,101.09,-0.004725804863640715
2022-09-29,TLT,101.73,0.0063309921851815165
2022-09-30,TLT,100.5,-0.01209082866411093
2022-10-03,TLT,99.47,-0.01024875621890553
2022-10-04,TLT,100.05,0.005830903790087438
2022-10-05,TLT,101.24,0.011894052973513203
2022-10-06,TLT,101.21,-0.0002963255630186179
2022-10-07,TLT,100.13,-0.010670882323881026
2022-10-10,TLT,100.04,-0.000898831519025145
2022-10-11,TLT,98.77,-0.012694922031187605
2022-10-12,TLT,100.44,0.016907968006479646
2022-10-13,TLT,101.64,0.01194743130227005
2022-10-14,TLT,101.69,0.0004919323101140183
2022-10-17,TLT,103.22,0.015045727210148518
2022-10-18,TLT,103.86,0.00620034876961828
2022-10-19,TLT,105.33,0.014153668399768948
2022-10-20,TLT,105.26,-0.0006645779929743689
2022-10-21,TLT,104.45,-0.007695230856925694
2022-10-24,TLT,104.65,0.0019147917663955294
2022-10-25,TLT,105.14,0.00468227424749168
2022-10-26,TLT,104.22,-0.008750237778200498
2022-10-27,TLT,104.92,0.006716561120706288
2022-10-28,TLT,106.27,0.012866946244757926
2022-10-31,TLT,104.81,-0.013738590382986637
2022-11-01,TLT,104.94,0.001240339662246015
2022-11-02,TLT,103.86,-0.010291595197255532
2022-11-03,TLT,104.35,0.004717889466589575
2022-11-04,TLT,104.69,0.0032582654528030552
2022-11-07,TLT,103.08,-0.015378737224185701
2022-11-08,TLT,103.29,0.0020372526193248586
2022-11-09,TLT,102.82,-0.004550295285119743
2022-11-10,TLT,103.75,0.009044932892433355
2022-11-11,TLT,102.93,-0.007903614457831276
2022-11-14,TLT,104.19,0.012241329058583439
2022-11-15,TLT,103.74,-0.004319032536711842
2022-11-16,TLT,104.13,0.003759398496240518
2022-11-17,TLT,103.49,-0.0061461634495342254
2022-11-18,TLT,103.95,0.0044448739008600135
2022-11-21,TLT,103.09,-0.008273208273208321
2022-11-22,TLT,104.16,0.010379280240566446
2022-11-23,TLT,104.35,0.0018241167434716044
2022-11-24,TLT,105.26,0.00872065165309066
2022-11-25,TLT,106.99,0.016435493064791862
2022-11-28,TLT,107.25,0.002430133657351119
2022-11-29,TLT,107.61,0.0033566433566434295
2022-11-30,TLT,108.18,0.005296905492054638
2022-12-01,TLT,107.5,-0.00628581992974675
2022-12-02,TLT,107.52,0.00018604651162790198
2022-12-05,TLT,106.77,-0.006975446428571397
2022-12-06,TLT,108.51,0.01629671255970777
2022-12-07,TLT,108.74,0.002119620311491932
2022-12-08,TLT,110.4,0.015265771565201591
2022-12-09,TLT,111.95,0.014039855072463636
2022-12-12,TLT,111.95,0.0
2022-12-13,TLT,112.39,0.003930326038410037
2022-12-14,TLT,113.54,0.010232227066464983
2022-12-15,TLT,112.17,-0.0120662321648759
2022-12-16,TLT,111.88,-0.002585361504858774
2022-12-19,TLT,112.93,0.009385055416517796
2022-12-20,TLT,111.3,-0.01443372000354215
2022-12-21,TLT,111.99,0.006199460916441968
2022-12-22,TLT,112.07,0.0007143494954906515
2022-12-23,TLT,112.8,0.0065137860265904735
2022-12-26,TLT,113.22,0.0037234042553191404
2022-12-27,TLT,113.76,0.004769475357710773
2022-12-28,TLT,115.35,0.013976793248944963
2022-12-29,TLT,115.22,-0.0011270047680970174
2022-12-30,TLT,115.85,0.005467800729040073
2023-01-02,TLT,116.22,0.003193785066896826
2023-01-03,TLT,115.05,-0.010067114093959773
2023-01-04,TLT,114.79,-0.002259887005649608
2023-01-05,TLT,115.25,0.004007317710601921
2023-01-06,TLT,115.03,-0.0019088937093275637
2023-01-09,TLT,116.84,0.01573502564548379
2023-01-10,TLT,116.98,0.001198219787744037
2023-01-11,TLT,116.9,-0.0006838775859121515
2023-01-12,TLT,115.19,-0.01462788708297702
2023-01-13,TLT,115.92,0.006337355673235567
2023-01-16,TLT,117.12,0.010351966873705987
2023-01-17,TLT,117.48,0.0030737704918033515
2023-01-18,TLT,116.12,-0.011576438542730716
2023-01-19,TLT,116.76,0.0055115397864278215
2023-01-20,TLT,118.55,0.015330592668722165
2023-01-23,TLT,118.4,-0.001265288907633888
2023-01-24,TLT,117.07,-0.01123310810810818
2023-01-25,TLT,117.41,0.0029042453233107945
2023-01-26,TLT,119.29,0.01601226471339756
2023-01-27,TLT,117.98,-0.01098164137815405
2023-01-30,TLT,119.22,0.010510255975588967
2023-01-31,TLT,120.77,0.013001174299614116
2023-02-01,TLT,118.45,-0.019210068725676877
2023-02-02,TLT,117.48,-0.008189109328830768
2023-02-03,TLT,118.65,0.00995914198161385
2023-02-06,TLT,118.35,-0.0025284450063212116
2023-02-07,TLT,118.59,0.002027883396704677
2023-02-08,TLT,118.03,-0.0047221519521039035
2023-02-09,TLT,118.17,0.0011861391171736901
2023-02-10,TLT,116.06,-0.017855631717017872
2023-02-13,TLT,116.38,0.0027571945545405985
2023-02-14,TLT,113.21,-0.027238357106031952
2023-02-15,TLT,114.48,0.011218090274710768
2023-02-16,TLT,113.7,-0.006813417190775661
2023-02-17,TLT,110.58,-0.027440633245382595
2023-02-20,TLT,109.71,-0.007867607162235557
2023-02-21,TLT,110.38,0.006107009388387485
2023-02-22,TLT,109.75,-0.005707555716615298
2023-02-23,TLT,110.62,0.007927107061503458
2023-02-24,TLT,112.91,0.020701500632796854
2023-02-27,TLT,112.84,-0.0006199628022317549
2023-02-28,TLT,113.87,0.009127968805388242
2023-03-01,TLT,115.27,0.012294722051462204
2023-03-02,TLT,115.4,0.0011277869350221348
2023-03-03,TLT,116.91,0.01308492201039857
2023-03-06,TLT,116.09,-0.00701394234881525
2023-03-07,TLT,117.71,0.013954690326470676
2023-03-08,TLT,118.2,0.004162772916489699
2023-03-09,TLT,116.33,-0.015820642978003452
2023-03-10,TLT,117.12,0.006791025530817452
2023-03-13,TLT,118.41,0.011014344262294973
2023-03-14,TLT,117.21,-0.010134279199391916
2023-03-15,TLT,116.33,-0.007507891818104184
2023-03-16,TLT,115.37,-0.008252385455170597
2023-03-17,TLT,115.43,0.0005200658750108555
2023-03-20,TLT,112.53,-0.025123451442432665
2023-03-21,TLT,113.04,0.004532124766728929
2023-03-22,TLT,113.92,0.007784854918612805
2023-03-23,TLT,112.23,-0.014834971910112293
2023-03-24,TLT,112.0,-0.002049362915441555
2023-03-27,TLT,112.36,0.003214285714285614
2023-03-28,TLT,113.17,0.007208971164115452
2023-03-29,TLT,112.75,-0.003711230891579098
2023-03-30,TLT,112.98,0.0020399113082041342
2023-03-31,TLT,112.08,-0.007966011683483876
2023-04-03,TLT,110.92,-0.010349750178443973
2023-04-04,TLT,112.02,0.00991705733862247
2023-04-05,TLT,112.07,0.00044634886627381576
2023-04-06,TLT,112.09,0.00017845989113962624
2023-04-07,TLT,111.96,-0.0011597823177804667
2023-04-10,TLT,112.64,0.006073597713469159
2023-04-11,TLT,112.22,-0.0037286931818182323
2023-04-12,TLT,112.55,0.0029406522901442855
2023-04-13,TLT,111.22,-0.011816970235450919
2023-04-14,TLT,111.76,0.004855241862974369
2023-04-17,TLT,111.12,-0.005726556907659219
2023-04-18,TLT,110.17,-0.00854931605471565
2023-04-19,TLT,109.53,-0.005809203957520159
2023-04-20,TLT,109.64,0.001004291061809548
2023-04-21,TLT,109.24,-0.0036483035388544804
2023-04-24,TLT,109.94,0.00640790919077272
2023-04-25,TLT,109.72,-0.002001091504456931
2023-04-26,TLT,110.5,0.007109004739336511
2023-04-27,TLT,110.39,-0.0009954751131221462
2023-04-28,TLT,109.56,-0.007518796992481147
2023-05-01,TLT,109.27,-0.002646951442132228
2023-05-02,TLT,108.87,-0.003660657087947161
2023-05-03,TLT,109.28,0.0037659594011205666
2023-05-04,TLT,108.25,-0.00942532942898977
2023-05-05,TLT,110.21,0.018106235565819695
2023-05-08,TLT,110.37,0.0014517738862174223
2023-05-09,TLT,111.2,0.007520159463622278
2023-05-10,TLT,110.69,-0.004586330935251848
2023-05-11,TLT,110.21,-0.004336435088987289
2023-05-12,TLT,110.17,-0.00036294347155418905
2023-05-15,TLT,108.78,-0.012616864845239162
2023-05-16,TLT,109.03,0.002298216583930923
2023-05-17,TLT,109.65,0.005686508300467796
2023-05-18,TLT,108.93,-0.006566347469220246
2023-05-19,TLT,108.29,-0.005875332782520837
2023-05-22,TLT,107.79,-0.004617231507987762
2023-05-23,TLT,106.92,-0.008071249652101375
2023-05-24,TLT,105.27,-0.015432098765432167
2023-05-25,TLT,107.04,0.016813907096038916
2023-05-26,TLT,107.19,0.0014013452914798386
2023-05-29,TLT,105.59,-0.01492676555648842
2023-05-30,TLT,105.17,-0.003977649398617333
2023-05-31,TLT,104.21,-0.009128078349339264
2023-06-01,TLT,101.89,-0.02226273870070039
2023-06-02,TLT,101.81,-0.0007851604671704759
2023-06-05,TLT,102.92,0.010902661821039272
2023-06-06,TLT,103.84,0.008938981733385143
2023-06-07,TLT,104.92,0.010400616332819634
2023-06-08,TLT,106.92,0.019062142584826525
2023-06-09,TLT,106.63,-0.002712308267863839
2023-06-12,TLT,105.86,-0.007221232298602609
2023-06-13,TLT,105.55,-0.0029283959947100646
2023-06-14,TLT,105.38,-0.0016106110847939892
2023-06-15,TLT,106.39,0.009584361358891735
2023-06-16,TLT,107.04,0.006109596766613379
2023-06-19,TLT,107.22,0.0016816143497757619
2023-06-20,TLT,105.16,-0.019212833426599518
2023-06-21,TLT,104.65,-0.004849752757702497
2023-06-22,TLT,104.62,-0.0002866698518873001
2023-06-23,TLT,105.04,0.0040145287707895605
2023-06-26,TLT,105.05,9.52018278750355e-05
2023-06-27,TLT,103.75,-0.012375059495478347
2023-06-28,TLT,103.65,-0.0009638554216866435
2023-06-29,TLT,103.03,-0.00598166907863007
2023-06-30,TLT,103.08,0.00048529554498677463
2023-07-03,TLT,102.33,-0.007275902211874241
2023-07-04,TLT,101.93,-0.0039089221147268205
2023-07-05,TLT,101.9,-0.0002943196311193663
2023-07-06,TLT,103.12,0.011972522080470949
2023-07-07,TLT,103.35,0.002230411171450619
2023-07-10,TLT,104.62,0.012288340590227431
2023-07-11,TLT,104.63,9.558401835207953e-05
2023-07-12,TLT,104.46,-0.0016247730096530244
2023-07-13,TLT,106.87,0.02307103197396132
2023-07-14,TLT,106.78,-0.0008421446617385975
2023-07-17,TLT,104.54,-0.020977711181869196
2023-07-18,TLT,104.7,0.0015305146355462096
2023-07-19,TLT,104.54,-0.001528175740210136
2023-07-20,TLT,105.05,0.004878515400803529
2023-07-21,TLT,105.73,0.006473108043788756
2023-07-24,TLT,107.27,0.014565402440177788
2023-07-25,TLT,107.34,0.0006525589633634699
2023-07-26,TLT,106.77,-0.00531022917831192
2023-07-27,TLT,106.41,-0.0033717336330429948
2023-07-28,TLT,105.18,-0.011559063997744423
2023-07-31,TLT,105.53,0.003327628826773177
2023-08-01,TLT,104.99,-0.005117028333175511
2023-08-02,TLT,103.82,-0.011143918468425551
2023-08-03,TLT,103.45,-0.0035638605278365265
2023-08-04,TLT,103.98,0.005123247945867604
2023-08-07,TLT,104.88,0.008655510675129818
2023-08-08,TLT,104.66,-0.002097635392829922
2023-08-09,TLT,103.86,-0.00764379896808709
2023-08-10,TLT,104.08,0.002118236087040204
2023-08-11,TLT,103.63,-0.004323597232897769
2023-08-14,TLT,104.65,0.009842709640065728
2023-08-15,TLT,105.71,0.01012900143334905
2023-08-16,TLT,105.31,-0.0037839371866426053
2023-08-17,TLT,102.86,-0.02326464723198185
2023-08-18,TLT,102.0,-0.008360878864476007
2023-08-21,TLT,104.09,0.02049019607843139
2023-08-22,TLT,106.16,0.019886636564511395
2023-08-23,TLT,107.42,0.01186887716654117
2023-08-24,TLT,107.92,0.00465462669893868
2023-08-25,TLT,106.34,-0.014640474425500316
2023-08-28,TLT,106.24,-0.0009403799134851676
2023-08-29,TLT,105.64,-0.005647590361445687
2023-08-30,TLT,106.99,0.01277925028398319
2023-08-31,TLT,105.58,-0.013178801757173564
2023-09-01,TLT,105.32,-0.0024625876112900347
2023-09-04,TLT,104.64,-0.0064565134827192505
2023-09-05,TLT,102.38,-0.02159785932721714
2023-09-06,TLT,100.2,-0.02129322133229139
2023-09-07,TLT,99.02,-0.011776447105788512
2023-09-08,TLT,100.81,0.018077156130074767
2023-09-11,TLT,102.77,0.019442515623449896
2023-09-12,TLT,103.75,0.009535856767539208
2023-09-13,TLT,105.11,0.013108433734939862
2023-09-14,TLT,104.16,-0.009038150508990594
2023-09-15,TLT,103.76,-0.0038402457757296116
2023-09-18,TLT,103.59,-0.0016383962991518564
2023-09-19,TLT,104.72,0.010908388840621619
2023-09-20,TLT,104.86,0.0013368983957220415
2023-09-21,TLT,104.17,-0.006580202174327643
2023-09-22,TLT,102.4,-0.016991456273399264
2023-09-25,TLT,101.88,-0.005078125000000044
2023-09-26,TLT,101.16,-0.007067137809187218
2023-09-27,TLT,102.63,0.014531435349940613
2023-09-28,TLT,104.34,0.016661794796843044
2023-09-29,TLT,103.87,-0.0045045045045044585
2023-10-02,TLT,103.99,0.0011552902666793763
2023-10-03,TLT,102.83,-0.01115491874218677
2023-10-04,TLT,103.09,0.0025284450063212116
2023-10-05,TLT,102.89,-0.00194005238141437
2023-10-06,TLT,102.11,-0.0075809116532219445
2023-10-09,TLT,101.98,-0.001273136813240594
2023-10-10,TLT,102.31,0.0032359286134535648
2023-10-11,TLT,103.86,0.015150034209754581
2023-10-12,TLT,104.46,0.005777007510109788
2023-10-13,TLT,105.85,0.013306528814857277
2023-10-16,TLT,106.21,0.0034010392064240946
2023-10-17,TLT,107.65,0.01355804538179095
2023-10-18,TLT,108.94,0.011983279145378445
2023-10-19,TLT,110.34,0.01285111070313949
2023-10-20,TLT,111.48,0.010331702011963095
2023-10-23,TLT,111.32,-0.0014352350197345265
2023-10-24,TLT,110.7,-0.005569529284944252
2023-10-25,TLT,110.75,0.0004516711833784104
2023-10-26,TLT,111.35,0.005417607223476173
2023-10-27,TLT,111.27,-0.0007184553210597411
2023-10-30,TLT,113.11,0.0165363530151883
2023-10-31,TLT,112.17,-0.008310494209176844
2023-11-01,TLT,112.8,0.005616474993313636
2023-11-02,TLT,114.29,0.013209219858156152
2023-11-03,TLT,112.73,-0.013649488144194644
2023-11-06,TLT,113.05,0.002838641000620923
2023-11-07,TLT,113.39,0.003007518796992459
2023-11-08,TLT,113.16,-0.0020283975659229903
2023-11-09,TLT,113.85,0.0060975609756097615
2023-11-10,TLT,114.9,0.00922266139657446
2023-11-13,TLT,114.68,-0.0019147084421236027
2023-11-14,TLT,114.39,-0.002528775723753096
2023-11-15,TLT,112.6,-0.01564822099833907
2023-11-16,TLT,114.0,0.01243339253996445
2023-11-17,TLT,114.39,0.0034210526315789913
2023-11-20,TLT,114.89,0.0043710114520501
2023-11-21,TLT,117.53,0.02297850117503697
2023-11-22,TLT,119.08,0.013188122181570616
2023-11-23,TLT,119.82,0.00621430970775938
2023-11-24,TLT,121.06,0.010348856618260793
2023-11-27,TLT,119.0,-0.01701635552618541
2023-11-28,TLT,119.36,0.0030252100840335583
2023-11-29,TLT,120.79,0.011980563002681022
2023-11-30,TLT,120.98,0.0015729778955211327
2023-12-01,TLT,119.54,-0.011902793850223192
2023-12-04,TLT,120.54,0.008365400702693648
2023-12-05,TLT,119.33,-0.010038161606105933
2023-12-06,TLT,119.26,-0.0005866085644850028
2023-12-07,TLT,118.95,-0.002599362736877442
2023-12-08,TLT,118.3,-0.005464480874316946
2023-12-11,TLT,117.72,-0.004902789518174133
2023-12-12,TLT,117.28,-0.003737682636765216
2023-12-13,TLT,116.8,-0.004092769440654842
2023-12-14,TLT,115.42,-0.011815068493150616
2023-12-15,TLT,113.69,-0.014988736787385215
2023-12-18,TLT,115.99,0.02023045122702083
2023-12-19,TLT,115.26,-0.006293646003965758
2023-12-20,TLT,114.61,-0.0056394239111574596
2023-12-21,TLT,112.73,-0.0164034551958816
2023-12-22,TLT,112.4,-0.0029273485318903614
2023-12-25,TLT,112.9,0.004448398576512469
2023-12-26,TLT,111.94,-0.008503100088574023
2023-12-27,TLT,113.46,0.01357870287654106
2023-12-28,TLT,115.08,0.014278159703860371
2023-12-29,TLT,115.56,0.004171011470281538
2024-01-01,TLT,115.3,-0.002249913464866804
2024-01-02,TLT,118.75,0.029921942758022624
2024-01-03,TLT,119.43,0.0057263157894738015
2024-01-04,TLT,121.09,0.01389935527086994
2024-01-05,TLT,119.79,-0.01073581633495746
2024-01-08,TLT,120.43,0.005342683028633388
2024-01-09,TLT,121.63,0.009964294610977253
2024-01-10,TLT,121.72,0.0007399490257338215
2024-01-11,TLT,121.42,-0.0024646730200459377
2024-01-12,TLT,123.1,0.01383627079558547
2024-01-15,TLT,121.63,-0.011941510966693714
2024-01-16,TLT,123.11,0.012168050645400053
2024-01-17,TLT,125.46,0.019088619933392836
2024-01-18,TLT,123.3,-0.017216642754662836
2024-01-19,TLT,123.03,-0.0021897810218978186
2024-01-22,TLT,123.31,0.002275867674550902
2024-01-23,TLT,122.79,-0.004217014029681221
2024-01-24,TLT,121.72,-0.008714064663246202
2024-01-25,TLT,120.86,-0.007065395990798584
2024-01-26,TLT,120.86,0.0
2024-01-29,TLT,120.71,-0.0012411054112196895
2024-01-30,TLT,120.12,-0.004887747493993788
2024-01-31,TLT,120.36,0.0019980019980019303
2024-02-01,TLT,121.4,0.00864074443336671
2024-02-02,TLT,120.94,-0.0037891268533772893
2024-02-05,TLT,121.74,0.006614850339011102
2024-02-06,TLT,120.39,-0.011089206505667804
2024-02-07,TLT,119.52,-0.00722651383005235
2024-02-08,TLT,118.36,-0.009705488621151281
2024-02-09,TLT,117.2,-0.009800608313619397
2024-02-12,TLT,116.74,-0.003924914675767943
2024-02-13,TLT,114.82,-0.016446804865513087
2024-02-14,TLT,114.49,-0.0028740637519595325
2024-02-15,TLT,112.55,-0.016944711328500284
2024-02-16,TLT,113.77,0.010839626832518823
2024-02-19,TLT,114.88,0.009756526325041648
2024-02-20,TLT,111.74,-0.02733286908077992
2024-02-21,TLT,110.08,-0.014855915518167118
2024-02-22,TLT,110.86,0.007085755813953432
2024-02-23,TLT,110.57,-0.002615911961031947
2024-02-26,TLT,108.79,-0.016098399204123925
2024-02-27,TLT,108.35,-0.004044489383215444
2024-02-28,TLT,108.72,0.003414859252422797
2024-02-29,TLT,109.38,0.006070640176600417
2024-03-01,TLT,109.62,0.0021941854086671153
2024-03-04,TLT,108.91,-0.006476920270023778
2024-03-05,TLT,109.35,0.004040033054815817
2024-03-06,TLT,107.24,-0.01929583904892551
2024-03-07,TLT,108.16,0.008578888474449764
2024-03-08,TLT,108.28,0.001109467455621349
2024-03-11,TLT,106.87,-0.013021795345400822
2024-03-12,TLT,107.5,0.00589501263216996
2024-03-13,TLT,108.24,0.006883720930232595
2024-03-14,TLT,109.3,0.00979305247597928
2024-03-15,TLT,111.06,0.016102470265324742
2024-03-18,TLT,112.64,0.014226544210336645
2024-03-19,TLT,111.23,-0.012517755681818121
2024-03-20,TLT,111.44,0.0018879798615480947
2024-03-21,TLT,109.95,-0.013370423546302912
2024-03-22,TLT,110.08,0.001182355616189179
2024-03-25,TLT,109.29,-0.007176598837209225
2024-03-26,TLT,108.56,-0.006679476621831881
2024-03-27,TLT,107.0,-0.014369933677229163
2024-03-28,TLT,105.86,-0.010654205607476652
2024-03-29,TLT,107.52,0.01568108822973735
2024-04-01,TLT,108.01,0.004557291666666741
2024-04-02,TLT,105.79,-0.020553652439588954
2024-04-03,TLT,104.83,-0.009074581718498953
2024-04-04,TLT,105.54,0.006772870361537731
2024-04-05,TLT,106.05,0.004832291074474027
2024-04-08,TLT,106.57,0.004903347477604791
2024-04-09,TLT,105.19,-0.01294923524444025
2024-04-10,TLT,104.63,-0.005323699971480189
2024-04-11,TLT,104.98,0.00334512090222705
2024-04-12,TLT,106.79,0.01724137931034475
2024-04-15,TLT,104.88,-0.01788556980990741
2024-04-16,TLT,105.03,0.0014302059496567043
2024-04-17,TLT,104.4,-0.005998286203941716
2024-04-18,TLT,104.31,-0.0008620689655173264
2024-04-19,TLT,105.83,0.014571948998178375
2024-04-22,TLT,106.28,0.004252102428422999
2024-04-23,TLT,105.76,-0.004892736168611189
2024-04-24,TLT,106.24,0.004538577912253983
2024-04-25,TLT,107.6,0.012801204819277157
2024-04-26,TLT,107.44,-0.0014869888475835813
2024-04-29,TLT,105.54,-0.017684288905435497
2024-04-30,TLT,105.01,-0.005021792685237836
2024-05-01,TLT,103.66,-0.012855918483953954
2024-05-02,TLT,103.24,-0.004051707505305813
2024-05-03,TLT,104.48,0.012010848508330119
2024-05-06,TLT,104.23,-0.0023928024502296585
2024-05-07,TLT,102.34,-0.01813297515110812
2024-05-08,TLT,102.9,0.00547195622435015
2024-05-09,TLT,101.91,-0.009620991253644351
2024-05-10,TLT,100.8,-0.01089196349720345
2024-05-13,TLT,100.26,-0.005357142857142727
2024-05-14,TLT,100.27,9.974067424689537e-05
2024-05-15,TLT,98.76,-0.015059339782586889
2024-05-16,TLT,98.55,-0.0021263669501823124
2024-05-17,TLT,99.07,0.005276509386098471
2024-05-20,TLT,100.45,0.013929544766327018
2024-05-21,TLT,100.92,0.004678944748631064
2024-05-22,TLT,100.96,0.00039635354736411443
2024-05-23,TLT,102.01,0.010400158478605537
2024-05-24,TLT,103.23,0.011959611802764503
2024-05-27,TLT,104.26,0.009977719655138939
2024-05-28,TLT,104.59,0.0031651640130443415
2024-05-29,TLT,105.4,0.007744526245339056
2024-05-30,TLT,105.6,0.001897533206830948
2024-05-31,TLT,104.69,-0.008617424242424176
2024-06-03,TLT,102.26,-0.02321138599675221
2024-06-04,TLT,102.75,0.004791707412477919
2024-06-05,TLT,102.88,0.0012652068126519644
2024-06-06,TLT,102.96,0.0007776049766718973
2024-06-07,TLT,104.64,0.01631701631701632
2024-06-10,TLT,104.92,0.0026758409785931914
2024-06-11,TLT,105.6,0.0064811284788408585
2024-06-12,TLT,105.61,9.469696969710562e-05
2024-06-13,TLT,103.72,-0.017896032572673026
2024-06-14,TLT,104.76,0.010026995757809631
2024-06-17,TLT,105.02,0.002481863306605492
2024-06-18,TLT,104.75,-0.0025709388687868984
2024-06-19,TLT,105.84,0.010405727923627817
2024-06-20,TLT,104.42,-0.013416477702192009
2024-06-21,TLT,105.46,0.009959777820340854
2024-06-24,TLT,105.78,0.003034325810733929
2024-06-25,TLT,105.41,-0.0034978256759312654
2024-06-26,TLT,106.56,0.010909780855706375
2024-06-27,TLT,105.83,-0.006850600600600609
2024-06-28,TLT,104.8,-0.009732590002834773
2024-07-01,TLT,105.48,0.0064885496183206826
2024-07-02,TLT,105.36,-0.0011376564277588708
2024-07-03,TLT,106.15,0.007498101746393315
2024-07-04,TLT,105.49,-0.006217616580310947
2024-07-05,TLT,107.31,0.017252820172528383
2024-07-08,TLT,106.44,-0.008107352530053125
2024-07-09,TLT,105.82,-0.005824877865464151
2024-07-10,TLT,106.55,0.0068985068985070175
2024-07-11,TLT,105.28,-0.011919286719849764
2024-07-12,TLT,104.99,-0.002754559270516821
2024-07-15,TLT,104.47,-0.004952852652633566
2024-07-16,TLT,105.49,0.009763568488561303
2024-07-17,TLT,104.04,-0.013745378708882261
2024-07-18,TLT,103.82,-0.0021145713187237236
2024-07-19,TLT,102.93,-0.00857252937776909
2024-07-22,TLT,100.9,-0.019722141261051207
2024-07-23,TLT,101.42,0.005153617443012903
2024-07-24,TLT,102.93,0.014888582133701478
2024-07-25,TLT,103.83,0.008743806470416615
2024-07-26,TLT,103.1,-0.00703072329769816
2024-07-29,TLT,101.99,-0.010766246362754583
2024-07-30,TLT,100.03,-0.01921757035003424
2024-07-31,TLT,99.85,-0.0017994601619515382
2024-08-01,TLT,99.4,-0.004506760140210231
2024-08-02,TLT,99.42,0.0002012072434607326
2024-08-05,TLT,99.63,0.002112251056125558
2024-08-06,TLT,99.87,0.002408912978018707
2024-08-07,TLT,99.76,-0.001101431861419866
2024-08-08,TLT,100.24,0.004811547714514752
2024-08-09,TLT,101.16,0.009177972865123785
2024-08-12,TLT,101.39,0.002273625939106516
2024-08-13,TLT,102.61,0.012032744846631749
2024-08-14,TLT,101.67,-0.009160900497027558
2024-08-15,TLT,102.62,0.009343955935871007
2024-08-16,TLT,102.54,-0.0007795751315532451
2024-08-19,TLT,100.77,-0.017261556465769545
2024-08-20,TLT,99.97,-0.007938870695643474
2024-08-21,TLT,98.3,-0.01670501150345105
2024-08-22,TLT,97.19,-0.011291963377416114
2024-08-23,TLT,98.72,0.015742360325136318
2024-08-26,TLT,100.24,0.015397082658022754
2024-08-27,TLT,101.23,0.00987629688747016
2024-08-28,TLT,99.55,-0.01659587078929181
2024-08-29,TLT,100.32,0.007734806629834168
2024-08-30,TLT,101.47,0.01146331738437012
2024-09-02,TLT,99.72,-0.01724647679116975
2024-09-03,TLT,99.48,-0.002406738868832692
2024-09-04,TLT,98.84,-0.006433453960595137
2024-09-05,TLT,98.52,-0.0032375556454877774
2024-09-06,TLT,97.71,-0.008221680876979276
2024-09-09,TLT,99.07,0.013918739125984958
2024-09-10,TLT,99.7,0.00635914000201887
2024-09-11,TLT,101.17,0.014744232698094217
2024-09-12,TLT,101.38,0.002075714144509133
2024-09-13,TLT,100.02,-0.013414874728743365
2024-09-16,TLT,99.18,-0.008398320335932685
2024-09-17,TLT,98.2,-0.009881024400080651
2024-09-18,TLT,98.6,0.004073319755600657
2024-09-19,TLT,96.43,-0.022008113590263556
2024-09-20,TLT,96.91,0.004977704034014208
2024-09-23,TLT,98.57,0.017129295222371166
2024-09-24,TLT,98.01,-0.005681241757126809
2024-09-25,TLT,97.8,-0.002142638506274941
2024-09-26,TLT,98.75,0.009713701431492971
2024-09-27,TLT,98.01,-0.007493670886075887
2024-09-30,TLT,98.62,0.006223854708703236
2024-10-01,TLT,98.68,0.0006083958629081732
2024-10-02,TLT,98.8,0.001216051884880276
2024-10-03,TLT,100.26,0.014777327935222795
2024-10-04,TLT,100.3,0.0003989626969878035
2024-10-07,TLT,99.78,-0.005184446660019937
2024-10-08,TLT,98.6,-0.011826017237923536
2024-10-09,TLT,100.63,0.020588235294117574
2024-10-10,TLT,98.91,-0.017092318394117068
2024-10-11,TLT,99.01,0.001011020119300543
2024-10-14,TLT,99.73,0.0072719927280071595
2024-10-15,TLT,99.56,-0.0017046024265516824
2024-10-16,TLT,100.2,0.006428284451587052
2024-10-17,TLT,99.52,-0.006786427145708651
2024-10-18,TLT,99.71,0.0019091639871382515
2024-10-21,TLT,99.92,0.0021061077123658567
2024-10-22,TLT,100.08,0.0016012810248198228
2024-10-23,TLT,97.51,-0.025679456434852033
2024-10-24,TLT,97.16,-0.003589375448671994
2024-10-25,TLT,98.17,0.010395224372169665
2024-10-28,TLT,98.21,0.0004074564530915925
2024-10-29,TLT,98.7,0.0049893086243764095
2024-10-30,TLT,97.61,-0.011043566362715307
2024-10-31,TLT,96.07,-0.015777072021309402
2024-11-01,TLT,96.45,0.00395544915166024
2024-11-04,TLT,97.58,0.011715914981855757
2024-11-05,TLT,97.75,0.0017421602787457413
2024-11-06,TLT,97.13,-0.006342710997442547
2024-11-07,TLT,98.54,0.014516627200658938
2024-11-08,TLT,98.51,-0.00030444489547387654
2024-11-11,TLT,97.24,-0.012892092173383496
2024-11-12,TLT,95.53,-0.017585355820649906
2024-11-13,TLT,95.64,0.0011514707421751424
2024-11-14,TLT,93.96,-0.017565872020075313
2024-11-15,TLT,94.54,0.006172839506172867
2024-11-18,TLT,93.18,-0.014385445314152756
2024-11-19,TLT,90.89,-0.02457608928954713
2024-11-20,TLT,90.59,-0.003300693145560585
2024-11-21,TLT,89.78,-0.008941384258748242
2024-11-22,TLT,90.96,0.01314323902873693
2024-11-25,TLT,90.61,-0.0038478452066842417
2024-11-26,TLT,90.28,-0.0036419821211786108
2024-11-27,TLT,91.72,0.015950376606114203
2024-11-28,TLT,91.63,-0.0009812472743131462
2024-11-29,TLT,91.53,-0.0010913456291606893
2024-12-02,TLT,91.83,0.0032776138970829205
2024-12-03,TLT,90.41,-0.015463356201677048
2024-12-04,TLT,91.29,0.00973343656675163
2024-12-05,TLT,91.78,0.005367510132544551
2024-12-06,TLT,91.56,-0.002397036391370677
2024-12-09,TLT,91.97,0.004477937964176393
2024-12-10,TLT,93.46,0.016200935087528512
2024-12-11,TLT,94.73,0.013588701048577123
2024-12-12,TLT,95.32,0.00622822759421493
2024-12-13,TLT,94.26,-0.01112043642467464
2024-12-16,TLT,94.77,0.005410566518141202
2024-12-17,TLT,96.52,0.018465759206499843
2024-12-18,TLT,97.31,0.008184832159138011
2024-12-19,TLT,98.13,0.008426677628198487
2024-12-20,TLT,97.96,-0.0017323958014878738
2024-12-23,TLT,97.87,-0.0009187423438137277
2024-12-24,TLT,97.51,-0.003678348830080669
2024-12-25,TLT,97.88,0.003794482617167416
2024-12-26,TLT,97.45,-0.00439313445034728
2024-12-27,TLT,98.41,0.009851205746536529
2024-12-30,TLT,98.81,0.004064627578498126
2024-12-31,TLT,99.95,0.011537293796174408
2025-01-01,TLT,99.44,-0.005102551275637857
2025-01-02,TLT,98.6,-0.008447304907481912
2025-01-03,TLT,99.32,0.007302231237322543
2025-01-06,TLT,98.43,-0.008960934353604344
2025-01-07,TLT,98.66,0.0023366859697244724
2025-01-08,TLT,99.06,0.004054327995134832
2025-01-09,TLT,99.0,-0.0006056935190793533
2025-01-10,TLT,98.78,-0.0022222222222222365
2025-01-13,TLT,100.02,0.012553148410609394
2025-01-14,TLT,98.66,-0.0135972805438912
2025-01-15,TLT,99.61,0.009629028988445087
2025-01-16,TLT,100.18,0.005722317036442215
2025-01-17,TLT,98.69,-0.014873228189259402
2025-01-20,TLT,97.49,-0.012159286655182955
2025-01-21,TLT,97.39,-0.0010257462303825404
2025-01-22,TLT,97.57,0.0018482390389156222
2025-01-23,TLT,98.44,0.008916675207543356
2025-01-24,TLT,97.23,-0.01229175132060134
2025-01-27,TLT,98.22,0.010182042579450767
2025-01-28,TLT,97.81,-0.004174302586031353
2025-01-29,TLT,97.29,-0.005316429812902479
2025-01-30,TLT,96.45,-0.008633980881899483
2025-01-31,TLT,97.42,0.010057024364955813
2025-02-03,TLT,98.6,0.012112502566208105
2025-02-04,TLT,97.37,-0.012474645030425835
2025-02-05,TLT,96.34,-0.010578206839889082
2025-02-06,TLT,94.71,-0.01691924434295211
2025-02-07,TLT,94.17,-0.005701615457712972
2025-02-10,TLT,95.06,0.009450992885207565
2025-02-11,TLT,95.63,0.005996212918156774
2025-02-12,TLT,95.59,-0.0004182787828086454
2025-02-13,TLT,96.33,0.007741395543466867
2025-02-14,TLT,95.3,-0.010692411502128074
2025-02-17,TLT,96.17,0.009129066107030459
2025-02-18,TLT,95.6,-0.005927004263283853
2025-02-19,TLT,94.45,-0.012029288702928742
2025-02-20,TLT,93.12,-0.014081524616199048
2025-02-21,TLT,93.42,0.003221649484536071
2025-02-24,TLT,93.33,-0.0009633911368015502
2025-02-25,TLT,93.73,0.004285867352405548
2025-02-26,TLT,94.32,0.006294676197588611
2025-02-27,TLT,95.24,0.009754028837998252
2025-02-28,TLT,93.56,-0.017639647207055797
2025-03-03,TLT,93.64,0.0008550662676356513
2025-03-04,TLT,94.99,0.014416915847928147
2025-03-05,TLT,94.67,-0.003368775660595791
2025-03-06,TLT,94.44,-0.002429491919298643
2025-03-07,TLT,93.31,-0.011965268953833097
2025-03-10,TLT,92.66,-0.006966027221091076
2025-03-11,TLT,92.53,-0.0014029786315561399
2025-03-12,TLT,91.03,-0.01621095860801902
2025-03-13,TLT,90.78,-0.002746347358013823
2025-03-14,TLT,91.56,0.008592200925313875
2025-03-17,TLT,91.14,-0.004587155963302725
2025-03-18,TLT,91.56,0.004608294930875667
2025-03-19,TLT,91.96,0.004368719965050172
2025-03-20,TLT,91.43,-0.005763375380600122
2025-03-21,TLT,90.0,-0.01564038061905293
2025-03-24,TLT,91.02,0.011333333333333195
2025-03-25,TLT,91.39,0.004065040650406582
2025-03-26,TLT,92.85,0.015975489659700193
2025-03-27,TLT,93.45,0.00646203554119551
2025-03-28,TLT,92.96,-0.005243445692884041
2025-03-31,TLT,92.68,-0.0030120481927708997
2025-04-01,TLT,92.82,0.001510574018126709
2025-04-02,TLT,94.27,0.015621633268692037
2025-04-03,TLT,93.94,-0.003500583430571691
2025-04-04,TLT,94.97,0.010964445390674982
2025-04-07,TLT,95.28,0.003264188691165737
2025-04-08,TLT,94.88,-0.004198152812762479
2025-04-09,TLT,93.17,-0.018022765598650903
2025-04-10,TLT,93.61,0.0047225501770955525
2025-04-11,TLT,92.59,-0.010896271765836962
2025-04-14,TLT,93.82,0.013284371962414943
2025-04-15,TLT,93.41,-0.004370070347473831
2025-04-16,TLT,92.34,-0.011454876351568277
2025-04-17,TLT,91.81,-0.005739657786441477
2025-04-18,TLT,91.35,-0.005010347456704145
2025-04-21,TLT,90.93,-0.0045977011494251485
2025-04-22,TLT,91.94,0.011107445287583673
2025-04-23,TLT,91.72,-0.002392864911899051
2025-04-24,TLT,91.75,0.0003270824247709747
2025-04-25,TLT,93.25,0.016348773841961872
2025-04-28,TLT,91.82,-0.015335120643431677
2025-04-29,TLT,92.22,0.004356349379220248
2025-04-30,TLT,93.65,0.015506397744524003
2025-05-01,TLT,93.41,-0.0025627335824880415
2025-05-02,TLT,92.6,-0.008671448453056452
2025-05-05,TLT,91.9,-0.0075593952483800075
2025-05-06,TLT,92.46,0.006093579978237118
2025-05-07,TLT,92.18,-0.003028336577979518
2025-05-08,TLT,91.28,-0.009763506183553927
2025-05-09,TLT,90.32,-0.010517090271691565
2025-05-12,TLT,90.93,0.006753764393268469
2025-05-13,TLT,89.82,-0.01220719234576062
2025-05-14,TLT,89.38,-0.0048986862614116555
2025-05-15,TLT,89.05,-0.0036921011411948923
2025-05-16,TLT,87.98,-0.01201572150477248
2025-05-19,TLT,88.24,0.0029552170947941825
2025-05-20,TLT,88.78,0.006119673617407173
2025-05-21,TLT,88.92,0.0015769317413831807
2025-05-22,TLT,89.3,0.004273504273504258
2025-05-23,TLT,89.27,-0.00033594624860022737
2025-05-26,TLT,88.33,-0.01052985325417266
2025-05-27,TLT,89.56,0.013925053775614149
2025-05-28,TLT,89.35,-0.002344796784278791
2025-05-29,TLT,87.3,-0.022943480693900398
2025-05-30,TLT,86.21,-0.012485681557846573
2025-06-02,TLT,87.61,0.01623941538104634
2025-06-03,TLT,86.97,-0.007305102157287968
2025-06-04,TLT,86.11,-0.009888467287570424
2025-06-05,TLT,87.56,0.016838926953896216
2025-06-06,TLT,87.96,0.004568296025582397
2025-06-09,TLT,89.35,0.01580263756252842
2025-06-10,TLT,89.52,0.0019026301063234108
2025-06-11,TLT,88.69,-0.009271671134941872
2025-06-12,TLT,88.38,-0.0034953207802458364
2025-06-13,TLT,87.67,-0.008033491740212617
2025-06-16,TLT,86.56,-0.012661115546937385
2025-06-17,TLT,87.35,0.009126617375230905
2025-06-18,TLT,85.68,-0.01911848883800782
2025-06-19,TLT,85.15,-0.00618580765639587
2025-06-20,TLT,85.43,0.0032883147386963962
2025-06-23,TLT,86.2,0.00901322720355835
2025-06-24,TLT,86.07,-0.0015081206496521116
2025-06-25,TLT,88.0,0.02242360869060067
2025-06-26,TLT,88.11,0.0012499999999999734
2025-06-27,TLT,88.14,0.00034048348655102423
2025-06-30,TLT,87.72,-0.004765146358066685
2025-07-01,TLT,87.11,-0.0069539443684450974
2025-07-02,TLT,87.19,0.000918379060957486
2025-07-03,TLT,88.09,0.010322284665672754
2025-07-04,TLT,89.85,0.019979566352593903
2025-07-07,TLT,89.1,-0.008347245409014992
2025-07-08,TLT,90.07,0.010886644219977537
2025-07-09,TLT,88.84,-0.013656045298101382
2025-07-10,TLT,88.72,-0.0013507429085998224
2025-07-11,TLT,88.84,0.0013525698827774324
2025-07-14,TLT,88.63,-0.0023638000900496614
2025-07-15,TLT,88.89,0.002933543946745054
2025-07-16,TLT,90.83,0.021824727190909998
2025-07-17,TLT,91.25,0.00462402289992303
2025-07-18,TLT,90.12,-0.012383561643835583
2025-07-21,TLT,91.81,0.018752774079005663
2025-07-22,TLT,91.59,-0.0023962531314671853
2025-07-23,TLT,92.69,0.012010044764712235
2025-07-24,TLT,92.2,-0.005286438666522786
2025-07-25,TLT,92.55,0.003796095444685399
2025-07-28,TLT,90.91,-0.01772015126958404
2025-07-29,TLT,89.65,-0.013859861401385842
2025-07-30,TLT,90.05,0.004461795872838792
2025-07-31,TLT,90.74,0.007662409772348777
2025-08-01,TLT,91.65,0.01002865329512903
2025-08-04,TLT,92.76,0.012111292962356801
2025-08-05,TLT,92.51,-0.002695127210004311
2025-08-06,TLT,91.68,-0.00897200302669976
2025-08-07,TLT,89.77,-0.02083333333333348
2025-08-08,TLT,89.91,0.0015595410493483008
2025-08-11,TLT,90.09,0.002002002002002179
2025-08-12,TLT,89.68,-0.004551004551004545
2025-08-13,TLT,89.48,-0.002230151650312262
2025-08-14,TLT,89.87,0.004358515869468116
2025-08-15,TLT,88.46,-0.01568932903082243
2025-08-18,TLT,90.55,0.023626497852136552
2025-08-19,TLT,91.29,0.008172280508006668
2025-08-20,TLT,90.04,-0.013692627889144493
2025-08-21,TLT,90.73,0.007663260772989844
2025-08-22,TLT,91.62,0.009809324369006944
2025-08-25,TLT,92.06,0.00480244488103021
2025-08-26,TLT,92.15,0.0009776232891591796
2025-08-27,TLT,90.57,-0.017145957677699553
2025-08-28,TLT,89.24,-0.014684774207795015
2025-08-29,TLT,89.91,0.007507844016136245
2025-09-01,TLT,90.54,0.007007007007007182
2025-09-02,TLT,91.31,0.00850452838524407
2025-09-03,TLT,91.29,-0.00021903405979628587
2025-09-04,TLT,90.52,-0.008434658779713167
2025-09-05,TLT,89.84,-0.007512152010605289
2025-09-08,TLT,89.95,0.0012243989314335568
2025-09-09,TLT,89.09,-0.009560867148415753
2025-09-10,TLT,89.24,0.001683690649904479
2025-09-11,TLT,87.65,-0.01781712236665156
2025-09-12,TLT,89.09,0.01642897889332562
2025-09-15,TLT,90.63,0.017285890672353643
2025-09-16,TLT,89.63,-0.011033873993159027
2025-09-17,TLT,89.85,0.00245453531183748
2025-09-18,TLT,89.67,-0.002003338898163509
2025-09-19,TLT,88.65,-0.011375041820006593
2025-09-22,TLT,88.42,-0.002594472645234158
2025-09-23,TLT,88.33,-0.001017869260348414
2025-09-24,TLT,88.51,0.0020378127476510244
2025-09-25,TLT,89.28,0.008699581968139247
2025-09-26,TLT,88.25,-0.01153673835125446
2025-09-29,TLT,88.87,0.0070254957507083216
2025-09-30,TLT,88.7,-0.0019129064926296513
2025-10-01,TLT,88.22,-0.005411499436302147
2025-10-02,TLT,87.77,-0.005100884153253271
2025-10-03,TLT,87.48,-0.0033040902358435487
2025-10-06,TLT,87.96,0.00548696844993124
2025-10-07,TLT,87.92,-0.00045475216007262453
2025-10-08,TLT,86.25,-0.01899454049135585
2025-10-09,TLT,87.02,0.008927536231883915
2025-10-10,TLT,87.8,0.008963456676626125
2025-10-13,TLT,88.13,0.003758542141230059
2025-10-14,TLT,88.85,0.008169749234085977
2025-10-15,TLT,88.33,-0.005852560495216652
2025-10-16,TLT,89.42,0.012340088305219155
2025-10-17,TLT,88.9,-0.005815253858197256
2025-10-20,TLT,86.9,-0.022497187851518552
2025-10-21,TLT,86.83,-0.000805523590333812
2025-10-22,TLT,86.13,-0.008061729816883578
2025-10-23,TLT,85.87,-0.003018692673865009
2025-10-24,TLT,85.38,-0.005706300221264837
2025-10-27,TLT,84.73,-0.007613024127430257
2025-10-28,TLT,83.41,-0.015578897674967673
2025-10-29,TLT,81.95,-0.017503896415297815
2025-10-30,TLT,81.98,0.00036607687614398365
2025-10-31,TLT,81.84,-0.0017077335935593574
2025-11-03,TLT,81.92,0.0009775171065493637
2025-11-04,TLT,82.59,0.0081787109375
2025-11-05,TLT,82.59,0.0
2025-11-06,TLT,83.21,0.007506962101949233
2025-11-07,TLT,82.72,-0.005888715298641878
2025-11-10,TLT,81.81,-0.01100096711798837
2025-11-11,TLT,81.87,0.0007334066740007916
2025-11-12,TLT,82.55,0.008305850738976384
2025-11-13,TLT,82.43,-0.0014536644457903147
2025-11-14,TLT,82.48,0.0006065752759916165
2025-11-17,TLT,83.07,0.007153249272550788
2025-11-18,TLT,82.84,-0.002768749247622382
2025-11-19,TLT,81.99,-0.0102607436021247
2025-11-20,TLT,82.52,0.006464202951579567
2025-11-21,TLT,82.65,0.0015753756665051188
2025-11-24,TLT,82.53,-0.0014519056261343977
2025-11-25,TLT,82.49,-0.000484672240397499
2025-11-26,TLT,81.84,-0.007879742999151285
2025-11-27,TLT,82.55,0.008675464320625492
2025-11-28,TLT,82.87,0.00387643852210795
2025-12-01,TLT,82.85,-0.0002413418607458695
2025-12-02,TLT,82.5,-0.004224502112251005
2025-12-03,TLT,83.39,0.01078787878787879
2025-12-04,TLT,82.39,-0.011991845545029411
2025-12-05,TLT,82.45,0.000728243718898014
2025-12-08,TLT,83.34,0.010794420861127918
2025-12-09,TLT,82.77,-0.006839452843772631
2025-12-10,TLT,82.81,0.0004832668841368015
2025-12-11,TLT,81.32,-0.017992996014974172
2025-12-12,TLT,79.86,-0.01795376291195272
2025-12-15,TLT,79.87,0.0001252191334837338
2025-12-16,TLT,80.06,0.0023788656566920974
2025-12-17,TLT,79.68,-0.004746440169872579
2025-12-18,TLT,80.38,0.008785140562248772
2025-12-19,TLT,78.85,-0.019034585717840224
2025-12-22,TLT,79.08,0.002916930881420532
2025-12-23,TLT,79.47,0.004931714719271563
2025-12-24,TLT,80.49,0.012835032087580078
2025-12-25,TLT,81.26,0.009566405764691366
2025-12-26,TLT,79.06,-0.02707359094265327
2025-12-29,TLT,78.37,-0.008727548697191945
2025-12-30,TLT,78.3,-0.0008931989281614205
2025-12-31,TLT,78.9,0.00766283524904221
2026-01-01,TLT,78.24,-0.00836501901140696
2026-01-02,TLT,78.15,-0.0011503067484661678
2026-01-05,TLT,79.75,0.020473448496481028
2026-01-06,TLT,81.33,0.01981191222570522
2026-01-07,TLT,81.72,0.004795278495020261
2026-01-08,TLT,82.14,0.0051395007342143195
2026-01-09,TLT,81.72,-0.0051132213294375894
2026-01-12,TLT,80.77,-0.011625061184532548
2026-01-13,TLT,80.99,0.002723783583013395
2026-01-14,TLT,82.61,0.020002469440671744
2026-01-15,TLT,81.45,-0.014041883549207101
2026-01-16,TLT,80.89,-0.006875383670963853
2026-01-19,TLT,79.48,-0.017431079243416914
2026-01-20,TLT,78.74,-0.009310518369401222
2026-01-21,TLT,79.31,0.007239014478028993
2026-01-22,TLT,79.08,-0.002900012608750502
2026-01-23,TLT,79.51,0.005437531613555979
2026-01-26,TLT,79.56,0.0006288517167651886
2026-01-27,TLT,80.43,0.010935143288084426
2026-01-28,TLT,80.34,-0.0011189854531891141
2026-01-29,TLT,80.29,-0.0006223549912870441
2026-01-30,TLT,81.03,0.009216589861751112
2026-02-02,TLT,81.15,0.0014809329877822908
2026-02-03,TLT,82.48,0.016389402341343118
2026-02-04,TLT,82.65,0.0020611057225994323
2026-02-05,TLT,82.05,-0.007259528130671655
2026-02-06,TLT,82.44,0.004753199268738628
2026-02-09,TLT,82.42,-0.0002426006792818347
2026-02-10,TLT,82.49,0.0008493084202862988
2026-02-11,TLT,81.5,-0.012001454721784377
2026-02-12,TLT,82.67,0.014355828220858902
2026-02-13,TLT,83.58,0.01100762066045724
2026-02-16,TLT,82.14,-0.017229002153625217
2026-02-17,TLT,81.53,-0.007426345264183065
2026-02-18,TLT,80.82,-0.008708450876977913
2026-02-19,TLT,80.47,-0.004330611234842796
2026-02-20,TLT,79.76,-0.008823163912016874
2026-02-23,TLT,78.57,-0.014919759277833622
2026-02-24,TLT,77.64,-0.011836578846888046
2026-02-25,TLT,77.52,-0.0015455950540959051
2026-02-26,TLT,78.65,0.014576883384933126
2026-02-27,TLT,78.3,-0.00445009535918639
2026-03-02,TLT,78.02,-0.003575989782886313
2026-03-03,TLT,79.05,0.013201743142783995
2026-03-04,TLT,77.58,-0.018595825426944934
2026-03-05,TLT,79.65,0.026682134570765736
2026-03-06,TLT,79.51,-0.0017576898932830654
2026-03-09,TLT,78.39,-0.014086278455540224
2026-03-10,TLT,77.43,-0.012246460007653948
2026-03-11,TLT,77.66,0.0029704248999093963
2026-03-12,TLT,76.71,-0.012232809683234702
2026-03-13,TLT,77.96,0.01629513753096079
2026-03-16,TLT,77.48,-0.0061570035915853305
2026-03-17,TLT,78.33,0.010970573051109822
2026-03-18,TLT,79.14,0.010340865568747581
2026-03-19,TLT,78.13,-0.012762193580995729
2026-03-20,TLT,77.15,-0.01254319723537678
2026-03-23,TLT,78.64,0.01931302657161371
2026-03-24,TLT,78.64,0.0
2026-03-25,TLT,78.96,0.004069175991861629
2026-03-26,TLT,78.38,-0.007345491388044523
2026-03-27,TLT,78.27,-0.0014034192396019662
2026-03-30,TLT,79.21,0.012009709978280325
2026-03-31,TLT,78.01,-0.015149602322938827
2026-04-01,TLT,78.75,0.009485963338033532
2026-04-02,TLT,78.84,0.0011428571428571122
2026-04-03,TLT,79.25,0.0052004058853374335
2026-04-06,TLT,80.68,0.018044164037855026
2026-04-07,TLT,80.62,-0.0007436787307882886
2026-04-08,TLT,80.6,-0.0002480774001489827
2026-04-09,TLT,81.27,0.008312655086848642
2026-04-10,TLT,80.15,-0.013781223083548566
2026-04-13,TLT,79.71,-0.005489706799750582
2026-04-14,TLT,79.54,-0.0021327311504201196
2026-04-15,TLT,79.63,0.0011315061604222354
2026-04-16,TLT,79.49,-0.0017581313575285584
2026-04-17,TLT,78.78,-0.008931941124669662
2026-04-20,TLT,80.04,0.015993907083015957
2026-04-21,TLT,79.66,-0.004747626186906717
2026-04-22,TLT,80.35,0.008661812703991911
2026-04-23,TLT,79.6,-0.009334163036714416
2026-04-24,TLT,79.79,0.002386934673366925
2026-04-27,TLT,79.32,-0.005890462463968071
2026-04-28,TLT,79.0,-0.004034291477559182
2026-04-29,TLT,79.66,0.008354430379746702
2026-04-30,TLT,79.08,-0.007280944012051149
2026-05-01,TLT,77.65,-0.018082953970662508
2026-05-04,TLT,78.46,0.01043142305215694
2026-05-05,TLT,76.57,-0.02408870762171811
2026-05-06,TLT,77.08,0.006660572025597666
2026-05-07,TLT,76.78,-0.0038920601971976776
2026-05-08,TLT,77.31,0.006902839281062834
2026-05-11,TLT,77.54,0.002975035571077589
2026-05-12,TLT,76.59,-0.0122517410368842
2026-05-13,TLT,74.95,-0.021412717064891007
2026-05-14,TLT,74.1,-0.011340893929286278
2026-05-15,TLT,74.19,0.0012145748987855143
2026-05-18,TLT,74.63,0.005930718425663839
2026-05-19,TLT,75.34,0.009513600428782132
2026-05-20,TLT,75.29,-0.0006636580833554451
2026-05-21,TLT,75.35,0.0007969185814846735
2026-05-22,TLT,75.45,0.0013271400132714994
2026-05-25,TLT,75.3,-0.001988071570576566
2026-05-26,TLT,75.68,0.005046480743692072
2026-05-27,TLT,75.59,-0.0011892177589852837
2026-05-28,TLT,75.84,0.003307315782510978
2026-05-29,TLT,77.32,0.019514767932489407
2026-06-01,TLT,78.83,0.019529229177444485
2026-06-02,TLT,78.99,0.002029684130407272
2026-06-03,TLT,78.19,-0.010127864286618493
2026-06-04,TLT,77.59,-0.007673615551860746
2026-06-05,TLT,78.2,0.007861837865704269
2026-06-08,TLT,77.99,-0.0026854219948849734
2026-06-09,TLT,77.96,-0.0003846647006026105
2026-06-10,TLT,77.86,-0.0012827090815802356
2026-06-11,TLT,78.58,0.009247367069098456
2026-06-12,TLT,79.76,0.015016543649783776
2026-06-15,TLT,79.73,-0.00037612838515543867
2026-06-16,TLT,79.18,-0.006898281700739917
2026-06-17,TLT,77.61,-0.019828239454407814
2026-06-18,TLT,78.18,0.007344414379590436
2026-06-19,TLT,77.78,-0.0051163980557688005
2026-06-22,TLT,78.03,0.0032141938801748537
2026-06-23,TLT,77.8,-0.002947584262463221
2026-06-24,TLT,78.35,0.007069408740359773
2026-06-25,TLT,76.61,-0.022208040842373933
2026-06-26,TLT,76.54,-0.0009137188356610482
2026-06-29,TLT,77.47,0.012150509537496745
2026-06-30,TLT,76.97,-0.006454111268878293
2026-07-01,TLT,77.86,0.0115629466025724
2026-07-02,TLT,78.85,0.012715129720010099
2026-07-03,TLT,79.99,0.014457831325301207
2021-09-06,VNQ,85.77,
2021-09-07,VNQ,87.88,0.024600676227119145
2021-09-08,VNQ,85.81,-0.023554847519344446
2021-09-09,VNQ,86.76,0.011070970749329945
2021-09-10,VNQ,84.96,-0.020746887966805128
2021-09-13,VNQ,84.9,-0.0007062146892653498
2021-09-14,VNQ,86.66,0.020730270906949233
2021-09-15,VNQ,86.89,0.002654050311562406
2021-09-16,VNQ,88.15,0.014501093336402482
2021-09-17,VNQ,86.9,-0.01418037436188313
2021-09-20,VNQ,86.34,-0.006444188722669719
2021-09-21,VNQ,85.91,-0.004980310400741317
2021-09-22,VNQ,87.16,0.014550110580840325
2021-09-23,VNQ,88.31,0.01319412574575507
2021-09-24,VNQ,87.56,-0.00849280942135655
2021-09-27,VNQ,86.68,-0.01005025125628134
2021-09-28,VNQ,88.18,0.017305029995385413
2021-09-29,VNQ,88.56,0.004309367203447545
2021-09-30,VNQ,88.1,-0.00519421860885283
2021-10-01,VNQ,88.75,0.007377979568671922
2021-10-04,VNQ,90.59,0.020732394366197227
2021-10-05,VNQ,92.18,0.01755160613754292
2021-10-06,VNQ,93.06,0.009546539379474916
2021-10-07,VNQ,93.35,0.0031162690737158716
2021-10-08,VNQ,92.58,-0.008248527048741239
2021-10-11,VNQ,92.12,-0.004968675739900563
2021-10-12,VNQ,90.71,-0.015306122448979664
2021-10-13,VNQ,90.96,0.0027560357182228046
2021-10-14,VNQ,91.22,0.0028583992963939764
2021-10-15,VNQ,92.14,0.010085507564130625
2021-10-18,VNQ,91.07,-0.011612763186455433
2021-10-19,VNQ,90.85,-0.002415724168222222
2021-10-20,VNQ,91.74,0.009796367638965409
2021-10-21,VNQ,92.24,0.005450185306300481
2021-10-22,VNQ,92.48,0.002601908065915204
2021-10-25,VNQ,91.11,-0.014814013840830476
2021-10-26,VNQ,89.48,-0.017890462078805736
2021-10-27,VNQ,91.13,0.018439874832364644
2021-10-28,VNQ,91.49,0.0039504005267201325
2021-10-29,VNQ,92.68,0.013006885998469997
2021-11-01,VNQ,91.72,-0.01035822183858448
2021-11-02,VNQ,91.89,0.001853467073702486
2021-11-03,VNQ,92.27,0.004135379257808269
2021-11-04,VNQ,93.41,0.012355044976698926
2021-11-05,VNQ,91.25,-0.023123862541483797
2021-11-08,VNQ,91.6,0.003835616438356171
2021-11-09,VNQ,90.24,-0.014847161572052348
2021-11-10,VNQ,92.46,0.02460106382978733
2021-11-11,VNQ,92.22,-0.002595717066839698
2021-11-12,VNQ,93.15,0.01008458035133386
2021-11-15,VNQ,91.94,-0.012989801395598577
2021-11-16,VNQ,91.92,-0.0002175331738090147
2021-11-17,VNQ,93.07,0.012510879025239285
2021-11-18,VNQ,92.81,-0.0027935962179004292
2021-11-19,VNQ,91.67,-0.0122831591423338
2021-11-22,VNQ,91.67,0.0
2021-11-23,VNQ,90.29,-0.015053998036435035
2021-11-24,VNQ,90.51,0.002436593199689918
2021-11-25,VNQ,89.59,-0.010164622693625058
2021-11-26,VNQ,89.13,-0.005134501618484277
2021-11-29,VNQ,91.87,0.03074161337372394
2021-11-30,VNQ,90.85,-0.011102645041907167
2021-12-01,VNQ,88.49,-0.02597688497523387
2021-12-02,VNQ,87.39,-0.012430783139337764
2021-12-03,VNQ,88.24,0.009726513331044684
2021-12-06,VNQ,89.0,0.008612873980054392
2021-12-07,VNQ,89.94,0.010561797752808966
2021-12-08,VNQ,89.35,-0.006559928841449847
2021-12-09,VNQ,89.24,-0.0012311135982092658
2021-12-10,VNQ,91.64,0.02689376961004042
2021-12-13,VNQ,92.34,0.007638585770405992
2021-12-14,VNQ,91.9,-0.004764998917045626
2021-12-15,VNQ,92.12,0.0023939064200217963
2021-12-16,VNQ,91.65,-0.005102040816326481
2021-12-17,VNQ,90.73,-0.010038188761593014
2021-12-20,VNQ,90.19,-0.005951724898049182
2021-12-21,VNQ,88.16,-0.022508038585209
2021-12-22,VNQ,88.05,-0.0012477313974591508
2021-12-23,VNQ,86.39,-0.018852924474730193
2021-12-24,VNQ,86.81,0.0048616738048385955
2021-12-27,VNQ,86.4,-0.004722958184540937
2021-12-28,VNQ,85.55,-0.00983796296296302
2021-12-29,VNQ,85.78,0.002688486265342016
2021-12-30,VNQ,83.63,-0.025064117509909112
2021-12-31,VNQ,83.48,-0.0017936147315555928
2022-01-03,VNQ,83.75,0.0032343076185912256
2022-01-04,VNQ,83.98,0.002746268656716566
2022-01-05,VNQ,84.94,0.011431293165039325
2022-01-06,VNQ,85.36,0.0049446668236401425
2022-01-07,VNQ,85.65,0.003397375820056281
2022-01-10,VNQ,85.39,-0.0030356100408640563
2022-01-11,VNQ,84.07,-0.015458484600070377
2022-01-12,VNQ,85.0,0.011062210063042865
2022-01-13,VNQ,86.31,0.015411764705882458
2022-01-14,VNQ,87.72,0.016336461591935914
2022-01-17,VNQ,87.68,-0.0004559963520290866
2022-01-18,VNQ,87.59,-0.0010264598540146164
2022-01-19,VNQ,87.89,0.0034250485215205906
2022-01-20,VNQ,86.11,-0.020252588462851273
2022-01-21,VNQ,85.49,-0.007200092904424582
2022-01-24,VNQ,86.06,0.006667446484969197
2022-01-25,VNQ,85.74,-0.0037183360446201297
2022-01-26,VNQ,86.74,0.011663167716351674
2022-01-27,VNQ,86.37,-0.004265621397279151
2022-01-28,VNQ,86.6,0.0026629616765079245
2022-01-31,VNQ,87.54,0.010854503464203358
2022-02-01,VNQ,87.22,-0.0036554717843272355
2022-02-02,VNQ,87.53,0.003554230681036552
2022-02-03,VNQ,86.26,-0.014509311093339416
2022-02-04,VNQ,86.66,0.004637143519591769
2022-02-07,VNQ,85.45,-0.013962612508654493
2022-02-08,VNQ,85.84,0.0045640725570508245
2022-02-09,VNQ,86.33,0.005708294501397981
2022-02-10,VNQ,84.27,-0.023861925170856058
2022-02-11,VNQ,83.56,-0.008425299632134786
2022-02-14,VNQ,83.39,-0.002034466251795153
2022-02-15,VNQ,82.88,-0.0061158412279650465
2022-02-16,VNQ,83.28,0.004826254826254983
2022-02-17,VNQ,83.22,-0.0007204610951009327
2022-02-18,VNQ,82.18,-0.012496995914443532
2022-02-21,VNQ,83.21,0.01253346312971515
2022-02-22,VNQ,83.08,-0.001562312222088691
2022-02-23,VNQ,82.18,-0.010832932113625349
2022-02-24,VNQ,83.33,0.013993672426380943
2022-02-25,VNQ,82.8,-0.0063602544101764025
2022-02-28,VNQ,82.15,-0.007850241545893644
2022-03-01,VNQ,83.02,0.010590383444917695
2022-03-02,VNQ,83.14,0.0014454348349794977
2022-03-03,VNQ,83.09,-0.0006013952369496867
2022-03-04,VNQ,84.16,0.012877602599590698
2022-03-07,VNQ,84.37,0.0024952471482890815
2022-03-08,VNQ,84.64,0.0032001896408675456
2022-03-09,VNQ,83.07,-0.01854914933837437
2022-03-10,VNQ,82.57,-0.006019020103527173
2022-03-11,VNQ,83.45,0.01065762383432256
2022-03-14,VNQ,82.65,-0.009586578789694378
2022-03-15,VNQ,83.4,0.00907441016333932
2022-03-16,VNQ,83.25,-0.0017985611510792365
2022-03-17,VNQ,84.82,0.01885885885885874
2022-03-18,VNQ,84.25,-0.006720113180853526
2022-03-21,VNQ,86.1,0.021958456973293794
2022-03-22,VNQ,87.06,0.011149825783972167
2022-03-23,VNQ,85.42,-0.01883758327590168
2022-03-24,VNQ,83.58,-0.021540622804963716
2022-03-25,VNQ,81.97,-0.019262981574539317
2022-03-28,VNQ,80.68,-0.015737464926192435
2022-03-29,VNQ,80.88,0.0024789291026274807
2022-03-30,VNQ,82.98,0.02596439169139475
2022-03-31,VNQ,84.19,0.014581826946252097
2022-04-01,VNQ,84.39,0.0023755790473929395
2022-04-04,VNQ,88.89,0.05332385353714897
2022-04-05,VNQ,88.82,-0.0007874901563731385
2022-04-06,VNQ,87.04,-0.02004053141184403
2022-04-07,VNQ,85.69,-0.015510110294117752
2022-04-08,VNQ,85.09,-0.007001983895436936
2022-04-11,VNQ,86.74,0.01939123281231625
2022-04-12,VNQ,85.93,-0.00933825224809759
2022-04-13,VNQ,85.08,-0.009891772372861762
2022-04-14,VNQ,85.17,0.0010578279266573176
2022-04-15,VNQ,85.11,-0.0007044734061288915
2022-04-18,VNQ,85.78,0.007872165432969203
2022-04-19,VNQ,84.82,-0.011191419911401379
2022-04-20,VNQ,86.25,0.016859231313369527
2022-04-21,VNQ,85.78,-0.005449275362318873
2022-04-22,VNQ,87.07,0.015038470505945423
2022-04-25,VNQ,88.06,0.011370161938670131
2022-04-26,VNQ,88.77,0.008062684533272746
2022-04-27,VNQ,88.68,-0.0010138560324433055
2022-04-28,VNQ,88.31,-0.004172304916553959
2022-04-29,VNQ,87.35,-0.010870796059336496
2022-05-02,VNQ,88.64,0.014768174012593116
2022-05-03,VNQ,88.95,0.003497292418772613
2022-05-04,VNQ,89.45,0.005621135469364713
2022-05-05,VNQ,90.52,0.011961989938513051
2022-05-06,VNQ,90.74,0.0024304021210781457
2022-05-09,VNQ,93.43,0.02964513996032636
2022-05-10,VNQ,93.85,0.0044953441078881
2022-05-11,VNQ,94.46,0.006499733617474579
2022-05-12,VNQ,93.17,-0.013656574211306283
2022-05-13,VNQ,93.25,0.0008586454867447468
2022-05-16,VNQ,94.17,0.009865951742627388
2022-05-17,VNQ,94.28,0.0011681002442391897
2022-05-18,VNQ,92.84,-0.015273652948663563
2022-05-19,VNQ,91.76,-0.011632916846186947
2022-05-20,VNQ,92.31,0.005993897122929415
2022-05-23,VNQ,94.85,0.02751597876719747
2022-05-24,VNQ,95.24,0.004111755403268358
2022-05-25,VNQ,95.11,-0.001364972700545919
2022-05-26,VNQ,95.35,0.0025233939648827697
2022-05-27,VNQ,96.08,0.007656004195070842
2022-05-30,VNQ,96.43,0.003642797668609532
2022-05-31,VNQ,96.48,0.0005185108368763736
2022-06-01,VNQ,96.13,-0.003627694859038244
2022-06-02,VNQ,97.48,0.014043482783730354
2022-06-03,VNQ,96.28,-0.012310217480508867
2022-06-06,VNQ,97.51,0.012775238886580942
2022-06-07,VNQ,98.09,0.005948107886370568
2022-06-08,VNQ,97.22,-0.008869405647874418
2022-06-09,VNQ,96.26,-0.009874511417403808
2022-06-10,VNQ,95.46,-0.008310824849366405
2022-06-13,VNQ,95.01,-0.004714016341923255
2022-06-14,VNQ,95.01,0.0
2022-06-15,VNQ,94.11,-0.00947268708557003
2022-06-16,VNQ,93.63,-0.005100414408670706
2022-06-17,VNQ,93.14,-0.005233365374345822
2022-06-20,VNQ,91.24,-0.02039939875456309
2022-06-21,VNQ,91.86,0.0067952652345462106
2022-06-22,VNQ,91.16,-0.007620291748312691
2022-06-23,VNQ,90.53,-0.0069109258446686805
2022-06-24,VNQ,90.72,0.0020987517949850876
2022-06-27,VNQ,90.85,0.0014329805996471379
2022-06-28,VNQ,90.55,-0.003302146395156802
2022-06-29,VNQ,91.87,0.014577581446714616
2022-06-30,VNQ,92.11,0.0026123870686840522
2022-07-01,VNQ,89.52,-0.028118553902942156
2022-07-04,VNQ,89.93,0.004579982126899029
2022-07-05,VNQ,89.85,-0.0008895807850551884
2022-07-06,VNQ,91.29,0.01602671118530896
2022-07-07,VNQ,93.77,0.027166173732062537
2022-07-08,VNQ,92.23,-0.016423163058547408
2022-07-11,VNQ,91.75,-0.005204380353464155
2022-07-12,VNQ,92.21,0.005013623978201487
2022-07-13,VNQ,95.5,0.03567942739399199
2022-07-14,VNQ,96.68,0.012356020942408508
2022-07-15,VNQ,97.7,0.01055026892842359
2022-07-18,VNQ,98.59,0.009109518935516814
2022-07-19,VNQ,98.37,-0.002231463637285769
2022-07-20,VNQ,97.58,-0.008030903730812278
2022-07-21,VNQ,99.88,0.023570403771264514
2022-07-22,VNQ,100.86,0.009811774128954731
2022-07-25,VNQ,102.37,0.014971247273448451
2022-07-26,VNQ,102.46,0.0008791638175245087
2022-07-27,VNQ,101.6,-0.008393519422213558
2022-07-28,VNQ,100.36,-0.012204724409448753
2022-07-29,VNQ,103.21,0.028397768035073767
2022-08-01,VNQ,103.59,0.0036818137777347992
2022-08-02,VNQ,102.81,-0.007529684332464481
2022-08-03,VNQ,102.67,-0.0013617352397626847
2022-08-04,VNQ,102.84,0.0016557903964156129
2022-08-05,VNQ,103.07,0.0022364838584207902
2022-08-08,VNQ,103.87,0.007761715339090092
2022-08-09,VNQ,103.31,-0.0053913545778376815
2022-08-10,VNQ,104.56,0.01209950634014123
2022-08-11,VNQ,103.28,-0.01224177505738333
2022-08-12,VNQ,101.4,-0.018202943454686205
2022-08-15,VNQ,101.67,0.002662721893491149
2022-08-16,VNQ,100.34,-0.013081538310219298
2022-08-17,VNQ,98.92,-0.01415188359577435
2022-08-18,VNQ,98.02,-0.009098261221188841
2022-08-19,VNQ,96.82,-0.012242399510304036
2022-08-22,VNQ,97.86,0.010741582317703058
2022-08-23,VNQ,96.82,-0.010627426936439921
2022-08-24,VNQ,98.54,0.017764924602355014
2022-08-25,VNQ,99.0,0.004668155063933366
2022-08-26,VNQ,98.4,-0.006060606060605989
2022-08-29,VNQ,96.14,-0.022967479674796842
2022-08-30,VNQ,96.36,0.0022883295194506825
2022-08-31,VNQ,94.87,-0.015462847654628464
2022-09-01,VNQ,96.3,0.015073258142721535
2022-09-02,VNQ,96.37,0.0007268951194185913
2022-09-05,VNQ,96.06,-0.0032167687039534876
2022-09-06,VNQ,93.68,-0.02477618155319583
2022-09-07,VNQ,92.38,-0.013877028181041973
2022-09-08,VNQ,91.66,-0.00779389478242043
2022-09-09,VNQ,92.77,0.01210997163430072
2022-09-12,VNQ,93.34,0.006144227659803825
2022-09-13,VNQ,92.97,-0.003964002571244962
2022-09-14,VNQ,92.29,-0.00731418737227052
2022-09-15,VNQ,91.57,-0.0078014952865967935
2022-09-16,VNQ,92.29,0.007862837173747028
2022-09-19,VNQ,92.78,0.005309350958933701
2022-09-20,VNQ,92.13,-0.0070058202198750585
2022-09-21,VNQ,92.25,0.0013025073266037523
2022-09-22,VNQ,92.49,0.002601626016260017
2022-09-23,VNQ,92.69,0.0021623959346956934
2022-09-26,VNQ,92.28,-0.004423346639335413
2022-09-27,VNQ,92.94,0.007152145643693153
2022-09-28,VNQ,91.8,-0.01226597805035512
2022-09-29,VNQ,91.97,0.0018518518518517713
2022-09-30,VNQ,93.22,0.013591388496248857
2022-10-03,VNQ,93.44,0.002360008581849371
2022-10-04,VNQ,94.77,0.014233732876712368
2022-10-05,VNQ,94.36,-0.004326263585522794
2022-10-06,VNQ,94.33,-0.0003179313268334427
2022-10-07,VNQ,95.24,0.009646983992367186
2022-10-10,VNQ,94.53,-0.007454850902981924
2022-10-11,VNQ,93.28,-0.01322331534962451
2022-10-12,VNQ,93.27,-0.00010720411663811547
2022-10-13,VNQ,92.72,-0.0058968585826095765
2022-10-14,VNQ,92.17,-0.005931837791199324
2022-10-17,VNQ,91.33,-0.009113594445047224
2022-10-18,VNQ,90.88,-0.004927187123617727
2022-10-19,VNQ,90.47,-0.004511443661971759
2022-10-20,VNQ,88.18,-0.025312258207140448
2022-10-21,VNQ,88.21,0.00034021320027211033
2022-10-24,VNQ,88.79,0.006575218229225799
2022-10-25,VNQ,88.28,-0.005743890077711478
2022-10-26,VNQ,88.25,-0.0003398278205709593
2022-10-27,VNQ,86.51,-0.01971671388101981
2022-10-28,VNQ,89.01,0.028898393249335408
2022-10-31,VNQ,91.26,0.025278058645096024
2022-11-01,VNQ,89.65,-0.0176419022572869
2022-11-02,VNQ,89.36,-0.003234802007808235
2022-11-03,VNQ,88.43,-0.010407341092211198
2022-11-04,VNQ,86.49,-0.021938256247879817
2022-11-07,VNQ,85.8,-0.007977800901838306
2022-11-08,VNQ,85.84,0.00046620046620060585
2022-11-09,VNQ,85.21,-0.007339235787511722
2022-11-10,VNQ,84.38,-0.009740640769862696
2022-11-11,VNQ,83.98,-0.004740459824602916
2022-11-14,VNQ,83.46,-0.006191950464396356
2022-11-15,VNQ,83.54,0.0009585430146179519
2022-11-16,VNQ,84.32,0.009336844625329022
2022-11-17,VNQ,85.24,0.010910815939279006
2022-11-18,VNQ,85.79,0.006452369779446299
2022-11-21,VNQ,84.57,-0.014220771651707764
2022-11-22,VNQ,83.6,-0.011469788341019305
2022-11-23,VNQ,83.95,0.004186602870813516
2022-11-24,VNQ,83.75,-0.002382370458606342
2022-11-25,VNQ,83.1,-0.00776119402985076
2022-11-28,VNQ,81.97,-0.013598074608904831
2022-11-29,VNQ,81.76,-0.002561912894961549
2022-11-30,VNQ,82.64,0.010763209393346296
2022-12-01,VNQ,83.03,0.004719264278799651
2022-12-02,VNQ,83.69,0.007948934120197482
2022-12-05,VNQ,84.13,0.005257497908949693
2022-12-06,VNQ,83.13,-0.011886366337810483
2022-12-07,VNQ,84.26,0.013593167328281197
2022-12-08,VNQ,83.76,-0.005934013766911939
2022-12-09,VNQ,82.3,-0.017430754536771786
2022-12-12,VNQ,82.98,0.008262454434994071
2022-12-13,VNQ,82.4,-0.006989636056881188
2022-12-14,VNQ,82.49,0.0010922330097085098
2022-12-15,VNQ,83.3,0.009819372045096308
2022-12-16,VNQ,84.35,0.012605042016806678
2022-12-19,VNQ,84.0,-0.004149377593360981
2022-12-20,VNQ,86.13,0.025357142857142856
2022-12-21,VNQ,85.52,-0.007082317427145046
2022-12-22,VNQ,83.27,-0.026309635173058954
2022-12-23,VNQ,83.52,0.003002281734117984
2022-12-26,VNQ,83.9,0.004549808429118896
2022-12-27,VNQ,82.47,-0.017044100119189554
2022-12-28,VNQ,80.89,-0.01915848187219593
2022-12-29,VNQ,82.35,0.018049202620842975
2022-12-30,VNQ,83.27,0.011171827565270132
2023-01-02,VNQ,83.08,-0.0022817341179296458
2023-01-03,VNQ,81.35,-0.020823302840635605
2023-01-04,VNQ,80.22,-0.013890596189305437
2023-01-05,VNQ,79.64,-0.0072301171777611195
2023-01-06,VNQ,79.46,-0.0022601707684581918
2023-01-09,VNQ,79.69,0.002894538132393709
2023-01-10,VNQ,79.25,-0.005521395407202867
2023-01-11,VNQ,78.14,-0.01400630914826495
2023-01-12,VNQ,80.07,0.02469925774251336
2023-01-13,VNQ,79.67,-0.00499562882477822
2023-01-16,VNQ,80.21,0.006777959081209817
2023-01-17,VNQ,80.35,0.0017454182770229032
2023-01-18,VNQ,78.84,-0.01879278158058484
2023-01-19,VNQ,78.06,-0.009893455098934578
2023-01-20,VNQ,77.52,-0.006917755572636519
2023-01-23,VNQ,77.25,-0.0034829721362228394
2023-01-24,VNQ,77.33,0.001035598705501517
2023-01-25,VNQ,75.46,-0.024182076813655806
2023-01-26,VNQ,76.21,0.00993904055128536
2023-01-27,VNQ,76.11,-0.0013121637580368883
2023-01-30,VNQ,76.93,0.010773879910655815
2023-01-31,VNQ,76.87,-0.0007799298063174698
2023-02-01,VNQ,77.12,0.0032522440483933046
2023-02-02,VNQ,77.63,0.006613070539418953
2023-02-03,VNQ,78.82,0.015329125338142457
2023-02-06,VNQ,77.56,-0.015985790408525657
2023-02-07,VNQ,78.03,0.006059824651882373
2023-02-08,VNQ,77.04,-0.012687427912341342
2023-02-09,VNQ,77.15,0.0014278296988576855
2023-02-10,VNQ,77.77,0.008036292935839073
2023-02-13,VNQ,76.93,-0.010801080108010619
2023-02-14,VNQ,76.89,-0.0005199532042117205
2023-02-15,VNQ,77.61,0.009364026531408554
2023-02-16,VNQ,77.26,-0.004509728127818469
2023-02-17,VNQ,75.46,-0.02329795495728726
2023-02-20,VNQ,74.92,-0.007156109196925442
2023-02-21,VNQ,72.9,-0.02696209289909235
2023-02-22,VNQ,73.19,0.00397805212620006
2023-02-23,VNQ,74.43,0.01694220521929246
2023-02-24,VNQ,75.66,0.016525594518339348
2023-02-27,VNQ,74.87,-0.010441448585778335
2023-02-28,VNQ,73.7,-0.015627086950714575
2023-03-01,VNQ,73.45,-0.0033921302578019397
2023-03-02,VNQ,73.35,-0.001361470388019148
2023-03-03,VNQ,72.99,-0.004907975460122671
2023-03-06,VNQ,71.99,-0.013700506918756017
2023-03-07,VNQ,72.47,0.006667592721211424
2023-03-08,VNQ,72.49,0.00027597626604114467
2023-03-09,VNQ,74.29,0.024831011173955142
2023-03-10,VNQ,73.44,-0.011441647597254079
2023-03-13,VNQ,73.06,-0.005174291938997766
2023-03-14,VNQ,72.88,-0.0024637284423761896
2023-03-15,VNQ,74.04,0.01591657519209666
2023-03-16,VNQ,73.97,-0.0009454349000541651
2023-03-17,VNQ,73.5,-0.006353927267811255
2023-03-20,VNQ,73.4,-0.0013605442176869431
2023-03-21,VNQ,74.16,0.010354223433242327
2023-03-22,VNQ,71.26,-0.03910463861920166
2023-03-23,VNQ,70.96,-0.0042099354476565765
2023-03-24,VNQ,70.81,-0.0021138669673054222
2023-03-27,VNQ,69.6,-0.017087981923457285
2023-03-28,VNQ,68.94,-0.00948275862068959
2023-03-29,VNQ,70.59,0.023933855526544923
2023-03-30,VNQ,70.35,-0.003399915002125109
2023-03-31,VNQ,69.16,-0.01691542288557213
2023-04-03,VNQ,69.96,0.011567379988432602
2023-04-04,VNQ,70.7,0.010577472841623914
2023-04-05,VNQ,70.86,0.002263083451202297
2023-04-06,VNQ,70.11,-0.010584250635055081
2023-04-07,VNQ,69.41,-0.009984310369419491
2023-04-10,VNQ,68.1,-0.018873361187148885
2023-04-11,VNQ,69.38,0.018795888399412597
2023-04-12,VNQ,70.03,0.009368694148169654
2023-04-13,VNQ,70.36,0.004712266171640778
2023-04-14,VNQ,70.41,0.0007106310403637295
2023-04-17,VNQ,69.14,-0.01803721062349095
2023-04-18,VNQ,68.72,-0.0060746311831068045
2023-04-19,VNQ,69.93,0.01760768335273588
2023-04-20,VNQ,70.13,0.002860002860002764
2023-04-21,VNQ,70.79,0.009411093683159955
2023-04-24,VNQ,70.24,-0.007769458963130527
2023-04-25,VNQ,69.23,-0.014379271070614874
2023-04-26,VNQ,68.46,-0.011122345803842415
2023-04-27,VNQ,67.74,-0.010517090271691454
2023-04-28,VNQ,66.62,-0.016533805727782513
2023-05-01,VNQ,67.87,0.018763134193935826
2023-05-02,VNQ,66.72,-0.016944157949020267
2023-05-03,VNQ,66.5,-0.00329736211031173
2023-05-04,VNQ,67.51,0.015187969924812084
2023-05-05,VNQ,68.59,0.01599762998074361
2023-05-08,VNQ,68.32,-0.00393643388249032
2023-05-09,VNQ,67.51,-0.011855971896955309
2023-05-10,VNQ,67.36,-0.0022218930528811187
2023-05-11,VNQ,69.97,0.03874703087885978
2023-05-12,VNQ,69.08,-0.012719737030155831
2023-05-15,VNQ,69.2,0.0017371163867980766
2023-05-16,VNQ,70.13,0.013439306358381309
2023-05-17,VNQ,70.2,0.0009981462997292745
2023-05-18,VNQ,68.95,-0.017806267806267817
2023-05-19,VNQ,69.42,0.006816533720086948
2023-05-22,VNQ,69.9,0.006914433880726101
2023-05-23,VNQ,70.82,0.013161659513590607
2023-05-24,VNQ,69.87,-0.013414289748658437
2023-05-25,VNQ,68.53,-0.01917847430943187
2023-05-26,VNQ,68.47,-0.0008755289654166498
2023-05-29,VNQ,66.78,-0.024682342631809573
2023-05-30,VNQ,67.19,0.006139562743336269
2023-05-31,VNQ,67.34,0.002232475070695239
2023-06-01,VNQ,66.8,-0.008019008019008123
2023-06-02,VNQ,67.6,0.011976047904191489
2023-06-05,VNQ,66.86,-0.010946745562130156
2023-06-06,VNQ,65.65,-0.01809751720011954
2023-06-07,VNQ,66.01,0.00548362528560542
2023-06-08,VNQ,67.49,0.0224208453264656
2023-06-09,VNQ,66.11,-0.02044747369980726
2023-06-12,VNQ,65.43,-0.010285887157767237
2023-06-13,VNQ,65.76,0.005043558000916937
2023-06-14,VNQ,65.06,-0.010644768856447717
2023-06-15,VNQ,64.63,-0.006609283738088001
2023-06-16,VNQ,64.56,-0.0010830883490637877
2023-06-19,VNQ,64.82,0.004027261462205667
2023-06-20,VNQ,63.91,-0.014038876889848728
2023-06-21,VNQ,63.26,-0.010170552339227035
2023-06-22,VNQ,63.31,0.0007903888713247653
2023-06-23,VNQ,63.78,0.007423787711261953
2023-06-26,VNQ,63.79,0.00015678896205706394
2023-06-27,VNQ,63.44,-0.0054867534096253445
2023-06-28,VNQ,62.46,-0.015447667087011285
2023-06-29,VNQ,61.13,-0.02129362792186995
2023-06-30,VNQ,61.42,0.004743988221822315
2023-07-03,VNQ,60.19,-0.020026050146532137
2023-07-04,VNQ,59.98,-0.003488951653098482
2023-07-05,VNQ,59.65,-0.0055018339446482045
2023-07-06,VNQ,59.63,-0.0003352891869236041
2023-07-07,VNQ,59.32,-0.005198725473754884
2023-07-10,VNQ,59.77,0.007585974376264293
2023-07-11,VNQ,59.87,0.0016730801405386853
2023-07-12,VNQ,60.16,0.004843828294638364
2023-07-13,VNQ,60.28,0.0019946808510638014
2023-07-14,VNQ,60.44,0.002654280026542777
2023-07-17,VNQ,60.78,0.005625413633355558
2023-07-18,VNQ,61.57,0.01299769661072725
2023-07-19,VNQ,62.18,0.009907422445996517
2023-07-20,VNQ,61.89,-0.004663879060791243
2023-07-21,VNQ,60.22,-0.026983357569882127
2023-07-24,VNQ,60.82,0.00996346728661579
2023-07-25,VNQ,60.98,0.002630713581058819
2023-07-26,VNQ,60.14,-0.013775008199409577
2023-07-27,VNQ,58.52,-0.02693714665779845
2023-07-28,VNQ,59.46,0.016062884483937
2023-07-31,VNQ,60.2,0.012445341405987298
2023-08-01,VNQ,59.37,-0.013787375415282521
2023-08-02,VNQ,59.76,0.0065689742294088305
2023-08-03,VNQ,59.4,-0.0060240963855421326
2023-08-04,VNQ,58.71,-0.011616161616161524
2023-08-07,VNQ,58.41,-0.00510986203372521
2023-08-08,VNQ,59.88,0.025166923472008218
2023-08-09,VNQ,59.67,-0.003507014028056088
2023-08-10,VNQ,59.29,-0.0063683593095358315
2023-08-11,VNQ,60.18,0.015010963062911165
2023-08-14,VNQ,59.51,-0.011133266866068525
2023-08-15,VNQ,59.21,-0.005041169551335822
2023-08-16,VNQ,59.98,0.01300456004053352
2023-08-17,VNQ,60.0,0.0003334444814939719
2023-08-18,VNQ,58.13,-0.031166666666666676
2023-08-21,VNQ,57.19,-0.01617065198692591
2023-08-22,VNQ,54.11,-0.05385556915544676
2023-08-23,VNQ,55.07,0.01774163740528545
2023-08-24,VNQ,57.32,0.04085709097512247
2023-08-25,VNQ,57.88,0.009769713886950582
2023-08-28,VNQ,57.94,0.0010366275051829632
2023-08-29,VNQ,58.03,0.001553331032102312
2023-08-30,VNQ,58.25,0.0037911425124934617
2023-08-31,VNQ,58.89,0.010987124463519349
2023-09-01,VNQ,59.56,0.011377143827475011
2023-09-04,VNQ,59.07,-0.00822699798522497
2023-09-05,VNQ,58.25,-0.013881835110885365
2023-09-06,VNQ,57.29,-0.016480686695279023
2023-09-07,VNQ,57.52,0.004014662244719913
2023-09-08,VNQ,57.24,-0.004867872044506227
2023-09-11,VNQ,58.17,0.016247379454926714
2023-09-12,VNQ,58.23,0.001031459515213884
2023-09-13,VNQ,59.04,0.01391035548686248
2023-09-14,VNQ,58.59,-0.007621951219512146
2023-09-15,VNQ,59.2,0.010411332991978162
2023-09-18,VNQ,60.1,0.01520270270270263
2023-09-19,VNQ,59.62,-0.00798668885191356
2023-09-20,VNQ,60.27,0.010902381751090262
2023-09-21,VNQ,60.66,0.006470881035340881
2023-09-22,VNQ,60.92,0.004286185295087508
2023-09-25,VNQ,61.46,0.008864084044648779
2023-09-26,VNQ,60.78,-0.011064106736088486
2023-09-27,VNQ,60.35,-0.007074695623560334
2023-09-28,VNQ,59.16,-0.019718309859155014
2023-09-29,VNQ,60.05,0.015043948613928437
2023-10-02,VNQ,59.74,-0.005162364696086552
2023-10-03,VNQ,58.97,-0.012889186474723813
2023-10-04,VNQ,59.25,0.004748177039172408
2023-10-05,VNQ,60.09,0.014177215189873582
2023-10-06,VNQ,62.17,0.034614744549841925
2023-10-09,VNQ,64.02,0.029757117580826664
2023-10-10,VNQ,63.7,-0.004998437988128601
2023-10-11,VNQ,63.24,-0.007221350078492894
2023-10-12,VNQ,66.12,0.04554079696394697
2023-10-13,VNQ,67.29,0.017695099818511917
2023-10-16,VNQ,66.69,-0.008916629514043817
2023-10-17,VNQ,68.71,0.030289398710451332
2023-10-18,VNQ,67.62,-0.015863775287439763
2023-10-19,VNQ,66.78,-0.012422360248447228
2023-10-20,VNQ,64.84,-0.029050613956274285
2023-10-23,VNQ,67.18,0.03608883405305363
2023-10-24,VNQ,67.51,0.004912176242929389
2023-10-25,VNQ,67.8,0.0042956599022365705
2023-10-26,VNQ,67.53,-0.0039823008849556585
2023-10-27,VNQ,66.49,-0.015400562712868493
2023-10-30,VNQ,65.62,-0.013084674387125794
2023-10-31,VNQ,65.75,0.001981103322157729
2023-11-01,VNQ,65.75,0.0
2023-11-02,VNQ,65.61,-0.002129277566539911
2023-11-03,VNQ,65.63,0.0003048315805516122
2023-11-06,VNQ,64.93,-0.010665854030168953
2023-11-07,VNQ,63.76,-0.018019405513630238
2023-11-08,VNQ,65.14,0.02164366373902138
2023-11-09,VNQ,66.34,0.018421860607921392
2023-11-10,VNQ,66.52,0.0027132951462163213
2023-11-13,VNQ,66.59,0.0010523150932051362
2023-11-14,VNQ,66.89,0.004505180958101818
2023-11-15,VNQ,66.86,-0.0004484975332635921
2023-11-16,VNQ,65.44,-0.02123840861501647
2023-11-17,VNQ,65.07,-0.005654034229828908
2023-11-20,VNQ,65.64,0.008759797141540071
2023-11-21,VNQ,64.32,-0.02010968921389411
2023-11-22,VNQ,64.57,0.003886815920397968
2023-11-23,VNQ,63.44,-0.017500387176707433
2023-11-24,VNQ,64.53,0.017181588902900335
2023-11-27,VNQ,64.66,0.002014566868123291
2023-11-28,VNQ,64.12,-0.00835137643055972
2023-11-29,VNQ,62.83,-0.0201185277604492
2023-11-30,VNQ,62.57,-0.004138150565016652
2023-12-01,VNQ,62.11,-0.007351766022055339
2023-12-04,VNQ,61.14,-0.015617452906134255
2023-12-05,VNQ,60.98,-0.0026169447170428795
2023-12-06,VNQ,60.79,-0.0031157756641521095
2023-12-07,VNQ,62.23,0.023688106596479575
2023-12-08,VNQ,61.44,-0.012694841716214045
2023-12-11,VNQ,60.71,-0.01188151041666663
2023-12-12,VNQ,61.22,0.008400592983033972
2023-12-13,VNQ,61.11,-0.0017967984318849606
2023-12-14,VNQ,60.85,-0.004254622811323827
2023-12-15,VNQ,61.99,0.018734593262119903
2023-12-18,VNQ,62.35,0.005807388288433524
2023-12-19,VNQ,63.35,0.016038492381716063
2023-12-20,VNQ,63.27,-0.0012628255722177961
2023-12-21,VNQ,64.47,0.018966334755808445
2023-12-22,VNQ,64.11,-0.0055839925546765645
2023-12-25,VNQ,63.79,-0.004991420995164586
2023-12-26,VNQ,64.46,0.010503213669854183
2023-12-27,VNQ,67.65,0.049488054607508714
2023-12-28,VNQ,72.35,0.0694752402069474
2023-12-29,VNQ,72.74,0.005390463026952341
2024-01-01,VNQ,73.49,0.010310695628265032
2024-01-02,VNQ,73.91,0.005715063273914911
2024-01-03,VNQ,73.78,-0.0017588959545392635
2024-01-04,VNQ,73.2,-0.007861208999728864
2024-01-05,VNQ,73.04,-0.0021857923497267118
2024-01-08,VNQ,72.37,-0.009173055859802881
2024-01-09,VNQ,72.42,0.0006908940168577349
2024-01-10,VNQ,72.72,0.004142502071250886
2024-01-11,VNQ,71.59,-0.015539053905390454
2024-01-12,VNQ,72.5,0.01271127252409543
2024-01-15,VNQ,72.37,-0.001793103448275768
2024-01-16,VNQ,72.25,-0.0016581456404588524
2024-01-17,VNQ,71.37,-0.012179930795847671
2024-01-18,VNQ,70.56,-0.011349306431273631
2024-01-19,VNQ,71.53,0.013747165532879801
2024-01-22,VNQ,74.09,0.03578917936530135
2024-01-23,VNQ,73.53,-0.007558374949385938
2024-01-24,VNQ,74.2,0.009111927104583195
2024-01-25,VNQ,75.57,0.018463611859838247
2024-01-26,VNQ,74.65,-0.012174143178509844
2024-01-29,VNQ,75.3,0.008707300736771506
2024-01-30,VNQ,75.49,0.002523240371845814
2024-01-31,VNQ,75.41,-0.0010597430123194806
2024-02-01,VNQ,73.36,-0.02718472351147061
2024-02-02,VNQ,75.38,0.02753544165757904
2024-02-05,VNQ,75.58,0.0026532236667551334
2024-02-06,VNQ,77.14,0.020640381053188772
2024-02-07,VNQ,77.7,0.007259528130671544
2024-02-08,VNQ,76.31,-0.017889317889317913
2024-02-09,VNQ,74.98,-0.017428908399947596
2024-02-12,VNQ,75.99,0.013470258735662766
2024-02-13,VNQ,75.17,-0.010790893538623392
2024-02-14,VNQ,79.26,0.05441000399095386
2024-02-15,VNQ,83.82,0.05753217259651766
2024-02-16,VNQ,83.01,-0.00966356478167485
2024-02-19,VNQ,84.49,0.01782917720756516
2024-02-20,VNQ,85.75,0.014913007456503813
2024-02-21,VNQ,90.08,0.05049562682215747
2024-02-22,VNQ,90.47,0.004329484902309
2024-02-23,VNQ,90.62,0.001658008179507009
2024-02-26,VNQ,89.66,-0.01059368792760984
2024-02-27,VNQ,89.21,-0.005018960517510607
2024-02-28,VNQ,89.53,0.003587041811456304
2024-02-29,VNQ,88.35,-0.013179939685021846
2024-03-01,VNQ,91.69,0.03780418788907758
2024-03-04,VNQ,90.49,-0.013087577707492692
2024-03-05,VNQ,92.48,0.021991380263012505
2024-03-06,VNQ,90.33,-0.023248269896193885
2024-03-07,VNQ,90.22,-0.0012177571128085818
2024-03-08,VNQ,88.69,-0.01695854577698963
2024-03-11,VNQ,88.65,-0.000451009132934832
2024-03-12,VNQ,86.89,-0.019853355893965086
2024-03-13,VNQ,87.46,0.006560018414086599
2024-03-14,VNQ,86.45,-0.011548136290875699
2024-03-15,VNQ,86.45,0.0
2024-03-18,VNQ,86.73,0.0032388663967610754
2024-03-19,VNQ,88.51,0.02052346362273716
2024-03-20,VNQ,86.61,-0.021466500960343526
2024-03-21,VNQ,88.2,0.018358157256667784
2024-03-22,VNQ,90.96,0.03129251700680258
2024-03-25,VNQ,94.67,0.040787159190853295
2024-03-26,VNQ,92.31,-0.02492869969367273
2024-03-27,VNQ,91.82,-0.005308200628317716
2024-03-28,VNQ,92.74,0.010019603572206437
2024-03-29,VNQ,92.64,-0.0010782833728703034
2024-04-01,VNQ,90.47,-0.023424006908462913
2024-04-02,VNQ,94.25,0.04178180612357685
2024-04-03,VNQ,97.27,0.03204244031830239
2024-04-04,VNQ,97.67,0.00411226482985505
2024-04-05,VNQ,95.71,-0.02006757448551255
2024-04-08,VNQ,93.29,-0.025284714240936035
2024-04-09,VNQ,92.02,-0.013613463393718606
2024-04-10,VNQ,97.62,0.06085633557922199
2024-04-11,VNQ,97.51,-0.0011268182749436528
2024-04-12,VNQ,94.01,-0.035893754486719276
2024-04-15,VNQ,95.61,0.017019466014253748
2024-04-16,VNQ,92.9,-0.02834431544817484
2024-04-17,VNQ,93.1,0.002152852529601512
2024-04-18,VNQ,92.3,-0.008592910848549962
2024-04-19,VNQ,94.0,0.018418201516793076
2024-04-22,VNQ,95.32,0.014042553191489393
2024-04-23,VNQ,94.72,-0.00629458665547622
2024-04-24,VNQ,93.62,-0.011613175675675658
2024-04-25,VNQ,92.55,-0.011429181798761068
2024-04-26,VNQ,93.39,0.009076175040518608
2024-04-29,VNQ,92.63,-0.008137916265124834
2024-04-30,VNQ,93.16,0.00572168843787102
2024-05-01,VNQ,91.09,-0.022219836839845408
2024-05-02,VNQ,92.08,0.010868371939839694
2024-05-03,VNQ,91.61,-0.0051042571676802595
2024-05-06,VNQ,88.86,-0.030018556926099782
2024-05-07,VNQ,90.5,0.01845599819941479
2024-05-08,VNQ,89.29,-0.013370165745856255
2024-05-09,VNQ,86.57,-0.030462537798185862
2024-05-10,VNQ,88.39,0.021023449231835523
2024-05-13,VNQ,90.42,0.022966398913904396
2024-05-14,VNQ,90.86,0.0048661800486617945
2024-05-15,VNQ,89.97,-0.009795289456306366
2024-05-16,VNQ,90.13,0.0017783705679670359
2024-05-17,VNQ,89.39,-0.008210362809275451
2024-05-20,VNQ,89.32,-0.000783085356303892
2024-05-21,VNQ,88.23,-0.012203313927451775
2024-05-22,VNQ,86.65,-0.01790774113113447
2024-05-23,VNQ,85.75,-0.010386612810155849
2024-05-24,VNQ,85.96,0.002448979591836764
2024-05-27,VNQ,86.4,0.005118659841786943
2024-05-28,VNQ,86.39,-0.00011574074074083285
2024-05-29,VNQ,85.08,-0.015163792105567842
2024-05-30,VNQ,86.15,0.01257639868359206
2024-05-31,VNQ,86.1,-0.0005803830528149367
2024-06-03,VNQ,86.16,0.0006968641114983853
2024-06-04,VNQ,86.72,0.006499535747446661
2024-06-05,VNQ,85.98,-0.008533210332103303
2024-06-06,VNQ,83.99,-0.023144917422656563
2024-06-07,VNQ,84.13,0.001666865102988524
2024-06-10,VNQ,85.66,0.01818614049685019
2024-06-11,VNQ,86.15,0.0057202895166941214
2024-06-12,VNQ,86.28,0.00150899593731868
2024-06-13,VNQ,86.57,0.003361149745016112
2024-06-14,VNQ,85.87,-0.00808594201224433
2024-06-17,VNQ,88.03,0.02515430301618715
2024-06-18,VNQ,90.23,0.024991480177212422
2024-06-19,VNQ,87.01,-0.035686578743211794
2024-06-20,VNQ,86.42,-0.006780829789679421
2024-06-21,VNQ,85.78,-0.0074056931265911174
2024-06-24,VNQ,84.59,-0.013872697598507733
2024-06-25,VNQ,86.35,0.020806241872561637
2024-06-26,VNQ,85.58,-0.008917197452229297
2024-06-27,VNQ,85.73,0.001752745968684355
2024-06-28,VNQ,86.24,0.005948909366616073
2024-07-01,VNQ,85.6,-0.007421150278293154
2024-07-02,VNQ,84.22,-0.01612149532710272
2024-07-03,VNQ,85.16,0.011161244360009537
2024-07-04,VNQ,85.01,-0.001761390324095724
2024-07-05,VNQ,84.15,-0.010116456887425018
2024-07-08,VNQ,84.21,0.0007130124777181557
2024-07-09,VNQ,83.51,-0.008312551953449598
2024-07-10,VNQ,82.18,-0.0159262363788768
2024-07-11,VNQ,83.66,0.01800924799221204
2024-07-12,VNQ,83.29,-0.004422663160411067
2024-07-15,VNQ,82.44,-0.010205306759515032
2024-07-16,VNQ,82.87,0.005215914604560945
2024-07-17,VNQ,82.53,-0.004102811632677783
2024-07-18,VNQ,83.23,0.008481764206955011
2024-07-19,VNQ,85.41,0.02619247867355501
2024-07-22,VNQ,83.45,-0.022948132537173538
2024-07-23,VNQ,83.27,-0.0021569802276812933
2024-07-24,VNQ,84.94,0.020055241983907734
2024-07-25,VNQ,84.36,-0.00682834942312216
2024-07-26,VNQ,84.03,-0.003911806543385521
2024-07-29,VNQ,84.13,0.0011900511722002793
2024-07-30,VNQ,85.3,0.013907048615238393
2024-07-31,VNQ,85.96,0.007737397420867431
2024-08-01,VNQ,85.22,-0.008608655188459657
2024-08-02,VNQ,87.19,0.0231166392865525
2024-08-05,VNQ,87.43,0.002752609244179416
2024-08-06,VNQ,88.75,0.01509779251972998
2024-08-07,VNQ,89.21,0.005183098591549307
2024-08-08,VNQ,88.41,-0.008967604528640205
2024-08-09,VNQ,88.05,-0.004071937563624006
2024-08-12,VNQ,87.26,-0.008972174900624519
2024-08-13,VNQ,88.3,0.011918404767361723
2024-08-14,VNQ,89.79,0.016874292185730555
2024-08-15,VNQ,91.67,0.020937743624011462
2024-08-16,VNQ,91.02,-0.00709065124904551
2024-08-19,VNQ,89.9,-0.012304987914743881
2024-08-20,VNQ,89.46,-0.004894327030033452
2024-08-21,VNQ,88.94,-0.005812653699977632
2024-08-22,VNQ,89.99,0.0118057117157635
2024-08-23,VNQ,89.85,-0.0015557284142682093
2024-08-26,VNQ,90.03,0.0020033388981637312
2024-08-27,VNQ,90.17,0.0015550372098189769
2024-08-28,VNQ,91.85,0.01863147388266606
2024-08-29,VNQ,90.44,-0.015351115949918337
2024-08-30,VNQ,88.53,-0.021118973905351557
2024-09-02,VNQ,88.98,0.00508302270416805
2024-09-03,VNQ,90.3,0.014834794335805812
2024-09-04,VNQ,89.59,-0.007862679955703111
2024-09-05,VNQ,88.04,-0.01730103806228367
2024-09-06,VNQ,89.31,0.014425261244888743
2024-09-09,VNQ,89.83,0.005822416302765587
2024-09-10,VNQ,90.89,0.011800066792830854
2024-09-11,VNQ,90.05,-0.009241940807569682
2024-09-12,VNQ,91.27,0.01354802887284845
2024-09-13,VNQ,92.28,0.011066067711186678
2024-09-16,VNQ,91.68,-0.006501950585175442
2024-09-17,VNQ,90.36,-0.014397905759162333
2024-09-18,VNQ,92.1,0.019256308100929598
2024-09-19,VNQ,92.48,0.0041259500542889516
2024-09-20,VNQ,91.41,-0.011570069204152378
2024-09-23,VNQ,92.24,0.009079969368777974
2024-09-24,VNQ,91.74,-0.005420641803989601
2024-09-25,VNQ,93.3,0.01700457815565737
2024-09-26,VNQ,92.95,-0.003751339764201389
2024-09-27,VNQ,93.72,0.008284023668639007
2024-09-30,VNQ,92.97,-0.008002560819462268
2024-10-01,VNQ,95.14,0.02334086264386359
2024-10-02,VNQ,94.65,-0.005150304813958284
2024-10-03,VNQ,94.67,0.00021130480718434264
2024-10-04,VNQ,95.6,0.009823597760642233
2024-10-07,VNQ,93.52,-0.02175732217573223
2024-10-08,VNQ,93.28,-0.0025662959794695572
2024-10-09,VNQ,92.24,-0.011149228130360234
2024-10-10,VNQ,90.06,-0.023633998265394585
2024-10-11,VNQ,89.36,-0.007772596047079805
2024-10-14,VNQ,90.71,0.015107430617725903
2024-10-15,VNQ,91.18,0.005181347150259308
2024-10-16,VNQ,92.35,0.012831761351173254
2024-10-17,VNQ,93.9,0.01678397401191134
2024-10-18,VNQ,95.52,0.017252396166134165
2024-10-21,VNQ,95.13,-0.00408291457286436
2024-10-22,VNQ,93.99,-0.011983601387574927
2024-10-23,VNQ,92.79,-0.01276731567187983
2024-10-24,VNQ,94.74,0.021015195602974268
2024-10-25,VNQ,94.71,-0.0003166561114629207
2024-10-28,VNQ,94.63,-0.0008446837715130329
2024-10-29,VNQ,96.62,0.021029271901088498
2024-10-30,VNQ,98.17,0.016042227282136112
2024-10-31,VNQ,99.04,0.008862177854741748
2024-11-01,VNQ,100.03,0.009995961227786676
2024-11-04,VNQ,100.47,0.004398680395881316
2024-11-05,VNQ,99.87,-0.005971931919976026
2024-11-06,VNQ,101.41,0.015420046059877679
2024-11-07,VNQ,100.49,-0.009072083620944693
2024-11-08,VNQ,100.91,0.004179520350283683
2024-11-11,VNQ,101.41,0.004954910316123273
2024-11-12,VNQ,101.62,0.0020708016960853115
2024-11-13,VNQ,102.62,0.009840582562487654
2024-11-14,VNQ,101.99,-0.006139154160982319
2024-11-15,VNQ,102.17,0.0017648789096971207
2024-11-18,VNQ,103.67,0.01468141333072337
2024-11-19,VNQ,104.2,0.005112375807851954
2024-11-20,VNQ,104.07,-0.001247600767754431
2024-11-21,VNQ,102.68,-0.01335639473431327
2024-11-22,VNQ,103.78,0.010712894429294906
2024-11-25,VNQ,104.95,0.011273848525727548
2024-11-26,VNQ,104.68,-0.002572653644592582
2024-11-27,VNQ,103.01,-0.015953381734810868
2024-11-28,VNQ,101.46,-0.01504708280749456
2024-11-29,VNQ,101.98,0.005125172481766249
2024-12-02,VNQ,101.43,-0.005393214355756015
2024-12-03,VNQ,103.11,0.01656314699792949
2024-12-04,VNQ,103.7,0.005722044418582151
2024-12-05,VNQ,102.51,-0.011475409836065542
2024-12-06,VNQ,103.12,0.005950638962052501
2024-12-09,VNQ,104.68,0.015128006206361455
2024-12-10,VNQ,103.35,-0.012705387848681804
2024-12-11,VNQ,104.08,0.007063376874697713
2024-12-12,VNQ,105.31,0.011817832436587183
2024-12-13,VNQ,108.81,0.03323521033140242
2024-12-16,VNQ,109.85,0.009557945041815952
2024-12-17,VNQ,110.49,0.0058261265361856385
2024-12-18,VNQ,108.88,-0.014571454430265196
2024-12-19,VNQ,106.09,-0.025624540778839022
2024-12-20,VNQ,108.91,0.026581204637571743
2024-12-23,VNQ,109.28,0.003397300523368063
2024-12-24,VNQ,110.52,0.011346998535871178
2024-12-25,VNQ,108.95,-0.014205573651827619
2024-12-26,VNQ,111.0,0.01881597062872875
2024-12-27,VNQ,111.57,0.005135135135134972
2024-12-30,VNQ,113.04,0.013175584834633103
2024-12-31,VNQ,110.8,-0.0198159943382874
2025-01-01,VNQ,111.81,0.0091155234657041
2025-01-02,VNQ,110.76,-0.009390931043734896
2025-01-03,VNQ,111.49,0.0065908270133621105
2025-01-06,VNQ,111.92,0.003856848147816061
2025-01-07,VNQ,112.05,0.0011615439599714783
2025-01-08,VNQ,111.2,-0.007585899152164122
2025-01-09,VNQ,109.47,-0.015557553956834558
2025-01-10,VNQ,110.16,0.006303096738832448
2025-01-13,VNQ,112.94,0.025236020334059583
2025-01-14,VNQ,116.0,0.02709403222950235
2025-01-15,VNQ,116.6,0.005172413793103292
2025-01-16,VNQ,117.09,0.004202401372212838
2025-01-17,VNQ,116.82,-0.002305918524212247
2025-01-20,VNQ,118.12,0.011128231467214533
2025-01-21,VNQ,118.24,0.0010159160176090865
2025-01-22,VNQ,116.73,-0.012770635994587165
2025-01-23,VNQ,116.82,0.0007710100231301809
2025-01-24,VNQ,118.75,0.01652114363978785
2025-01-27,VNQ,121.06,0.019452631578947388
2025-01-28,VNQ,123.09,0.01676854452337695
2025-01-29,VNQ,122.24,-0.006905516288894353
2025-01-30,VNQ,122.54,0.0024541884816755566
2025-01-31,VNQ,119.35,-0.026032315978456122
2025-02-03,VNQ,118.37,-0.008211143695014522
2025-02-04,VNQ,117.6,-0.006505026611472564
2025-02-05,VNQ,116.32,-0.010884353741496655
2025-02-06,VNQ,117.71,0.011949793672627163
2025-02-07,VNQ,115.42,-0.019454591793390485
2025-02-10,VNQ,114.75,-0.005804886501472928
2025-02-11,VNQ,113.54,-0.010544662309368125
2025-02-12,VNQ,113.29,-0.002201867183371453
2025-02-13,VNQ,111.72,-0.013858239915261805
2025-02-14,VNQ,113.77,0.018349445041174306
2025-02-17,VNQ,114.12,0.0030763821745627418
2025-02-18,VNQ,115.31,0.010427620049071162
2025-02-19,VNQ,116.3,0.0085855519902871
2025-02-20,VNQ,115.8,-0.004299226139294898
2025-02-21,VNQ,115.5,-0.002590673575129543
2025-02-24,VNQ,114.16,-0.011601731601731613
2025-02-25,VNQ,113.42,-0.0064821303433776345
2025-02-26,VNQ,111.68,-0.01534120966319874
2025-02-27,VNQ,110.08,-0.014326647564469996
2025-02-28,VNQ,110.57,0.00445130813953476
2025-03-03,VNQ,108.47,-0.018992493443067637
2025-03-04,VNQ,108.11,-0.0033188900156725376
2025-03-05,VNQ,106.73,-0.01276477661640918
2025-03-06,VNQ,105.03,-0.01592804272463233
2025-03-07,VNQ,103.94,-0.010377987241740438
2025-03-10,VNQ,103.22,-0.0069270733115258665
2025-03-11,VNQ,103.4,0.0017438480914551135
2025-03-12,VNQ,104.73,0.01286266924564794
2025-03-13,VNQ,105.2,0.004487730354244324
2025-03-14,VNQ,103.23,-0.01872623574144483
2025-03-17,VNQ,103.45,0.0021311634214860042
2025-03-18,VNQ,106.14,0.02600289995166749
2025-03-19,VNQ,106.1,-0.00037686074995291197
2025-03-20,VNQ,105.95,-0.001413760603204417
2025-03-21,VNQ,108.29,0.022085889570552242
2025-03-24,VNQ,107.4,-0.008218672084218337
2025-03-25,VNQ,108.09,0.006424581005586516
2025-03-26,VNQ,109.49,0.012952169488389176
2025-03-27,VNQ,111.84,0.02146314731939003
2025-03-28,VNQ,111.94,0.0008941344778254923
2025-03-31,VNQ,113.61,0.014918706449883912
2025-04-01,VNQ,114.57,0.008449960390810585
2025-04-02,VNQ,112.71,-0.01623461639172563
2025-04-03,VNQ,112.78,0.0006210629048000182
2025-04-04,VNQ,112.98,0.001773364071643968
2025-04-07,VNQ,113.7,0.006372809346786967
2025-04-08,VNQ,114.78,0.009498680738786236
2025-04-09,VNQ,113.35,-0.012458616483708052
2025-04-10,VNQ,113.07,-0.002470224966916623
2025-04-11,VNQ,113.91,0.007429026266914329
2025-04-14,VNQ,114.94,0.009042226319023738
2025-04-15,VNQ,114.09,-0.007395162693579205
2025-04-16,VNQ,112.98,-0.009729161188535396
2025-04-17,VNQ,112.43,-0.00486811825101785
2025-04-18,VNQ,112.58,0.0013341634794983293
2025-04-21,VNQ,113.57,0.008793746669035318
2025-04-22,VNQ,112.94,-0.00554723958791925
2025-04-23,VNQ,112.69,-0.002213564724632522
2025-04-24,VNQ,113.7,0.008962640873191985
2025-04-25,VNQ,114.53,0.0072999120492525105
2025-04-28,VNQ,114.72,0.0016589539858551383
2025-04-29,VNQ,114.65,-0.0006101813110180876
2025-04-30,VNQ,113.35,-0.011338857392062862
2025-05-01,VNQ,115.06,0.015086016762240861
2025-05-02,VNQ,119.23,0.03624196071614816
2025-05-05,VNQ,119.35,0.0010064581061812738
2025-05-06,VNQ,117.32,-0.017008797653958907
2025-05-07,VNQ,116.64,-0.005796113194681096
2025-05-08,VNQ,117.36,0.006172839506172867
2025-05-09,VNQ,114.33,-0.02581799591002043
2025-05-12,VNQ,115.88,0.013557246566955339
2025-05-13,VNQ,118.24,0.020365895754228536
2025-05-14,VNQ,115.92,-0.01962110960757779
2025-05-15,VNQ,114.42,-0.012939958592132483
2025-05-16,VNQ,114.69,0.0023597273203985747
2025-05-19,VNQ,112.9,-0.015607289214404019
2025-05-20,VNQ,112.88,-0.00017714791851208833
2025-05-21,VNQ,112.12,-0.006732813607370547
2025-05-22,VNQ,111.57,-0.0049054584373886545
2025-05-23,VNQ,111.52,-0.00044814914403512596
2025-05-26,VNQ,111.63,0.0009863701578192163
2025-05-27,VNQ,111.69,0.0005374899220640383
2025-05-28,VNQ,112.35,0.005909213000268476
2025-05-29,VNQ,113.79,0.012817089452603625
2025-05-30,VNQ,116.31,0.02214605852886886
2025-06-02,VNQ,115.34,-0.00833978161808957
2025-06-03,VNQ,115.91,0.0049419108722039695
2025-06-04,VNQ,115.55,-0.0031058579932706776
2025-06-05,VNQ,113.29,-0.01955863262656854
2025-06-06,VNQ,111.89,-0.01235766616647549
2025-06-09,VNQ,114.43,0.022700866922870766
2025-06-10,VNQ,112.93,-0.013108450581141295
2025-06-11,VNQ,113.39,0.004073319755600657
2025-06-12,VNQ,113.88,0.004321368727400854
2025-06-13,VNQ,110.55,-0.029241306638566944
2025-06-16,VNQ,112.08,0.013839891451831843
2025-06-17,VNQ,112.5,0.0037473233404710093
2025-06-18,VNQ,113.74,0.011022222222222267
2025-06-19,VNQ,112.84,-0.007912783541410118
2025-06-20,VNQ,111.22,-0.014356611130804664
2025-06-23,VNQ,114.53,0.029760834382305257
2025-06-24,VNQ,114.45,-0.0006985069414127132
2025-06-25,VNQ,114.04,-0.0035823503713411364
2025-06-26,VNQ,115.28,0.010873377762188552
2025-06-27,VNQ,118.31,0.02628383067314366
2025-06-30,VNQ,120.93,0.022145211731890768
2025-07-01,VNQ,123.03,0.017365418010419242
2025-07-02,VNQ,126.23,0.026009916280582024
2025-07-03,VNQ,124.47,-0.013942802820248845
2025-07-04,VNQ,126.8,0.018719370129348434
2025-07-07,VNQ,128.55,0.013801261829653022
2025-07-08,VNQ,126.59,-0.015246985608712627
2025-07-09,VNQ,129.95,0.02654238091476402
2025-07-10,VNQ,129.8,-0.001154290111581191
2025-07-11,VNQ,128.07,-0.01332819722650247
2025-07-14,VNQ,129.6,0.011946591707659993
2025-07-15,VNQ,132.3,0.02083333333333348
2025-07-16,VNQ,131.43,-0.006575963718820854
2025-07-17,VNQ,132.29,0.006543407136878843
2025-07-18,VNQ,131.71,-0.004384307203870175
2025-07-21,VNQ,133.63,0.014577480829094158
2025-07-22,VNQ,133.69,0.00044900097283551155
2025-07-23,VNQ,133.25,-0.0032911960505647153
2025-07-24,VNQ,133.18,-0.0005253283302063538
2025-07-25,VNQ,133.73,0.004129749211593259
2025-07-28,VNQ,135.94,0.01652583563897414
2025-07-29,VNQ,136.03,0.0006620567897601681
2025-07-30,VNQ,134.33,-0.012497243255164214
2025-07-31,VNQ,133.48,-0.006327700439217043
2025-08-01,VNQ,133.74,0.0019478573569076119
2025-08-04,VNQ,130.98,-0.020637056976222645
2025-08-05,VNQ,133.06,0.01588028706672784
2025-08-06,VNQ,133.38,0.002404930106718828
2025-08-07,VNQ,130.76,-0.01964312490628284
2025-08-08,VNQ,132.47,0.013077393698378792
2025-08-11,VNQ,132.71,0.0018117309579528396
2025-08-12,VNQ,133.52,0.006103534021550727
2025-08-13,VNQ,133.53,7.48951467943737e-05
2025-08-14,VNQ,133.82,0.0021717966000149858
2025-08-15,VNQ,133.41,-0.0030638170677028675
2025-08-18,VNQ,131.81,-0.011993103965219909
2025-08-19,VNQ,131.9,0.0006828010014414687
2025-08-20,VNQ,133.32,0.01076573161485972
2025-08-21,VNQ,134.54,0.009150915091509226
2025-08-22,VNQ,133.4,-0.008473316485803406
2025-08-25,VNQ,134.12,0.005397301349325367
2025-08-26,VNQ,134.49,0.0027587235311661296
2025-08-27,VNQ,133.55,-0.006989367239199962
2025-08-28,VNQ,132.79,-0.005690752527143572
2025-08-29,VNQ,133.71,0.006928232547631641
2025-09-01,VNQ,133.62,-0.0006730984967466824
2025-09-02,VNQ,132.96,-0.004939380332285581
2025-09-03,VNQ,132.35,-0.004587845968712534
2025-09-04,VNQ,131.82,-0.004004533434076363
2025-09-05,VNQ,131.54,-0.0021241086329844006
2025-09-08,VNQ,133.77,0.0169530180933557
2025-09-09,VNQ,133.89,0.0008970621215518282
2025-09-10,VNQ,133.97,0.000597505414893007
2025-09-11,VNQ,133.22,-0.005598268269015438
2025-09-12,VNQ,131.55,-0.01253565530701084
2025-09-15,VNQ,132.29,0.005625237552261408
2025-09-16,VNQ,132.87,0.004384307203870286
2025-09-17,VNQ,134.09,0.009181907127267186
2025-09-18,VNQ,132.72,-0.010217018420463853
2025-09-19,VNQ,129.67,-0.02298071127185064
2025-09-22,VNQ,131.35,0.012955965142284365
2025-09-23,VNQ,131.89,0.004111153406928025
2025-09-24,VNQ,129.42,-0.01872772765183106
2025-09-25,VNQ,129.29,-0.0010044815329933732
2025-09-26,VNQ,129.19,-0.0007734550235903859
2025-09-29,VNQ,127.96,-0.009520860747735949
2025-09-30,VNQ,129.13,0.009143482338230813
2025-10-01,VNQ,130.29,0.00898319522961355
2025-10-02,VNQ,129.58,-0.00544938214751689
2025-10-03,VNQ,127.19,-0.018444204352523696
2025-10-06,VNQ,128.7,0.01187200251592091
2025-10-07,VNQ,128.99,0.002253302253302447
2025-10-08,VNQ,130.42,0.01108613070780673
2025-10-09,VNQ,129.59,-0.0063640545928537184
2025-10-10,VNQ,128.62,-0.007485145458754561
2025-10-13,VNQ,129.75,0.008785569895817025
2025-10-14,VNQ,129.97,0.001695568400770675
2025-10-15,VNQ,131.87,0.014618758174963498
2025-10-16,VNQ,133.92,0.015545613103814304
2025-10-17,VNQ,133.83,-0.000672043010752521
2025-10-20,VNQ,135.29,0.010909362624224705
2025-10-21,VNQ,133.81,-0.010939463374972203
2025-10-22,VNQ,129.97,-0.028697406770794465
2025-10-23,VNQ,132.41,0.01877356312995304
2025-10-24,VNQ,130.3,-0.015935352314779716
2025-10-27,VNQ,130.11,-0.001458173445894051
2025-10-28,VNQ,128.67,-0.011067558219967966
2025-10-29,VNQ,128.48,-0.0014766456827542962
2025-10-30,VNQ,127.63,-0.0066158156911581
2025-10-31,VNQ,128.0,0.002899004936143479
2025-11-03,VNQ,128.38,0.0029687499999999645
2025-11-04,VNQ,127.44,-0.007322012774575448
2025-11-05,VNQ,125.43,-0.015772128060263624
2025-11-06,VNQ,125.91,0.003826835685242669
2025-11-07,VNQ,127.03,0.008895242633627287
2025-11-10,VNQ,123.89,-0.024718570416437102
2025-11-11,VNQ,125.74,0.0149326015013318
2025-11-12,VNQ,124.46,-0.010179735963098513
2025-11-13,VNQ,124.42,-0.0003213883978787635
2025-11-14,VNQ,122.18,-0.01800353640893748
2025-11-17,VNQ,123.19,0.008266492060893693
2025-11-18,VNQ,126.06,0.023297345563763283
2025-11-19,VNQ,128.71,0.021021735681421516
2025-11-20,VNQ,125.38,-0.025872115608732926
2025-11-21,VNQ,127.93,0.020338171957249962
2025-11-24,VNQ,126.72,-0.009458297506448887
2025-11-25,VNQ,127.43,0.0056029040404042
2025-11-26,VNQ,126.62,-0.006356430981715455
2025-11-27,VNQ,125.24,-0.010898752171852877
2025-11-28,VNQ,128.55,0.02642925582880884
2025-12-01,VNQ,129.2,0.005056398288603381
2025-12-02,VNQ,129.34,0.0010835913312694512
2025-12-03,VNQ,130.07,0.005644038967063558
2025-12-04,VNQ,131.19,0.008610748058737627
2025-12-05,VNQ,133.11,0.014635261833981339
2025-12-08,VNQ,132.66,-0.0033806626098716874
2025-12-09,VNQ,130.34,-0.017488315995778603
2025-12-10,VNQ,132.97,0.02017799601043424
2025-12-11,VNQ,135.21,0.01684590509137407
2025-12-12,VNQ,133.82,-0.010280304711190125
2025-12-15,VNQ,132.74,-0.008070542519802548
2025-12-16,VNQ,131.44,-0.009793581437396504
2025-12-17,VNQ,129.16,-0.01734631771150341
2025-12-18,VNQ,128.41,-0.005806751316197012
2025-12-19,VNQ,130.59,0.016976870960205614
2025-12-22,VNQ,130.54,-0.0003828777088599189
2025-12-23,VNQ,130.15,-0.0029875900107245723
2025-12-24,VNQ,127.68,-0.01897810218978102
2025-12-25,VNQ,129.95,0.01777882205513781
2025-12-26,VNQ,128.5,-0.011158137745286512
2025-12-29,VNQ,130.1,0.012451361867704236
2025-12-30,VNQ,129.09,-0.0077632590315142025
2025-12-31,VNQ,125.76,-0.02579595630955145
2026-01-01,VNQ,124.9,-0.0068384223918575016
2026-01-02,VNQ,125.78,0.007045636509207309
2026-01-05,VNQ,122.5,-0.026077277786611508
2026-01-06,VNQ,121.1,-0.011428571428571455
2026-01-07,VNQ,121.53,0.0035507844756399454
2026-01-08,VNQ,121.9,0.0030445157574261472
2026-01-09,VNQ,122.64,0.006070549630844857
2026-01-12,VNQ,122.77,0.001060013046314312
2026-01-13,VNQ,120.59,-0.01775678097255029
2026-01-14,VNQ,121.28,0.005721867484866028
2026-01-15,VNQ,119.91,-0.011296174142480297
2026-01-16,VNQ,121.57,0.013843716120423677
2026-01-19,VNQ,123.69,0.017438512790984628
2026-01-20,VNQ,122.95,-0.005982698682189258
2026-01-21,VNQ,121.83,-0.009109394062627119
2026-01-22,VNQ,121.42,-0.0033653451530821776
2026-01-23,VNQ,120.88,-0.004447372755723933
2026-01-26,VNQ,121.36,0.003970880211780381
2026-01-27,VNQ,122.95,0.013101516150296755
2026-01-28,VNQ,122.54,-0.003334688897925986
2026-01-29,VNQ,119.96,-0.02105434960013064
2026-01-30,VNQ,121.59,0.013587862620873636
2026-02-02,VNQ,122.58,0.008142116950407008
2026-02-03,VNQ,121.06,-0.012400065263501348
2026-02-04,VNQ,121.2,0.001156451346439713
2026-02-05,VNQ,122.56,0.011221122112211157
2026-02-06,VNQ,125.01,0.019990208877284532
2026-02-09,VNQ,122.75,-0.018078553715702772
2026-02-10,VNQ,122.7,-0.00040733197556008793
2026-02-11,VNQ,120.47,-0.018174409127954427
2026-02-12,VNQ,119.0,-0.01220220801859384
2026-02-13,VNQ,117.5,-0.012605042016806678
2026-02-16,VNQ,117.59,0.0007659574468086294
2026-02-17,VNQ,119.08,0.012671145505570136
2026-02-18,VNQ,123.71,0.038881424252603214
2026-02-19,VNQ,122.94,-0.006224234095869363
2026-02-20,VNQ,121.81,-0.009191475516512115
2026-02-23,VNQ,124.67,0.023479188900747072
2026-02-24,VNQ,123.17,-0.012031763856581335
2026-02-25,VNQ,128.59,0.04400422180725827
2026-02-26,VNQ,128.42,-0.0013220312621511354
2026-02-27,VNQ,130.88,0.019155894720448652
2026-03-02,VNQ,131.0,0.000916870415647919
2026-03-03,VNQ,132.64,0.01251908396946555
2026-03-04,VNQ,133.78,0.008594692400482717
2026-03-05,VNQ,132.84,-0.007026461354462499
2026-03-06,VNQ,131.77,-0.008054802770249836
2026-03-09,VNQ,132.08,0.002352584047962347
2026-03-10,VNQ,132.64,0.00423985463355514
2026-03-11,VNQ,131.36,-0.009650180940892428
2026-03-12,VNQ,130.91,-0.003425700365408124
2026-03-13,VNQ,132.12,0.009242991368115572
2026-03-16,VNQ,131.9,-0.0016651528913109725
2026-03-17,VNQ,129.99,-0.014480667172100059
2026-03-18,VNQ,131.53,0.01184706515885825
2026-03-19,VNQ,129.45,-0.015813882764388443
2026-03-20,VNQ,128.78,-0.005175743530320465
2026-03-23,VNQ,126.96,-0.014132629290262488
2026-03-24,VNQ,127.42,0.0036231884057971175
2026-03-25,VNQ,125.03,-0.018756867053837722
2026-03-26,VNQ,123.49,-0.012317043909461756
2026-03-27,VNQ,126.2,0.021945096768969163
2026-03-30,VNQ,126.72,0.0041204437400950145
2026-03-31,VNQ,126.28,-0.00347222222222221
2026-04-01,VNQ,128.53,0.017817548305353093
2026-04-02,VNQ,129.4,0.006768847739827333
2026-04-03,VNQ,129.33,-0.0005409582689335224
2026-04-06,VNQ,129.17,-0.00123714528724983
2026-04-07,VNQ,129.13,-0.00030966942788568375
2026-04-08,VNQ,129.53,0.003097653527452948
2026-04-09,VNQ,129.11,-0.003242492086775184
2026-04-10,VNQ,131.84,0.02114476028193013
2026-04-13,VNQ,134.36,0.01911407766990303
2026-04-14,VNQ,138.14,0.028133373027686703
2026-04-15,VNQ,139.12,0.007094252207905161
2026-04-16,VNQ,141.06,0.01394479585968944
2026-04-17,VNQ,140.26,-0.0056713455267263235
2026-04-20,VNQ,141.51,0.008912020533295317
2026-04-21,VNQ,143.67,0.01526393894424416
2026-04-22,VNQ,146.08,0.01677455279459883
2026-04-23,VNQ,146.22,0.000958378970427054
2026-04-24,VNQ,145.12,-0.007522910682533079
2026-04-27,VNQ,142.86,-0.015573318632855493
2026-04-28,VNQ,143.19,0.002309953800923914
2026-04-29,VNQ,144.18,0.006913890634820952
2026-04-30,VNQ,145.3,0.007768067693161296
2026-05-01,VNQ,146.63,0.00915347556779067
2026-05-04,VNQ,146.07,-0.0038191366023324624
2026-05-05,VNQ,142.69,-0.02313959060724302
2026-05-06,VNQ,139.49,-0.022426238699278067
2026-05-07,VNQ,135.71,-0.027098716753889196
2026-05-08,VNQ,133.03,-0.019747992041853957
2026-05-11,VNQ,134.44,0.010599112982034198
2026-05-12,VNQ,136.13,0.01257066349300806
2026-05-13,VNQ,134.9,-0.009035480790420825
2026-05-14,VNQ,135.01,0.0008154188287619046
2026-05-15,VNQ,132.65,-0.017480186652840457
2026-05-18,VNQ,132.8,0.0011307953260459858
2026-05-19,VNQ,134.94,0.016114457831325257
2026-05-20,VNQ,133.63,-0.00970801837853863
2026-05-21,VNQ,132.78,-0.006360847115168711
2026-05-22,VNQ,133.36,0.004368127730079996
2026-05-25,VNQ,133.96,0.004499100179963911
2026-05-26,VNQ,135.18,0.009107196177963628
2026-05-27,VNQ,137.51,0.017236277555851443
2026-05-28,VNQ,137.58,0.0005090538869902961
2026-05-29,VNQ,139.02,0.010466637592673411
2026-06-01,VNQ,139.67,0.004675586246583041
2026-06-02,VNQ,143.29,0.02591823584162678
2026-06-03,VNQ,144.99,0.011864051922674479
2026-06-04,VNQ,147.41,0.016690806262500857
2026-06-05,VNQ,146.24,-0.007937046333355902
2026-06-08,VNQ,146.05,-0.0012992341356673487
2026-06-09,VNQ,145.1,-0.006504621704895741
2026-06-10,VNQ,143.49,-0.011095796002756564
2026-06-11,VNQ,141.93,-0.010871837758728797
2026-06-12,VNQ,139.78,-0.015148312548439402
2026-06-15,VNQ,140.28,0.00357704964944916
2026-06-16,VNQ,140.74,0.003279155973766823
2026-06-17,VNQ,138.51,-0.015844820235896062
2026-06-18,VNQ,139.69,0.008519240488051416
2026-06-19,VNQ,140.04,0.0025055479991409335
2026-06-22,VNQ,141.79,0.012496429591545288
2026-06-23,VNQ,142.18,0.002750546582974911
2026-06-24,VNQ,143.51,0.009354339569559667
2026-06-25,VNQ,143.48,-0.00020904466587690074
2026-06-26,VNQ,144.44,0.006690827989963788
2026-06-29,VNQ,142.3,-0.014815840487399479
2026-06-30,VNQ,141.29,-0.007097680955727492
2026-07-01,VNQ,143.08,0.012668978696298572
2026-07-02,VNQ,141.83,-0.008736371260833153
2026-07-03,VNQ,143.32,0.01050553479517724
