date,ticker,ann_volatility_21d
2021-10-05,EFA,0.2000426385
2021-10-06,EFA,0.1995825623
2021-10-07,EFA,0.2123846375
2021-10-08,EFA,0.2133206665
2021-10-11,EFA,0.2150861525
2021-10-12,EFA,0.2134270977
2021-10-13,EFA,0.2144077685
2021-10-14,EFA,0.2151101025
2021-10-15,EFA,0.2087442747
2021-10-18,EFA,0.2109789279
2021-10-19,EFA,0.1963669592
2021-10-20,EFA,0.2013511117
2021-10-21,EFA,0.2013658615
2021-10-22,EFA,0.2079084609
2021-10-25,EFA,0.2031522156
2021-10-26,EFA,0.2045691283
2021-10-27,EFA,0.1955589695
2021-10-28,EFA,0.1925304284
2021-10-29,EFA,0.2108541657
2021-11-01,EFA,0.1980263385
2021-11-02,EFA,0.1980010209
2021-11-03,EFA,0.1964272472
2021-11-04,EFA,0.1959636642
2021-11-05,EFA,0.1770230182
2021-11-08,EFA,0.1713737921
2021-11-09,EFA,0.1789981382
2021-11-10,EFA,0.1860133374
2021-11-11,EFA,0.1817042254
2021-11-12,EFA,0.1761554516
2021-11-15,EFA,0.1670944657
2021-11-16,EFA,0.1648747152
2021-11-17,EFA,0.166044585
2021-11-18,EFA,0.1672419814
2021-11-19,EFA,0.1702605507
2021-11-22,EFA,0.1661437235
2021-11-23,EFA,0.170032259
2021-11-24,EFA,0.1720293458
2021-11-25,EFA,0.1731577334
2021-11-26,EFA,0.1718169485
2021-11-29,EFA,0.1487843676
2021-11-30,EFA,0.1784973286
2021-12-01,EFA,0.178170204
2021-12-02,EFA,0.1810818613
2021-12-03,EFA,0.178995528
2021-12-06,EFA,0.1963761074
2021-12-07,EFA,0.1968985362
2021-12-08,EFA,0.1976681308
2021-12-09,EFA,0.1927641259
2021-12-10,EFA,0.1984879305
2021-12-13,EFA,0.1997537736
2021-12-14,EFA,0.2106879317
2021-12-15,EFA,0.2107219905
2021-12-16,EFA,0.2097585961
2021-12-17,EFA,0.2100356028
2021-12-20,EFA,0.2072828626
2021-12-21,EFA,0.2094303753
2021-12-22,EFA,0.2082788082
2021-12-23,EFA,0.2058259033
2021-12-24,EFA,0.2013805972
2021-12-27,EFA,0.2057087105
2021-12-28,EFA,0.2027512954
2021-12-29,EFA,0.1890578372
2021-12-30,EFA,0.1912370514
2021-12-31,EFA,0.1909105451
2022-01-03,EFA,0.1909198867
2022-01-04,EFA,0.1817700032
2022-01-05,EFA,0.1808057416
2022-01-06,EFA,0.1749250295
2022-01-07,EFA,0.1750741646
2022-01-10,EFA,0.1699461432
2022-01-11,EFA,0.1675851785
2022-01-12,EFA,0.1512690552
2022-01-13,EFA,0.1499102677
2022-01-14,EFA,0.1566876307
2022-01-17,EFA,0.159366145
2022-01-18,EFA,0.1605689529
2022-01-19,EFA,0.1653577367
2022-01-20,EFA,0.1628106895
2022-01-21,EFA,0.1630808479
2022-01-24,EFA,0.1620809972
2022-01-25,EFA,0.1564967203
2022-01-26,EFA,0.1515997394
2022-01-27,EFA,0.1294472291
2022-01-28,EFA,0.1260000158
2022-01-31,EFA,0.1155085776
2022-02-01,EFA,0.1149020746
2022-02-02,EFA,0.1133883349
2022-02-03,EFA,0.1106984502
2022-02-04,EFA,0.1107946207
2022-02-07,EFA,0.1346960647
2022-02-08,EFA,0.1288681856
2022-02-09,EFA,0.1349885519
2022-02-10,EFA,0.1508062333
2022-02-11,EFA,0.1504873049
2022-02-14,EFA,0.1447224957
2022-02-15,EFA,0.1495947174
2022-02-16,EFA,0.1567100212
2022-02-17,EFA,0.1477533621
2022-02-18,EFA,0.1593149238
2022-02-21,EFA,0.1593601569
2022-02-22,EFA,0.159216351
2022-02-23,EFA,0.1612432102
2022-02-24,EFA,0.1712851371
2022-02-25,EFA,0.1714289456
2022-02-28,EFA,0.1737153826
2022-03-01,EFA,0.1864403109
2022-03-02,EFA,0.1932887641
2022-03-03,EFA,0.1899470391
2022-03-04,EFA,0.2021136269
2022-03-07,EFA,0.2015342979
2022-03-08,EFA,0.1856927434
2022-03-09,EFA,0.188448349
2022-03-10,EFA,0.1841418818
2022-03-11,EFA,0.2056789575
2022-03-14,EFA,0.2081747993
2022-03-15,EFA,0.2079931625
2022-03-16,EFA,0.1987212251
2022-03-17,EFA,0.2036798037
2022-03-18,EFA,0.2061261282
2022-03-21,EFA,0.2040902965
2022-03-22,EFA,0.2065989605
2022-03-23,EFA,0.2095580912
2022-03-24,EFA,0.2084310955
2022-03-25,EFA,0.2187957166
2022-03-28,EFA,0.2249511807
2022-03-29,EFA,0.2220897899
2022-03-30,EFA,0.2132688571
2022-03-31,EFA,0.2098439981
2022-04-01,EFA,0.2111489042
2022-04-04,EFA,0.2340647872
2022-04-05,EFA,0.234314284
2022-04-06,EFA,0.2388230145
2022-04-07,EFA,0.2394723987
2022-04-08,EFA,0.2478391716
2022-04-11,EFA,0.2328887558
2022-04-12,EFA,0.2306915481
2022-04-13,EFA,0.2292676697
2022-04-14,EFA,0.2282406934
2022-04-15,EFA,0.22343463
2022-04-18,EFA,0.2221948192
2022-04-19,EFA,0.2103272903
2022-04-20,EFA,0.2303995632
2022-04-21,EFA,0.2293547381
2022-04-22,EFA,0.227693937
2022-04-25,EFA,0.2127339079
2022-04-26,EFA,0.2041419714
2022-04-27,EFA,0.2073854395
2022-04-28,EFA,0.2130333183
2022-04-29,EFA,0.211672258
2022-05-02,EFA,0.2113898475
2022-05-03,EFA,0.1782922794
2022-05-04,EFA,0.1824303345
2022-05-05,EFA,0.1769910967
2022-05-06,EFA,0.1733573822
2022-05-09,EFA,0.1585666051
2022-05-10,EFA,0.1444289332
2022-05-11,EFA,0.1366448654
2022-05-12,EFA,0.1611318419
2022-05-13,EFA,0.1619373686
2022-05-16,EFA,0.1623951558
2022-05-17,EFA,0.1642957227
2022-05-18,EFA,0.1784965024
2022-05-19,EFA,0.154046816
2022-05-20,EFA,0.1572621949
2022-05-23,EFA,0.1591011001
2022-05-24,EFA,0.1643048807
2022-05-25,EFA,0.1724442625
2022-05-26,EFA,0.1656551042
2022-05-27,EFA,0.1624358801
2022-05-30,EFA,0.1718150251
2022-05-31,EFA,0.1707280337
2022-06-01,EFA,0.1704595899
2022-06-02,EFA,0.1711134643
2022-06-03,EFA,0.1749169103
2022-06-06,EFA,0.1748226658
2022-06-07,EFA,0.1659717013
2022-06-08,EFA,0.1659717013
2022-06-09,EFA,0.1687598155
2022-06-10,EFA,0.1535515727
2022-06-13,EFA,0.1551546842
2022-06-14,EFA,0.1599396589
2022-06-15,EFA,0.1636668404
2022-06-16,EFA,0.158013817
2022-06-17,EFA,0.1633634946
2022-06-20,EFA,0.1694568787
2022-06-21,EFA,0.1670214768
2022-06-22,EFA,0.1577994694
2022-06-23,EFA,0.1523247906
2022-06-24,EFA,0.1514096197
2022-06-27,EFA,0.148467061
2022-06-28,EFA,0.1446979624
2022-06-29,EFA,0.1538409152
2022-06-30,EFA,0.1508776607
2022-07-01,EFA,0.1628278095
2022-07-04,EFA,0.1594710935
2022-07-05,EFA,0.1629623523
2022-07-06,EFA,0.1618674094
2022-07-07,EFA,0.1644528625
2022-07-08,EFA,0.1663234564
2022-07-11,EFA,0.1663481879
2022-07-12,EFA,0.165064756
2022-07-13,EFA,0.1616875975
2022-07-14,EFA,0.1569165121
2022-07-15,EFA,0.1546735263
2022-07-18,EFA,0.1567516279
2022-07-19,EFA,0.1436753091
2022-07-20,EFA,0.1523938142
2022-07-21,EFA,0.1538122018
2022-07-22,EFA,0.1621121131
2022-07-25,EFA,0.1685380394
2022-07-26,EFA,0.16810234
2022-07-27,EFA,0.1753963313
2022-07-28,EFA,0.1709141019
2022-07-29,EFA,0.1705791605
2022-08-01,EFA,0.1463333718
2022-08-02,EFA,0.1544618185
2022-08-03,EFA,0.1574877338
2022-08-04,EFA,0.1567974679
2022-08-05,EFA,0.1614825439
2022-08-08,EFA,0.1533820745
2022-08-09,EFA,0.1544740742
2022-08-10,EFA,0.1979402044
2022-08-11,EFA,0.1976473213
2022-08-12,EFA,0.1942401597
2022-08-15,EFA,0.1969446481
2022-08-16,EFA,0.2059326546
2022-08-17,EFA,0.2085939499
2022-08-18,EFA,0.2028897005
2022-08-19,EFA,0.2047912169
2022-08-22,EFA,0.2146612176
2022-08-23,EFA,0.2075536084
2022-08-24,EFA,0.2097458673
2022-08-25,EFA,0.2074421857
2022-08-26,EFA,0.2089425674
2022-08-29,EFA,0.2131844219
2022-08-30,EFA,0.2107323336
2022-08-31,EFA,0.2073176074
2022-09-01,EFA,0.2061814625
2022-09-02,EFA,0.2060589754
2022-09-05,EFA,0.2021601457
2022-09-06,EFA,0.2021843583
2022-09-07,EFA,0.2249528925
2022-09-08,EFA,0.1762978356
2022-09-09,EFA,0.176642185
2022-09-12,EFA,0.1776929197
2022-09-13,EFA,0.1837061861
2022-09-14,EFA,0.1858575923
2022-09-15,EFA,0.1839807447
2022-09-16,EFA,0.1832580788
2022-09-19,EFA,0.1841528999
2022-09-20,EFA,0.1610495367
2022-09-21,EFA,0.1772425552
2022-09-22,EFA,0.1766504725
2022-09-23,EFA,0.1731870047
2022-09-26,EFA,0.1749653138
2022-09-27,EFA,0.1723803861
2022-09-28,EFA,0.173245015
2022-09-29,EFA,0.1731979482
2022-09-30,EFA,0.1815543969
2022-10-03,EFA,0.1908969012
2022-10-04,EFA,0.1913325381
2022-10-05,EFA,0.1926344219
2022-10-06,EFA,0.1582341849
2022-10-07,EFA,0.1573682102
2022-10-10,EFA,0.1619875008
2022-10-11,EFA,0.1636422738
2022-10-12,EFA,0.1564533064
2022-10-13,EFA,0.1540166016
2022-10-14,EFA,0.1563889103
2022-10-17,EFA,0.1557068339
2022-10-18,EFA,0.1579485898
2022-10-19,EFA,0.1587539199
2022-10-20,EFA,0.1568457406
2022-10-21,EFA,0.1546086859
2022-10-24,EFA,0.1626299878
2022-10-25,EFA,0.1581368359
2022-10-26,EFA,0.1570294758
2022-10-27,EFA,0.1991060119
2022-10-28,EFA,0.2023084414
2022-10-31,EFA,0.1920366497
2022-11-01,EFA,0.1798816826
2022-11-02,EFA,0.1799366761
2022-11-03,EFA,0.1801440862
2022-11-04,EFA,0.1879765385
2022-11-07,EFA,0.1844366818
2022-11-08,EFA,0.1866460449
2022-11-09,EFA,0.1805354135
2022-11-10,EFA,0.1787404633
2022-11-11,EFA,0.1777380719
2022-11-14,EFA,0.1713628046
2022-11-15,EFA,0.1684709112
2022-11-16,EFA,0.1766041413
2022-11-17,EFA,0.1858782867
2022-11-18,EFA,0.1788880305
2022-11-21,EFA,0.1837237948
2022-11-22,EFA,0.1767879388
2022-11-23,EFA,0.1948347098
2022-11-24,EFA,0.1961169408
2022-11-25,EFA,0.1550978978
2022-11-28,EFA,0.1482780764
2022-11-29,EFA,0.1476566845
2022-11-30,EFA,0.1401023497
2022-12-01,EFA,0.1403156687
2022-12-02,EFA,0.1404401457
2022-12-05,EFA,0.1379357308
2022-12-06,EFA,0.1381481036
2022-12-07,EFA,0.1378666832
2022-12-08,EFA,0.1492087853
2022-12-09,EFA,0.1453172622
2022-12-12,EFA,0.1560127895
2022-12-13,EFA,0.1568316814
2022-12-14,EFA,0.1573890429
2022-12-15,EFA,0.1675051836
2022-12-16,EFA,0.1666498261
2022-12-19,EFA,0.166014438
2022-12-20,EFA,0.1627652349
2022-12-21,EFA,0.1636579173
2022-12-22,EFA,0.1515328635
2022-12-23,EFA,0.149953604
2022-12-26,EFA,0.1559236973
2022-12-27,EFA,0.1637636426
2022-12-28,EFA,0.1719840722
2022-12-29,EFA,0.1757801878
2022-12-30,EFA,0.1745494747
2023-01-02,EFA,0.1746705794
2023-01-03,EFA,0.1756817166
2023-01-04,EFA,0.1824771834
2023-01-05,EFA,0.174544815
2023-01-06,EFA,0.1753826664
2023-01-09,EFA,0.18009296
2023-01-10,EFA,0.183130048
2023-01-11,EFA,0.1905537428
2023-01-12,EFA,0.2145964132
2023-01-13,EFA,0.2028144072
2023-01-16,EFA,0.1993455567
2023-01-17,EFA,0.2042755904
2023-01-18,EFA,0.19503309
2023-01-19,EFA,0.1967961557
2023-01-20,EFA,0.2026884462
2023-01-23,EFA,0.1991259729
2023-01-24,EFA,0.1972507079
2023-01-25,EFA,0.193503965
2023-01-26,EFA,0.1885617423
2023-01-27,EFA,0.1852648433
2023-01-30,EFA,0.209302204
2023-01-31,EFA,0.2101666522
2023-02-01,EFA,0.2117294765
2023-02-02,EFA,0.2036199325
2023-02-03,EFA,0.2046823548
2023-02-06,EFA,0.2063255167
2023-02-07,EFA,0.2023270253
2023-02-08,EFA,0.1921467299
2023-02-09,EFA,0.1815164113
2023-02-10,EFA,0.1636778538
2023-02-13,EFA,0.1628130047
2023-02-14,EFA,0.1595774995
2023-02-15,EFA,0.1565024735
2023-02-16,EFA,0.1576485254
2023-02-17,EFA,0.1574121029
2023-02-20,EFA,0.1546260315
2023-02-21,EFA,0.1575996145
2023-02-22,EFA,0.1610101728
2023-02-23,EFA,0.160774544
2023-02-24,EFA,0.1599522196
2023-02-27,EFA,0.1757265351
2023-02-28,EFA,0.1473628077
2023-03-01,EFA,0.1493563399
2023-03-02,EFA,0.1404537474
2023-03-03,EFA,0.1449260672
2023-03-06,EFA,0.1446702166
2023-03-07,EFA,0.1408885203
2023-03-08,EFA,0.1401155311
2023-03-09,EFA,0.1495247068
2023-03-10,EFA,0.1508907509
2023-03-13,EFA,0.140945669
2023-03-14,EFA,0.1414725333
2023-03-15,EFA,0.1410670706
2023-03-16,EFA,0.1412546424
2023-03-17,EFA,0.142371899
2023-03-20,EFA,0.1408221462
2023-03-21,EFA,0.1511407809
2023-03-22,EFA,0.1518409187
2023-03-23,EFA,0.1572406345
2023-03-24,EFA,0.164492007
2023-03-27,EFA,0.1825833262
2023-03-28,EFA,0.1654522096
2023-03-29,EFA,0.1700283312
2023-03-30,EFA,0.1639964558
2023-03-31,EFA,0.1913414336
2023-04-03,EFA,0.1951991207
2023-04-04,EFA,0.1957301352
2023-04-05,EFA,0.1965323061
2023-04-06,EFA,0.205499983
2023-04-07,EFA,0.2003976455
2023-04-10,EFA,0.2071876892
2023-04-11,EFA,0.2108975386
2023-04-12,EFA,0.2103797935
2023-04-13,EFA,0.2158783555
2023-04-14,EFA,0.2156405517
2023-04-17,EFA,0.2170763167
2023-04-18,EFA,0.2194830571
2023-04-19,EFA,0.21966517
2023-04-20,EFA,0.2174031753
2023-04-21,EFA,0.2105748613
2023-04-24,EFA,0.2037748935
2023-04-25,EFA,0.1899362089
2023-04-26,EFA,0.190324348
2023-04-27,EFA,0.1843770091
2023-04-28,EFA,0.1839179444
2023-05-01,EFA,0.1728887051
2023-05-02,EFA,0.1721555622
2023-05-03,EFA,0.1767176359
2023-05-04,EFA,0.1736475031
2023-05-05,EFA,0.1607475504
2023-05-08,EFA,0.162029084
2023-05-09,EFA,0.1553531981
2023-05-10,EFA,0.1508488243
2023-05-11,EFA,0.1752571457
2023-05-12,EFA,0.1672873898
2023-05-15,EFA,0.1712820495
2023-05-16,EFA,0.168008704
2023-05-17,EFA,0.1641408914
2023-05-18,EFA,0.1592223096
2023-05-19,EFA,0.1609678525
2023-05-22,EFA,0.16263348
2023-05-23,EFA,0.1646250717
2023-05-24,EFA,0.1642491295
2023-05-25,EFA,0.1665889003
2023-05-26,EFA,0.1725887936
2023-05-29,EFA,0.1721999382
2023-05-30,EFA,0.1675705291
2023-05-31,EFA,0.1643922026
2023-06-01,EFA,0.1626541272
2023-06-02,EFA,0.1626127061
2023-06-05,EFA,0.1669648558
2023-06-06,EFA,0.1641332122
2023-06-07,EFA,0.1585207773
2023-06-08,EFA,0.1671271635
2023-06-09,EFA,0.1327679861
2023-06-12,EFA,0.1306911445
2023-06-13,EFA,0.1314217873
2023-06-14,EFA,0.1404496079
2023-06-15,EFA,0.142660586
2023-06-16,EFA,0.1465164652
2023-06-19,EFA,0.154539177
2023-06-20,EFA,0.1541146571
2023-06-21,EFA,0.1563535834
2023-06-22,EFA,0.158386661
2023-06-23,EFA,0.1580150127
2023-06-26,EFA,0.1521200895
2023-06-27,EFA,0.1572665865
2023-06-28,EFA,0.1467866205
2023-06-29,EFA,0.1465561827
2023-06-30,EFA,0.1527853697
2023-07-03,EFA,0.1540176114
2023-07-04,EFA,0.149686883
2023-07-05,EFA,0.1505120615
2023-07-06,EFA,0.1522681892
2023-07-07,EFA,0.1476243135
2023-07-10,EFA,0.1460017445
2023-07-11,EFA,0.1467541813
2023-07-12,EFA,0.1509738035
2023-07-13,EFA,0.1426809922
2023-07-14,EFA,0.1420695933
2023-07-17,EFA,0.1494611092
2023-07-18,EFA,0.1361714072
2023-07-19,EFA,0.1392091664
2023-07-20,EFA,0.1257868473
2023-07-21,EFA,0.1265911659
2023-07-24,EFA,0.1269431254
2023-07-25,EFA,0.1241218379
2023-07-26,EFA,0.1090165174
2023-07-27,EFA,0.1157341422
2023-07-28,EFA,0.1165970368
2023-07-31,EFA,0.1141085866
2023-08-01,EFA,0.114123863
2023-08-02,EFA,0.1127247858
2023-08-03,EFA,0.1182976849
2023-08-04,EFA,0.1176029394
2023-08-07,EFA,0.1239724378
2023-08-08,EFA,0.1374099857
2023-08-09,EFA,0.1391982575
2023-08-10,EFA,0.1361471984
2023-08-11,EFA,0.1551020266
2023-08-14,EFA,0.155043544
2023-08-15,EFA,0.146268106
2023-08-16,EFA,0.1453721798
2023-08-17,EFA,0.1466875052
2023-08-18,EFA,0.2336463026
2023-08-21,EFA,0.2585641172
2023-08-22,EFA,0.2780707634
2023-08-23,EFA,0.3213954714
2023-08-24,EFA,0.3498703876
2023-08-25,EFA,0.3523934751
2023-08-28,EFA,0.3556629546
2023-08-29,EFA,0.355392172
2023-08-30,EFA,0.3555197487
2023-08-31,EFA,0.3556496391
2023-09-01,EFA,0.3541907001
2023-09-04,EFA,0.358515426
2023-09-05,EFA,0.3537867875
2023-09-06,EFA,0.3482305695
2023-09-07,EFA,0.3500950273
2023-09-08,EFA,0.3507089521
2023-09-11,EFA,0.3412618454
2023-09-12,EFA,0.345406831
2023-09-13,EFA,0.3449954128
2023-09-14,EFA,0.3449952354
2023-09-15,EFA,0.3465216268
2023-09-18,EFA,0.2931080084
2023-09-19,EFA,0.2660311455
2023-09-20,EFA,0.2295872665
2023-09-21,EFA,0.2024451288
2023-09-22,EFA,0.1629282873
2023-09-25,EFA,0.1581430391
2023-09-26,EFA,0.1461377422
2023-09-27,EFA,0.1498157407
2023-09-28,EFA,0.1552662004
2023-09-29,EFA,0.1664132661
2023-10-02,EFA,0.1664314992
2023-10-03,EFA,0.1648811619
2023-10-04,EFA,0.1648717645
2023-10-05,EFA,0.1645141043
2023-10-06,EFA,0.2669041473
2023-10-09,EFA,0.2709005512
2023-10-10,EFA,0.3127816176
2023-10-11,EFA,0.31671561
2023-10-12,EFA,0.3140645302
2023-10-13,EFA,0.3156321232
2023-10-16,EFA,0.3137076624
2023-10-17,EFA,0.3133004571
2023-10-18,EFA,0.3148986369
2023-10-19,EFA,0.3335453539
2023-10-20,EFA,0.3332311876
2023-10-23,EFA,0.3483346286
2023-10-24,EFA,0.3485972891
2023-10-25,EFA,0.3484465062
2023-10-26,EFA,0.3456388148
2023-10-27,EFA,0.3491094239
2023-10-30,EFA,0.3398688993
2023-10-31,EFA,0.3393527753
2023-11-01,EFA,0.3390283593
2023-11-02,EFA,0.3389850184
2023-11-03,EFA,0.3390797598
2023-11-06,EFA,0.2394973963
2023-11-07,EFA,0.2387475472
2023-11-08,EFA,0.2157557178
2023-11-09,EFA,0.2128919979
2023-11-10,EFA,0.21794563
2023-11-13,EFA,0.211160546
2023-11-14,EFA,0.2138559466
2023-11-15,EFA,0.2217252861
2023-11-16,EFA,0.2207843397
2023-11-17,EFA,0.1975797233
2023-11-20,EFA,0.1752832142
2023-11-21,EFA,0.1724831162
2023-11-22,EFA,0.1735501451
2023-11-23,EFA,0.1748177122
2023-11-24,EFA,0.1737181698
2023-11-27,EFA,0.1639631004
2023-11-28,EFA,0.1613001437
2023-11-29,EFA,0.168118542
2023-11-30,EFA,0.1625196458
2023-12-01,EFA,0.1664283232
2023-12-04,EFA,0.1702043285
2023-12-05,EFA,0.1639344483
2023-12-06,EFA,0.1628870419
2023-12-07,EFA,0.1538258005
2023-12-08,EFA,0.1534228057
2023-12-11,EFA,0.1458432633
2023-12-12,EFA,0.1457964087
2023-12-13,EFA,0.1438104541
2023-12-14,EFA,0.1303521232
2023-12-15,EFA,0.1300700553
2023-12-18,EFA,0.1301559783
2023-12-19,EFA,0.1300061069
2023-12-20,EFA,0.0938084156
2023-12-21,EFA,0.088639397
2023-12-22,EFA,0.0874623768
2023-12-25,EFA,0.0868499068
2023-12-26,EFA,0.0946041792
2023-12-27,EFA,0.1254279064
2023-12-28,EFA,0.1147198562
2023-12-29,EFA,0.1154959342
2024-01-01,EFA,0.1117719201
2024-01-02,EFA,0.1078853539
2024-01-03,EFA,0.1117254193
2024-01-04,EFA,0.141762989
2024-01-05,EFA,0.1456991664
2024-01-08,EFA,0.14757912
2024-01-09,EFA,0.1473294446
2024-01-10,EFA,0.1491046158
2024-01-11,EFA,0.1489633208
2024-01-12,EFA,0.157416971
2024-01-15,EFA,0.1579317816
2024-01-16,EFA,0.1580579973
2024-01-17,EFA,0.1793230621
2024-01-18,EFA,0.1792215206
2024-01-19,EFA,0.1948164699
2024-01-22,EFA,0.1986718903
2024-01-23,EFA,0.2205532041
2024-01-24,EFA,0.2216922606
2024-01-25,EFA,0.2064317287
2024-01-26,EFA,0.2072781611
2024-01-29,EFA,0.2071844174
2024-01-30,EFA,0.2075861003
2024-01-31,EFA,0.2090539939
2024-02-01,EFA,0.208541864
2024-02-02,EFA,0.207772055
2024-02-05,EFA,0.205169073
2024-02-06,EFA,0.2091814214
2024-02-07,EFA,0.2102900843
2024-02-08,EFA,0.2084424612
2024-02-09,EFA,0.2101546901
2024-02-12,EFA,0.2050533642
2024-02-13,EFA,0.2503712071
2024-02-14,EFA,0.3225253857
2024-02-15,EFA,0.3269453848
2024-02-16,EFA,0.3334111087
2024-02-19,EFA,0.3329808988
2024-02-20,EFA,0.3357498538
2024-02-21,EFA,0.3222778008
2024-02-22,EFA,0.3386947454
2024-02-23,EFA,0.3390846293
2024-02-26,EFA,0.3425395036
2024-02-27,EFA,0.3389748391
2024-02-28,EFA,0.3465323115
2024-02-29,EFA,0.3426677092
2024-03-01,EFA,0.3470812922
2024-03-04,EFA,0.3434489837
2024-03-05,EFA,0.3432636282
2024-03-06,EFA,0.3422243495
2024-03-07,EFA,0.3440199775
2024-03-08,EFA,0.3454315287
2024-03-11,EFA,0.3419554813
2024-03-12,EFA,0.3605911755
2024-03-13,EFA,0.334363421
2024-03-14,EFA,0.259765445
2024-03-15,EFA,0.213276885
2024-03-18,EFA,0.211041318
2024-03-19,EFA,0.2595992388
2024-03-20,EFA,0.2596699364
2024-03-21,EFA,0.2528044271
2024-03-22,EFA,0.3017065041
2024-03-25,EFA,0.3067581584
2024-03-26,EFA,0.3304453603
2024-03-27,EFA,0.3517367987
2024-03-28,EFA,0.3461747078
2024-03-29,EFA,0.3462352109
2024-04-01,EFA,0.3427023351
2024-04-02,EFA,0.3595734741
2024-04-03,EFA,0.3587469834
2024-04-04,EFA,0.3608817385
2024-04-05,EFA,0.3599470698
2024-04-08,EFA,0.3743007811
2024-04-09,EFA,0.3737445003
2024-04-10,EFA,0.363902348
2024-04-11,EFA,0.3639042758
2024-04-12,EFA,0.3750381189
2024-04-15,EFA,0.3732085919
2024-04-16,EFA,0.3809515769
2024-04-17,EFA,0.3573100805
2024-04-18,EFA,0.3641414562
2024-04-19,EFA,0.360081941
2024-04-22,EFA,0.304896181
2024-04-23,EFA,0.2937419837
2024-04-24,EFA,0.2766494228
2024-04-25,EFA,0.2580365965
2024-04-26,EFA,0.2580460336
2024-04-29,EFA,0.2570205598
2024-04-30,EFA,0.2568005584
2024-05-01,EFA,0.2274320325
2024-05-02,EFA,0.2251416295
2024-05-03,EFA,0.2127306868
2024-05-06,EFA,0.2188962666
2024-05-07,EFA,0.2097516996
2024-05-08,EFA,0.2046944357
2024-05-09,EFA,0.1641095304
2024-05-10,EFA,0.190042411
2024-05-13,EFA,0.1833683376
2024-05-14,EFA,0.1720172074
2024-05-15,EFA,0.1680110338
2024-05-16,EFA,0.171698632
2024-05-17,EFA,0.1661346224
2024-05-20,EFA,0.1683493403
2024-05-21,EFA,0.1505649542
2024-05-22,EFA,0.1475180799
2024-05-23,EFA,0.151164876
2024-05-24,EFA,0.1507814102
2024-05-27,EFA,0.1553721001
2024-05-28,EFA,0.1635632767
2024-05-29,EFA,0.1666667437
2024-05-30,EFA,0.1623546152
2024-05-31,EFA,0.1705875409
2024-06-03,EFA,0.1879978213
2024-06-04,EFA,0.1864324122
2024-06-05,EFA,0.1768059135
2024-06-06,EFA,0.1820306577
2024-06-07,EFA,0.1784154483
2024-06-10,EFA,0.1806361034
2024-06-11,EFA,0.1832009173
2024-06-12,EFA,0.1819593169
2024-06-13,EFA,0.1879527998
2024-06-14,EFA,0.1881969922
2024-06-17,EFA,0.1919937021
2024-06-18,EFA,0.1859590101
2024-06-19,EFA,0.2095538378
2024-06-20,EFA,0.2234731027
2024-06-21,EFA,0.2068286648
2024-06-24,EFA,0.2065090885
2024-06-25,EFA,0.2070596282
2024-06-26,EFA,0.2164726227
2024-06-27,EFA,0.2270224744
2024-06-28,EFA,0.2281224857
2024-07-01,EFA,0.2270107491
2024-07-02,EFA,0.2427098077
2024-07-03,EFA,0.2375647291
2024-07-04,EFA,0.2379018262
2024-07-05,EFA,0.2383952853
2024-07-08,EFA,0.2424155753
2024-07-09,EFA,0.2297957077
2024-07-10,EFA,0.2283921486
2024-07-11,EFA,0.2210449423
2024-07-12,EFA,0.2064371936
2024-07-15,EFA,0.208032444
2024-07-16,EFA,0.1945599473
2024-07-17,EFA,0.2049311023
2024-07-18,EFA,0.1949397235
2024-07-19,EFA,0.1464952031
2024-07-22,EFA,0.1490016723
2024-07-23,EFA,0.1670330181
2024-07-24,EFA,0.1685953629
2024-07-25,EFA,0.1716811738
2024-07-26,EFA,0.1749856088
2024-07-29,EFA,0.1752166708
2024-07-30,EFA,0.195104438
2024-07-31,EFA,0.1768304804
2024-08-01,EFA,0.1770065862
2024-08-02,EFA,0.1893013658
2024-08-05,EFA,0.1860293827
2024-08-06,EFA,0.1811337752
2024-08-07,EFA,0.1774376199
2024-08-08,EFA,0.1711412701
2024-08-09,EFA,0.1748466394
2024-08-12,EFA,0.1844053886
2024-08-13,EFA,0.1908383156
2024-08-14,EFA,0.2034278446
2024-08-15,EFA,0.1999822765
2024-08-16,EFA,0.1993899865
2024-08-19,EFA,0.2019546308
2024-08-20,EFA,0.1967859836
2024-08-21,EFA,0.1684000375
2024-08-22,EFA,0.1727304504
2024-08-23,EFA,0.1873901239
2024-08-26,EFA,0.1907291864
2024-08-27,EFA,0.1873826537
2024-08-28,EFA,0.1766492378
2024-08-29,EFA,0.1847100683
2024-08-30,EFA,0.1831312082
2024-09-02,EFA,0.1789138505
2024-09-03,EFA,0.1733581578
2024-09-04,EFA,0.1764120775
2024-09-05,EFA,0.1761703521
2024-09-06,EFA,0.1761057183
2024-09-09,EFA,0.1787516977
2024-09-10,EFA,0.1646030356
2024-09-11,EFA,0.1674307522
2024-09-12,EFA,0.1547919661
2024-09-13,EFA,0.1554241102
2024-09-16,EFA,0.1763705371
2024-09-17,EFA,0.1820098714
2024-09-18,EFA,0.1881159302
2024-09-19,EFA,0.1871087062
2024-09-20,EFA,0.1840513106
2024-09-23,EFA,0.1704846549
2024-09-24,EFA,0.1711704621
2024-09-25,EFA,0.1703428135
2024-09-26,EFA,0.1703818692
2024-09-27,EFA,0.1638447422
2024-09-30,EFA,0.1716707725
2024-10-01,EFA,0.1728387287
2024-10-02,EFA,0.1722174828
2024-10-03,EFA,0.1749597467
2024-10-04,EFA,0.1732066357
2024-10-07,EFA,0.1768145675
2024-10-08,EFA,0.1732091521
2024-10-09,EFA,0.1749439573
2024-10-10,EFA,0.1731913959
2024-10-11,EFA,0.1740541137
2024-10-14,EFA,0.1696803705
2024-10-15,EFA,0.1558585147
2024-10-16,EFA,0.1415579135
2024-10-17,EFA,0.1393836807
2024-10-18,EFA,0.1398099307
2024-10-21,EFA,0.1453230071
2024-10-22,EFA,0.1609631986
2024-10-23,EFA,0.1575287811
2024-10-24,EFA,0.1618534276
2024-10-25,EFA,0.1853990853
2024-10-28,EFA,0.1824672854
2024-10-29,EFA,0.1807112449
2024-10-30,EFA,0.1972767274
2024-10-31,EFA,0.2010209178
2024-11-01,EFA,0.2018445327
2024-11-04,EFA,0.2061412951
2024-11-05,EFA,0.2065133323
2024-11-06,EFA,0.2069540261
2024-11-07,EFA,0.2113963614
2024-11-08,EFA,0.2110196462
2024-11-11,EFA,0.2111746606
2024-11-12,EFA,0.2142142424
2024-11-13,EFA,0.214050564
2024-11-14,EFA,0.2137393885
2024-11-15,EFA,0.2043490648
2024-11-18,EFA,0.2067834057
2024-11-19,EFA,0.2100694169
2024-11-20,EFA,0.2022867702
2024-11-21,EFA,0.2060618168
2024-11-22,EFA,0.2011714354
2024-11-25,EFA,0.1921556066
2024-11-26,EFA,0.1922508982
2024-11-27,EFA,0.207650007
2024-11-28,EFA,0.1834019294
2024-11-29,EFA,0.1845613344
2024-12-02,EFA,0.1961885356
2024-12-03,EFA,0.2045105645
2024-12-04,EFA,0.2050550668
2024-12-05,EFA,0.204852767
2024-12-06,EFA,0.2004294791
2024-12-09,EFA,0.2152847331
2024-12-10,EFA,0.2416504777
2024-12-11,EFA,0.2428460776
2024-12-12,EFA,0.2525462032
2024-12-13,EFA,0.2537217542
2024-12-16,EFA,0.2511558596
2024-12-17,EFA,0.2508333262
2024-12-18,EFA,0.2457539215
2024-12-19,EFA,0.2539220123
2024-12-20,EFA,0.2602573466
2024-12-23,EFA,0.2579746073
2024-12-24,EFA,0.2578520502
2024-12-25,EFA,0.2582870186
2024-12-26,EFA,0.2400381178
2024-12-27,EFA,0.2344284776
2024-12-30,EFA,0.2327551256
2024-12-31,EFA,0.2426061239
2025-01-01,EFA,0.2359572907
2025-01-02,EFA,0.2325424099
2025-01-03,EFA,0.231753838
2025-01-06,EFA,0.2319467572
2025-01-07,EFA,0.2229334414
2025-01-08,EFA,0.1966786665
2025-01-09,EFA,0.1937612737
2025-01-10,EFA,0.1794384971
2025-01-13,EFA,0.1871519908
2025-01-14,EFA,0.1934615254
2025-01-15,EFA,0.1954444186
2025-01-16,EFA,0.1989694026
2025-01-17,EFA,0.1811155854
2025-01-20,EFA,0.1676385789
2025-01-21,EFA,0.1667685077
2025-01-22,EFA,0.1762559014
2025-01-23,EFA,0.1801588537
2025-01-24,EFA,0.1892461699
2025-01-27,EFA,0.1887138055
2025-01-28,EFA,0.1953002063
2025-01-29,EFA,0.1757515211
2025-01-30,EFA,0.1755900779
2025-01-31,EFA,0.2226726417
2025-02-03,EFA,0.231516688
2025-02-04,EFA,0.2308052806
2025-02-05,EFA,0.2272592033
2025-02-06,EFA,0.2316783447
2025-02-07,EFA,0.2315399857
2025-02-10,EFA,0.2319885725
2025-02-11,EFA,0.225398868
2025-02-12,EFA,0.2191747376
2025-02-13,EFA,0.2271703807
2025-02-14,EFA,0.2320433369
2025-02-17,EFA,0.2319297923
2025-02-18,EFA,0.2443034694
2025-02-19,EFA,0.2556734942
2025-02-20,EFA,0.2466638608
2025-02-21,EFA,0.2426534744
2025-02-24,EFA,0.2362662671
2025-02-25,EFA,0.2349312211
2025-02-26,EFA,0.23406136
2025-02-27,EFA,0.2341294849
2025-02-28,EFA,0.2367459379
2025-03-03,EFA,0.199746477
2025-03-04,EFA,0.1942962101
2025-03-05,EFA,0.1916306623
2025-03-06,EFA,0.192325307
2025-03-07,EFA,0.186291201
2025-03-10,EFA,0.1870464639
2025-03-11,EFA,0.1877707457
2025-03-12,EFA,0.1900798002
2025-03-13,EFA,0.1897413735
2025-03-14,EFA,0.1896296309
2025-03-17,EFA,0.1759746249
2025-03-18,EFA,0.1908083812
2025-03-19,EFA,0.1766501754
2025-03-20,EFA,0.1673005265
2025-03-21,EFA,0.165898032
2025-03-24,EFA,0.1642639681
2025-03-25,EFA,0.1707502654
2025-03-26,EFA,0.1711443335
2025-03-27,EFA,0.1756880082
2025-03-28,EFA,0.1763599044
2025-03-31,EFA,0.1770150562
2025-04-01,EFA,0.1772929951
2025-04-02,EFA,0.1756491857
2025-04-03,EFA,0.1775370368
2025-04-04,EFA,0.1834359902
2025-04-07,EFA,0.1744165708
2025-04-08,EFA,0.1789037064
2025-04-09,EFA,0.1786592862
2025-04-10,EFA,0.1905942961
2025-04-11,EFA,0.1882279963
2025-04-14,EFA,0.1803962371
2025-04-15,EFA,0.1854884309
2025-04-16,EFA,0.1830337137
2025-04-17,EFA,0.1729420122
2025-04-18,EFA,0.1727683119
2025-04-21,EFA,0.1737931966
2025-04-22,EFA,0.1725678571
2025-04-23,EFA,0.172737367
2025-04-24,EFA,0.1728833639
2025-04-25,EFA,0.1688618457
2025-04-28,EFA,0.1657812679
2025-04-29,EFA,0.1750312779
2025-04-30,EFA,0.1780935209
2025-05-01,EFA,0.1709313657
2025-05-02,EFA,0.2339877003
2025-05-05,EFA,0.2328883142
2025-05-06,EFA,0.2332473842
2025-05-07,EFA,0.2294015678
2025-05-08,EFA,0.231299431
2025-05-09,EFA,0.2368856383
2025-05-12,EFA,0.2343654252
2025-05-13,EFA,0.2299611477
2025-05-14,EFA,0.2250235534
2025-05-15,EFA,0.234654162
2025-05-16,EFA,0.2317369576
2025-05-19,EFA,0.2317998594
2025-05-20,EFA,0.2339125107
2025-05-21,EFA,0.2386543422
2025-05-22,EFA,0.2357454281
2025-05-23,EFA,0.2357534037
2025-05-26,EFA,0.2360273641
2025-05-27,EFA,0.2357035526
2025-05-28,EFA,0.2289952632
2025-05-29,EFA,0.2263551838
2025-05-30,EFA,0.2257353853
2025-06-02,EFA,0.1657194083
2025-06-03,EFA,0.1708721975
2025-06-04,EFA,0.1745574135
2025-06-05,EFA,0.1792163593
2025-06-06,EFA,0.1808765256
2025-06-09,EFA,0.1790174491
2025-06-10,EFA,0.1801776377
2025-06-11,EFA,0.1923838711
2025-06-12,EFA,0.1946626201
2025-06-13,EFA,0.1802017919
2025-06-16,EFA,0.1958079382
2025-06-17,EFA,0.1957769178
2025-06-18,EFA,0.1922392076
2025-06-19,EFA,0.1885998659
2025-06-20,EFA,0.1879610898
2025-06-23,EFA,0.1907268707
2025-06-24,EFA,0.1914571452
2025-06-25,EFA,0.1925937064
2025-06-26,EFA,0.1944302442
2025-06-27,EFA,0.1939861599
2025-06-30,EFA,0.19415954
2025-07-01,EFA,0.1707959568
2025-07-02,EFA,0.1786845642
2025-07-03,EFA,0.1785478814
2025-07-04,EFA,0.1689075163
2025-07-07,EFA,0.1673850016
2025-07-08,EFA,0.1638069949
2025-07-09,EFA,0.1611075001
2025-07-10,EFA,0.1482281525
2025-07-11,EFA,0.1498628284
2025-07-14,EFA,0.1569150011
2025-07-15,EFA,0.1456912031
2025-07-16,EFA,0.149241314
2025-07-17,EFA,0.154020512
2025-07-18,EFA,0.1589643689
2025-07-21,EFA,0.1603768907
2025-07-22,EFA,0.1564832635
2025-07-23,EFA,0.1703282653
2025-07-24,EFA,0.1698794173
2025-07-25,EFA,0.1666826528
2025-07-28,EFA,0.1668516485
2025-07-29,EFA,0.171275183
2025-07-30,EFA,0.1673943226
2025-07-31,EFA,0.1630758027
2025-08-01,EFA,0.1687014035
2025-08-04,EFA,0.1643813015
2025-08-05,EFA,0.1667131336
2025-08-06,EFA,0.1642392134
2025-08-07,EFA,0.1647491627
2025-08-08,EFA,0.165024787
2025-08-11,EFA,0.1747142611
2025-08-12,EFA,0.1556233639
2025-08-13,EFA,0.150657398
2025-08-14,EFA,0.1542938475
2025-08-15,EFA,0.1751012132
2025-08-18,EFA,0.1726482339
2025-08-19,EFA,0.1840624833
2025-08-20,EFA,0.1805815491
2025-08-21,EFA,0.1746298469
2025-08-22,EFA,0.1741587602
2025-08-25,EFA,0.176030015
2025-08-26,EFA,0.1732423104
2025-08-27,EFA,0.1903638241
2025-08-28,EFA,0.212862534
2025-08-29,EFA,0.2137063592
2025-09-01,EFA,0.2117734381
2025-09-02,EFA,0.2115683565
2025-09-03,EFA,0.2163558681
2025-09-04,EFA,0.2165962035
2025-09-05,EFA,0.2233658016
2025-09-08,EFA,0.2322287833
2025-09-09,EFA,0.22114264
2025-09-10,EFA,0.2214506424
2025-09-11,EFA,0.2210016387
2025-09-12,EFA,0.2159140184
2025-09-15,EFA,0.2021919186
2025-09-16,EFA,0.1932185011
2025-09-17,EFA,0.1814954048
2025-09-18,EFA,0.1816000449
2025-09-19,EFA,0.1829149575
2025-09-22,EFA,0.182784641
2025-09-23,EFA,0.1927034272
2025-09-24,EFA,0.2059939683
2025-09-25,EFA,0.193978629
2025-09-26,EFA,0.1718942866
2025-09-29,EFA,0.170928219
2025-09-30,EFA,0.1723288443
2025-10-01,EFA,0.1860639474
2025-10-02,EFA,0.1806573072
2025-10-03,EFA,0.1812392815
2025-10-06,EFA,0.1750734966
2025-10-07,EFA,0.1683168095
2025-10-08,EFA,0.1646342501
2025-10-09,EFA,0.1791067198
2025-10-10,EFA,0.1782560117
2025-10-13,EFA,0.1781578043
2025-10-14,EFA,0.177343329
2025-10-15,EFA,0.1851454996
2025-10-16,EFA,0.1832531888
2025-10-17,EFA,0.1840897287
2025-10-20,EFA,0.1824303893
2025-10-21,EFA,0.1901261112
2025-10-22,EFA,0.1782212234
2025-10-23,EFA,0.1677508085
2025-10-24,EFA,0.1700873882
2025-10-27,EFA,0.1705332804
2025-10-28,EFA,0.1718036749
2025-10-29,EFA,0.17040494
2025-10-30,EFA,0.1542925907
2025-10-31,EFA,0.1529396855
2025-11-03,EFA,0.1553893306
2025-11-04,EFA,0.1534665531
2025-11-05,EFA,0.1468573464
2025-11-06,EFA,0.1438577554
2025-11-07,EFA,0.1434131903
2025-11-10,EFA,0.150706895
2025-11-11,EFA,0.1568344294
2025-11-12,EFA,0.165456861
2025-11-13,EFA,0.1523144177
2025-11-14,EFA,0.1516855474
2025-11-17,EFA,0.1550886133
2025-11-18,EFA,0.1619443818
2025-11-19,EFA,0.1535769465
2025-11-20,EFA,0.1622230503
2025-11-21,EFA,0.1707558895
2025-11-24,EFA,0.1719357933
2025-11-25,EFA,0.1680115324
2025-11-26,EFA,0.1693093122
2025-11-27,EFA,0.1676136615
2025-11-28,EFA,0.1721024682
2025-12-01,EFA,0.171928398
2025-12-02,EFA,0.1746129256
2025-12-03,EFA,0.1720690042
2025-12-04,EFA,0.1714592546
2025-12-05,EFA,0.169184757
2025-12-08,EFA,0.1672432625
2025-12-09,EFA,0.1791250822
2025-12-10,EFA,0.1808758282
2025-12-11,EFA,0.1843053128
2025-12-12,EFA,0.1858464313
2025-12-15,EFA,0.1833127508
2025-12-16,EFA,0.1891666494
2025-12-17,EFA,0.1870246819
2025-12-18,EFA,0.1886491318
2025-12-19,EFA,0.1821931927
2025-12-22,EFA,0.1772070094
2025-12-23,EFA,0.1729186283
2025-12-24,EFA,0.1923549523
2025-12-25,EFA,0.1952209607
2025-12-26,EFA,0.1952505345
2025-12-29,EFA,0.189715146
2025-12-30,EFA,0.1995825176
2025-12-31,EFA,0.1978565248
2026-01-01,EFA,0.1990862831
2026-01-02,EFA,0.1983555696
2026-01-05,EFA,0.2016082898
2026-01-06,EFA,0.204192861
2026-01-07,EFA,0.1881042817
2026-01-08,EFA,0.1828757548
2026-01-09,EFA,0.1686286247
2026-01-12,EFA,0.1659509519
2026-01-13,EFA,0.1732354265
2026-01-14,EFA,0.1692533528
2026-01-15,EFA,0.185911788
2026-01-16,EFA,0.1831369886
2026-01-19,EFA,0.1812171741
2026-01-20,EFA,0.1757657428
2026-01-21,EFA,0.1830803857
2026-01-22,EFA,0.1718016479
2026-01-23,EFA,0.1833701742
2026-01-26,EFA,0.1742096102
2026-01-27,EFA,0.1949144882
2026-01-28,EFA,0.1906481693
2026-01-29,EFA,0.1919078153
2026-01-30,EFA,0.1880710061
2026-02-02,EFA,0.1876991566
2026-02-03,EFA,0.1903761656
2026-02-04,EFA,0.1931596941
2026-02-05,EFA,0.1953602696
2026-02-06,EFA,0.206021776
2026-02-09,EFA,0.208494187
2026-02-10,EFA,0.2151163176
2026-02-11,EFA,0.2192051062
2026-02-12,EFA,0.2204062399
2026-02-13,EFA,0.2143497156
2026-02-16,EFA,0.217792222
2026-02-17,EFA,0.2118122119
2026-02-18,EFA,0.2345835501
2026-02-19,EFA,0.2262367262
2026-02-20,EFA,0.2261344268
2026-02-23,EFA,0.1989911221
2026-02-24,EFA,0.2010254202
2026-02-25,EFA,0.1907400504
2026-02-26,EFA,0.1956783085
2026-02-27,EFA,0.1915974287
2026-03-02,EFA,0.1940939768
2026-03-03,EFA,0.1937967702
2026-03-04,EFA,0.1874946938
2026-03-05,EFA,0.1873844985
2026-03-06,EFA,0.193706565
2026-03-09,EFA,0.1877223869
2026-03-10,EFA,0.1923358549
2026-03-11,EFA,0.1878757778
2026-03-12,EFA,0.1708623405
2026-03-13,EFA,0.165410269
2026-03-16,EFA,0.1504206351
2026-03-17,EFA,0.1553717699
2026-03-18,EFA,0.1535857745
2026-03-19,EFA,0.1255565876
2026-03-20,EFA,0.1253338864
2026-03-23,EFA,0.1257548342
2026-03-24,EFA,0.1520734196
2026-03-25,EFA,0.1491052232
2026-03-26,EFA,0.1624182183
2026-03-27,EFA,0.1559633019
2026-03-30,EFA,0.1559627985
2026-03-31,EFA,0.1615411044
2026-04-01,EFA,0.1779235636
2026-04-02,EFA,0.1726862522
2026-04-03,EFA,0.1743199638
2026-04-06,EFA,0.1680035418
2026-04-07,EFA,0.173034043
2026-04-08,EFA,0.1708556501
2026-04-09,EFA,0.178223072
2026-04-10,EFA,0.183393018
2026-04-13,EFA,0.1830361417
2026-04-14,EFA,0.1979619047
2026-04-15,EFA,0.1969365258
2026-04-16,EFA,0.1986528429
2026-04-17,EFA,0.2010555977
2026-04-20,EFA,0.2048610353
2026-04-21,EFA,0.2047472951
2026-04-22,EFA,0.1857389911
2026-04-23,EFA,0.1849872115
2026-04-24,EFA,0.1732645741
2026-04-27,EFA,0.1905498978
2026-04-28,EFA,0.1993319929
2026-04-29,EFA,0.1985864839
2026-04-30,EFA,0.1848990699
2026-05-01,EFA,0.1901988839
2026-05-04,EFA,0.191872503
2026-05-05,EFA,0.1917947196
2026-05-06,EFA,0.1879613655
2026-05-07,EFA,0.1867952575
2026-05-08,EFA,0.1800638829
2026-05-11,EFA,0.1750792793
2026-05-12,EFA,0.1825749985
2026-05-13,EFA,0.1648187625
2026-05-14,EFA,0.1621749528
2026-05-15,EFA,0.1636427716
2026-05-18,EFA,0.1590655029
2026-05-19,EFA,0.1560284236
2026-05-20,EFA,0.1562856237
2026-05-21,EFA,0.1539626073
2026-05-22,EFA,0.1540273332
2026-05-25,EFA,0.1581007345
2026-05-26,EFA,0.1370955444
2026-05-27,EFA,0.1295895543
2026-05-28,EFA,0.118759679
2026-05-29,EFA,0.121442667
2026-06-01,EFA,0.131514378
2026-06-02,EFA,0.1343612521
2026-06-03,EFA,0.1372114109
2026-06-04,EFA,0.1360324984
2026-06-05,EFA,0.130643782
2026-06-08,EFA,0.1311303329
2026-06-09,EFA,0.1388367396
2026-06-10,EFA,0.143202847
2026-06-11,EFA,0.1504606489
2026-06-12,EFA,0.1482868009
2026-06-15,EFA,0.1499070562
2026-06-16,EFA,0.1512287744
2026-06-17,EFA,0.1571681498
2026-06-18,EFA,0.1604291911
2026-06-19,EFA,0.1611300647
2026-06-22,EFA,0.1637144909
2026-06-23,EFA,0.1641561001
2026-06-24,EFA,0.1676045278
2026-06-25,EFA,0.1632314479
2026-06-26,EFA,0.1815253471
2026-06-29,EFA,0.1861111647
2026-06-30,EFA,0.1770723356
2026-07-01,EFA,0.1728362632
2026-07-02,EFA,0.1693657139
2026-07-03,EFA,0.1681096153
2021-10-05,GLD,0.1281019401
2021-10-06,GLD,0.1378099489
2021-10-07,GLD,0.1381923705
2021-10-08,GLD,0.1365798495
2021-10-11,GLD,0.1413813579
2021-10-12,GLD,0.1424746537
2021-10-13,GLD,0.1663132788
2021-10-14,GLD,0.1679198804
2021-10-15,GLD,0.1686509624
2021-10-18,GLD,0.167142666
2021-10-19,GLD,0.1697397476
2021-10-20,GLD,0.1633983166
2021-10-21,GLD,0.1618618722
2021-10-22,GLD,0.1621411013
2021-10-25,GLD,0.1633216702
2021-10-26,GLD,0.1638363197
2021-10-27,GLD,0.1691113387
2021-10-28,GLD,0.1719415364
2021-10-29,GLD,0.1686836145
2021-11-01,GLD,0.1694430551
2021-11-02,GLD,0.1690542531
2021-11-03,GLD,0.1739576277
2021-11-04,GLD,0.1646781435
2021-11-05,GLD,0.1735951657
2021-11-08,GLD,0.1749631778
2021-11-09,GLD,0.1708443866
2021-11-10,GLD,0.1686908009
2021-11-11,GLD,0.1506370284
2021-11-12,GLD,0.1512404843
2021-11-15,GLD,0.1479646705
2021-11-16,GLD,0.1510497094
2021-11-17,GLD,0.1500284581
2021-11-18,GLD,0.1523154232
2021-11-19,GLD,0.154470307
2021-11-22,GLD,0.1489378551
2021-11-23,GLD,0.1457754292
2021-11-24,GLD,0.1453140915
2021-11-25,GLD,0.1506374486
2021-11-26,GLD,0.1321327614
2021-11-29,GLD,0.1416860973
2021-11-30,GLD,0.14864191
2021-12-01,GLD,0.148365904
2021-12-02,GLD,0.1560215178
2021-12-03,GLD,0.1601259268
2021-12-06,GLD,0.152475107
2021-12-07,GLD,0.1556551415
2021-12-08,GLD,0.1685241299
2021-12-09,GLD,0.1676566987
2021-12-10,GLD,0.157444256
2021-12-13,GLD,0.1549769532
2021-12-14,GLD,0.1549088008
2021-12-15,GLD,0.1531216755
2021-12-16,GLD,0.1530772822
2021-12-17,GLD,0.1502181384
2021-12-20,GLD,0.1455302027
2021-12-21,GLD,0.1509416567
2021-12-22,GLD,0.1543885776
2021-12-23,GLD,0.1648361035
2021-12-24,GLD,0.1600812804
2021-12-27,GLD,0.1616268331
2021-12-28,GLD,0.1544996873
2021-12-29,GLD,0.1661867482
2021-12-30,GLD,0.1657568638
2021-12-31,GLD,0.1684383982
2022-01-03,GLD,0.1647088399
2022-01-04,GLD,0.1660034304
2022-01-05,GLD,0.1860493659
2022-01-06,GLD,0.1746722036
2022-01-07,GLD,0.1747205055
2022-01-10,GLD,0.1783173475
2022-01-11,GLD,0.1901284611
2022-01-12,GLD,0.1901694793
2022-01-13,GLD,0.1923617399
2022-01-14,GLD,0.1961949211
2022-01-17,GLD,0.1943796401
2022-01-18,GLD,0.2101702345
2022-01-19,GLD,0.2027883696
2022-01-20,GLD,0.2019612766
2022-01-21,GLD,0.2031869609
2022-01-24,GLD,0.2023289437
2022-01-25,GLD,0.2016434385
2022-01-26,GLD,0.1943728052
2022-01-27,GLD,0.1845478708
2022-01-28,GLD,0.1861201685
2022-01-31,GLD,0.1770157649
2022-02-01,GLD,0.1803714703
2022-02-02,GLD,0.1788259625
2022-02-03,GLD,0.1574562127
2022-02-04,GLD,0.1566457135
2022-02-07,GLD,0.1618793142
2022-02-08,GLD,0.1541138882
2022-02-09,GLD,0.1339334674
2022-02-10,GLD,0.1470881393
2022-02-11,GLD,0.1404194031
2022-02-14,GLD,0.1386053683
2022-02-15,GLD,0.1402687295
2022-02-16,GLD,0.1203912553
2022-02-17,GLD,0.120782694
2022-02-18,GLD,0.120755918
2022-02-21,GLD,0.1153105781
2022-02-22,GLD,0.1152594483
2022-02-23,GLD,0.1223630511
2022-02-24,GLD,0.1194246195
2022-02-25,GLD,0.1430190832
2022-02-28,GLD,0.1410889269
2022-03-01,GLD,0.1399410962
2022-03-02,GLD,0.1419093424
2022-03-03,GLD,0.1443525161
2022-03-04,GLD,0.1443345803
2022-03-07,GLD,0.1465429817
2022-03-08,GLD,0.1390386516
2022-03-09,GLD,0.1440476253
2022-03-10,GLD,0.1528828066
2022-03-11,GLD,0.1466566117
2022-03-14,GLD,0.146471727
2022-03-15,GLD,0.1462731576
2022-03-16,GLD,0.1562656382
2022-03-17,GLD,0.1572442196
2022-03-18,GLD,0.1593088197
2022-03-21,GLD,0.1693685627
2022-03-22,GLD,0.1630883903
2022-03-23,GLD,0.1631018842
2022-03-24,GLD,0.1584164343
2022-03-25,GLD,0.1625577715
2022-03-28,GLD,0.1428032361
2022-03-29,GLD,0.1432884527
2022-03-30,GLD,0.1410513325
2022-03-31,GLD,0.1355579586
2022-04-01,GLD,0.1358864776
2022-04-04,GLD,0.1358665822
2022-04-05,GLD,0.1327716413
2022-04-06,GLD,0.1350302619
2022-04-07,GLD,0.1257081503
2022-04-08,GLD,0.1140419872
2022-04-11,GLD,0.1135421911
2022-04-12,GLD,0.1182667269
2022-04-13,GLD,0.120244747
2022-04-14,GLD,0.1077416186
2022-04-15,GLD,0.1154371586
2022-04-18,GLD,0.1116725014
2022-04-19,GLD,0.0988467784
2022-04-20,GLD,0.1047710309
2022-04-21,GLD,0.1243974618
2022-04-22,GLD,0.1245074491
2022-04-25,GLD,0.1195337341
2022-04-26,GLD,0.1289191466
2022-04-27,GLD,0.1333820441
2022-04-28,GLD,0.1347310111
2022-04-29,GLD,0.1379501737
2022-05-02,GLD,0.1344309785
2022-05-03,GLD,0.1353203766
2022-05-04,GLD,0.1480572425
2022-05-05,GLD,0.1522534539
2022-05-06,GLD,0.1548811019
2022-05-09,GLD,0.1548829913
2022-05-10,GLD,0.1527262713
2022-05-11,GLD,0.150167361
2022-05-12,GLD,0.1486964155
2022-05-13,GLD,0.1463641244
2022-05-16,GLD,0.1415674262
2022-05-17,GLD,0.1470371152
2022-05-18,GLD,0.1474411711
2022-05-19,GLD,0.1458113732
2022-05-20,GLD,0.1315330525
2022-05-23,GLD,0.1317524813
2022-05-24,GLD,0.1310450552
2022-05-25,GLD,0.1290979935
2022-05-26,GLD,0.1216135549
2022-05-27,GLD,0.1216795819
2022-05-30,GLD,0.1300647826
2022-05-31,GLD,0.1307345741
2022-06-01,GLD,0.1273025021
2022-06-02,GLD,0.1274100892
2022-06-03,GLD,0.1206981174
2022-06-06,GLD,0.1298792843
2022-06-07,GLD,0.13085242
2022-06-08,GLD,0.1306042158
2022-06-09,GLD,0.1314103754
2022-06-10,GLD,0.1304200258
2022-06-13,GLD,0.1322887984
2022-06-14,GLD,0.1295215143
2022-06-15,GLD,0.1219497173
2022-06-16,GLD,0.1192744441
2022-06-17,GLD,0.1217968618
2022-06-20,GLD,0.1310902086
2022-06-21,GLD,0.131304102
2022-06-22,GLD,0.1320178307
2022-06-23,GLD,0.1289671741
2022-06-24,GLD,0.1283842751
2022-06-27,GLD,0.1283617792
2022-06-28,GLD,0.1159151192
2022-06-29,GLD,0.1146696396
2022-06-30,GLD,0.1151738693
2022-07-01,GLD,0.115181293
2022-07-04,GLD,0.1203870719
2022-07-05,GLD,0.1072123089
2022-07-06,GLD,0.1119733704
2022-07-07,GLD,0.1267209445
2022-07-08,GLD,0.1272999773
2022-07-11,GLD,0.146869053
2022-07-12,GLD,0.146800983
2022-07-13,GLD,0.1548844306
2022-07-14,GLD,0.153523279
2022-07-15,GLD,0.1575115289
2022-07-18,GLD,0.1497826742
2022-07-19,GLD,0.1434550976
2022-07-20,GLD,0.1775460106
2022-07-21,GLD,0.1777822145
2022-07-22,GLD,0.1771488058
2022-07-25,GLD,0.177494985
2022-07-26,GLD,0.1792034218
2022-07-27,GLD,0.1806060371
2022-07-28,GLD,0.1882748773
2022-07-29,GLD,0.1934209613
2022-08-01,GLD,0.1884344099
2022-08-02,GLD,0.187324227
2022-08-03,GLD,0.1903162258
2022-08-04,GLD,0.1955600016
2022-08-05,GLD,0.1842797353
2022-08-08,GLD,0.1803697112
2022-08-09,GLD,0.1681444721
2022-08-10,GLD,0.1673653649
2022-08-11,GLD,0.1709693998
2022-08-12,GLD,0.1691784708
2022-08-15,GLD,0.1824884253
2022-08-16,GLD,0.1807752435
2022-08-17,GLD,0.1807467101
2022-08-18,GLD,0.1586147312
2022-08-19,GLD,0.1582018104
2022-08-22,GLD,0.1611754325
2022-08-23,GLD,0.1578305752
2022-08-24,GLD,0.1593860476
2022-08-25,GLD,0.1606024578
2022-08-26,GLD,0.1539565632
2022-08-29,GLD,0.1549911416
2022-08-30,GLD,0.1632609743
2022-08-31,GLD,0.163361501
2022-09-01,GLD,0.1634136426
2022-09-02,GLD,0.1477742677
2022-09-05,GLD,0.1481531313
2022-09-06,GLD,0.1601374363
2022-09-07,GLD,0.1577562867
2022-09-08,GLD,0.1644739311
2022-09-09,GLD,0.1523823505
2022-09-12,GLD,0.1530437395
2022-09-13,GLD,0.1509580931
2022-09-14,GLD,0.1506818075
2022-09-15,GLD,0.1508146588
2022-09-16,GLD,0.1491401649
2022-09-19,GLD,0.1486854037
2022-09-20,GLD,0.1560805021
2022-09-21,GLD,0.1561881021
2022-09-22,GLD,0.1610047228
2022-09-23,GLD,0.1648458159
2022-09-26,GLD,0.1616869431
2022-09-27,GLD,0.1519400692
2022-09-28,GLD,0.1455239404
2022-09-29,GLD,0.1640377946
2022-09-30,GLD,0.1630322011
2022-10-03,GLD,0.1650602004
2022-10-04,GLD,0.1690570843
2022-10-05,GLD,0.1642391686
2022-10-06,GLD,0.1593231244
2022-10-07,GLD,0.1554051966
2022-10-10,GLD,0.1530201454
2022-10-11,GLD,0.1556342893
2022-10-12,GLD,0.1560119762
2022-10-13,GLD,0.1600818593
2022-10-14,GLD,0.1648508034
2022-10-17,GLD,0.1649716241
2022-10-18,GLD,0.1660806137
2022-10-19,GLD,0.1588080108
2022-10-20,GLD,0.173208536
2022-10-21,GLD,0.1664126744
2022-10-24,GLD,0.1590506064
2022-10-25,GLD,0.1575294583
2022-10-26,GLD,0.1652802519
2022-10-27,GLD,0.165413052
2022-10-28,GLD,0.1499542825
2022-10-31,GLD,0.1510872013
2022-11-01,GLD,0.1526387711
2022-11-02,GLD,0.1468875646
2022-11-03,GLD,0.1399026925
2022-11-04,GLD,0.1478501935
2022-11-07,GLD,0.1446623584
2022-11-08,GLD,0.1446418564
2022-11-09,GLD,0.1419237652
2022-11-10,GLD,0.136644035
2022-11-11,GLD,0.1300882925
2022-11-14,GLD,0.1232003374
2022-11-15,GLD,0.1279302595
2022-11-16,GLD,0.1298931295
2022-11-17,GLD,0.121307107
2022-11-18,GLD,0.107029066
2022-11-21,GLD,0.1104309546
2022-11-22,GLD,0.118778401
2022-11-23,GLD,0.1295890674
2022-11-24,GLD,0.1352755734
2022-11-25,GLD,0.1352866682
2022-11-28,GLD,0.1429521448
2022-11-29,GLD,0.1389198131
2022-11-30,GLD,0.1346311322
2022-12-01,GLD,0.1342513509
2022-12-02,GLD,0.1341057289
2022-12-05,GLD,0.1443884098
2022-12-06,GLD,0.1535753331
2022-12-07,GLD,0.1536367231
2022-12-08,GLD,0.1535821771
2022-12-09,GLD,0.1531570846
2022-12-12,GLD,0.156198785
2022-12-13,GLD,0.1551275363
2022-12-14,GLD,0.1555813985
2022-12-15,GLD,0.1473272376
2022-12-16,GLD,0.1473215105
2022-12-19,GLD,0.1478799093
2022-12-20,GLD,0.1446219989
2022-12-21,GLD,0.1541903822
2022-12-22,GLD,0.1496620696
2022-12-23,GLD,0.1403025263
2022-12-26,GLD,0.140131549
2022-12-27,GLD,0.1262194007
2022-12-28,GLD,0.1251640216
2022-12-29,GLD,0.1231589713
2022-12-30,GLD,0.1268805898
2023-01-02,GLD,0.1240513352
2023-01-03,GLD,0.1147113983
2023-01-04,GLD,0.0995734157
2023-01-05,GLD,0.1009923622
2023-01-06,GLD,0.103772559
2023-01-09,GLD,0.1100481954
2023-01-10,GLD,0.1100831066
2023-01-11,GLD,0.1115159084
2023-01-12,GLD,0.1088271959
2023-01-13,GLD,0.1180878795
2023-01-16,GLD,0.1178219333
2023-01-17,GLD,0.1251306419
2023-01-18,GLD,0.123328059
2023-01-19,GLD,0.110310162
2023-01-20,GLD,0.1150683221
2023-01-23,GLD,0.12009407
2023-01-24,GLD,0.1268170294
2023-01-25,GLD,0.1336248201
2023-01-26,GLD,0.138031586
2023-01-27,GLD,0.1385761904
2023-01-30,GLD,0.1428509155
2023-01-31,GLD,0.1458036892
2023-02-01,GLD,0.1403310693
2023-02-02,GLD,0.1446402769
2023-02-03,GLD,0.1448802777
2023-02-06,GLD,0.1446665111
2023-02-07,GLD,0.1456712272
2023-02-08,GLD,0.141024987
2023-02-09,GLD,0.1395807127
2023-02-10,GLD,0.1436554048
2023-02-13,GLD,0.1306352385
2023-02-14,GLD,0.1304267671
2023-02-15,GLD,0.131614121
2023-02-16,GLD,0.1296411542
2023-02-17,GLD,0.1541058444
2023-02-20,GLD,0.1490851348
2023-02-21,GLD,0.14563867
2023-02-22,GLD,0.1356932234
2023-02-23,GLD,0.1444373466
2023-02-24,GLD,0.1419487762
2023-02-27,GLD,0.1415968637
2023-02-28,GLD,0.1348967676
2023-03-01,GLD,0.1303932819
2023-03-02,GLD,0.1304907053
2023-03-03,GLD,0.1230088454
2023-03-06,GLD,0.1305002794
2023-03-07,GLD,0.1388565458
2023-03-08,GLD,0.1377439729
2023-03-09,GLD,0.1366339673
2023-03-10,GLD,0.1373381372
2023-03-13,GLD,0.1368715595
2023-03-14,GLD,0.1410019846
2023-03-15,GLD,0.1411444405
2023-03-16,GLD,0.1404655848
2023-03-17,GLD,0.140458179
2023-03-20,GLD,0.1173240608
2023-03-21,GLD,0.1165673228
2023-03-22,GLD,0.116287043
2023-03-23,GLD,0.1175065601
2023-03-24,GLD,0.1023687382
2023-03-27,GLD,0.0986882609
2023-03-28,GLD,0.1002796423
2023-03-29,GLD,0.1030823993
2023-03-30,GLD,0.1027815674
2023-03-31,GLD,0.1106396283
2023-04-03,GLD,0.1117151296
2023-04-04,GLD,0.1118257877
2023-04-05,GLD,0.0995072349
2023-04-06,GLD,0.097946449
2023-04-07,GLD,0.1051392112
2023-04-10,GLD,0.105115129
2023-04-11,GLD,0.1048092535
2023-04-12,GLD,0.112334684
2023-04-13,GLD,0.1231743964
2023-04-14,GLD,0.1267271976
2023-04-17,GLD,0.1314967344
2023-04-18,GLD,0.1353978609
2023-04-19,GLD,0.1403261975
2023-04-20,GLD,0.1405116684
2023-04-21,GLD,0.1453567258
2023-04-24,GLD,0.1524554657
2023-04-25,GLD,0.152778581
2023-04-26,GLD,0.150654904
2023-04-27,GLD,0.1500896055
2023-04-28,GLD,0.1495677038
2023-05-01,GLD,0.1468981241
2023-05-02,GLD,0.1489796328
2023-05-03,GLD,0.1437808444
2023-05-04,GLD,0.1432392859
2023-05-05,GLD,0.143274613
2023-05-08,GLD,0.1390146105
2023-05-09,GLD,0.1370510993
2023-05-10,GLD,0.1341670296
2023-05-11,GLD,0.128868333
2023-05-12,GLD,0.1169535174
2023-05-15,GLD,0.1140887468
2023-05-16,GLD,0.1096852486
2023-05-17,GLD,0.1092710359
2023-05-18,GLD,0.1077117571
2023-05-19,GLD,0.1099586946
2023-05-22,GLD,0.1041496769
2023-05-23,GLD,0.0954314006
2023-05-24,GLD,0.0985232784
2023-05-25,GLD,0.099270875
2023-05-26,GLD,0.0898130909
2023-05-29,GLD,0.0924835272
2023-05-30,GLD,0.0954210982
2023-05-31,GLD,0.0908456955
2023-06-01,GLD,0.0893080193
2023-06-02,GLD,0.089399032
2023-06-05,GLD,0.0900885854
2023-06-06,GLD,0.1051532768
2023-06-07,GLD,0.1080838191
2023-06-08,GLD,0.1107515926
2023-06-09,GLD,0.1099622234
2023-06-12,GLD,0.1097351643
2023-06-13,GLD,0.1095924604
2023-06-14,GLD,0.1080637635
2023-06-15,GLD,0.1098023515
2023-06-16,GLD,0.1200626035
2023-06-19,GLD,0.1139397013
2023-06-20,GLD,0.1108200603
2023-06-21,GLD,0.121207798
2023-06-22,GLD,0.1213947035
2023-06-23,GLD,0.1224712353
2023-06-26,GLD,0.1229244965
2023-06-27,GLD,0.1311718995
2023-06-28,GLD,0.1398529462
2023-06-29,GLD,0.1398557841
2023-06-30,GLD,0.1421312553
2023-07-03,GLD,0.1421262685
2023-07-04,GLD,0.1429703092
2023-07-05,GLD,0.1298847713
2023-07-06,GLD,0.1378180601
2023-07-07,GLD,0.1378630734
2023-07-10,GLD,0.143941428
2023-07-11,GLD,0.1459510203
2023-07-12,GLD,0.1456827499
2023-07-13,GLD,0.1488563828
2023-07-14,GLD,0.1474123022
2023-07-17,GLD,0.1404526322
2023-07-18,GLD,0.1455637222
2023-07-19,GLD,0.1442664047
2023-07-20,GLD,0.1360921252
2023-07-21,GLD,0.1405540547
2023-07-24,GLD,0.1401383705
2023-07-25,GLD,0.1472479118
2023-07-26,GLD,0.1591782824
2023-07-27,GLD,0.1526298902
2023-07-28,GLD,0.1542675882
2023-07-31,GLD,0.1530951436
2023-08-01,GLD,0.1620143634
2023-08-02,GLD,0.161573197
2023-08-03,GLD,0.1689090051
2023-08-04,GLD,0.1624793102
2023-08-07,GLD,0.1607302765
2023-08-08,GLD,0.154034606
2023-08-09,GLD,0.1531025604
2023-08-10,GLD,0.1525644086
2023-08-11,GLD,0.1466709178
2023-08-14,GLD,0.1467707784
2023-08-15,GLD,0.1561180187
2023-08-16,GLD,0.1491045183
2023-08-17,GLD,0.1486384087
2023-08-18,GLD,0.1464870833
2023-08-21,GLD,0.1489612413
2023-08-22,GLD,0.1501975498
2023-08-23,GLD,0.1446642377
2023-08-24,GLD,0.1216951543
2023-08-25,GLD,0.1231191992
2023-08-28,GLD,0.1264492235
2023-08-29,GLD,0.1286941791
2023-08-30,GLD,0.1196802223
2023-08-31,GLD,0.1195379159
2023-09-01,GLD,0.1109137295
2023-09-04,GLD,0.1081476187
2023-09-05,GLD,0.1079370802
2023-09-06,GLD,0.1131155359
2023-09-07,GLD,0.1113543764
2023-09-08,GLD,0.127042446
2023-09-11,GLD,0.1276358219
2023-09-12,GLD,0.1264839908
2023-09-13,GLD,0.1186810345
2023-09-14,GLD,0.1185872782
2023-09-15,GLD,0.1212626433
2023-09-18,GLD,0.1339982405
2023-09-19,GLD,0.1347472913
2023-09-20,GLD,0.1502738963
2023-09-21,GLD,0.1552664557
2023-09-22,GLD,0.1602653477
2023-09-25,GLD,0.1588731423
2023-09-26,GLD,0.1532959308
2023-09-27,GLD,0.1511449675
2023-09-28,GLD,0.1502805678
2023-09-29,GLD,0.1537332412
2023-10-02,GLD,0.156754127
2023-10-03,GLD,0.1554199378
2023-10-04,GLD,0.1555955479
2023-10-05,GLD,0.1470018763
2023-10-06,GLD,0.1471095892
2023-10-09,GLD,0.1410381275
2023-10-10,GLD,0.1409146266
2023-10-11,GLD,0.1420509834
2023-10-12,GLD,0.1388507186
2023-10-13,GLD,0.1367301537
2023-10-16,GLD,0.129887077
2023-10-17,GLD,0.1304335746
2023-10-18,GLD,0.1303657838
2023-10-19,GLD,0.1243448913
2023-10-20,GLD,0.123218761
2023-10-23,GLD,0.1128661453
2023-10-24,GLD,0.1127664856
2023-10-25,GLD,0.1137506307
2023-10-26,GLD,0.1157550076
2023-10-27,GLD,0.1346082388
2023-10-30,GLD,0.1378320951
2023-10-31,GLD,0.13732976
2023-11-01,GLD,0.1449560018
2023-11-02,GLD,0.1434638492
2023-11-03,GLD,0.1476910512
2023-11-06,GLD,0.1528755991
2023-11-07,GLD,0.1457623792
2023-11-08,GLD,0.1478310174
2023-11-09,GLD,0.1469626849
2023-11-10,GLD,0.15051145
2023-11-13,GLD,0.1598635858
2023-11-14,GLD,0.1687799098
2023-11-15,GLD,0.1671838625
2023-11-16,GLD,0.1675236797
2023-11-17,GLD,0.1690854166
2023-11-20,GLD,0.1634535616
2023-11-21,GLD,0.1635483285
2023-11-22,GLD,0.1715341685
2023-11-23,GLD,0.1716130298
2023-11-24,GLD,0.18430195
2023-11-27,GLD,0.1747695293
2023-11-28,GLD,0.1647272876
2023-11-29,GLD,0.1632738824
2023-11-30,GLD,0.1575265528
2023-12-01,GLD,0.1574150459
2023-12-04,GLD,0.158044784
2023-12-05,GLD,0.1512345477
2023-12-06,GLD,0.1501336836
2023-12-07,GLD,0.1464531881
2023-12-08,GLD,0.1478472277
2023-12-11,GLD,0.1438493835
2023-12-12,GLD,0.1317890989
2023-12-13,GLD,0.1140533856
2023-12-14,GLD,0.1187492176
2023-12-15,GLD,0.1264110854
2023-12-18,GLD,0.1314450909
2023-12-19,GLD,0.1250291483
2023-12-20,GLD,0.1252709705
2023-12-21,GLD,0.121817727
2023-12-22,GLD,0.1211454321
2023-12-25,GLD,0.1261026365
2023-12-26,GLD,0.1264872076
2023-12-27,GLD,0.1289463264
2023-12-28,GLD,0.1288688664
2023-12-29,GLD,0.1336773872
2024-01-01,GLD,0.1340333636
2024-01-02,GLD,0.1318810166
2024-01-03,GLD,0.1326151368
2024-01-04,GLD,0.1367607054
2024-01-05,GLD,0.1446756138
2024-01-08,GLD,0.1476658594
2024-01-09,GLD,0.1516883809
2024-01-10,GLD,0.1513608647
2024-01-11,GLD,0.1515526685
2024-01-12,GLD,0.1498729564
2024-01-15,GLD,0.1425632141
2024-01-16,GLD,0.1317211006
2024-01-17,GLD,0.1361837257
2024-01-18,GLD,0.1360495101
2024-01-19,GLD,0.1428785559
2024-01-22,GLD,0.1425933788
2024-01-23,GLD,0.1185738713
2024-01-24,GLD,0.1177676941
2024-01-25,GLD,0.1323832414
2024-01-26,GLD,0.1385772258
2024-01-29,GLD,0.1441017871
2024-01-30,GLD,0.1428613587
2024-01-31,GLD,0.1537889018
2024-02-01,GLD,0.1534469432
2024-02-02,GLD,0.1509444758
2024-02-05,GLD,0.14432913
2024-02-06,GLD,0.1397817838
2024-02-07,GLD,0.1362293775
2024-02-08,GLD,0.136463308
2024-02-09,GLD,0.1393723801
2024-02-12,GLD,0.1401272882
2024-02-13,GLD,0.1383780593
2024-02-14,GLD,0.1384590724
2024-02-15,GLD,0.1330636296
2024-02-16,GLD,0.1426459214
2024-02-19,GLD,0.1440331404
2024-02-20,GLD,0.1435096005
2024-02-21,GLD,0.1435767938
2024-02-22,GLD,0.1653605603
2024-02-23,GLD,0.1559355825
2024-02-26,GLD,0.1596470486
2024-02-27,GLD,0.1498043767
2024-02-28,GLD,0.1492457081
2024-02-29,GLD,0.1446213951
2024-03-01,GLD,0.15921699
2024-03-04,GLD,0.1613776846
2024-03-05,GLD,0.1644352445
2024-03-06,GLD,0.1669122648
2024-03-07,GLD,0.1778675891
2024-03-08,GLD,0.1806320544
2024-03-11,GLD,0.1790182544
2024-03-12,GLD,0.189231441
2024-03-13,GLD,0.1895503639
2024-03-14,GLD,0.187087341
2024-03-15,GLD,0.1899574806
2024-03-18,GLD,0.19257579
2024-03-19,GLD,0.1889934566
2024-03-20,GLD,0.1890664455
2024-03-21,GLD,0.197423771
2024-03-22,GLD,0.179598009
2024-03-25,GLD,0.1872107393
2024-03-26,GLD,0.1729524451
2024-03-27,GLD,0.1707410171
2024-03-28,GLD,0.1685356196
2024-03-29,GLD,0.1720916435
2024-04-01,GLD,0.1652366835
2024-04-02,GLD,0.1609694308
2024-04-03,GLD,0.1647912263
2024-04-04,GLD,0.1638690299
2024-04-05,GLD,0.1572812182
2024-04-08,GLD,0.155421691
2024-04-09,GLD,0.1730804853
2024-04-10,GLD,0.1606570011
2024-04-11,GLD,0.1611629071
2024-04-12,GLD,0.1628203895
2024-04-15,GLD,0.1629390741
2024-04-16,GLD,0.1566587723
2024-04-17,GLD,0.157872556
2024-04-18,GLD,0.1582857559
2024-04-19,GLD,0.1466991555
2024-04-22,GLD,0.1474441228
2024-04-23,GLD,0.1394399847
2024-04-24,GLD,0.1520625048
2024-04-25,GLD,0.1513954494
2024-04-26,GLD,0.1571964273
2024-04-29,GLD,0.1556751705
2024-04-30,GLD,0.153098926
2024-05-01,GLD,0.153211325
2024-05-02,GLD,0.1484323985
2024-05-03,GLD,0.1450731075
2024-05-06,GLD,0.1614358052
2024-05-07,GLD,0.16151253
2024-05-08,GLD,0.144392375
2024-05-09,GLD,0.1451131325
2024-05-10,GLD,0.1474883513
2024-05-13,GLD,0.1448937125
2024-05-14,GLD,0.143575177
2024-05-15,GLD,0.1416150281
2024-05-16,GLD,0.139335579
2024-05-17,GLD,0.1403278672
2024-05-20,GLD,0.1397431387
2024-05-21,GLD,0.1358626336
2024-05-22,GLD,0.1331249248
2024-05-23,GLD,0.112001851
2024-05-24,GLD,0.1125136163
2024-05-27,GLD,0.1135428688
2024-05-28,GLD,0.1073402436
2024-05-29,GLD,0.1046587273
2024-05-30,GLD,0.1047323801
2024-05-31,GLD,0.1145292456
2024-06-03,GLD,0.1103675717
2024-06-04,GLD,0.0953864735
2024-06-05,GLD,0.095303322
2024-06-06,GLD,0.1030087147
2024-06-07,GLD,0.1058126861
2024-06-10,GLD,0.1287619505
2024-06-11,GLD,0.131991544
2024-06-12,GLD,0.1319450124
2024-06-13,GLD,0.1282675083
2024-06-14,GLD,0.1276618216
2024-06-17,GLD,0.1291366322
2024-06-18,GLD,0.1282340541
2024-06-19,GLD,0.1311605342
2024-06-20,GLD,0.138123499
2024-06-21,GLD,0.1443208861
2024-06-24,GLD,0.1598290339
2024-06-25,GLD,0.1519351831
2024-06-26,GLD,0.1523723843
2024-06-27,GLD,0.1529145992
2024-06-28,GLD,0.1541584452
2024-07-01,GLD,0.1556962731
2024-07-02,GLD,0.1483916462
2024-07-03,GLD,0.1510951763
2024-07-04,GLD,0.1498261169
2024-07-05,GLD,0.1469980001
2024-07-08,GLD,0.1347395272
2024-07-09,GLD,0.1276676902
2024-07-10,GLD,0.127219441
2024-07-11,GLD,0.126415378
2024-07-12,GLD,0.1273460984
2024-07-15,GLD,0.1287876965
2024-07-16,GLD,0.1317444055
2024-07-17,GLD,0.1422389973
2024-07-18,GLD,0.1473403672
2024-07-19,GLD,0.1499572632
2024-07-22,GLD,0.147453792
2024-07-23,GLD,0.1361328948
2024-07-24,GLD,0.1357209032
2024-07-25,GLD,0.1385332985
2024-07-26,GLD,0.1413528641
2024-07-29,GLD,0.1394279254
2024-07-30,GLD,0.1408659062
2024-07-31,GLD,0.1430401076
2024-08-01,GLD,0.1495146104
2024-08-02,GLD,0.1506457479
2024-08-05,GLD,0.1322587969
2024-08-06,GLD,0.1326474956
2024-08-07,GLD,0.1421959692
2024-08-08,GLD,0.1416914828
2024-08-09,GLD,0.1443521219
2024-08-12,GLD,0.1424093085
2024-08-13,GLD,0.1344930215
2024-08-14,GLD,0.1295245874
2024-08-15,GLD,0.1239783323
2024-08-16,GLD,0.1232912858
2024-08-19,GLD,0.1144810468
2024-08-20,GLD,0.1203909101
2024-08-21,GLD,0.1253024933
2024-08-22,GLD,0.1279989607
2024-08-23,GLD,0.1263573948
2024-08-26,GLD,0.1306198909
2024-08-27,GLD,0.138935825
2024-08-28,GLD,0.14090647
2024-08-29,GLD,0.1418095727
2024-08-30,GLD,0.1388671432
2024-09-02,GLD,0.1385264554
2024-09-03,GLD,0.1412015036
2024-09-04,GLD,0.1410836676
2024-09-05,GLD,0.1327043832
2024-09-06,GLD,0.1330370784
2024-09-09,GLD,0.1391761685
2024-09-10,GLD,0.1395174567
2024-09-11,GLD,0.1387225683
2024-09-12,GLD,0.1349354947
2024-09-13,GLD,0.137374141
2024-09-16,GLD,0.133772753
2024-09-17,GLD,0.1334341462
2024-09-18,GLD,0.1313651245
2024-09-19,GLD,0.1301011757
2024-09-20,GLD,0.1287877537
2024-09-23,GLD,0.1288442321
2024-09-24,GLD,0.1257585587
2024-09-25,GLD,0.115846054
2024-09-26,GLD,0.1125491623
2024-09-27,GLD,0.1112124387
2024-09-30,GLD,0.1295056847
2024-10-01,GLD,0.128221123
2024-10-02,GLD,0.1237282287
2024-10-03,GLD,0.1264035087
2024-10-04,GLD,0.1272563944
2024-10-07,GLD,0.1285137183
2024-10-08,GLD,0.11715325
2024-10-09,GLD,0.1196841472
2024-10-10,GLD,0.1221614886
2024-10-11,GLD,0.1392662992
2024-10-14,GLD,0.136678792
2024-10-15,GLD,0.1357378436
2024-10-16,GLD,0.1376265265
2024-10-17,GLD,0.1339223612
2024-10-18,GLD,0.1362683036
2024-10-21,GLD,0.1428941751
2024-10-22,GLD,0.1421253104
2024-10-23,GLD,0.1607855513
2024-10-24,GLD,0.1617795029
2024-10-25,GLD,0.1637168443
2024-10-28,GLD,0.1640799275
2024-10-29,GLD,0.1590567896
2024-10-30,GLD,0.1625548468
2024-10-31,GLD,0.1648543336
2024-11-01,GLD,0.1644635321
2024-11-04,GLD,0.1656156905
2024-11-05,GLD,0.1752258565
2024-11-06,GLD,0.1751921748
2024-11-07,GLD,0.1735171271
2024-11-08,GLD,0.1721566142
2024-11-11,GLD,0.1605756912
2024-11-12,GLD,0.1635338215
2024-11-13,GLD,0.1628851161
2024-11-14,GLD,0.1716247611
2024-11-15,GLD,0.1702785041
2024-11-18,GLD,0.1654605134
2024-11-19,GLD,0.1538973062
2024-11-20,GLD,0.1584096311
2024-11-21,GLD,0.1448088932
2024-11-22,GLD,0.1455494287
2024-11-25,GLD,0.1445280936
2024-11-26,GLD,0.14237423
2024-11-27,GLD,0.1262592327
2024-11-28,GLD,0.1476289019
2024-11-29,GLD,0.1473938163
2024-12-02,GLD,0.1460614743
2024-12-03,GLD,0.142891589
2024-12-04,GLD,0.13417201
2024-12-05,GLD,0.1378163891
2024-12-06,GLD,0.1500843703
2024-12-09,GLD,0.1432891622
2024-12-10,GLD,0.1645829143
2024-12-11,GLD,0.1563689214
2024-12-12,GLD,0.1573486399
2024-12-13,GLD,0.1434630759
2024-12-16,GLD,0.1434635836
2024-12-17,GLD,0.1435189192
2024-12-18,GLD,0.1416029119
2024-12-19,GLD,0.1264101961
2024-12-20,GLD,0.1269638699
2024-12-23,GLD,0.1358000905
2024-12-24,GLD,0.1347512917
2024-12-25,GLD,0.1352383231
2024-12-26,GLD,0.1506301728
2024-12-27,GLD,0.1421151417
2024-12-30,GLD,0.1424964161
2024-12-31,GLD,0.1408464668
2025-01-01,GLD,0.1414070694
2025-01-02,GLD,0.1346430145
2025-01-03,GLD,0.1358888092
2025-01-06,GLD,0.1320497905
2025-01-07,GLD,0.1421044582
2025-01-08,GLD,0.1280874643
2025-01-09,GLD,0.1391068877
2025-01-10,GLD,0.1383774786
2025-01-13,GLD,0.138753825
2025-01-14,GLD,0.1399712342
2025-01-15,GLD,0.1442692317
2025-01-16,GLD,0.1441081172
2025-01-17,GLD,0.1450607743
2025-01-20,GLD,0.1437763953
2025-01-21,GLD,0.1151174774
2025-01-22,GLD,0.1098164563
2025-01-23,GLD,0.125494879
2025-01-24,GLD,0.114500122
2025-01-27,GLD,0.1182545375
2025-01-28,GLD,0.1209207226
2025-01-29,GLD,0.1222995934
2025-01-30,GLD,0.1136537905
2025-01-31,GLD,0.1140584809
2025-02-03,GLD,0.1212235244
2025-02-04,GLD,0.1236622313
2025-02-05,GLD,0.1222425252
2025-02-06,GLD,0.121963385
2025-02-07,GLD,0.117340806
2025-02-10,GLD,0.1197231209
2025-02-11,GLD,0.1152906526
2025-02-12,GLD,0.1174970734
2025-02-13,GLD,0.1154920783
2025-02-14,GLD,0.1250582922
2025-02-17,GLD,0.1352686575
2025-02-18,GLD,0.1356152922
2025-02-19,GLD,0.1405090899
2025-02-20,GLD,0.141053427
2025-02-21,GLD,0.1245703491
2025-02-24,GLD,0.1202950672
2025-02-25,GLD,0.111292157
2025-02-26,GLD,0.1108218107
2025-02-27,GLD,0.1327643603
2025-02-28,GLD,0.1326236471
2025-03-03,GLD,0.1316735118
2025-03-04,GLD,0.1333427594
2025-03-05,GLD,0.1452970189
2025-03-06,GLD,0.1447907716
2025-03-07,GLD,0.158180084
2025-03-10,GLD,0.1594904201
2025-03-11,GLD,0.1571285613
2025-03-12,GLD,0.1564912022
2025-03-13,GLD,0.1530287208
2025-03-14,GLD,0.154270564
2025-03-17,GLD,0.1515477825
2025-03-18,GLD,0.1611489859
2025-03-19,GLD,0.162174077
2025-03-20,GLD,0.1585805204
2025-03-21,GLD,0.1605553127
2025-03-24,GLD,0.1602850621
2025-03-25,GLD,0.1606878513
2025-03-26,GLD,0.1629995441
2025-03-27,GLD,0.1632162936
2025-03-28,GLD,0.1484285625
2025-03-31,GLD,0.1483971414
2025-04-01,GLD,0.1488479589
2025-04-02,GLD,0.1458640996
2025-04-03,GLD,0.130092236
2025-04-04,GLD,0.1321336429
2025-04-07,GLD,0.1139216235
2025-04-08,GLD,0.1141875226
2025-04-09,GLD,0.1153213252
2025-04-10,GLD,0.1180141663
2025-04-11,GLD,0.1287927385
2025-04-14,GLD,0.1314581047
2025-04-15,GLD,0.1324090556
2025-04-16,GLD,0.1182043951
2025-04-17,GLD,0.1171205784
2025-04-18,GLD,0.1171035758
2025-04-21,GLD,0.1164231879
2025-04-22,GLD,0.1163957124
2025-04-23,GLD,0.1185962054
2025-04-24,GLD,0.1197737896
2025-04-25,GLD,0.1492178176
2025-04-28,GLD,0.1494476748
2025-04-29,GLD,0.1489910397
2025-04-30,GLD,0.1569469379
2025-05-01,GLD,0.1628627276
2025-05-02,GLD,0.1669337833
2025-05-05,GLD,0.1666869134
2025-05-06,GLD,0.1640976649
2025-05-07,GLD,0.1688529904
2025-05-08,GLD,0.1706312948
2025-05-09,GLD,0.1599692941
2025-05-12,GLD,0.157087516
2025-05-13,GLD,0.151113582
2025-05-14,GLD,0.1505057407
2025-05-15,GLD,0.152268323
2025-05-16,GLD,0.1551075435
2025-05-19,GLD,0.1549258599
2025-05-20,GLD,0.1457474472
2025-05-21,GLD,0.1459983041
2025-05-22,GLD,0.1469681813
2025-05-23,GLD,0.1627360054
2025-05-26,GLD,0.1414953842
2025-05-27,GLD,0.1460499736
2025-05-28,GLD,0.147386186
2025-05-29,GLD,0.1398959904
2025-05-30,GLD,0.1332541791
2025-06-02,GLD,0.1273970516
2025-06-03,GLD,0.1292464971
2025-06-04,GLD,0.1244750287
2025-06-05,GLD,0.1180716095
2025-06-06,GLD,0.1041449381
2025-06-09,GLD,0.1123898557
2025-06-10,GLD,0.1126093341
2025-06-11,GLD,0.1132172417
2025-06-12,GLD,0.1194381571
2025-06-13,GLD,0.1175663843
2025-06-16,GLD,0.1157663439
2025-06-17,GLD,0.1152833105
2025-06-18,GLD,0.1190206938
2025-06-19,GLD,0.1198585042
2025-06-20,GLD,0.12562358
2025-06-23,GLD,0.1072820345
2025-06-24,GLD,0.1098801608
2025-06-25,GLD,0.1030255534
2025-06-26,GLD,0.1037439821
2025-06-27,GLD,0.0955601543
2025-06-30,GLD,0.09597293
2025-07-01,GLD,0.0964118647
2025-07-02,GLD,0.0947565684
2025-07-03,GLD,0.1043047872
2025-07-04,GLD,0.1305068701
2025-07-07,GLD,0.1317381561
2025-07-08,GLD,0.1269352894
2025-07-09,GLD,0.1268814175
2025-07-10,GLD,0.1257508401
2025-07-11,GLD,0.1166184992
2025-07-14,GLD,0.1168719161
2025-07-15,GLD,0.13628299
2025-07-16,GLD,0.1363287147
2025-07-17,GLD,0.1353502495
2025-07-18,GLD,0.1358772761
2025-07-21,GLD,0.1313360248
2025-07-22,GLD,0.1341442524
2025-07-23,GLD,0.1330072719
2025-07-24,GLD,0.1339037082
2025-07-25,GLD,0.1324278444
2025-07-28,GLD,0.132434009
2025-07-29,GLD,0.1412953358
2025-07-30,GLD,0.1412856631
2025-07-31,GLD,0.1418518337
2025-08-01,GLD,0.1363915786
2025-08-04,GLD,0.1080379763
2025-08-05,GLD,0.1133551136
2025-08-06,GLD,0.1132373601
2025-08-07,GLD,0.1329188453
2025-08-08,GLD,0.1408355279
2025-08-11,GLD,0.1523182993
2025-08-12,GLD,0.154236934
2025-08-13,GLD,0.1369605005
2025-08-14,GLD,0.1364974366
2025-08-15,GLD,0.1594565213
2025-08-18,GLD,0.1590635239
2025-08-19,GLD,0.1583381081
2025-08-20,GLD,0.1655416409
2025-08-21,GLD,0.1754868008
2025-08-22,GLD,0.1804329894
2025-08-25,GLD,0.1811426618
2025-08-26,GLD,0.1809785817
2025-08-27,GLD,0.1759232592
2025-08-28,GLD,0.1758827595
2025-08-29,GLD,0.1760313236
2025-09-01,GLD,0.1808367682
2025-09-02,GLD,0.1798291818
2025-09-03,GLD,0.1764289202
2025-09-04,GLD,0.1799076784
2025-09-05,GLD,0.1723400342
2025-09-08,GLD,0.17274573
2025-09-09,GLD,0.1637851317
2025-09-10,GLD,0.168767976
2025-09-11,GLD,0.1656511174
2025-09-12,GLD,0.165040282
2025-09-15,GLD,0.1433616292
2025-09-16,GLD,0.1433708728
2025-09-17,GLD,0.1537612554
2025-09-18,GLD,0.1457037835
2025-09-19,GLD,0.1372922024
2025-09-22,GLD,0.1300829474
2025-09-23,GLD,0.1311500675
2025-09-24,GLD,0.1317348761
2025-09-25,GLD,0.1356636608
2025-09-26,GLD,0.1383248828
2025-09-29,GLD,0.1384384612
2025-09-30,GLD,0.1309560316
2025-10-01,GLD,0.1291114745
2025-10-02,GLD,0.1297087188
2025-10-03,GLD,0.1233409166
2025-10-06,GLD,0.1189559441
2025-10-07,GLD,0.1172541425
2025-10-08,GLD,0.1154758511
2025-10-09,GLD,0.1177234345
2025-10-10,GLD,0.1459370851
2025-10-13,GLD,0.1454163743
2025-10-14,GLD,0.149020975
2025-10-15,GLD,0.1510542428
2025-10-16,GLD,0.1434687926
2025-10-17,GLD,0.1405963453
2025-10-20,GLD,0.1537832071
2025-10-21,GLD,0.1642720197
2025-10-22,GLD,0.1675941705
2025-10-23,GLD,0.1699318681
2025-10-24,GLD,0.1662035889
2025-10-27,GLD,0.2048657034
2025-10-28,GLD,0.2052318715
2025-10-29,GLD,0.2045703735
2025-10-30,GLD,0.2055408816
2025-10-31,GLD,0.2096953648
2025-11-03,GLD,0.2090965494
2025-11-04,GLD,0.211162195
2025-11-05,GLD,0.20761235
2025-11-06,GLD,0.2076220344
2025-11-07,GLD,0.2026972223
2025-11-10,GLD,0.1906193517
2025-11-11,GLD,0.1921908576
2025-11-12,GLD,0.1872039567
2025-11-13,GLD,0.1872440922
2025-11-14,GLD,0.1849918814
2025-11-17,GLD,0.1871358275
2025-11-18,GLD,0.1781151254
2025-11-19,GLD,0.1695417788
2025-11-20,GLD,0.1662531741
2025-11-21,GLD,0.1626090201
2025-11-24,GLD,0.1631604302
2025-11-25,GLD,0.1125826659
2025-11-26,GLD,0.1112655851
2025-11-27,GLD,0.1231418258
2025-11-28,GLD,0.1218073262
2025-12-01,GLD,0.1186451757
2025-12-02,GLD,0.1335645909
2025-12-03,GLD,0.1208017211
2025-12-04,GLD,0.1213769749
2025-12-05,GLD,0.1235142573
2025-12-08,GLD,0.1241797594
2025-12-09,GLD,0.1281552197
2025-12-10,GLD,0.1247192021
2025-12-11,GLD,0.1307847687
2025-12-12,GLD,0.15312679
2025-12-15,GLD,0.1548902904
2025-12-16,GLD,0.158354562
2025-12-17,GLD,0.1559125647
2025-12-18,GLD,0.1559147688
2025-12-19,GLD,0.1534121679
2025-12-22,GLD,0.1528357229
2025-12-23,GLD,0.1517269109
2025-12-24,GLD,0.1496090921
2025-12-25,GLD,0.1499519096
2025-12-26,GLD,0.1476232478
2025-12-29,GLD,0.1477537013
2025-12-30,GLD,0.1491672793
2025-12-31,GLD,0.1392931516
2026-01-01,GLD,0.137388755
2026-01-02,GLD,0.1354566305
2026-01-05,GLD,0.167247744
2026-01-06,GLD,0.1641963161
2026-01-07,GLD,0.1481793592
2026-01-08,GLD,0.1493936455
2026-01-09,GLD,0.1505981787
2026-01-12,GLD,0.1499844868
2026-01-13,GLD,0.1540017517
2026-01-14,GLD,0.1519079011
2026-01-15,GLD,0.1531668834
2026-01-16,GLD,0.1534472351
2026-01-19,GLD,0.1532865811
2026-01-20,GLD,0.160181755
2026-01-21,GLD,0.1612444611
2026-01-22,GLD,0.1681801514
2026-01-23,GLD,0.1689149147
2026-01-26,GLD,0.1662279573
2026-01-27,GLD,0.1659238692
2026-01-28,GLD,0.1621052441
2026-01-29,GLD,0.1581082488
2026-01-30,GLD,0.1604367283
2026-02-02,GLD,0.1564430858
2026-02-03,GLD,0.1092656685
2026-02-04,GLD,0.1037408025
2026-02-05,GLD,0.102270442
2026-02-06,GLD,0.1155854582
2026-02-09,GLD,0.1168869097
2026-02-10,GLD,0.1116422166
2026-02-11,GLD,0.1169036396
2026-02-12,GLD,0.1144479917
2026-02-13,GLD,0.1168385086
2026-02-16,GLD,0.1154214825
2026-02-17,GLD,0.1215025834
2026-02-18,GLD,0.1185627887
2026-02-19,GLD,0.122104674
2026-02-20,GLD,0.1193213678
2026-02-23,GLD,0.119320783
2026-02-24,GLD,0.1219956137
2026-02-25,GLD,0.1365171068
2026-02-26,GLD,0.1406396566
2026-02-27,GLD,0.1455055887
2026-03-02,GLD,0.143391027
2026-03-03,GLD,0.1439578457
2026-03-04,GLD,0.1429703546
2026-03-05,GLD,0.1429471973
2026-03-06,GLD,0.1439866265
2026-03-09,GLD,0.1431144196
2026-03-10,GLD,0.1423798923
2026-03-11,GLD,0.1463491695
2026-03-12,GLD,0.144318756
2026-03-13,GLD,0.143218474
2026-03-16,GLD,0.1412023304
2026-03-17,GLD,0.1386070839
2026-03-18,GLD,0.1316026596
2026-03-19,GLD,0.1419224623
2026-03-20,GLD,0.1355302255
2026-03-23,GLD,0.147443426
2026-03-24,GLD,0.146240353
2026-03-25,GLD,0.1537307675
2026-03-26,GLD,0.1475745076
2026-03-27,GLD,0.1449344648
2026-03-30,GLD,0.1418416866
2026-03-31,GLD,0.1427541822
2026-04-01,GLD,0.1440052443
2026-04-02,GLD,0.1467453972
2026-04-03,GLD,0.1443315945
2026-04-06,GLD,0.1418733296
2026-04-07,GLD,0.1353103543
2026-04-08,GLD,0.1357745677
2026-04-09,GLD,0.1313660767
2026-04-10,GLD,0.1273954346
2026-04-13,GLD,0.1333287781
2026-04-14,GLD,0.13924922
2026-04-15,GLD,0.1389599047
2026-04-16,GLD,0.1415089649
2026-04-17,GLD,0.1295219524
2026-04-20,GLD,0.1303777253
2026-04-21,GLD,0.1047083829
2026-04-22,GLD,0.1050970831
2026-04-23,GLD,0.0925411339
2026-04-24,GLD,0.0938219844
2026-04-27,GLD,0.0942535728
2026-04-28,GLD,0.0937454914
2026-04-29,GLD,0.0933566519
2026-04-30,GLD,0.0990095324
2026-05-01,GLD,0.0949997743
2026-05-04,GLD,0.094910406
2026-05-05,GLD,0.0939175727
2026-05-06,GLD,0.0952481344
2026-05-07,GLD,0.0961483094
2026-05-08,GLD,0.0941965558
2026-05-11,GLD,0.1013911005
2026-05-12,GLD,0.1007710604
2026-05-13,GLD,0.1017042442
2026-05-14,GLD,0.110735028
2026-05-15,GLD,0.109086096
2026-05-18,GLD,0.1123534304
2026-05-19,GLD,0.1134770766
2026-05-20,GLD,0.1145328689
2026-05-21,GLD,0.1137092297
2026-05-22,GLD,0.11461843
2026-05-25,GLD,0.1131918586
2026-05-26,GLD,0.1138108887
2026-05-27,GLD,0.1125580635
2026-05-28,GLD,0.1141639359
2026-05-29,GLD,0.11388006
2026-06-01,GLD,0.125505625
2026-06-02,GLD,0.1256109695
2026-06-03,GLD,0.1242592714
2026-06-04,GLD,0.1236228263
2026-06-05,GLD,0.1221237825
2026-06-08,GLD,0.1316658773
2026-06-09,GLD,0.1264875747
2026-06-10,GLD,0.1200302055
2026-06-11,GLD,0.1137554354
2026-06-12,GLD,0.106386247
2026-06-15,GLD,0.1045123149
2026-06-16,GLD,0.1084962281
2026-06-17,GLD,0.1079375273
2026-06-18,GLD,0.1182416117
2026-06-19,GLD,0.1184044632
2026-06-22,GLD,0.1165830775
2026-06-23,GLD,0.1190487401
2026-06-24,GLD,0.117924274
2026-06-25,GLD,0.1177582981
2026-06-26,GLD,0.1231923122
2026-06-29,GLD,0.1565066286
2026-06-30,GLD,0.1438686511
2026-07-01,GLD,0.1450608438
2026-07-02,GLD,0.1449691913
2026-07-03,GLD,0.1456614138
2021-10-05,IWM,0.1866596028
2021-10-06,IWM,0.1810561003
2021-10-07,IWM,0.1784284671
2021-10-08,IWM,0.1934641128
2021-10-11,IWM,0.1863197799
2021-10-12,IWM,0.1948508558
2021-10-13,IWM,0.194695931
2021-10-14,IWM,0.1951580542
2021-10-15,IWM,0.1840165137
2021-10-18,IWM,0.1810549115
2021-10-19,IWM,0.1734614593
2021-10-20,IWM,0.1940596295
2021-10-21,IWM,0.1903589486
2021-10-22,IWM,0.1903302108
2021-10-25,IWM,0.1913151952
2021-10-26,IWM,0.1916465712
2021-10-27,IWM,0.1847268689
2021-10-28,IWM,0.1855889662
2021-10-29,IWM,0.2050516299
2021-11-01,IWM,0.2229223037
2021-11-02,IWM,0.2213405367
2021-11-03,IWM,0.2210506441
2021-11-04,IWM,0.2332384062
2021-11-05,IWM,0.2349841855
2021-11-08,IWM,0.229723281
2021-11-09,IWM,0.2524184241
2021-11-10,IWM,0.247687227
2021-11-11,IWM,0.2631657343
2021-11-12,IWM,0.2659836039
2021-11-15,IWM,0.2651442214
2021-11-16,IWM,0.2637769904
2021-11-17,IWM,0.2638036481
2021-11-18,IWM,0.2534442627
2021-11-19,IWM,0.2533936788
2021-11-22,IWM,0.2542057424
2021-11-23,IWM,0.2545595363
2021-11-24,IWM,0.2523774393
2021-11-25,IWM,0.2625272006
2021-11-26,IWM,0.2691410233
2021-11-29,IWM,0.2493031164
2021-11-30,IWM,0.2380523008
2021-12-01,IWM,0.2359659767
2021-12-02,IWM,0.2350974908
2021-12-03,IWM,0.218478106
2021-12-06,IWM,0.2249913793
2021-12-07,IWM,0.2098103348
2021-12-08,IWM,0.187342086
2021-12-09,IWM,0.1851633762
2021-12-10,IWM,0.1702418832
2021-12-13,IWM,0.163284897
2021-12-14,IWM,0.1967247711
2021-12-15,IWM,0.1913634848
2021-12-16,IWM,0.1895047921
2021-12-17,IWM,0.1929095378
2021-12-20,IWM,0.193818453
2021-12-21,IWM,0.1947280204
2021-12-22,IWM,0.1978047119
2021-12-23,IWM,0.1967766878
2021-12-24,IWM,0.1859519055
2021-12-27,IWM,0.1887406974
2021-12-28,IWM,0.1898047649
2021-12-29,IWM,0.1852821788
2021-12-30,IWM,0.1845186337
2021-12-31,IWM,0.1874264184
2022-01-03,IWM,0.1860778701
2022-01-04,IWM,0.1807119229
2022-01-05,IWM,0.1796271786
2022-01-06,IWM,0.1810075197
2022-01-07,IWM,0.1808589063
2022-01-10,IWM,0.1911072807
2022-01-11,IWM,0.188344723
2022-01-12,IWM,0.1634250347
2022-01-13,IWM,0.164162745
2022-01-14,IWM,0.1720283699
2022-01-17,IWM,0.1711795073
2022-01-18,IWM,0.1703965209
2022-01-19,IWM,0.1716407823
2022-01-20,IWM,0.1639025383
2022-01-21,IWM,0.1654103853
2022-01-24,IWM,0.1790154087
2022-01-25,IWM,0.1762159653
2022-01-26,IWM,0.1777641915
2022-01-27,IWM,0.1832200434
2022-01-28,IWM,0.1746102698
2022-01-31,IWM,0.1681051499
2022-02-01,IWM,0.1670671549
2022-02-02,IWM,0.1811181409
2022-02-03,IWM,0.1833604067
2022-02-04,IWM,0.1972057603
2022-02-07,IWM,0.2032870857
2022-02-08,IWM,0.1868176181
2022-02-09,IWM,0.1880046965
2022-02-10,IWM,0.1983564981
2022-02-11,IWM,0.1993139924
2022-02-14,IWM,0.1997654337
2022-02-15,IWM,0.2126901035
2022-02-16,IWM,0.2128336738
2022-02-17,IWM,0.2102545149
2022-02-18,IWM,0.2208148663
2022-02-21,IWM,0.220762325
2022-02-22,IWM,0.2057427921
2022-02-23,IWM,0.20468278
2022-02-24,IWM,0.2011474294
2022-02-25,IWM,0.1995788053
2022-02-28,IWM,0.2078176287
2022-03-01,IWM,0.214084835
2022-03-02,IWM,0.2158789528
2022-03-03,IWM,0.1999696376
2022-03-04,IWM,0.2181030242
2022-03-07,IWM,0.2033944077
2022-03-08,IWM,0.1983021161
2022-03-09,IWM,0.1978823081
2022-03-10,IWM,0.1977801934
2022-03-11,IWM,0.1881084025
2022-03-14,IWM,0.1887926657
2022-03-15,IWM,0.1836675869
2022-03-16,IWM,0.1793551196
2022-03-17,IWM,0.1871312987
2022-03-18,IWM,0.2092666935
2022-03-21,IWM,0.2073078013
2022-03-22,IWM,0.210763853
2022-03-23,IWM,0.212805049
2022-03-24,IWM,0.2286490098
2022-03-25,IWM,0.2314749297
2022-03-28,IWM,0.2313913653
2022-03-29,IWM,0.2217890694
2022-03-30,IWM,0.2247031041
2022-03-31,IWM,0.242771927
2022-04-01,IWM,0.2454330249
2022-04-04,IWM,0.2453003603
2022-04-05,IWM,0.2432483643
2022-04-06,IWM,0.2423989104
2022-04-07,IWM,0.2426631059
2022-04-08,IWM,0.2426463251
2022-04-11,IWM,0.2427869562
2022-04-12,IWM,0.2414702781
2022-04-13,IWM,0.2412661204
2022-04-14,IWM,0.2404921112
2022-04-15,IWM,0.2350169425
2022-04-18,IWM,0.2099011854
2022-04-19,IWM,0.203383179
2022-04-20,IWM,0.2244396012
2022-04-21,IWM,0.2213345201
2022-04-22,IWM,0.2008594515
2022-04-25,IWM,0.1917741731
2022-04-26,IWM,0.1854188173
2022-04-27,IWM,0.1852129983
2022-04-28,IWM,0.188024034
2022-04-29,IWM,0.1733506999
2022-05-02,IWM,0.179907318
2022-05-03,IWM,0.1665683962
2022-05-04,IWM,0.1685841334
2022-05-05,IWM,0.1648181125
2022-05-06,IWM,0.1640544643
2022-05-09,IWM,0.1958854618
2022-05-10,IWM,0.1961331966
2022-05-11,IWM,0.1914630922
2022-05-12,IWM,0.2172115355
2022-05-13,IWM,0.2145942747
2022-05-16,IWM,0.2156409278
2022-05-17,IWM,0.2252229672
2022-05-18,IWM,0.2433324345
2022-05-19,IWM,0.2270012235
2022-05-20,IWM,0.2290736676
2022-05-23,IWM,0.232669936
2022-05-24,IWM,0.2322255274
2022-05-25,IWM,0.2358151281
2022-05-26,IWM,0.2339595481
2022-05-27,IWM,0.2319179225
2022-05-30,IWM,0.2389717209
2022-05-31,IWM,0.2324911309
2022-06-01,IWM,0.2325169982
2022-06-02,IWM,0.2442730989
2022-06-03,IWM,0.2520904149
2022-06-06,IWM,0.2487692762
2022-06-07,IWM,0.2150556149
2022-06-08,IWM,0.2115524959
2022-06-09,IWM,0.2181787488
2022-06-10,IWM,0.2073316434
2022-06-13,IWM,0.2101474466
2022-06-14,IWM,0.1951181294
2022-06-15,IWM,0.1937959838
2022-06-16,IWM,0.183894185
2022-06-17,IWM,0.1839342214
2022-06-20,IWM,0.1982451487
2022-06-21,IWM,0.1855913802
2022-06-22,IWM,0.1830649063
2022-06-23,IWM,0.1854225441
2022-06-24,IWM,0.1934180722
2022-06-27,IWM,0.1845587289
2022-06-28,IWM,0.1827280793
2022-06-29,IWM,0.1971581638
2022-06-30,IWM,0.1980905878
2022-07-01,IWM,0.1741569466
2022-07-04,IWM,0.1755097959
2022-07-05,IWM,0.1757635431
2022-07-06,IWM,0.1729982023
2022-07-07,IWM,0.2031478702
2022-07-08,IWM,0.1963276989
2022-07-11,IWM,0.1933891984
2022-07-12,IWM,0.1914068133
2022-07-13,IWM,0.2095329661
2022-07-14,IWM,0.2080941812
2022-07-15,IWM,0.2090168938
2022-07-18,IWM,0.2137478
2022-07-19,IWM,0.198516141
2022-07-20,IWM,0.2094493785
2022-07-21,IWM,0.210123433
2022-07-22,IWM,0.2309792755
2022-07-25,IWM,0.2280045994
2022-07-26,IWM,0.2231269343
2022-07-27,IWM,0.2255026792
2022-07-28,IWM,0.2371923275
2022-07-29,IWM,0.237640279
2022-08-01,IWM,0.2280298672
2022-08-02,IWM,0.2357741955
2022-08-03,IWM,0.2308742107
2022-08-04,IWM,0.2301337351
2022-08-05,IWM,0.2169200259
2022-08-08,IWM,0.2142251707
2022-08-09,IWM,0.213882272
2022-08-10,IWM,0.2280434709
2022-08-11,IWM,0.2133397547
2022-08-12,IWM,0.2371998227
2022-08-15,IWM,0.2410732637
2022-08-16,IWM,0.2535777487
2022-08-17,IWM,0.2584340453
2022-08-18,IWM,0.2639733623
2022-08-19,IWM,0.2630562933
2022-08-22,IWM,0.2327977344
2022-08-23,IWM,0.2096165542
2022-08-24,IWM,0.2194828019
2022-08-25,IWM,0.221782521
2022-08-26,IWM,0.2241054712
2022-08-29,IWM,0.2199986335
2022-08-30,IWM,0.2200891123
2022-08-31,IWM,0.2195615988
2022-09-01,IWM,0.2188693738
2022-09-02,IWM,0.2222324008
2022-09-05,IWM,0.2223277108
2022-09-06,IWM,0.2275627267
2022-09-07,IWM,0.2352628085
2022-09-08,IWM,0.2046811726
2022-09-09,IWM,0.2063427297
2022-09-12,IWM,0.2072894629
2022-09-13,IWM,0.2069988894
2022-09-14,IWM,0.2244167118
2022-09-15,IWM,0.223279387
2022-09-16,IWM,0.217963611
2022-09-19,IWM,0.2157401222
2022-09-20,IWM,0.226403458
2022-09-21,IWM,0.226961569
2022-09-22,IWM,0.2214958453
2022-09-23,IWM,0.2201828029
2022-09-26,IWM,0.2119317262
2022-09-27,IWM,0.2102654784
2022-09-28,IWM,0.2100752578
2022-09-29,IWM,0.2173782253
2022-09-30,IWM,0.2180792487
2022-10-03,IWM,0.226874748
2022-10-04,IWM,0.236259893
2022-10-05,IWM,0.2353279464
2022-10-06,IWM,0.223078937
2022-10-07,IWM,0.2210350999
2022-10-10,IWM,0.220814468
2022-10-11,IWM,0.2166279401
2022-10-12,IWM,0.2147531375
2022-10-13,IWM,0.1947084548
2022-10-14,IWM,0.1918310184
2022-10-17,IWM,0.1856610672
2022-10-18,IWM,0.1858572311
2022-10-19,IWM,0.1779440191
2022-10-20,IWM,0.1881029435
2022-10-21,IWM,0.1931405447
2022-10-24,IWM,0.1932938188
2022-10-25,IWM,0.1885645493
2022-10-26,IWM,0.1907587814
2022-10-27,IWM,0.2129948264
2022-10-28,IWM,0.2131839646
2022-10-31,IWM,0.2258231511
2022-11-01,IWM,0.2154953595
2022-11-02,IWM,0.2105229629
2022-11-03,IWM,0.2043369746
2022-11-04,IWM,0.1949892862
2022-11-07,IWM,0.1992462908
2022-11-08,IWM,0.1970929189
2022-11-09,IWM,0.2015967213
2022-11-10,IWM,0.2009011315
2022-11-11,IWM,0.20376052
2022-11-14,IWM,0.2047662861
2022-11-15,IWM,0.2035419034
2022-11-16,IWM,0.2215859712
2022-11-17,IWM,0.2184299644
2022-11-18,IWM,0.2083027621
2022-11-21,IWM,0.2034040133
2022-11-22,IWM,0.2060887182
2022-11-23,IWM,0.2083883137
2022-11-24,IWM,0.2075629327
2022-11-25,IWM,0.1813031585
2022-11-28,IWM,0.1718082984
2022-11-29,IWM,0.1608797524
2022-11-30,IWM,0.1540096272
2022-12-01,IWM,0.1485815778
2022-12-02,IWM,0.1469514948
2022-12-05,IWM,0.1471894512
2022-12-06,IWM,0.1631414491
2022-12-07,IWM,0.1750206321
2022-12-08,IWM,0.1722049145
2022-12-09,IWM,0.1748373257
2022-12-12,IWM,0.1756552466
2022-12-13,IWM,0.1711108115
2022-12-14,IWM,0.1780090714
2022-12-15,IWM,0.1628345866
2022-12-16,IWM,0.164518475
2022-12-19,IWM,0.1639525038
2022-12-20,IWM,0.1718929181
2022-12-21,IWM,0.1764161747
2022-12-22,IWM,0.1888410162
2022-12-23,IWM,0.190239288
2022-12-26,IWM,0.1901468474
2022-12-27,IWM,0.1937804389
2022-12-28,IWM,0.1986182709
2022-12-29,IWM,0.2045674322
2022-12-30,IWM,0.2038016852
2023-01-02,IWM,0.2024497123
2023-01-03,IWM,0.2025987903
2023-01-04,IWM,0.1954365713
2023-01-05,IWM,0.1837488741
2023-01-06,IWM,0.1802885284
2023-01-09,IWM,0.1783689998
2023-01-10,IWM,0.1882894378
2023-01-11,IWM,0.1941271132
2023-01-12,IWM,0.2031652483
2023-01-13,IWM,0.2090409324
2023-01-16,IWM,0.2056437135
2023-01-17,IWM,0.2039770301
2023-01-18,IWM,0.1915774711
2023-01-19,IWM,0.2101139201
2023-01-20,IWM,0.2121026807
2023-01-23,IWM,0.2106084393
2023-01-24,IWM,0.2273752583
2023-01-25,IWM,0.2283293091
2023-01-26,IWM,0.2365969989
2023-01-27,IWM,0.2304730769
2023-01-30,IWM,0.2293139764
2023-01-31,IWM,0.2287499895
2023-02-01,IWM,0.2296834713
2023-02-02,IWM,0.2278289073
2023-02-03,IWM,0.2261988822
2023-02-06,IWM,0.2239868051
2023-02-07,IWM,0.2257788224
2023-02-08,IWM,0.2166538726
2023-02-09,IWM,0.2086162171
2023-02-10,IWM,0.2040698318
2023-02-13,IWM,0.193827025
2023-02-14,IWM,0.1935605161
2023-02-15,IWM,0.1917969516
2023-02-16,IWM,0.1896940621
2023-02-17,IWM,0.1792025119
2023-02-20,IWM,0.1735771785
2023-02-21,IWM,0.1690134946
2023-02-22,IWM,0.1513602078
2023-02-23,IWM,0.147178588
2023-02-24,IWM,0.1286349958
2023-02-27,IWM,0.1246668217
2023-02-28,IWM,0.1406358506
2023-03-01,IWM,0.1495173821
2023-03-02,IWM,0.1532924971
2023-03-03,IWM,0.1459720793
2023-03-06,IWM,0.1453062999
2023-03-07,IWM,0.1589594737
2023-03-08,IWM,0.1592879364
2023-03-09,IWM,0.1694721309
2023-03-10,IWM,0.1716463889
2023-03-13,IWM,0.159060151
2023-03-14,IWM,0.1641652694
2023-03-15,IWM,0.1872625298
2023-03-16,IWM,0.1874461401
2023-03-17,IWM,0.1874005144
2023-03-20,IWM,0.1978014695
2023-03-21,IWM,0.1905189076
2023-03-22,IWM,0.2324370004
2023-03-23,IWM,0.2559063776
2023-03-24,IWM,0.2613587329
2023-03-27,IWM,0.2700042348
2023-03-28,IWM,0.2711735463
2023-03-29,IWM,0.2777402513
2023-03-30,IWM,0.2741435961
2023-03-31,IWM,0.2782874908
2023-04-03,IWM,0.278516254
2023-04-04,IWM,0.2757683603
2023-04-05,IWM,0.2756158406
2023-04-06,IWM,0.2734328741
2023-04-07,IWM,0.2699235864
2023-04-10,IWM,0.282407329
2023-04-11,IWM,0.2868756144
2023-04-12,IWM,0.2862680927
2023-04-13,IWM,0.2960516615
2023-04-14,IWM,0.2955388615
2023-04-17,IWM,0.2953516364
2023-04-18,IWM,0.2901068148
2023-04-19,IWM,0.3121964621
2023-04-20,IWM,0.2721708551
2023-04-21,IWM,0.2632445518
2023-04-24,IWM,0.2616963814
2023-04-25,IWM,0.2516915902
2023-04-26,IWM,0.2487166892
2023-04-27,IWM,0.2367458254
2023-04-28,IWM,0.2518467644
2023-05-01,IWM,0.2489444513
2023-05-02,IWM,0.2499677574
2023-05-03,IWM,0.2511427537
2023-05-04,IWM,0.2467797633
2023-05-05,IWM,0.245982668
2023-05-08,IWM,0.2483926706
2023-05-09,IWM,0.2343826455
2023-05-10,IWM,0.2369929371
2023-05-11,IWM,0.2595031942
2023-05-12,IWM,0.2402987356
2023-05-15,IWM,0.246078227
2023-05-16,IWM,0.2488100478
2023-05-17,IWM,0.2528864469
2023-05-18,IWM,0.2305684932
2023-05-19,IWM,0.2315401361
2023-05-22,IWM,0.2278387069
2023-05-23,IWM,0.227114366
2023-05-24,IWM,0.2240852441
2023-05-25,IWM,0.2241350687
2023-05-26,IWM,0.2243188954
2023-05-29,IWM,0.2024207469
2023-05-30,IWM,0.1917675782
2023-05-31,IWM,0.1897977486
2023-06-01,IWM,0.1931842629
2023-06-02,IWM,0.1935038981
2023-06-05,IWM,0.1940334466
2023-06-06,IWM,0.2121673365
2023-06-07,IWM,0.2032186574
2023-06-08,IWM,0.1979314473
2023-06-09,IWM,0.1887863819
2023-06-12,IWM,0.1898055237
2023-06-13,IWM,0.2057001559
2023-06-14,IWM,0.2049774371
2023-06-15,IWM,0.1950559448
2023-06-16,IWM,0.1925678323
2023-06-19,IWM,0.1941851181
2023-06-20,IWM,0.1841414218
2023-06-21,IWM,0.1759897976
2023-06-22,IWM,0.1737649371
2023-06-23,IWM,0.1813248759
2023-06-26,IWM,0.1818641888
2023-06-27,IWM,0.1834018988
2023-06-28,IWM,0.1835872126
2023-06-29,IWM,0.2015798056
2023-06-30,IWM,0.2265120262
2023-07-03,IWM,0.2242186077
2023-07-04,IWM,0.2253915629
2023-07-05,IWM,0.2221691084
2023-07-06,IWM,0.2220241705
2023-07-07,IWM,0.2242845779
2023-07-10,IWM,0.2083628977
2023-07-11,IWM,0.207794465
2023-07-12,IWM,0.1858675431
2023-07-13,IWM,0.1827715802
2023-07-14,IWM,0.1876857557
2023-07-17,IWM,0.209932697
2023-07-18,IWM,0.203797887
2023-07-19,IWM,0.2148948159
2023-07-20,IWM,0.2158192563
2023-07-21,IWM,0.2211540063
2023-07-24,IWM,0.2197412696
2023-07-25,IWM,0.2194280476
2023-07-26,IWM,0.2144154112
2023-07-27,IWM,0.2394435978
2023-07-28,IWM,0.2119796684
2023-07-31,IWM,0.1956081283
2023-08-01,IWM,0.1931218462
2023-08-02,IWM,0.1937395119
2023-08-03,IWM,0.1941240469
2023-08-04,IWM,0.1957139566
2023-08-07,IWM,0.2029903617
2023-08-08,IWM,0.2314236615
2023-08-09,IWM,0.2313541522
2023-08-10,IWM,0.2315723617
2023-08-11,IWM,0.2751613601
2023-08-14,IWM,0.2787101414
2023-08-15,IWM,0.279321225
2023-08-16,IWM,0.2801349574
2023-08-17,IWM,0.2780867749
2023-08-18,IWM,0.3252266531
2023-08-21,IWM,0.3241366993
2023-08-22,IWM,0.3796433663
2023-08-23,IWM,0.3847946823
2023-08-24,IWM,0.397729412
2023-08-25,IWM,0.38485252
2023-08-28,IWM,0.3896646194
2023-08-29,IWM,0.3915244165
2023-08-30,IWM,0.3924943694
2023-08-31,IWM,0.3930719953
2023-09-01,IWM,0.3911463184
2023-09-04,IWM,0.3900966206
2023-09-05,IWM,0.381463577
2023-09-06,IWM,0.3673899746
2023-09-07,IWM,0.3673334904
2023-09-08,IWM,0.375115707
2023-09-11,IWM,0.3416755767
2023-09-12,IWM,0.3355836631
2023-09-13,IWM,0.3204693347
2023-09-14,IWM,0.3209969683
2023-09-15,IWM,0.3212683699
2023-09-18,IWM,0.2943504395
2023-09-19,IWM,0.2913352071
2023-09-20,IWM,0.2164408203
2023-09-21,IWM,0.2123871861
2023-09-22,IWM,0.1971762992
2023-09-25,IWM,0.1923578797
2023-09-26,IWM,0.1825096349
2023-09-27,IWM,0.1854570574
2023-09-28,IWM,0.1858671448
2023-09-29,IWM,0.1935085014
2023-10-02,IWM,0.1920468589
2023-10-03,IWM,0.2061400484
2023-10-04,IWM,0.2113380304
2023-10-05,IWM,0.2131656346
2023-10-06,IWM,0.2990847735
2023-10-09,IWM,0.2858385597
2023-10-10,IWM,0.2919185104
2023-10-11,IWM,0.3153321635
2023-10-12,IWM,0.3145074744
2023-10-13,IWM,0.3113657325
2023-10-16,IWM,0.3076239305
2023-10-17,IWM,0.3121270078
2023-10-18,IWM,0.3137317823
2023-10-19,IWM,0.3264677143
2023-10-20,IWM,0.3401071052
2023-10-23,IWM,0.3434117278
2023-10-24,IWM,0.3444899949
2023-10-25,IWM,0.3447060044
2023-10-26,IWM,0.3422929557
2023-10-27,IWM,0.3424042466
2023-10-30,IWM,0.3366230943
2023-10-31,IWM,0.3401027098
2023-11-01,IWM,0.3334462929
2023-11-02,IWM,0.3314666876
2023-11-03,IWM,0.3304436723
2023-11-06,IWM,0.244181791
2023-11-07,IWM,0.2543993486
2023-11-08,IWM,0.2745858823
2023-11-09,IWM,0.2553344584
2023-11-10,IWM,0.2541735912
2023-11-13,IWM,0.2520815095
2023-11-14,IWM,0.2561120976
2023-11-15,IWM,0.2299700779
2023-11-16,IWM,0.2292336385
2023-11-17,IWM,0.2086405926
2023-11-20,IWM,0.1843703416
2023-11-21,IWM,0.1765941268
2023-11-22,IWM,0.1755019121
2023-11-23,IWM,0.1862465479
2023-11-24,IWM,0.1878700697
2023-11-27,IWM,0.192917173
2023-11-28,IWM,0.1950089179
2023-11-29,IWM,0.1943787636
2023-11-30,IWM,0.19513862
2023-12-01,IWM,0.1948530845
2023-12-04,IWM,0.1920951793
2023-12-05,IWM,0.1986232225
2023-12-06,IWM,0.1790636265
2023-12-07,IWM,0.1462017235
2023-12-08,IWM,0.1469565278
2023-12-11,IWM,0.1464031455
2023-12-12,IWM,0.1582957357
2023-12-13,IWM,0.1560858857
2023-12-14,IWM,0.1630127006
2023-12-15,IWM,0.1658013142
2023-12-18,IWM,0.1646841416
2023-12-19,IWM,0.1670916669
2023-12-20,IWM,0.1685588159
2023-12-21,IWM,0.168788843
2023-12-22,IWM,0.1527492342
2023-12-25,IWM,0.1527519828
2023-12-26,IWM,0.1451247512
2023-12-27,IWM,0.2013531651
2023-12-28,IWM,0.2231515475
2023-12-29,IWM,0.2181041024
2024-01-01,IWM,0.2196249172
2024-01-02,IWM,0.2220471151
2024-01-03,IWM,0.2087864645
2024-01-04,IWM,0.2349635146
2024-01-05,IWM,0.2348894288
2024-01-08,IWM,0.2320829719
2024-01-09,IWM,0.2337316993
2024-01-10,IWM,0.23185644
2024-01-11,IWM,0.2315675546
2024-01-12,IWM,0.2342608939
2024-01-15,IWM,0.2344630837
2024-01-16,IWM,0.2412015711
2024-01-17,IWM,0.2520568677
2024-01-18,IWM,0.2518292254
2024-01-19,IWM,0.2656952657
2024-01-22,IWM,0.2667856193
2024-01-23,IWM,0.2726226377
2024-01-24,IWM,0.2801969685
2024-01-25,IWM,0.246530065
2024-01-26,IWM,0.2121815756
2024-01-29,IWM,0.2124111503
2024-01-30,IWM,0.2073240641
2024-01-31,IWM,0.2062708972
2024-02-01,IWM,0.2075996173
2024-02-02,IWM,0.1898684218
2024-02-05,IWM,0.1895854366
2024-02-06,IWM,0.1890806293
2024-02-07,IWM,0.1871775583
2024-02-08,IWM,0.1899786146
2024-02-09,IWM,0.2039571601
2024-02-12,IWM,0.2015556521
2024-02-13,IWM,0.2013252088
2024-02-14,IWM,0.2810784876
2024-02-15,IWM,0.3105150707
2024-02-16,IWM,0.337049041
2024-02-19,IWM,0.3341606384
2024-02-20,IWM,0.3341220901
2024-02-21,IWM,0.3397442275
2024-02-22,IWM,0.3420606306
2024-02-23,IWM,0.3520448148
2024-02-26,IWM,0.3537871045
2024-02-27,IWM,0.3569346869
2024-02-28,IWM,0.3701242887
2024-02-29,IWM,0.377926907
2024-03-01,IWM,0.39831421
2024-03-04,IWM,0.3947680587
2024-03-05,IWM,0.3947982747
2024-03-06,IWM,0.3954400963
2024-03-07,IWM,0.3983381612
2024-03-08,IWM,0.4022278764
2024-03-11,IWM,0.3957268517
2024-03-12,IWM,0.4035623539
2024-03-13,IWM,0.4045733198
2024-03-14,IWM,0.3424471268
2024-03-15,IWM,0.2733539187
2024-03-18,IWM,0.2628002595
2024-03-19,IWM,0.3177629557
2024-03-20,IWM,0.3280794285
2024-03-21,IWM,0.3466087574
2024-03-22,IWM,0.4053912319
2024-03-25,IWM,0.4437447955
2024-03-26,IWM,0.4943996584
2024-03-27,IWM,0.4930732473
2024-03-28,IWM,0.483766388
2024-03-29,IWM,0.477069756
2024-04-01,IWM,0.4663378144
2024-04-02,IWM,0.469061009
2024-04-03,IWM,0.4690818833
2024-04-04,IWM,0.4771454535
2024-04-05,IWM,0.4754893859
2024-04-08,IWM,0.479117214
2024-04-09,IWM,0.479726641
2024-04-10,IWM,0.5005618622
2024-04-11,IWM,0.4992506525
2024-04-12,IWM,0.5328549287
2024-04-15,IWM,0.5471298334
2024-04-16,IWM,0.5556055612
2024-04-17,IWM,0.5336293689
2024-04-18,IWM,0.5272971352
2024-04-19,IWM,0.5031891708
2024-04-22,IWM,0.4585494485
2024-04-23,IWM,0.4063348136
2024-04-24,IWM,0.3598205041
2024-04-25,IWM,0.35967797
2024-04-26,IWM,0.3579451587
2024-04-29,IWM,0.356280064
2024-04-30,IWM,0.3516654935
2024-05-01,IWM,0.3442534558
2024-05-02,IWM,0.3457608793
2024-05-03,IWM,0.3386500607
2024-05-06,IWM,0.3516279875
2024-05-07,IWM,0.3456494484
2024-05-08,IWM,0.3465911002
2024-05-09,IWM,0.2883946506
2024-05-10,IWM,0.2994708364
2024-05-13,IWM,0.2473749578
2024-05-14,IWM,0.1948951798
2024-05-15,IWM,0.1787300427
2024-05-16,IWM,0.1825466887
2024-05-17,IWM,0.1776068443
2024-05-20,IWM,0.1765898102
2024-05-21,IWM,0.1726162801
2024-05-22,IWM,0.180845114
2024-05-23,IWM,0.1746804196
2024-05-24,IWM,0.1814070153
2024-05-27,IWM,0.1850599282
2024-05-28,IWM,0.1838365459
2024-05-29,IWM,0.1821722503
2024-05-30,IWM,0.1822713346
2024-05-31,IWM,0.1806633201
2024-06-03,IWM,0.2036435757
2024-06-04,IWM,0.2048418483
2024-06-05,IWM,0.2051033739
2024-06-06,IWM,0.2017073982
2024-06-07,IWM,0.2099016029
2024-06-10,IWM,0.2237224297
2024-06-11,IWM,0.2262796976
2024-06-12,IWM,0.2253414434
2024-06-13,IWM,0.2333639737
2024-06-14,IWM,0.2398949748
2024-06-17,IWM,0.2725325668
2024-06-18,IWM,0.2754444987
2024-06-19,IWM,0.3148001913
2024-06-20,IWM,0.3268311604
2024-06-21,IWM,0.3269146987
2024-06-24,IWM,0.3236409919
2024-06-25,IWM,0.3207616364
2024-06-26,IWM,0.3276083252
2024-06-27,IWM,0.3259595692
2024-06-28,IWM,0.3266902104
2024-07-01,IWM,0.329505332
2024-07-02,IWM,0.3394233228
2024-07-03,IWM,0.3271384665
2024-07-04,IWM,0.3274806821
2024-07-05,IWM,0.3300038339
2024-07-08,IWM,0.3259657326
2024-07-09,IWM,0.3042422468
2024-07-10,IWM,0.3043496142
2024-07-11,IWM,0.3080894432
2024-07-12,IWM,0.3002605916
2024-07-15,IWM,0.2930893605
2024-07-16,IWM,0.261132267
2024-07-17,IWM,0.2557820019
2024-07-18,IWM,0.2235128273
2024-07-19,IWM,0.2567294899
2024-07-22,IWM,0.2544141362
2024-07-23,IWM,0.2516268377
2024-07-24,IWM,0.2546464444
2024-07-25,IWM,0.2543439502
2024-07-26,IWM,0.2560810967
2024-07-29,IWM,0.2572904942
2024-07-30,IWM,0.2624950779
2024-07-31,IWM,0.2335752957
2024-08-01,IWM,0.2327425005
2024-08-02,IWM,0.2456719151
2024-08-05,IWM,0.2456976546
2024-08-06,IWM,0.2501127369
2024-08-07,IWM,0.2506212074
2024-08-08,IWM,0.2463755885
2024-08-09,IWM,0.2439567581
2024-08-12,IWM,0.2461926689
2024-08-13,IWM,0.2485919986
2024-08-14,IWM,0.2597304915
2024-08-15,IWM,0.2600626463
2024-08-16,IWM,0.257699001
2024-08-19,IWM,0.2132031328
2024-08-20,IWM,0.211862503
2024-08-21,IWM,0.2115609946
2024-08-22,IWM,0.207251495
2024-08-23,IWM,0.2007907185
2024-08-26,IWM,0.1967908586
2024-08-27,IWM,0.192327274
2024-08-28,IWM,0.1876471786
2024-08-29,IWM,0.2002571432
2024-08-30,IWM,0.2002052244
2024-09-02,IWM,0.1850940912
2024-09-03,IWM,0.1775188374
2024-09-04,IWM,0.1782224013
2024-09-05,IWM,0.1776954064
2024-09-06,IWM,0.178564512
2024-09-09,IWM,0.1788618096
2024-09-10,IWM,0.1760518384
2024-09-11,IWM,0.173617041
2024-09-12,IWM,0.1545870376
2024-09-13,IWM,0.1525453401
2024-09-16,IWM,0.1604998523
2024-09-17,IWM,0.1483862988
2024-09-18,IWM,0.1534392892
2024-09-19,IWM,0.1560176566
2024-09-20,IWM,0.1744794486
2024-09-23,IWM,0.1723337589
2024-09-24,IWM,0.1715123873
2024-09-25,IWM,0.1769640538
2024-09-26,IWM,0.1755363262
2024-09-27,IWM,0.1632259677
2024-09-30,IWM,0.1741552332
2024-10-01,IWM,0.1753023584
2024-10-02,IWM,0.1785929104
2024-10-03,IWM,0.1699837787
2024-10-04,IWM,0.172297043
2024-10-07,IWM,0.17449064
2024-10-08,IWM,0.1728277151
2024-10-09,IWM,0.1674509791
2024-10-10,IWM,0.1743598242
2024-10-11,IWM,0.1781770131
2024-10-14,IWM,0.2112094738
2024-10-15,IWM,0.2101242144
2024-10-16,IWM,0.2091228668
2024-10-17,IWM,0.2403297291
2024-10-18,IWM,0.2396622171
2024-10-21,IWM,0.2280266964
2024-10-22,IWM,0.2310290184
2024-10-23,IWM,0.2314519152
2024-10-24,IWM,0.2255177461
2024-10-25,IWM,0.2273363005
2024-10-28,IWM,0.2279938139
2024-10-29,IWM,0.2364379253
2024-10-30,IWM,0.2487415718
2024-10-31,IWM,0.251208544
2024-11-01,IWM,0.2515384064
2024-11-04,IWM,0.2505845994
2024-11-05,IWM,0.2450633469
2024-11-06,IWM,0.2431683622
2024-11-07,IWM,0.244024723
2024-11-08,IWM,0.2309854087
2024-11-11,IWM,0.223070452
2024-11-12,IWM,0.2069304399
2024-11-13,IWM,0.2080030553
2024-11-14,IWM,0.2062479563
2024-11-15,IWM,0.1763965919
2024-11-18,IWM,0.207394627
2024-11-19,IWM,0.2063085359
2024-11-20,IWM,0.2122613249
2024-11-21,IWM,0.2129304126
2024-11-22,IWM,0.2211485683
2024-11-25,IWM,0.2145625701
2024-11-26,IWM,0.2182905568
2024-11-27,IWM,0.2314820435
2024-11-28,IWM,0.2181869942
2024-11-29,IWM,0.2110803611
2024-12-02,IWM,0.2133796264
2024-12-03,IWM,0.2294435895
2024-12-04,IWM,0.2423299023
2024-12-05,IWM,0.2416459737
2024-12-06,IWM,0.2393050461
2024-12-09,IWM,0.2509919462
2024-12-10,IWM,0.2562839037
2024-12-11,IWM,0.2571753153
2024-12-12,IWM,0.2596051102
2024-12-13,IWM,0.2590344011
2024-12-16,IWM,0.260185255
2024-12-17,IWM,0.2324355901
2024-12-18,IWM,0.234124917
2024-12-19,IWM,0.2364842154
2024-12-20,IWM,0.2517363912
2024-12-23,IWM,0.2466059931
2024-12-24,IWM,0.2491869896
2024-12-25,IWM,0.2447797996
2024-12-26,IWM,0.2257487681
2024-12-27,IWM,0.2240233199
2024-12-30,IWM,0.2237925543
2024-12-31,IWM,0.2252493103
2025-01-01,IWM,0.2291336109
2025-01-02,IWM,0.2095132845
2025-01-03,IWM,0.2206575226
2025-01-06,IWM,0.220168557
2025-01-07,IWM,0.2198641439
2025-01-08,IWM,0.2112578968
2025-01-09,IWM,0.2103146013
2025-01-10,IWM,0.2051571178
2025-01-13,IWM,0.2093607981
2025-01-14,IWM,0.2230387584
2025-01-15,IWM,0.2229786855
2025-01-16,IWM,0.218224242
2025-01-17,IWM,0.1998958618
2025-01-20,IWM,0.1862734436
2025-01-21,IWM,0.1961184486
2025-01-22,IWM,0.199252543
2025-01-23,IWM,0.2000074805
2025-01-24,IWM,0.1972676424
2025-01-27,IWM,0.1995099755
2025-01-28,IWM,0.1999397731
2025-01-29,IWM,0.2015713532
2025-01-30,IWM,0.1843103097
2025-01-31,IWM,0.211981873
2025-02-03,IWM,0.2330235493
2025-02-04,IWM,0.2375824469
2025-02-05,IWM,0.2314864514
2025-02-06,IWM,0.2323876749
2025-02-07,IWM,0.2333465054
2025-02-10,IWM,0.2365073225
2025-02-11,IWM,0.2310269159
2025-02-12,IWM,0.2057160949
2025-02-13,IWM,0.2198480306
2025-02-14,IWM,0.2620364677
2025-02-17,IWM,0.262883415
2025-02-18,IWM,0.2620665555
2025-02-19,IWM,0.25934357
2025-02-20,IWM,0.2618027548
2025-02-21,IWM,0.2624124507
2025-02-24,IWM,0.2693206105
2025-02-25,IWM,0.2812583519
2025-02-26,IWM,0.2912137121
2025-02-27,IWM,0.2835039407
2025-02-28,IWM,0.2779786234
2025-03-03,IWM,0.2646125962
2025-03-04,IWM,0.2499361091
2025-03-05,IWM,0.2669958607
2025-03-06,IWM,0.2668551613
2025-03-07,IWM,0.267022888
2025-03-10,IWM,0.2668438152
2025-03-11,IWM,0.2818583919
2025-03-12,IWM,0.2893376115
2025-03-13,IWM,0.2879966813
2025-03-14,IWM,0.2796791553
2025-03-17,IWM,0.2317345133
2025-03-18,IWM,0.2515660136
2025-03-19,IWM,0.2464111239
2025-03-20,IWM,0.2552181269
2025-03-21,IWM,0.2710613683
2025-03-24,IWM,0.2709842466
2025-03-25,IWM,0.2667611457
2025-03-26,IWM,0.2553204993
2025-03-27,IWM,0.2381538997
2025-03-28,IWM,0.2361294844
2025-03-31,IWM,0.2420957359
2025-04-01,IWM,0.2404159845
2025-04-02,IWM,0.236165581
2025-04-03,IWM,0.2148451107
2025-04-04,IWM,0.2104974019
2025-04-07,IWM,0.1935219092
2025-04-08,IWM,0.1933048203
2025-04-09,IWM,0.1993798262
2025-04-10,IWM,0.1971933556
2025-04-11,IWM,0.2027749214
2025-04-14,IWM,0.2015410276
2025-04-15,IWM,0.1994076265
2025-04-16,IWM,0.1923310863
2025-04-17,IWM,0.1893291793
2025-04-18,IWM,0.1875458828
2025-04-21,IWM,0.1808910635
2025-04-22,IWM,0.1777708077
2025-04-23,IWM,0.1778607168
2025-04-24,IWM,0.1778033952
2025-04-25,IWM,0.1818717996
2025-04-28,IWM,0.182412608
2025-04-29,IWM,0.1858865865
2025-04-30,IWM,0.2399602705
2025-05-01,IWM,0.2467482921
2025-05-02,IWM,0.2775156985
2025-05-05,IWM,0.278058667
2025-05-06,IWM,0.2802143219
2025-05-07,IWM,0.2768649493
2025-05-08,IWM,0.2736417022
2025-05-09,IWM,0.2794441848
2025-05-12,IWM,0.2666989502
2025-05-13,IWM,0.2762813368
2025-05-14,IWM,0.2743989358
2025-05-15,IWM,0.2748702353
2025-05-16,IWM,0.2750773087
2025-05-19,IWM,0.295779889
2025-05-20,IWM,0.2914167968
2025-05-21,IWM,0.2947465292
2025-05-22,IWM,0.2961357535
2025-05-23,IWM,0.2960676888
2025-05-26,IWM,0.299315124
2025-05-27,IWM,0.2982324042
2025-05-28,IWM,0.2922182341
2025-05-29,IWM,0.2554223171
2025-05-30,IWM,0.2504506577
2025-06-02,IWM,0.2152765996
2025-06-03,IWM,0.2134835907
2025-06-04,IWM,0.2107221049
2025-06-05,IWM,0.2166374937
2025-06-06,IWM,0.2168758721
2025-06-09,IWM,0.2297610987
2025-06-10,IWM,0.2333901005
2025-06-11,IWM,0.2444310165
2025-06-12,IWM,0.2433900005
2025-06-13,IWM,0.245748359
2025-06-16,IWM,0.2456155228
2025-06-17,IWM,0.2190749032
2025-06-18,IWM,0.2264181219
2025-06-19,IWM,0.224333373
2025-06-20,IWM,0.2191877415
2025-06-23,IWM,0.2321049581
2025-06-24,IWM,0.2296089931
2025-06-25,IWM,0.2396580221
2025-06-26,IWM,0.2416530319
2025-06-27,IWM,0.2339720884
2025-06-30,IWM,0.2370158335
2025-07-01,IWM,0.2289164776
2025-07-02,IWM,0.2289205939
2025-07-03,IWM,0.2391484028
2025-07-04,IWM,0.2252844777
2025-07-07,IWM,0.2262685263
2025-07-08,IWM,0.2222549041
2025-07-09,IWM,0.2389013717
2025-07-10,IWM,0.2252687745
2025-07-11,IWM,0.2243610327
2025-07-14,IWM,0.2257574216
2025-07-15,IWM,0.2289831714
2025-07-16,IWM,0.2293153274
2025-07-17,IWM,0.2279548553
2025-07-18,IWM,0.2296929452
2025-07-21,IWM,0.2313209535
2025-07-22,IWM,0.2252367074
2025-07-23,IWM,0.2254044326
2025-07-24,IWM,0.2072960582
2025-07-25,IWM,0.2077758155
2025-07-28,IWM,0.2230660694
2025-07-29,IWM,0.2225375521
2025-07-30,IWM,0.2165779958
2025-07-31,IWM,0.2233762314
2025-08-01,IWM,0.2242472745
2025-08-04,IWM,0.2387299174
2025-08-05,IWM,0.2362119773
2025-08-06,IWM,0.226395331
2025-08-07,IWM,0.2026255846
2025-08-08,IWM,0.2218819128
2025-08-11,IWM,0.225633791
2025-08-12,IWM,0.2220106755
2025-08-13,IWM,0.2330146556
2025-08-14,IWM,0.2341138471
2025-08-15,IWM,0.2411250121
2025-08-18,IWM,0.2409072679
2025-08-19,IWM,0.2405137925
2025-08-20,IWM,0.2342223782
2025-08-21,IWM,0.2287852879
2025-08-22,IWM,0.2280670805
2025-08-25,IWM,0.2324794729
2025-08-26,IWM,0.2189003884
2025-08-27,IWM,0.2193786045
2025-08-28,IWM,0.2211535055
2025-08-29,IWM,0.2176320241
2025-09-01,IWM,0.2288070478
2025-09-02,IWM,0.2158049804
2025-09-03,IWM,0.2165367965
2025-09-04,IWM,0.2225645454
2025-09-05,IWM,0.2212003161
2025-09-08,IWM,0.2116879417
2025-09-09,IWM,0.2012638102
2025-09-10,IWM,0.1971117936
2025-09-11,IWM,0.1803750813
2025-09-12,IWM,0.1850715059
2025-09-15,IWM,0.1748010107
2025-09-16,IWM,0.1674106845
2025-09-17,IWM,0.1703779027
2025-09-18,IWM,0.1848647891
2025-09-19,IWM,0.2098025283
2025-09-22,IWM,0.2092162062
2025-09-23,IWM,0.2068389093
2025-09-24,IWM,0.2345476758
2025-09-25,IWM,0.2353777037
2025-09-26,IWM,0.2434377247
2025-09-29,IWM,0.2454037924
2025-09-30,IWM,0.2236235701
2025-10-01,IWM,0.2259226125
2025-10-02,IWM,0.2259931367
2025-10-03,IWM,0.2238289123
2025-10-06,IWM,0.2243010212
2025-10-07,IWM,0.2245929628
2025-10-08,IWM,0.2239106216
2025-10-09,IWM,0.2284619618
2025-10-10,IWM,0.2383336944
2025-10-13,IWM,0.2513701982
2025-10-14,IWM,0.2509350654
2025-10-15,IWM,0.2726210372
2025-10-16,IWM,0.272785152
2025-10-17,IWM,0.2606559536
2025-10-20,IWM,0.2455749527
2025-10-21,IWM,0.2452578781
2025-10-22,IWM,0.2541865617
2025-10-23,IWM,0.2242964436
2025-10-24,IWM,0.2275931153
2025-10-27,IWM,0.219345555
2025-10-28,IWM,0.2168269922
2025-10-29,IWM,0.2187256001
2025-10-30,IWM,0.2188031821
2025-10-31,IWM,0.219816084
2025-11-03,IWM,0.2180218223
2025-11-04,IWM,0.2376206977
2025-11-05,IWM,0.2234887977
2025-11-06,IWM,0.2255069863
2025-11-07,IWM,0.220448688
2025-11-10,IWM,0.2086078039
2025-11-11,IWM,0.190777935
2025-11-12,IWM,0.1995657168
2025-11-13,IWM,0.1646568912
2025-11-14,IWM,0.1618127495
2025-11-17,IWM,0.1703192499
2025-11-18,IWM,0.175429632
2025-11-19,IWM,0.1930286222
2025-11-20,IWM,0.2062166889
2025-11-21,IWM,0.1956746226
2025-11-24,IWM,0.1938482692
2025-11-25,IWM,0.1982741517
2025-11-26,IWM,0.1982395564
2025-11-27,IWM,0.1985971533
2025-11-28,IWM,0.2098521806
2025-12-01,IWM,0.2055415444
2025-12-02,IWM,0.2078337899
2025-12-03,IWM,0.1917965559
2025-12-04,IWM,0.1984122622
2025-12-05,IWM,0.1976973018
2025-12-08,IWM,0.1984928354
2025-12-09,IWM,0.2050905319
2025-12-10,IWM,0.2156720486
2025-12-11,IWM,0.2143909149
2025-12-12,IWM,0.2144928949
2025-12-15,IWM,0.210519759
2025-12-16,IWM,0.2121355054
2025-12-17,IWM,0.2122030133
2025-12-18,IWM,0.199100628
2025-12-19,IWM,0.2018395426
2025-12-22,IWM,0.2024020718
2025-12-23,IWM,0.2008030209
2025-12-24,IWM,0.1960197612
2025-12-25,IWM,0.1963289997
2025-12-26,IWM,0.2064404659
2025-12-29,IWM,0.2002415453
2025-12-30,IWM,0.2003680304
2025-12-31,IWM,0.2070902762
2026-01-01,IWM,0.2066308251
2026-01-02,IWM,0.2052170939
2026-01-05,IWM,0.2362317112
2026-01-06,IWM,0.2375701494
2026-01-07,IWM,0.2285889398
2026-01-08,IWM,0.221236261
2026-01-09,IWM,0.2258330852
2026-01-12,IWM,0.2284882487
2026-01-13,IWM,0.2312142762
2026-01-14,IWM,0.2262967541
2026-01-15,IWM,0.221696831
2026-01-16,IWM,0.2233836325
2026-01-19,IWM,0.2023091309
2026-01-20,IWM,0.2018858944
2026-01-21,IWM,0.203773988
2026-01-22,IWM,0.2038837647
2026-01-23,IWM,0.2041647513
2026-01-26,IWM,0.1801182109
2026-01-27,IWM,0.200653307
2026-01-28,IWM,0.207898618
2026-01-29,IWM,0.2075056278
2026-01-30,IWM,0.2071793987
2026-02-02,IWM,0.2040787391
2026-02-03,IWM,0.1902503201
2026-02-04,IWM,0.1898581731
2026-02-05,IWM,0.1923423954
2026-02-06,IWM,0.1925026506
2026-02-09,IWM,0.1725732715
2026-02-10,IWM,0.1816434915
2026-02-11,IWM,0.1845942658
2026-02-12,IWM,0.1843724348
2026-02-13,IWM,0.1911143957
2026-02-16,IWM,0.1914166471
2026-02-17,IWM,0.1876651463
2026-02-18,IWM,0.2313207758
2026-02-19,IWM,0.2351135444
2026-02-20,IWM,0.2323979102
2026-02-23,IWM,0.2464464156
2026-02-24,IWM,0.2488880152
2026-02-25,IWM,0.2647568199
2026-02-26,IWM,0.2634942969
2026-02-27,IWM,0.267511901
2026-03-02,IWM,0.270006028
2026-03-03,IWM,0.2699778318
2026-03-04,IWM,0.2592682967
2026-03-05,IWM,0.2607018834
2026-03-06,IWM,0.2597487911
2026-03-09,IWM,0.2595770276
2026-03-10,IWM,0.2647273557
2026-03-11,IWM,0.2634390913
2026-03-12,IWM,0.2557155826
2026-03-13,IWM,0.255004795
2026-03-16,IWM,0.2407705553
2026-03-17,IWM,0.2402381561
2026-03-18,IWM,0.2436187672
2026-03-19,IWM,0.2174401753
2026-03-20,IWM,0.203878217
2026-03-23,IWM,0.2082232855
2026-03-24,IWM,0.2181761943
2026-03-25,IWM,0.2110264431
2026-03-26,IWM,0.1892756593
2026-03-27,IWM,0.1843826274
2026-03-30,IWM,0.1806932477
2026-03-31,IWM,0.1777433192
2026-04-01,IWM,0.2061699034
2026-04-02,IWM,0.2032230509
2026-04-03,IWM,0.2060683719
2026-04-06,IWM,0.2049454401
2026-04-07,IWM,0.2091671587
2026-04-08,IWM,0.192981411
2026-04-09,IWM,0.1967563904
2026-04-10,IWM,0.2046865407
2026-04-13,IWM,0.2205348869
2026-04-14,IWM,0.2292950821
2026-04-15,IWM,0.2295722462
2026-04-16,IWM,0.2269815539
2026-04-17,IWM,0.2262696629
2026-04-20,IWM,0.2260902772
2026-04-21,IWM,0.2197704306
2026-04-22,IWM,0.1973120786
2026-04-23,IWM,0.200012557
2026-04-24,IWM,0.1932942617
2026-04-27,IWM,0.1925995573
2026-04-28,IWM,0.1897142957
2026-04-29,IWM,0.1914547917
2026-04-30,IWM,0.1743902113
2026-05-01,IWM,0.1739495205
2026-05-04,IWM,0.1690010345
2026-05-05,IWM,0.1705238149
2026-05-06,IWM,0.1662895732
2026-05-07,IWM,0.1730756835
2026-05-08,IWM,0.1742456794
2026-05-11,IWM,0.1682952454
2026-05-12,IWM,0.1651481291
2026-05-13,IWM,0.1515298971
2026-05-14,IWM,0.1514866513
2026-05-15,IWM,0.1519839862
2026-05-18,IWM,0.1747062551
2026-05-19,IWM,0.1748118961
2026-05-20,IWM,0.1776664476
2026-05-21,IWM,0.1778642088
2026-05-22,IWM,0.1729614743
2026-05-25,IWM,0.1722412639
2026-05-26,IWM,0.1765561729
2026-05-27,IWM,0.1886064619
2026-05-28,IWM,0.201227353
2026-05-29,IWM,0.1914965737
2026-06-01,IWM,0.1926400746
2026-06-02,IWM,0.1927786307
2026-06-03,IWM,0.1873897664
2026-06-04,IWM,0.184350177
2026-06-05,IWM,0.1763074022
2026-06-08,IWM,0.189424735
2026-06-09,IWM,0.1894557353
2026-06-10,IWM,0.1997519023
2026-06-11,IWM,0.2281219281
2026-06-12,IWM,0.2352631117
2026-06-15,IWM,0.2344996474
2026-06-16,IWM,0.2191909155
2026-06-17,IWM,0.2198276274
2026-06-18,IWM,0.2171462604
2026-06-19,IWM,0.2178121569
2026-06-22,IWM,0.2173876858
2026-06-23,IWM,0.2173273233
2026-06-24,IWM,0.2136385014
2026-06-25,IWM,0.2004370934
2026-06-26,IWM,0.1843241922
2026-06-29,IWM,0.1896840234
2026-06-30,IWM,0.1916877776
2026-07-01,IWM,0.1893733
2026-07-02,IWM,0.1927224277
2026-07-03,IWM,0.1900108655
2021-10-05,LQD,0.1107056749
2021-10-06,LQD,0.1104377245
2021-10-07,LQD,0.0977397153
2021-10-08,LQD,0.1015377944
2021-10-11,LQD,0.0975299123
2021-10-12,LQD,0.0990310427
2021-10-13,LQD,0.0916205259
2021-10-14,LQD,0.0916698915
2021-10-15,LQD,0.0866587198
2021-10-18,LQD,0.0860244483
2021-10-19,LQD,0.0832220283
2021-10-20,LQD,0.0847909601
2021-10-21,LQD,0.0843132054
2021-10-22,LQD,0.0838961565
2021-10-25,LQD,0.0853256901
2021-10-26,LQD,0.0892541769
2021-10-27,LQD,0.087947243
2021-10-28,LQD,0.0887618245
2021-10-29,LQD,0.0932842254
2021-11-01,LQD,0.0916307849
2021-11-02,LQD,0.0794403933
2021-11-03,LQD,0.0793529043
2021-11-04,LQD,0.0818253094
2021-11-05,LQD,0.0815012981
2021-11-08,LQD,0.0771345319
2021-11-09,LQD,0.0711117264
2021-11-10,LQD,0.0689548588
2021-11-11,LQD,0.0700902491
2021-11-12,LQD,0.0760138721
2021-11-15,LQD,0.0769228969
2021-11-16,LQD,0.0769242388
2021-11-17,LQD,0.0740161282
2021-11-18,LQD,0.0731469245
2021-11-19,LQD,0.0750528385
2021-11-22,LQD,0.0778738853
2021-11-23,LQD,0.0777402639
2021-11-24,LQD,0.074642722
2021-11-25,LQD,0.0794396879
2021-11-26,LQD,0.0829594374
2021-11-29,LQD,0.0835643689
2021-11-30,LQD,0.0855123505
2021-12-01,LQD,0.0860567158
2021-12-02,LQD,0.0858099917
2021-12-03,LQD,0.0814773701
2021-12-06,LQD,0.0825817416
2021-12-07,LQD,0.0829230021
2021-12-08,LQD,0.0845514079
2021-12-09,LQD,0.0831179163
2021-12-10,LQD,0.082928367
2021-12-13,LQD,0.0796478451
2021-12-14,LQD,0.0795457359
2021-12-15,LQD,0.0818983574
2021-12-16,LQD,0.0818668155
2021-12-17,LQD,0.0799421244
2021-12-20,LQD,0.0872781616
2021-12-21,LQD,0.0842934098
2021-12-22,LQD,0.0798976523
2021-12-23,LQD,0.0803548119
2021-12-24,LQD,0.0788064812
2021-12-27,LQD,0.0760166668
2021-12-28,LQD,0.074051898
2021-12-29,LQD,0.0700564642
2021-12-30,LQD,0.0660699298
2021-12-31,LQD,0.0646270639
2022-01-03,LQD,0.0642440495
2022-01-04,LQD,0.0770730313
2022-01-05,LQD,0.0770002339
2022-01-06,LQD,0.076062111
2022-01-07,LQD,0.0758841229
2022-01-10,LQD,0.0773272828
2022-01-11,LQD,0.0776123843
2022-01-12,LQD,0.078550674
2022-01-13,LQD,0.0789182697
2022-01-14,LQD,0.081347509
2022-01-17,LQD,0.0827556938
2022-01-18,LQD,0.0804533274
2022-01-19,LQD,0.0821354731
2022-01-20,LQD,0.0885813857
2022-01-21,LQD,0.0882927436
2022-01-24,LQD,0.0835562343
2022-01-25,LQD,0.0856469454
2022-01-26,LQD,0.0833646985
2022-01-27,LQD,0.0819704489
2022-01-28,LQD,0.0868853473
2022-01-31,LQD,0.0878443646
2022-02-01,LQD,0.0893967033
2022-02-02,LQD,0.0818485947
2022-02-03,LQD,0.0832256773
2022-02-04,LQD,0.0831486536
2022-02-07,LQD,0.0848093221
2022-02-08,LQD,0.083390069
2022-02-09,LQD,0.0834984043
2022-02-10,LQD,0.0830116822
2022-02-11,LQD,0.0807952929
2022-02-14,LQD,0.0771508407
2022-02-15,LQD,0.0740516214
2022-02-16,LQD,0.0716051163
2022-02-17,LQD,0.0698896306
2022-02-18,LQD,0.0668294665
2022-02-21,LQD,0.068890254
2022-02-22,LQD,0.076813366
2022-02-23,LQD,0.0778018588
2022-02-24,LQD,0.0736940397
2022-02-25,LQD,0.0737123566
2022-02-28,LQD,0.0701955009
2022-03-01,LQD,0.0839536752
2022-03-02,LQD,0.0828169038
2022-03-03,LQD,0.0919171774
2022-03-04,LQD,0.0943639179
2022-03-07,LQD,0.0941786948
2022-03-08,LQD,0.0938130557
2022-03-09,LQD,0.0951318038
2022-03-10,LQD,0.1086393979
2022-03-11,LQD,0.1084893449
2022-03-14,LQD,0.1060153725
2022-03-15,LQD,0.1061140666
2022-03-16,LQD,0.1073485703
2022-03-17,LQD,0.1073353186
2022-03-18,LQD,0.1135520059
2022-03-21,LQD,0.1132109729
2022-03-22,LQD,0.1147860469
2022-03-23,LQD,0.109598572
2022-03-24,LQD,0.1077267544
2022-03-25,LQD,0.1077421606
2022-03-28,LQD,0.1118635052
2022-03-29,LQD,0.1202060818
2022-03-30,LQD,0.1128518254
2022-03-31,LQD,0.1146339706
2022-04-01,LQD,0.105964076
2022-04-04,LQD,0.1089193319
2022-04-05,LQD,0.1127579695
2022-04-06,LQD,0.111912447
2022-04-07,LQD,0.112288489
2022-04-08,LQD,0.0997363912
2022-04-11,LQD,0.0992378937
2022-04-12,LQD,0.1019108395
2022-04-13,LQD,0.1020986548
2022-04-14,LQD,0.1033496037
2022-04-15,LQD,0.1081733927
2022-04-18,LQD,0.0976314932
2022-04-19,LQD,0.098302023
2022-04-20,LQD,0.097050587
2022-04-21,LQD,0.099144293
2022-04-22,LQD,0.099106563
2022-04-25,LQD,0.0988973616
2022-04-26,LQD,0.0927091431
2022-04-27,LQD,0.0838105128
2022-04-28,LQD,0.0833631468
2022-04-29,LQD,0.0812752173
2022-05-02,LQD,0.0834904089
2022-05-03,LQD,0.0750859283
2022-05-04,LQD,0.0676354885
2022-05-05,LQD,0.0697528489
2022-05-06,LQD,0.0689333218
2022-05-09,LQD,0.0695582859
2022-05-10,LQD,0.0708048235
2022-05-11,LQD,0.0670293472
2022-05-12,LQD,0.0699394716
2022-05-13,LQD,0.0672109649
2022-05-16,LQD,0.0611925435
2022-05-17,LQD,0.0617946986
2022-05-18,LQD,0.0644744347
2022-05-19,LQD,0.0645511584
2022-05-20,LQD,0.0638114536
2022-05-23,LQD,0.0667240816
2022-05-24,LQD,0.0747217646
2022-05-25,LQD,0.0767211099
2022-05-26,LQD,0.0782610649
2022-05-27,LQD,0.0763494296
2022-05-30,LQD,0.0790147568
2022-05-31,LQD,0.077624678
2022-06-01,LQD,0.0776141646
2022-06-02,LQD,0.0792081763
2022-06-03,LQD,0.0762338256
2022-06-06,LQD,0.0779159967
2022-06-07,LQD,0.0790693335
2022-06-08,LQD,0.0807197121
2022-06-09,LQD,0.0817843343
2022-06-10,LQD,0.0805917689
2022-06-13,LQD,0.0799146615
2022-06-14,LQD,0.0794103084
2022-06-15,LQD,0.0801544793
2022-06-16,LQD,0.0808065558
2022-06-17,LQD,0.0820350093
2022-06-20,LQD,0.0850617307
2022-06-21,LQD,0.0852403303
2022-06-22,LQD,0.0799874459
2022-06-23,LQD,0.0781371605
2022-06-24,LQD,0.0752939488
2022-06-27,LQD,0.0738900032
2022-06-28,LQD,0.0727141385
2022-06-29,LQD,0.0766268542
2022-06-30,LQD,0.0770753246
2022-07-01,LQD,0.0803075541
2022-07-04,LQD,0.079604172
2022-07-05,LQD,0.0826687116
2022-07-06,LQD,0.0824321169
2022-07-07,LQD,0.0798280118
2022-07-08,LQD,0.0782322695
2022-07-11,LQD,0.0779777926
2022-07-12,LQD,0.0777902477
2022-07-13,LQD,0.0911552858
2022-07-14,LQD,0.0898797114
2022-07-15,LQD,0.0881196247
2022-07-18,LQD,0.0861042137
2022-07-19,LQD,0.0805811053
2022-07-20,LQD,0.0802012551
2022-07-21,LQD,0.0793038578
2022-07-22,LQD,0.0818593248
2022-07-25,LQD,0.0824488164
2022-07-26,LQD,0.0823478117
2022-07-27,LQD,0.0835727892
2022-07-28,LQD,0.0808340165
2022-07-29,LQD,0.0899172294
2022-08-01,LQD,0.0885203089
2022-08-02,LQD,0.0943004496
2022-08-03,LQD,0.0920167162
2022-08-04,LQD,0.0918133146
2022-08-05,LQD,0.0904451438
2022-08-08,LQD,0.0899060655
2022-08-09,LQD,0.09384703
2022-08-10,LQD,0.1049533697
2022-08-11,LQD,0.0950950795
2022-08-12,LQD,0.0950664478
2022-08-15,LQD,0.0941371573
2022-08-16,LQD,0.0936950665
2022-08-17,LQD,0.093099819
2022-08-18,LQD,0.0958230592
2022-08-19,LQD,0.0958625741
2022-08-22,LQD,0.0945936827
2022-08-23,LQD,0.0943508771
2022-08-24,LQD,0.0976158256
2022-08-25,LQD,0.0932140052
2022-08-26,LQD,0.0942256694
2022-08-29,LQD,0.0900990155
2022-08-30,LQD,0.0860126989
2022-08-31,LQD,0.0829960591
2022-09-01,LQD,0.082140505
2022-09-02,LQD,0.0822571199
2022-09-05,LQD,0.0846919141
2022-09-06,LQD,0.0894662295
2022-09-07,LQD,0.0868832102
2022-09-08,LQD,0.0994682408
2022-09-09,LQD,0.1027158185
2022-09-12,LQD,0.1016103793
2022-09-13,LQD,0.1130786726
2022-09-14,LQD,0.1170728119
2022-09-15,LQD,0.1224445991
2022-09-16,LQD,0.1224299096
2022-09-19,LQD,0.1232352992
2022-09-20,LQD,0.1218239622
2022-09-21,LQD,0.1217929497
2022-09-22,LQD,0.118440679
2022-09-23,LQD,0.1184877784
2022-09-26,LQD,0.1262690304
2022-09-27,LQD,0.1259702891
2022-09-28,LQD,0.1261828189
2022-09-29,LQD,0.1250641183
2022-09-30,LQD,0.1254915734
2022-10-03,LQD,0.1254502008
2022-10-04,LQD,0.1243151156
2022-10-05,LQD,0.1225912037
2022-10-06,LQD,0.1222520374
2022-10-07,LQD,0.0998896461
2022-10-10,LQD,0.0951580653
2022-10-11,LQD,0.0954318753
2022-10-12,LQD,0.0852685872
2022-10-13,LQD,0.0805002522
2022-10-14,LQD,0.071822412
2022-10-17,LQD,0.0698232738
2022-10-18,LQD,0.0708410745
2022-10-19,LQD,0.0708398331
2022-10-20,LQD,0.072830517
2022-10-21,LQD,0.0747757576
2022-10-24,LQD,0.0746220132
2022-10-25,LQD,0.0522562999
2022-10-26,LQD,0.0616922637
2022-10-27,LQD,0.0707348678
2022-10-28,LQD,0.0701627758
2022-10-31,LQD,0.0692538272
2022-11-01,LQD,0.0754268631
2022-11-02,LQD,0.077880145
2022-11-03,LQD,0.0768651181
2022-11-04,LQD,0.0763050585
2022-11-07,LQD,0.0781344947
2022-11-08,LQD,0.0784003037
2022-11-09,LQD,0.0775484239
2022-11-10,LQD,0.0769674925
2022-11-11,LQD,0.0784102174
2022-11-14,LQD,0.0815683808
2022-11-15,LQD,0.0817441888
2022-11-16,LQD,0.0849509894
2022-11-17,LQD,0.0889576704
2022-11-18,LQD,0.0879140119
2022-11-21,LQD,0.0900462154
2022-11-22,LQD,0.0961231055
2022-11-23,LQD,0.0950852077
2022-11-24,LQD,0.0964520932
2022-11-25,LQD,0.089554851
2022-11-28,LQD,0.0908024756
2022-11-29,LQD,0.0957100476
2022-11-30,LQD,0.0893569387
2022-12-01,LQD,0.0852747302
2022-12-02,LQD,0.0846480798
2022-12-05,LQD,0.0831319925
2022-12-06,LQD,0.0785804037
2022-12-07,LQD,0.075875041
2022-12-08,LQD,0.0796081737
2022-12-09,LQD,0.0832601653
2022-12-12,LQD,0.0854877507
2022-12-13,LQD,0.0849062737
2022-12-14,LQD,0.0851993598
2022-12-15,LQD,0.0839165868
2022-12-16,LQD,0.0817099567
2022-12-19,LQD,0.0815205682
2022-12-20,LQD,0.0748637348
2022-12-21,LQD,0.0733518603
2022-12-22,LQD,0.0785398925
2022-12-23,LQD,0.0737039766
2022-12-26,LQD,0.0736214961
2022-12-27,LQD,0.0748566656
2022-12-28,LQD,0.0761663452
2022-12-29,LQD,0.0778606064
2022-12-30,LQD,0.0815562659
2023-01-02,LQD,0.0814681257
2023-01-03,LQD,0.0844979571
2023-01-04,LQD,0.0950886984
2023-01-05,LQD,0.0963427459
2023-01-06,LQD,0.0975807317
2023-01-09,LQD,0.0930411521
2023-01-10,LQD,0.0932314196
2023-01-11,LQD,0.0949063489
2023-01-12,LQD,0.0952615782
2023-01-13,LQD,0.0946954525
2023-01-16,LQD,0.0939219418
2023-01-17,LQD,0.0935686444
2023-01-18,LQD,0.0934763473
2023-01-19,LQD,0.0885073362
2023-01-20,LQD,0.08632958
2023-01-23,LQD,0.0774446634
2023-01-24,LQD,0.0782702599
2023-01-25,LQD,0.0782781757
2023-01-26,LQD,0.0967355161
2023-01-27,LQD,0.0937747393
2023-01-30,LQD,0.0956998335
2023-01-31,LQD,0.0953478542
2023-02-01,LQD,0.0938986329
2023-02-02,LQD,0.0835167784
2023-02-03,LQD,0.0943242532
2023-02-06,LQD,0.0970492046
2023-02-07,LQD,0.0959282232
2023-02-08,LQD,0.0948786454
2023-02-09,LQD,0.0924273094
2023-02-10,LQD,0.0977518367
2023-02-13,LQD,0.0980563043
2023-02-14,LQD,0.1106727822
2023-02-15,LQD,0.1100381686
2023-02-16,LQD,0.1133466841
2023-02-17,LQD,0.1220500575
2023-02-20,LQD,0.122040335
2023-02-21,LQD,0.1210501211
2023-02-22,LQD,0.1212304298
2023-02-23,LQD,0.1213971663
2023-02-24,LQD,0.1091422877
2023-02-27,LQD,0.1123990749
2023-02-28,LQD,0.1092514062
2023-03-01,LQD,0.1099106565
2023-03-02,LQD,0.110955177
2023-03-03,LQD,0.1217275894
2023-03-06,LQD,0.1103462161
2023-03-07,LQD,0.108402927
2023-03-08,LQD,0.1115289962
2023-03-09,LQD,0.1114261004
2023-03-10,LQD,0.1133801185
2023-03-13,LQD,0.1098517634
2023-03-14,LQD,0.1127952575
2023-03-15,LQD,0.1000327204
2023-03-16,LQD,0.100328252
2023-03-17,LQD,0.0951243249
2023-03-20,LQD,0.081583842
2023-03-21,LQD,0.0855524063
2023-03-22,LQD,0.0863712423
2023-03-23,LQD,0.0860832285
2023-03-24,LQD,0.0864178934
2023-03-27,LQD,0.0867031081
2023-03-28,LQD,0.0794741304
2023-03-29,LQD,0.0793793552
2023-03-30,LQD,0.0793896753
2023-03-31,LQD,0.086520311
2023-04-03,LQD,0.0740154276
2023-04-04,LQD,0.0747544068
2023-04-05,LQD,0.0748560712
2023-04-06,LQD,0.0712226556
2023-04-07,LQD,0.0723880561
2023-04-10,LQD,0.0713833411
2023-04-11,LQD,0.0764081699
2023-04-12,LQD,0.0733552658
2023-04-13,LQD,0.0735568529
2023-04-14,LQD,0.0809116375
2023-04-17,LQD,0.0806060573
2023-04-18,LQD,0.0789050149
2023-04-19,LQD,0.0739647521
2023-04-20,LQD,0.0729630045
2023-04-21,LQD,0.0749371818
2023-04-24,LQD,0.0753186342
2023-04-25,LQD,0.0731343041
2023-04-26,LQD,0.0733082602
2023-04-27,LQD,0.0748197519
2023-04-28,LQD,0.0808424251
2023-05-01,LQD,0.0772417726
2023-05-02,LQD,0.0759226219
2023-05-03,LQD,0.0761644652
2023-05-04,LQD,0.0775939822
2023-05-05,LQD,0.0819183184
2023-05-08,LQD,0.0799336649
2023-05-09,LQD,0.0774454074
2023-05-10,LQD,0.0743576537
2023-05-11,LQD,0.0753612455
2023-05-12,LQD,0.0759887681
2023-05-15,LQD,0.0760449423
2023-05-16,LQD,0.0760431046
2023-05-17,LQD,0.0760578061
2023-05-18,LQD,0.0813388272
2023-05-19,LQD,0.0817053628
2023-05-22,LQD,0.0800550956
2023-05-23,LQD,0.0797817957
2023-05-24,LQD,0.0864833847
2023-05-25,LQD,0.084741045
2023-05-26,LQD,0.0842396095
2023-05-29,LQD,0.0875157866
2023-05-30,LQD,0.0827953228
2023-05-31,LQD,0.0834196174
2023-06-01,LQD,0.0983015327
2023-06-02,LQD,0.0984877749
2023-06-05,LQD,0.0921265032
2023-06-06,LQD,0.0921838615
2023-06-07,LQD,0.0930039858
2023-06-08,LQD,0.1049656389
2023-06-09,LQD,0.1050031823
2023-06-12,LQD,0.1082220812
2023-06-13,LQD,0.1152499194
2023-06-14,LQD,0.1150950249
2023-06-15,LQD,0.1141338943
2023-06-16,LQD,0.1131909353
2023-06-19,LQD,0.1128989186
2023-06-20,LQD,0.1155391709
2023-06-21,LQD,0.1165525767
2023-06-22,LQD,0.1127535008
2023-06-23,LQD,0.1145883993
2023-06-26,LQD,0.1148803218
2023-06-27,LQD,0.1151170693
2023-06-28,LQD,0.1134266347
2023-06-29,LQD,0.1148858618
2023-06-30,LQD,0.1038680987
2023-07-03,LQD,0.1035413554
2023-07-04,LQD,0.106365617
2023-07-05,LQD,0.1057332037
2023-07-06,LQD,0.1053903194
2023-07-07,LQD,0.0922110323
2023-07-10,LQD,0.0898223083
2023-07-11,LQD,0.085523418
2023-07-12,LQD,0.0725489828
2023-07-13,LQD,0.1001353695
2023-07-14,LQD,0.0997402118
2023-07-17,LQD,0.0984823606
2023-07-18,LQD,0.1030312966
2023-07-19,LQD,0.099930578
2023-07-20,LQD,0.09790551
2023-07-21,LQD,0.0981402605
2023-07-24,LQD,0.0995212519
2023-07-25,LQD,0.0983008409
2023-07-26,LQD,0.0942541693
2023-07-27,LQD,0.0949689694
2023-07-28,LQD,0.090862035
2023-07-31,LQD,0.0897773091
2023-08-01,LQD,0.0900412067
2023-08-02,LQD,0.0860682479
2023-08-03,LQD,0.0862389857
2023-08-04,LQD,0.0857956545
2023-08-07,LQD,0.0854556276
2023-08-08,LQD,0.0889228246
2023-08-09,LQD,0.0901010642
2023-08-10,LQD,0.0921621149
2023-08-11,LQD,0.0732436836
2023-08-14,LQD,0.0795055481
2023-08-15,LQD,0.0798105922
2023-08-16,LQD,0.0766973551
2023-08-17,LQD,0.090322371
2023-08-18,LQD,0.1193865444
2023-08-21,LQD,0.1210390505
2023-08-22,LQD,0.1180763181
2023-08-23,LQD,0.1240451509
2023-08-24,LQD,0.1270471352
2023-08-25,LQD,0.1263896149
2023-08-28,LQD,0.1279970524
2023-08-29,LQD,0.1296649145
2023-08-30,LQD,0.1293786246
2023-08-31,LQD,0.1291655392
2023-09-01,LQD,0.1294375019
2023-09-04,LQD,0.1299887297
2023-09-05,LQD,0.1304605898
2023-09-06,LQD,0.1321128805
2023-09-07,LQD,0.1319998687
2023-09-08,LQD,0.1317276604
2023-09-11,LQD,0.1292086348
2023-09-12,LQD,0.1270281335
2023-09-13,LQD,0.1234107042
2023-09-14,LQD,0.1240101662
2023-09-15,LQD,0.1216576923
2023-09-18,LQD,0.0961795676
2023-09-19,LQD,0.0953665164
2023-09-20,LQD,0.099600707
2023-09-21,LQD,0.0933201296
2023-09-22,LQD,0.0851594831
2023-09-25,LQD,0.0851211385
2023-09-26,LQD,0.0898320706
2023-09-27,LQD,0.0880824538
2023-09-28,LQD,0.0920542702
2023-09-29,LQD,0.0913285256
2023-10-02,LQD,0.0910900237
2023-10-03,LQD,0.1075755418
2023-10-04,LQD,0.1072805648
2023-10-05,LQD,0.1004562295
2023-10-06,LQD,0.1141351449
2023-10-09,LQD,0.1148851372
2023-10-10,LQD,0.1172701508
2023-10-11,LQD,0.115956923
2023-10-12,LQD,0.11617891
2023-10-13,LQD,0.1206544356
2023-10-16,LQD,0.1169965659
2023-10-17,LQD,0.1239306317
2023-10-18,LQD,0.1241112323
2023-10-19,LQD,0.1192962594
2023-10-20,LQD,0.1194158664
2023-10-23,LQD,0.1196647534
2023-10-24,LQD,0.1203101846
2023-10-25,LQD,0.1133160614
2023-10-26,LQD,0.1132043835
2023-10-27,LQD,0.1170466074
2023-10-30,LQD,0.1198305184
2023-10-31,LQD,0.1204391987
2023-11-01,LQD,0.1008144799
2023-11-02,LQD,0.100259542
2023-11-03,LQD,0.1005743183
2023-11-06,LQD,0.0913441425
2023-11-07,LQD,0.0894422141
2023-11-08,LQD,0.0827726267
2023-11-09,LQD,0.0850257425
2023-11-10,LQD,0.0872833538
2023-11-13,LQD,0.0821033266
2023-11-14,LQD,0.0833330366
2023-11-15,LQD,0.0727871694
2023-11-16,LQD,0.0719671259
2023-11-17,LQD,0.0721235393
2023-11-20,LQD,0.0718565549
2023-11-21,LQD,0.0709640399
2023-11-22,LQD,0.0729821404
2023-11-23,LQD,0.0742337862
2023-11-24,LQD,0.0791710168
2023-11-27,LQD,0.0874122458
2023-11-28,LQD,0.0841125231
2023-11-29,LQD,0.0839487855
2023-11-30,LQD,0.0855729294
2023-12-01,LQD,0.0860030416
2023-12-04,LQD,0.087505091
2023-12-05,LQD,0.0992178901
2023-12-06,LQD,0.0993574531
2023-12-07,LQD,0.1026253166
2023-12-08,LQD,0.0988036459
2023-12-11,LQD,0.096810954
2023-12-12,LQD,0.0972249796
2023-12-13,LQD,0.0947643569
2023-12-14,LQD,0.095092109
2023-12-15,LQD,0.0953366866
2023-12-18,LQD,0.099747885
2023-12-19,LQD,0.102216027
2023-12-20,LQD,0.1020035916
2023-12-21,LQD,0.1041346227
2023-12-22,LQD,0.1011015856
2023-12-25,LQD,0.0912347943
2023-12-26,LQD,0.0822607934
2023-12-27,LQD,0.0952626187
2023-12-28,LQD,0.1127008062
2023-12-29,LQD,0.1127902924
2024-01-01,LQD,0.1128610138
2024-01-02,LQD,0.1149392606
2024-01-03,LQD,0.1039181857
2024-01-04,LQD,0.1055848315
2024-01-05,LQD,0.1071900969
2024-01-08,LQD,0.1076325491
2024-01-09,LQD,0.1057105589
2024-01-10,LQD,0.108210522
2024-01-11,LQD,0.1082095655
2024-01-12,LQD,0.1094386222
2024-01-15,LQD,0.1155101516
2024-01-16,LQD,0.1153338571
2024-01-17,LQD,0.1119926999
2024-01-18,LQD,0.1127205248
2024-01-19,LQD,0.1041914683
2024-01-22,LQD,0.1041786198
2024-01-23,LQD,0.1097938068
2024-01-24,LQD,0.1101726351
2024-01-25,LQD,0.1034802261
2024-01-26,LQD,0.0847000045
2024-01-29,LQD,0.0949646744
2024-01-30,LQD,0.0944875068
2024-01-31,LQD,0.0912116619
2024-02-01,LQD,0.0925290948
2024-02-02,LQD,0.0967467141
2024-02-05,LQD,0.0930224703
2024-02-06,LQD,0.0929404462
2024-02-07,LQD,0.0932644626
2024-02-08,LQD,0.1007368669
2024-02-09,LQD,0.1050753486
2024-02-12,LQD,0.1046509998
2024-02-13,LQD,0.0995066688
2024-02-14,LQD,0.1111441506
2024-02-15,LQD,0.1110619963
2024-02-16,LQD,0.1119618941
2024-02-19,LQD,0.1130351707
2024-02-20,LQD,0.1284468479
2024-02-21,LQD,0.1252568807
2024-02-22,LQD,0.1242657861
2024-02-23,LQD,0.1230635728
2024-02-26,LQD,0.1254183829
2024-02-27,LQD,0.1190649132
2024-02-28,LQD,0.1191196394
2024-02-29,LQD,0.1181777417
2024-03-01,LQD,0.1208050881
2024-03-04,LQD,0.123239528
2024-03-05,LQD,0.123126323
2024-03-06,LQD,0.1230633827
2024-03-07,LQD,0.1234145673
2024-03-08,LQD,0.1179895433
2024-03-11,LQD,0.1148823189
2024-03-12,LQD,0.1137220734
2024-03-13,LQD,0.1269661476
2024-03-14,LQD,0.1163562701
2024-03-15,LQD,0.116741233
2024-03-18,LQD,0.116763283
2024-03-19,LQD,0.114828013
2024-03-20,LQD,0.0983875091
2024-03-21,LQD,0.0989487743
2024-03-22,LQD,0.1008753038
2024-03-25,LQD,0.1029117948
2024-03-26,LQD,0.1086709688
2024-03-27,LQD,0.1249842987
2024-03-28,LQD,0.1258281067
2024-03-29,LQD,0.1335733629
2024-04-01,LQD,0.1316114425
2024-04-02,LQD,0.1289209726
2024-04-03,LQD,0.1344733593
2024-04-04,LQD,0.1330672665
2024-04-05,LQD,0.133140433
2024-04-08,LQD,0.1334733878
2024-04-09,LQD,0.1347547457
2024-04-10,LQD,0.1379218399
2024-04-11,LQD,0.1270338346
2024-04-12,LQD,0.1223827937
2024-04-15,LQD,0.1220792653
2024-04-16,LQD,0.1302476064
2024-04-17,LQD,0.1313724422
2024-04-18,LQD,0.1299585064
2024-04-19,LQD,0.1326196825
2024-04-22,LQD,0.1290250096
2024-04-23,LQD,0.1229591666
2024-04-24,LQD,0.1185270389
2024-04-25,LQD,0.1085163241
2024-04-26,LQD,0.1081865341
2024-04-29,LQD,0.0965980975
2024-04-30,LQD,0.1039801731
2024-05-01,LQD,0.1036301261
2024-05-02,LQD,0.0997077879
2024-05-03,LQD,0.1027345118
2024-05-06,LQD,0.1032478521
2024-05-07,LQD,0.1061069234
2024-05-08,LQD,0.1055234512
2024-05-09,LQD,0.0995551619
2024-05-10,LQD,0.0983915214
2024-05-13,LQD,0.0978626159
2024-05-14,LQD,0.0968327657
2024-05-15,LQD,0.0871997835
2024-05-16,LQD,0.0988645767
2024-05-17,LQD,0.100213493
2024-05-20,LQD,0.1001663077
2024-05-21,LQD,0.1012302837
2024-05-22,LQD,0.10128233
2024-05-23,LQD,0.1008094022
2024-05-24,LQD,0.1023817777
2024-05-27,LQD,0.1038541803
2024-05-28,LQD,0.1015654765
2024-05-29,LQD,0.0920900852
2024-05-30,LQD,0.0808479521
2024-05-31,LQD,0.0808169659
2024-06-03,LQD,0.0829009136
2024-06-04,LQD,0.0821275968
2024-06-05,LQD,0.0762023323
2024-06-06,LQD,0.0785951573
2024-06-07,LQD,0.073907173
2024-06-10,LQD,0.0814247773
2024-06-11,LQD,0.0796738709
2024-06-12,LQD,0.0804800571
2024-06-13,LQD,0.0793145639
2024-06-14,LQD,0.0737400915
2024-06-17,LQD,0.0742456517
2024-06-18,LQD,0.0704947657
2024-06-19,LQD,0.0738353022
2024-06-20,LQD,0.0743336799
2024-06-21,LQD,0.0746282422
2024-06-24,LQD,0.0724619575
2024-06-25,LQD,0.0721576086
2024-06-26,LQD,0.0721150478
2024-06-27,LQD,0.075595046
2024-06-28,LQD,0.0754814642
2024-07-01,LQD,0.0754501882
2024-07-02,LQD,0.0871350406
2024-07-03,LQD,0.0868415548
2024-07-04,LQD,0.0865752622
2024-07-05,LQD,0.0846826669
2024-07-08,LQD,0.0861876726
2024-07-09,LQD,0.0765493704
2024-07-10,LQD,0.0768420958
2024-07-11,LQD,0.072663023
2024-07-12,LQD,0.0741663633
2024-07-15,LQD,0.0684699768
2024-07-16,LQD,0.0722915449
2024-07-17,LQD,0.0715599705
2024-07-18,LQD,0.0701125847
2024-07-19,LQD,0.0705544023
2024-07-22,LQD,0.0741983748
2024-07-23,LQD,0.0730322202
2024-07-24,LQD,0.0795533576
2024-07-25,LQD,0.0794494709
2024-07-26,LQD,0.077552496
2024-07-29,LQD,0.0768808587
2024-07-30,LQD,0.0768747251
2024-07-31,LQD,0.0620972612
2024-08-01,LQD,0.0610383435
2024-08-02,LQD,0.0679551001
2024-08-05,LQD,0.0715238103
2024-08-06,LQD,0.0730986352
2024-08-07,LQD,0.0714442168
2024-08-08,LQD,0.0725285566
2024-08-09,LQD,0.0813170605
2024-08-12,LQD,0.0832206087
2024-08-13,LQD,0.0839827145
2024-08-14,LQD,0.0837115262
2024-08-15,LQD,0.0839890867
2024-08-16,LQD,0.0835726614
2024-08-19,LQD,0.088207006
2024-08-20,LQD,0.0794582362
2024-08-21,LQD,0.0816967272
2024-08-22,LQD,0.0800474419
2024-08-23,LQD,0.0822802704
2024-08-26,LQD,0.0894507742
2024-08-27,LQD,0.0875720163
2024-08-28,LQD,0.090935382
2024-08-29,LQD,0.0886288869
2024-08-30,LQD,0.0886994806
2024-09-02,LQD,0.0872393947
2024-09-03,LQD,0.0890861324
2024-09-04,LQD,0.0895788073
2024-09-05,LQD,0.0899774678
2024-09-06,LQD,0.089332072
2024-09-09,LQD,0.08595271
2024-09-10,LQD,0.0827066882
2024-09-11,LQD,0.0830459812
2024-09-12,LQD,0.0848429278
2024-09-13,LQD,0.0833023534
2024-09-16,LQD,0.0976666225
2024-09-17,LQD,0.0950191905
2024-09-18,LQD,0.0951809042
2024-09-19,LQD,0.0961070943
2024-09-20,LQD,0.0957208449
2024-09-23,LQD,0.094851182
2024-09-24,LQD,0.0834198292
2024-09-25,LQD,0.0830341915
2024-09-26,LQD,0.0825783289
2024-09-27,LQD,0.0824117224
2024-09-30,LQD,0.0804102349
2024-10-01,LQD,0.0833754925
2024-10-02,LQD,0.0831074053
2024-10-03,LQD,0.0827649281
2024-10-04,LQD,0.0831004948
2024-10-07,LQD,0.0855929386
2024-10-08,LQD,0.0810494502
2024-10-09,LQD,0.0769352509
2024-10-10,LQD,0.0826109272
2024-10-11,LQD,0.0817253291
2024-10-14,LQD,0.0827862186
2024-10-15,LQD,0.0696811584
2024-10-16,LQD,0.0694754785
2024-10-17,LQD,0.0719743682
2024-10-18,LQD,0.0740362178
2024-10-21,LQD,0.0786823487
2024-10-22,LQD,0.0765264088
2024-10-23,LQD,0.0835483893
2024-10-24,LQD,0.0836436686
2024-10-25,LQD,0.0815164501
2024-10-28,LQD,0.0828621627
2024-10-29,LQD,0.0831071485
2024-10-30,LQD,0.0794448671
2024-10-31,LQD,0.0789227579
2024-11-01,LQD,0.0799655699
2024-11-04,LQD,0.0798564588
2024-11-05,LQD,0.0788108254
2024-11-06,LQD,0.0781723704
2024-11-07,LQD,0.0792453335
2024-11-08,LQD,0.07120553
2024-11-11,LQD,0.0711733828
2024-11-12,LQD,0.0707878083
2024-11-13,LQD,0.0705568426
2024-11-14,LQD,0.0713426319
2024-11-15,LQD,0.0682823624
2024-11-18,LQD,0.0634467433
2024-11-19,LQD,0.0573908327
2024-11-20,LQD,0.0592667036
2024-11-21,LQD,0.0509544081
2024-11-22,LQD,0.0506911138
2024-11-25,LQD,0.0500151539
2024-11-26,LQD,0.0473114542
2024-11-27,LQD,0.047451335
2024-11-28,LQD,0.0492235363
2024-11-29,LQD,0.0556143769
2024-12-02,LQD,0.0541443639
2024-12-03,LQD,0.0540951394
2024-12-04,LQD,0.0529963237
2024-12-05,LQD,0.0545729229
2024-12-06,LQD,0.0576325166
2024-12-09,LQD,0.0685040893
2024-12-10,LQD,0.0655727541
2024-12-11,LQD,0.082179598
2024-12-12,LQD,0.081245433
2024-12-13,LQD,0.0799498354
2024-12-16,LQD,0.0814149252
2024-12-17,LQD,0.0942126129
2024-12-18,LQD,0.092543378
2024-12-19,LQD,0.0890276885
2024-12-20,LQD,0.0883119033
2024-12-23,LQD,0.090385229
2024-12-24,LQD,0.0902404254
2024-12-25,LQD,0.0903824727
2024-12-26,LQD,0.0907299313
2024-12-27,LQD,0.0871404643
2024-12-30,LQD,0.0859903393
2024-12-31,LQD,0.0872774371
2025-01-01,LQD,0.0854824529
2025-01-02,LQD,0.0908460941
2025-01-03,LQD,0.0874093417
2025-01-06,LQD,0.0866575742
2025-01-07,LQD,0.0860077915
2025-01-08,LQD,0.0852897294
2025-01-09,LQD,0.0776566332
2025-01-10,LQD,0.0903944157
2025-01-13,LQD,0.0908518126
2025-01-14,LQD,0.0992536152
2025-01-15,LQD,0.0853022518
2025-01-16,LQD,0.0902349881
2025-01-17,LQD,0.1028512901
2025-01-20,LQD,0.102296241
2025-01-21,LQD,0.1058390693
2025-01-22,LQD,0.1060091779
2025-01-23,LQD,0.1045929411
2025-01-24,LQD,0.10522033
2025-01-27,LQD,0.1071078227
2025-01-28,LQD,0.1087120285
2025-01-29,LQD,0.1091591348
2025-01-30,LQD,0.108291822
2025-01-31,LQD,0.1073148043
2025-02-03,LQD,0.1063444876
2025-02-04,LQD,0.1068231957
2025-02-05,LQD,0.1117255791
2025-02-06,LQD,0.1125498061
2025-02-07,LQD,0.112595104
2025-02-10,LQD,0.1092284172
2025-02-11,LQD,0.1081247364
2025-02-12,LQD,0.0942828473
2025-02-13,LQD,0.0945588787
2025-02-14,LQD,0.0881787585
2025-02-17,LQD,0.0824623779
2025-02-18,LQD,0.082789994
2025-02-19,LQD,0.0793591537
2025-02-20,LQD,0.0788440894
2025-02-21,LQD,0.0791154015
2025-02-24,LQD,0.0792326709
2025-02-25,LQD,0.0745927453
2025-02-26,LQD,0.0733872616
2025-02-27,LQD,0.0738940345
2025-02-28,LQD,0.0777868901
2025-03-03,LQD,0.0769843879
2025-03-04,LQD,0.0772769704
2025-03-05,LQD,0.0769475154
2025-03-06,LQD,0.0686403573
2025-03-07,LQD,0.0694020035
2025-03-10,LQD,0.074495976
2025-03-11,LQD,0.0737415303
2025-03-12,LQD,0.0734980463
2025-03-13,LQD,0.0738230411
2025-03-14,LQD,0.0736411216
2025-03-17,LQD,0.0731518464
2025-03-18,LQD,0.0703375156
2025-03-19,LQD,0.070889414
2025-03-20,LQD,0.0707919266
2025-03-21,LQD,0.0748049086
2025-03-24,LQD,0.0762221741
2025-03-25,LQD,0.0835810622
2025-03-26,LQD,0.0928240001
2025-03-27,LQD,0.0946758717
2025-03-28,LQD,0.0963868075
2025-03-31,LQD,0.103744354
2025-04-01,LQD,0.1045594231
2025-04-02,LQD,0.1042673493
2025-04-03,LQD,0.103046032
2025-04-04,LQD,0.1058653547
2025-04-07,LQD,0.0992391394
2025-04-08,LQD,0.0914789915
2025-04-09,LQD,0.0985125308
2025-04-10,LQD,0.0991011154
2025-04-11,LQD,0.0974689714
2025-04-14,LQD,0.0974888134
2025-04-15,LQD,0.0919034401
2025-04-16,LQD,0.0980653527
2025-04-17,LQD,0.0980602121
2025-04-18,LQD,0.0971033674
2025-04-21,LQD,0.0880114786
2025-04-22,LQD,0.0896657104
2025-04-23,LQD,0.0875631972
2025-04-24,LQD,0.084088104
2025-04-25,LQD,0.0841376528
2025-04-28,LQD,0.0810463651
2025-04-29,LQD,0.0713433084
2025-04-30,LQD,0.0708629828
2025-05-01,LQD,0.0701039509
2025-05-02,LQD,0.070118031
2025-05-05,LQD,0.0700243619
2025-05-06,LQD,0.0700360748
2025-05-07,LQD,0.0684699664
2025-05-08,LQD,0.0631540566
2025-05-09,LQD,0.0727771532
2025-05-12,LQD,0.0812918405
2025-05-13,LQD,0.0866579616
2025-05-14,LQD,0.0862196554
2025-05-15,LQD,0.0852709509
2025-05-16,LQD,0.0856638115
2025-05-19,LQD,0.0873794725
2025-05-20,LQD,0.0880022824
2025-05-21,LQD,0.0883399269
2025-05-22,LQD,0.0883222317
2025-05-23,LQD,0.0899919512
2025-05-26,LQD,0.0891760493
2025-05-27,LQD,0.0904726454
2025-05-28,LQD,0.0897841829
2025-05-29,LQD,0.0900930808
2025-05-30,LQD,0.0917966923
2025-06-02,LQD,0.094074475
2025-06-03,LQD,0.0924143264
2025-06-04,LQD,0.0932488617
2025-06-05,LQD,0.0927933489
2025-06-06,LQD,0.0908109871
2025-06-09,LQD,0.0848588947
2025-06-10,LQD,0.0774317323
2025-06-11,LQD,0.073038711
2025-06-12,LQD,0.0750525967
2025-06-13,LQD,0.0757426758
2025-06-16,LQD,0.0759256403
2025-06-17,LQD,0.0711752251
2025-06-18,LQD,0.0733312517
2025-06-19,LQD,0.0760510858
2025-06-20,LQD,0.0772256397
2025-06-23,LQD,0.0959589906
2025-06-24,LQD,0.0954581569
2025-06-25,LQD,0.095534551
2025-06-26,LQD,0.0952919858
2025-06-27,LQD,0.0966904088
2025-06-30,LQD,0.0976937496
2025-07-01,LQD,0.096788311
2025-07-02,LQD,0.0972187064
2025-07-03,LQD,0.095662582
2025-07-04,LQD,0.1022272183
2025-07-07,LQD,0.1020356057
2025-07-08,LQD,0.1006270413
2025-07-09,LQD,0.1005446053
2025-07-10,LQD,0.1019681018
2025-07-11,LQD,0.1024995261
2025-07-14,LQD,0.0986830664
2025-07-15,LQD,0.0979394368
2025-07-16,LQD,0.0981986533
2025-07-17,LQD,0.0955535211
2025-07-18,LQD,0.0931064125
2025-07-21,LQD,0.0947833246
2025-07-22,LQD,0.0760611053
2025-07-23,LQD,0.0762049827
2025-07-24,LQD,0.0755821117
2025-07-25,LQD,0.0775710095
2025-07-28,LQD,0.0778364123
2025-07-29,LQD,0.0767676714
2025-07-30,LQD,0.0806865919
2025-07-31,LQD,0.0806832964
2025-08-01,LQD,0.0808516578
2025-08-04,LQD,0.0681115732
2025-08-05,LQD,0.0680454189
2025-08-06,LQD,0.0680123
2025-08-07,LQD,0.0670524443
2025-08-08,LQD,0.0702482994
2025-08-11,LQD,0.0685837529
2025-08-12,LQD,0.0719630269
2025-08-13,LQD,0.0699921554
2025-08-14,LQD,0.0695306023
2025-08-15,LQD,0.0705731402
2025-08-18,LQD,0.0709665248
2025-08-19,LQD,0.0658440191
2025-08-20,LQD,0.0646575818
2025-08-21,LQD,0.0692274351
2025-08-22,LQD,0.0756400331
2025-08-25,LQD,0.0763735376
2025-08-26,LQD,0.0752274674
2025-08-27,LQD,0.0749347043
2025-08-28,LQD,0.0693928446
2025-08-29,LQD,0.0705915548
2025-09-01,LQD,0.0712905534
2025-09-02,LQD,0.0748758321
2025-09-03,LQD,0.075158753
2025-09-04,LQD,0.0777732766
2025-09-05,LQD,0.080592417
2025-09-08,LQD,0.082858974
2025-09-09,LQD,0.0886945898
2025-09-10,LQD,0.0866704499
2025-09-11,LQD,0.0858041737
2025-09-12,LQD,0.0851327761
2025-09-15,LQD,0.0842937277
2025-09-16,LQD,0.0839182213
2025-09-17,LQD,0.0794791539
2025-09-18,LQD,0.0791850666
2025-09-19,LQD,0.0769604527
2025-09-22,LQD,0.0738746866
2025-09-23,LQD,0.0745053934
2025-09-24,LQD,0.0775020973
2025-09-25,LQD,0.0798877921
2025-09-26,LQD,0.0797450286
2025-09-29,LQD,0.0794084367
2025-09-30,LQD,0.0790602199
2025-10-01,LQD,0.0857040132
2025-10-02,LQD,0.0907089834
2025-10-03,LQD,0.0920800658
2025-10-06,LQD,0.0918210238
2025-10-07,LQD,0.0899451933
2025-10-08,LQD,0.0928596577
2025-10-09,LQD,0.0917610327
2025-10-10,LQD,0.0916428978
2025-10-13,LQD,0.0928370896
2025-10-14,LQD,0.0897492068
2025-10-15,LQD,0.0967961513
2025-10-16,LQD,0.0970015498
2025-10-17,LQD,0.0974079815
2025-10-20,LQD,0.1032895102
2025-10-21,LQD,0.1033153791
2025-10-22,LQD,0.1085938674
2025-10-23,LQD,0.1066538981
2025-10-24,LQD,0.1103016664
2025-10-27,LQD,0.1102983871
2025-10-28,LQD,0.1130691477
2025-10-29,LQD,0.1147683643
2025-10-30,LQD,0.106064952
2025-10-31,LQD,0.1044854537
2025-11-03,LQD,0.10368857
2025-11-04,LQD,0.0997408029
2025-11-05,LQD,0.0951511892
2025-11-06,LQD,0.0900923779
2025-11-07,LQD,0.0913374769
2025-11-10,LQD,0.0921877405
2025-11-11,LQD,0.0896953189
2025-11-12,LQD,0.0955108475
2025-11-13,LQD,0.0819693818
2025-11-14,LQD,0.0803628356
2025-11-17,LQD,0.0889081996
2025-11-18,LQD,0.0877026962
2025-11-19,LQD,0.0888984977
2025-11-20,LQD,0.0852508357
2025-11-21,LQD,0.0856501206
2025-11-24,LQD,0.0822626862
2025-11-25,LQD,0.0834783382
2025-11-26,LQD,0.0849811529
2025-11-27,LQD,0.0836050826
2025-11-28,LQD,0.081753974
2025-12-01,LQD,0.0850487593
2025-12-02,LQD,0.0870911668
2025-12-03,LQD,0.0872420472
2025-12-04,LQD,0.086644205
2025-12-05,LQD,0.0880248475
2025-12-08,LQD,0.0897689941
2025-12-09,LQD,0.0889712039
2025-12-10,LQD,0.0977508059
2025-12-11,LQD,0.0955897633
2025-12-12,LQD,0.0983512475
2025-12-15,LQD,0.1004575399
2025-12-16,LQD,0.1037031535
2025-12-17,LQD,0.1024756531
2025-12-18,LQD,0.1029845051
2025-12-19,LQD,0.1038220656
2025-12-22,LQD,0.1030242489
2025-12-23,LQD,0.101678757
2025-12-24,LQD,0.103598869
2025-12-25,LQD,0.1155529316
2025-12-26,LQD,0.1171702344
2025-12-29,LQD,0.1181940806
2025-12-30,LQD,0.1154812799
2025-12-31,LQD,0.1145804093
2026-01-01,LQD,0.1149307709
2026-01-02,LQD,0.1148588865
2026-01-05,LQD,0.1131922001
2026-01-06,LQD,0.1195577681
2026-01-07,LQD,0.1212387119
2026-01-08,LQD,0.114493455
2026-01-09,LQD,0.1206673564
2026-01-12,LQD,0.1250302387
2026-01-13,LQD,0.1226444733
2026-01-14,LQD,0.1157645758
2026-01-15,LQD,0.1210329091
2026-01-16,LQD,0.1231585815
2026-01-19,LQD,0.1226300044
2026-01-20,LQD,0.1226100952
2026-01-21,LQD,0.1226459591
2026-01-22,LQD,0.1198308553
2026-01-23,LQD,0.1043805064
2026-01-26,LQD,0.1051829828
2026-01-27,LQD,0.114528133
2026-01-28,LQD,0.1151985154
2026-01-29,LQD,0.1138165077
2026-01-30,LQD,0.1142101431
2026-02-02,LQD,0.1142307374
2026-02-03,LQD,0.1127122605
2026-02-04,LQD,0.1071602376
2026-02-05,LQD,0.106170305
2026-02-06,LQD,0.1059472948
2026-02-09,LQD,0.1010428929
2026-02-10,LQD,0.0974973547
2026-02-11,LQD,0.1035040701
2026-02-12,LQD,0.1039488742
2026-02-13,LQD,0.0969157202
2026-02-16,LQD,0.0964050572
2026-02-17,LQD,0.0963508324
2026-02-18,LQD,0.0977802386
2026-02-19,LQD,0.0991566238
2026-02-20,LQD,0.1004312581
2026-02-23,LQD,0.1020735369
2026-02-24,LQD,0.1041370078
2026-02-25,LQD,0.091286503
2026-02-26,LQD,0.0905760544
2026-02-27,LQD,0.0911580016
2026-03-02,LQD,0.0884465304
2026-03-03,LQD,0.0906640594
2026-03-04,LQD,0.0908013881
2026-03-05,LQD,0.0943138651
2026-03-06,LQD,0.0948478082
2026-03-09,LQD,0.0925062582
2026-03-10,LQD,0.0908559144
2026-03-11,LQD,0.0882741724
2026-03-12,LQD,0.0803307186
2026-03-13,LQD,0.0805362787
2026-03-16,LQD,0.0802368652
2026-03-17,LQD,0.0825548991
2026-03-18,LQD,0.083437317
2026-03-19,LQD,0.0905067052
2026-03-20,LQD,0.0902618871
2026-03-23,LQD,0.0916121617
2026-03-24,LQD,0.0951452157
2026-03-25,LQD,0.0890691543
2026-03-26,LQD,0.0930177177
2026-03-27,LQD,0.0931487436
2026-03-30,LQD,0.0933779167
2026-03-31,LQD,0.0919877327
2026-04-01,LQD,0.0977840718
2026-04-02,LQD,0.0985659273
2026-04-03,LQD,0.1000677137
2026-04-06,LQD,0.0995336708
2026-04-07,LQD,0.1007587816
2026-04-08,LQD,0.1010061428
2026-04-09,LQD,0.1003144439
2026-04-10,LQD,0.0998106382
2026-04-13,LQD,0.0990401862
2026-04-14,LQD,0.0994165341
2026-04-15,LQD,0.0970533879
2026-04-16,LQD,0.0990900856
2026-04-17,LQD,0.0873934071
2026-04-20,LQD,0.0872121332
2026-04-21,LQD,0.0848969288
2026-04-22,LQD,0.0826701166
2026-04-23,LQD,0.0821780928
2026-04-24,LQD,0.0775757324
2026-04-27,LQD,0.0866684265
2026-04-28,LQD,0.0880249293
2026-04-29,LQD,0.0806561685
2026-04-30,LQD,0.0767920083
2026-05-01,LQD,0.071312109
2026-05-04,LQD,0.0695605562
2026-05-05,LQD,0.0730310496
2026-05-06,LQD,0.0732939374
2026-05-07,LQD,0.0786401037
2026-05-08,LQD,0.0830508673
2026-05-11,LQD,0.0849097757
2026-05-12,LQD,0.0827654155
2026-05-13,LQD,0.0818878913
2026-05-14,LQD,0.0835221536
2026-05-15,LQD,0.0869295821
2026-05-18,LQD,0.0936057066
2026-05-19,LQD,0.0945989967
2026-05-20,LQD,0.0953940689
2026-05-21,LQD,0.0921706803
2026-05-22,LQD,0.0926616495
2026-05-25,LQD,0.0909514771
2026-05-26,LQD,0.0890432782
2026-05-27,LQD,0.08878595
2026-05-28,LQD,0.098207615
2026-05-29,LQD,0.0998376954
2026-06-01,LQD,0.1080999553
2026-06-02,LQD,0.1125457443
2026-06-03,LQD,0.107533153
2026-06-04,LQD,0.106778009
2026-06-05,LQD,0.1011252978
2026-06-08,LQD,0.0919417088
2026-06-09,LQD,0.0934701648
2026-06-10,LQD,0.1003608371
2026-06-11,LQD,0.0957435024
2026-06-12,LQD,0.0897380623
2026-06-15,LQD,0.0894533035
2026-06-16,LQD,0.0872046813
2026-06-17,LQD,0.0960336943
2026-06-18,LQD,0.094629461
2026-06-19,LQD,0.0946294622
2026-06-22,LQD,0.097032347
2026-06-23,LQD,0.0969816761
2026-06-24,LQD,0.0969498817
2026-06-25,LQD,0.1008308199
2026-06-26,LQD,0.0945152533
2026-06-29,LQD,0.0918218359
2026-06-30,LQD,0.0817625408
2026-07-01,LQD,0.0744435793
2026-07-02,LQD,0.0765879257
2026-07-03,LQD,0.0765011298
2021-10-05,QQQ,0.2597640548
2021-10-06,QQQ,0.251018344
2021-10-07,QQQ,0.2513967025
2021-10-08,QQQ,0.2595501721
2021-10-11,QQQ,0.2559204097
2021-10-12,QQQ,0.2558816902
2021-10-13,QQQ,0.264032154
2021-10-14,QQQ,0.2632219246
2021-10-15,QQQ,0.2274065886
2021-10-18,QQQ,0.2074234292
2021-10-19,QQQ,0.203016226
2021-10-20,QQQ,0.2150485719
2021-10-21,QQQ,0.2078298471
2021-10-22,QQQ,0.2084830114
2021-10-25,QQQ,0.204499
2021-10-26,QQQ,0.2130977449
2021-10-27,QQQ,0.1975864992
2021-10-28,QQQ,0.1981482926
2021-10-29,QQQ,0.2118769777
2021-11-01,QQQ,0.1991424013
2021-11-02,QQQ,0.1999775789
2021-11-03,QQQ,0.199951276
2021-11-04,QQQ,0.2007557722
2021-11-05,QQQ,0.2013167928
2021-11-08,QQQ,0.1975420182
2021-11-09,QQQ,0.2349399744
2021-11-10,QQQ,0.2425613356
2021-11-11,QQQ,0.2446567172
2021-11-12,QQQ,0.2430524621
2021-11-15,QQQ,0.2434876076
2021-11-16,QQQ,0.2432021157
2021-11-17,QQQ,0.2439497403
2021-11-18,QQQ,0.2407352936
2021-11-19,QQQ,0.2403621324
2021-11-22,QQQ,0.2405577467
2021-11-23,QQQ,0.2376743318
2021-11-24,QQQ,0.2364702253
2021-11-25,QQQ,0.2280028602
2021-11-26,QQQ,0.2375413163
2021-11-29,QQQ,0.2192601565
2021-11-30,QQQ,0.2221552184
2021-12-01,QQQ,0.2187130745
2021-12-02,QQQ,0.2178600876
2021-12-03,QQQ,0.2191096371
2021-12-06,QQQ,0.2353263001
2021-12-07,QQQ,0.2334199134
2021-12-08,QQQ,0.2161244622
2021-12-09,QQQ,0.1980261393
2021-12-10,QQQ,0.2009460771
2021-12-13,QQQ,0.2035045986
2021-12-14,QQQ,0.2230700868
2021-12-15,QQQ,0.2209512469
2021-12-16,QQQ,0.2210523112
2021-12-17,QQQ,0.2190920879
2021-12-20,QQQ,0.2301383126
2021-12-21,QQQ,0.2297458975
2021-12-22,QQQ,0.2295248185
2021-12-23,QQQ,0.2335487115
2021-12-24,QQQ,0.23373398
2021-12-27,QQQ,0.2310703856
2021-12-28,QQQ,0.2296095712
2021-12-29,QQQ,0.2283837369
2021-12-30,QQQ,0.2229359031
2021-12-31,QQQ,0.2206813957
2022-01-03,QQQ,0.2218966729
2022-01-04,QQQ,0.217145743
2022-01-05,QQQ,0.1926207287
2022-01-06,QQQ,0.1917049265
2022-01-07,QQQ,0.1951660806
2022-01-10,QQQ,0.2041929536
2022-01-11,QQQ,0.2045301775
2022-01-12,QQQ,0.1719678714
2022-01-13,QQQ,0.171939957
2022-01-14,QQQ,0.1823858339
2022-01-17,QQQ,0.1894958943
2022-01-18,QQQ,0.1905778791
2022-01-19,QQQ,0.1911583969
2022-01-20,QQQ,0.1896769177
2022-01-21,QQQ,0.1875256122
2022-01-24,QQQ,0.1862919422
2022-01-25,QQQ,0.1751095846
2022-01-26,QQQ,0.1780190067
2022-01-27,QQQ,0.1920635568
2022-01-28,QQQ,0.190042339
2022-01-31,QQQ,0.1919849137
2022-02-01,QQQ,0.1901804564
2022-02-02,QQQ,0.1991169437
2022-02-03,QQQ,0.1997538545
2022-02-04,QQQ,0.2039293207
2022-02-07,QQQ,0.2077545709
2022-02-08,QQQ,0.2020946951
2022-02-09,QQQ,0.2014914226
2022-02-10,QQQ,0.2089058312
2022-02-11,QQQ,0.2098530667
2022-02-14,QQQ,0.2009547955
2022-02-15,QQQ,0.2192851763
2022-02-16,QQQ,0.2233606729
2022-02-17,QQQ,0.2203777882
2022-02-18,QQQ,0.2289025813
2022-02-21,QQQ,0.2288828777
2022-02-22,QQQ,0.2183615947
2022-02-23,QQQ,0.2192801106
2022-02-24,QQQ,0.2101379751
2022-02-25,QQQ,0.1972810789
2022-02-28,QQQ,0.2053168213
2022-03-01,QQQ,0.2007876891
2022-03-02,QQQ,0.2043521022
2022-03-03,QQQ,0.1886139651
2022-03-04,QQQ,0.2108615352
2022-03-07,QQQ,0.209535998
2022-03-08,QQQ,0.2068499725
2022-03-09,QQQ,0.2107232637
2022-03-10,QQQ,0.2177042301
2022-03-11,QQQ,0.225615118
2022-03-14,QQQ,0.2229501008
2022-03-15,QQQ,0.221053217
2022-03-16,QQQ,0.196763333
2022-03-17,QQQ,0.1931689447
2022-03-18,QQQ,0.2223909935
2022-03-21,QQQ,0.2384431247
2022-03-22,QQQ,0.238479212
2022-03-23,QQQ,0.2391804801
2022-03-24,QQQ,0.2500949791
2022-03-25,QQQ,0.2683247767
2022-03-28,QQQ,0.2818936823
2022-03-29,QQQ,0.2810115386
2022-03-30,QQQ,0.2831733721
2022-03-31,QQQ,0.28903586
2022-04-01,QQQ,0.2888192737
2022-04-04,QQQ,0.2827117519
2022-04-05,QQQ,0.2769245416
2022-04-06,QQQ,0.2776333959
2022-04-07,QQQ,0.2737708405
2022-04-08,QQQ,0.2706048271
2022-04-11,QQQ,0.2610471114
2022-04-12,QQQ,0.2613603766
2022-04-13,QQQ,0.2614292553
2022-04-14,QQQ,0.2734801547
2022-04-15,QQQ,0.2733904736
2022-04-18,QQQ,0.2468719368
2022-04-19,QQQ,0.2290999717
2022-04-20,QQQ,0.2522026003
2022-04-21,QQQ,0.2519292039
2022-04-22,QQQ,0.2365485728
2022-04-25,QQQ,0.2060121513
2022-04-26,QQQ,0.1793901775
2022-04-27,QQQ,0.1881964683
2022-04-28,QQQ,0.1875065718
2022-04-29,QQQ,0.1824096494
2022-05-02,QQQ,0.1864488698
2022-05-03,QQQ,0.1812335327
2022-05-04,QQQ,0.1870241707
2022-05-05,QQQ,0.1800531673
2022-05-06,QQQ,0.1776594982
2022-05-09,QQQ,0.1698867674
2022-05-10,QQQ,0.1698594196
2022-05-11,QQQ,0.1751177894
2022-05-12,QQQ,0.2074293313
2022-05-13,QQQ,0.1989705121
2022-05-16,QQQ,0.2016572156
2022-05-17,QQQ,0.2015408289
2022-05-18,QQQ,0.2133468409
2022-05-19,QQQ,0.1931839505
2022-05-20,QQQ,0.206388475
2022-05-23,QQQ,0.2063204051
2022-05-24,QQQ,0.2119867916
2022-05-25,QQQ,0.221349474
2022-05-26,QQQ,0.2107103435
2022-05-27,QQQ,0.2331632156
2022-05-30,QQQ,0.2331289055
2022-05-31,QQQ,0.2269655941
2022-06-01,QQQ,0.2263373898
2022-06-02,QQQ,0.2346133928
2022-06-03,QQQ,0.2415286386
2022-06-06,QQQ,0.2422009202
2022-06-07,QQQ,0.2451105653
2022-06-08,QQQ,0.2452623329
2022-06-09,QQQ,0.2436481525
2022-06-10,QQQ,0.2283058252
2022-06-13,QQQ,0.2279682058
2022-06-14,QQQ,0.2287944681
2022-06-15,QQQ,0.2332933699
2022-06-16,QQQ,0.2243085617
2022-06-17,QQQ,0.22410227
2022-06-20,QQQ,0.251953693
2022-06-21,QQQ,0.2517428477
2022-06-22,QQQ,0.2495222572
2022-06-23,QQQ,0.2402409673
2022-06-24,QQQ,0.2399290666
2022-06-27,QQQ,0.2147381367
2022-06-28,QQQ,0.2156304675
2022-06-29,QQQ,0.2216473547
2022-06-30,QQQ,0.2226991697
2022-07-01,QQQ,0.2073540801
2022-07-04,QQQ,0.2026902672
2022-07-05,QQQ,0.2042984129
2022-07-06,QQQ,0.1906639435
2022-07-07,QQQ,0.1944129227
2022-07-08,QQQ,0.1964348212
2022-07-11,QQQ,0.1954077414
2022-07-12,QQQ,0.1951789441
2022-07-13,QQQ,0.2130004981
2022-07-14,QQQ,0.2086544513
2022-07-15,QQQ,0.2125221264
2022-07-18,QQQ,0.2116809377
2022-07-19,QQQ,0.1580009479
2022-07-20,QQQ,0.173522963
2022-07-21,QQQ,0.1728165328
2022-07-22,QQQ,0.1715748472
2022-07-25,QQQ,0.1754271841
2022-07-26,QQQ,0.1767566322
2022-07-27,QQQ,0.1783812821
2022-07-28,QQQ,0.1883255251
2022-07-29,QQQ,0.1883097237
2022-08-01,QQQ,0.1836671957
2022-08-02,QQQ,0.2081095721
2022-08-03,QQQ,0.2076540123
2022-08-04,QQQ,0.2219628061
2022-08-05,QQQ,0.229811116
2022-08-08,QQQ,0.229880903
2022-08-09,QQQ,0.2283337819
2022-08-10,QQQ,0.2406033027
2022-08-11,QQQ,0.2267007347
2022-08-12,QQQ,0.2409459711
2022-08-15,QQQ,0.2417102892
2022-08-16,QQQ,0.2480807881
2022-08-17,QQQ,0.2541679875
2022-08-18,QQQ,0.2517740265
2022-08-19,QQQ,0.242218677
2022-08-22,QQQ,0.231978973
2022-08-23,QQQ,0.2109237403
2022-08-24,QQQ,0.2201281714
2022-08-25,QQQ,0.2211442596
2022-08-26,QQQ,0.223199357
2022-08-29,QQQ,0.2208922267
2022-08-30,QQQ,0.2195761958
2022-08-31,QQQ,0.215454994
2022-09-01,QQQ,0.216191771
2022-09-02,QQQ,0.1861162293
2022-09-05,QQQ,0.1877641774
2022-09-06,QQQ,0.186000755
2022-09-07,QQQ,0.1887261032
2022-09-08,QQQ,0.1559017968
2022-09-09,QQQ,0.1735319489
2022-09-12,QQQ,0.2257054836
2022-09-13,QQQ,0.2303300026
2022-09-14,QQQ,0.3239253863
2022-09-15,QQQ,0.3187014197
2022-09-16,QQQ,0.3180803138
2022-09-19,QQQ,0.3176607297
2022-09-20,QQQ,0.3188260819
2022-09-21,QQQ,0.3252508868
2022-09-22,QQQ,0.3236539423
2022-09-23,QQQ,0.3238158632
2022-09-26,QQQ,0.3217444795
2022-09-27,QQQ,0.3209319029
2022-09-28,QQQ,0.3225268611
2022-09-29,QQQ,0.3164889143
2022-09-30,QQQ,0.3211636814
2022-10-03,QQQ,0.3304477237
2022-10-04,QQQ,0.3235626221
2022-10-05,QQQ,0.3281657489
2022-10-06,QQQ,0.3222892409
2022-10-07,QQQ,0.323331987
2022-10-10,QQQ,0.3214738775
2022-10-11,QQQ,0.2973977214
2022-10-12,QQQ,0.2861928338
2022-10-13,QQQ,0.1913256552
2022-10-14,QQQ,0.1899959868
2022-10-17,QQQ,0.1777244898
2022-10-18,QQQ,0.1778368778
2022-10-19,QQQ,0.1773379901
2022-10-20,QQQ,0.1933540091
2022-10-21,QQQ,0.1966947141
2022-10-24,QQQ,0.196856981
2022-10-25,QQQ,0.1909252624
2022-10-26,QQQ,0.1931187342
2022-10-27,QQQ,0.2675254874
2022-10-28,QQQ,0.2736128427
2022-10-31,QQQ,0.2635512271
2022-11-01,QQQ,0.2391899873
2022-11-02,QQQ,0.2303363893
2022-11-03,QQQ,0.2304844103
2022-11-04,QQQ,0.2447698896
2022-11-07,QQQ,0.2579039492
2022-11-08,QQQ,0.2523119569
2022-11-09,QQQ,0.2561545358
2022-11-10,QQQ,0.2611497186
2022-11-11,QQQ,0.26865712
2022-11-14,QQQ,0.2667174648
2022-11-15,QQQ,0.2711034543
2022-11-16,QQQ,0.2893855597
2022-11-17,QQQ,0.2894292615
2022-11-18,QQQ,0.2769096499
2022-11-21,QQQ,0.2732435306
2022-11-22,QQQ,0.2738158886
2022-11-23,QQQ,0.2769706912
2022-11-24,QQQ,0.2761684286
2022-11-25,QQQ,0.2036984227
2022-11-28,QQQ,0.1899465218
2022-11-29,QQQ,0.1858201075
2022-11-30,QQQ,0.1848865015
2022-12-01,QQQ,0.1859885015
2022-12-02,QQQ,0.1790055685
2022-12-05,QQQ,0.1718988365
2022-12-06,QQQ,0.1666031375
2022-12-07,QQQ,0.1699254134
2022-12-08,QQQ,0.1775361819
2022-12-09,QQQ,0.1549864114
2022-12-12,QQQ,0.1531298855
2022-12-13,QQQ,0.1535596445
2022-12-14,QQQ,0.1603802756
2022-12-15,QQQ,0.1420143608
2022-12-16,QQQ,0.1454958974
2022-12-19,QQQ,0.151120921
2022-12-20,QQQ,0.1626168683
2022-12-21,QQQ,0.1626604248
2022-12-22,QQQ,0.1749557006
2022-12-23,QQQ,0.1809442985
2022-12-26,QQQ,0.1915468448
2022-12-27,QQQ,0.1943782055
2022-12-28,QQQ,0.2023877322
2022-12-29,QQQ,0.205539555
2022-12-30,QQQ,0.2049077323
2023-01-02,QQQ,0.2021302053
2023-01-03,QQQ,0.2011641778
2023-01-04,QQQ,0.2004405356
2023-01-05,QQQ,0.1979066757
2023-01-06,QQQ,0.187377651
2023-01-09,QQQ,0.1894956312
2023-01-10,QQQ,0.2223457309
2023-01-11,QQQ,0.2391084926
2023-01-12,QQQ,0.2601747759
2023-01-13,QQQ,0.2564742005
2023-01-16,QQQ,0.2546588494
2023-01-17,QQQ,0.2494944733
2023-01-18,QQQ,0.2322816977
2023-01-19,QQQ,0.2450444279
2023-01-20,QQQ,0.2620283696
2023-01-23,QQQ,0.2516598299
2023-01-24,QQQ,0.2558879902
2023-01-25,QQQ,0.2608437481
2023-01-26,QQQ,0.2585083389
2023-01-27,QQQ,0.2559040657
2023-01-30,QQQ,0.2744573803
2023-01-31,QQQ,0.2769909969
2023-02-01,QQQ,0.2794786659
2023-02-02,QQQ,0.2933466996
2023-02-03,QQQ,0.2959244361
2023-02-06,QQQ,0.2942534166
2023-02-07,QQQ,0.2968447969
2023-02-08,QQQ,0.2754325379
2023-02-09,QQQ,0.2558303667
2023-02-10,QQQ,0.2496340208
2023-02-13,QQQ,0.2535110142
2023-02-14,QQQ,0.2507694107
2023-02-15,QQQ,0.2454545531
2023-02-16,QQQ,0.2630411761
2023-02-17,QQQ,0.2637750163
2023-02-20,QQQ,0.2333480579
2023-02-21,QQQ,0.2365127934
2023-02-22,QQQ,0.2369471845
2023-02-23,QQQ,0.2392580578
2023-02-24,QQQ,0.2396696743
2023-02-27,QQQ,0.245807774
2023-02-28,QQQ,0.246839711
2023-03-01,QQQ,0.2451465401
2023-03-02,QQQ,0.2462481975
2023-03-03,QQQ,0.2291417514
2023-03-06,QQQ,0.221741227
2023-03-07,QQQ,0.2199931888
2023-03-08,QQQ,0.2132581487
2023-03-09,QQQ,0.2259189922
2023-03-10,QQQ,0.226775892
2023-03-13,QQQ,0.2099690462
2023-03-14,QQQ,0.1979543161
2023-03-15,QQQ,0.1920393737
2023-03-16,QQQ,0.1916624496
2023-03-17,QQQ,0.188011948
2023-03-20,QQQ,0.2007452882
2023-03-21,QQQ,0.2217824297
2023-03-22,QQQ,0.2219007293
2023-03-23,QQQ,0.2230438803
2023-03-24,QQQ,0.2382871829
2023-03-27,QQQ,0.2433869669
2023-03-28,QQQ,0.2369939087
2023-03-29,QQQ,0.2389165909
2023-03-30,QQQ,0.2381178797
2023-03-31,QQQ,0.2356443527
2023-04-03,QQQ,0.2363710228
2023-04-04,QQQ,0.2366814489
2023-04-05,QQQ,0.2442646591
2023-04-06,QQQ,0.2464137931
2023-04-07,QQQ,0.2393646077
2023-04-10,QQQ,0.244124428
2023-04-11,QQQ,0.2361866915
2023-04-12,QQQ,0.23784055
2023-04-13,QQQ,0.2352643656
2023-04-14,QQQ,0.233976148
2023-04-17,QQQ,0.2168120726
2023-04-18,QQQ,0.2138865008
2023-04-19,QQQ,0.2206021152
2023-04-20,QQQ,0.2113764642
2023-04-21,QQQ,0.2097064541
2023-04-24,QQQ,0.1987189849
2023-04-25,QQQ,0.1900400959
2023-04-26,QQQ,0.190684913
2023-04-27,QQQ,0.193593591
2023-04-28,QQQ,0.2128911394
2023-05-01,QQQ,0.2145135446
2023-05-02,QQQ,0.2130074008
2023-05-03,QQQ,0.2141454632
2023-05-04,QQQ,0.2047590771
2023-05-05,QQQ,0.2020190741
2023-05-08,QQQ,0.2024736186
2023-05-09,QQQ,0.1951262448
2023-05-10,QQQ,0.2085678951
2023-05-11,QQQ,0.2427953706
2023-05-12,QQQ,0.2356702663
2023-05-15,QQQ,0.2358182286
2023-05-16,QQQ,0.2349790286
2023-05-17,QQQ,0.2347241602
2023-05-18,QQQ,0.2129448836
2023-05-19,QQQ,0.2118853255
2023-05-22,QQQ,0.2133972398
2023-05-23,QQQ,0.2122364009
2023-05-24,QQQ,0.2100145193
2023-05-25,QQQ,0.2230324843
2023-05-26,QQQ,0.2259193299
2023-05-29,QQQ,0.2116488783
2023-05-30,QQQ,0.2051561875
2023-05-31,QQQ,0.2161815406
2023-06-01,QQQ,0.2150857917
2023-06-02,QQQ,0.2151088814
2023-06-05,QQQ,0.2292627806
2023-06-06,QQQ,0.2260519917
2023-06-07,QQQ,0.2253493112
2023-06-08,QQQ,0.2163746033
2023-06-09,QQQ,0.1839202303
2023-06-12,QQQ,0.18217323
2023-06-13,QQQ,0.2010854923
2023-06-14,QQQ,0.2054807689
2023-06-15,QQQ,0.2075213402
2023-06-16,QQQ,0.211314009
2023-06-19,QQQ,0.2121296938
2023-06-20,QQQ,0.210485679
2023-06-21,QQQ,0.210392506
2023-06-22,QQQ,0.2112840779
2023-06-23,QQQ,0.2021278737
2023-06-26,QQQ,0.1933328407
2023-06-27,QQQ,0.1935567175
2023-06-28,QQQ,0.1932480627
2023-06-29,QQQ,0.1803474822
2023-06-30,QQQ,0.1797555955
2023-07-03,QQQ,0.1846540365
2023-07-04,QQQ,0.1715740292
2023-07-05,QQQ,0.1714362511
2023-07-06,QQQ,0.1738881027
2023-07-07,QQQ,0.1716377501
2023-07-10,QQQ,0.1589998519
2023-07-11,QQQ,0.1767734314
2023-07-12,QQQ,0.1590192977
2023-07-13,QQQ,0.1535985384
2023-07-14,QQQ,0.1608754253
2023-07-17,QQQ,0.165038092
2023-07-18,QQQ,0.1627928903
2023-07-19,QQQ,0.2034667003
2023-07-20,QQQ,0.202321287
2023-07-21,QQQ,0.2212531556
2023-07-24,QQQ,0.2209919708
2023-07-25,QQQ,0.2175761468
2023-07-26,QQQ,0.2115953099
2023-07-27,QQQ,0.2366338242
2023-07-28,QQQ,0.2321872663
2023-07-31,QQQ,0.2329197467
2023-08-01,QQQ,0.2319905718
2023-08-02,QQQ,0.2313281448
2023-08-03,QQQ,0.2391880531
2023-08-04,QQQ,0.2396522705
2023-08-07,QQQ,0.2354228664
2023-08-08,QQQ,0.2380845325
2023-08-09,QQQ,0.2291236217
2023-08-10,QQQ,0.2310564003
2023-08-11,QQQ,0.3248421621
2023-08-14,QQQ,0.3506903267
2023-08-15,QQQ,0.3508084545
2023-08-16,QQQ,0.357414365
2023-08-17,QQQ,0.3444335027
2023-08-18,QQQ,0.4375036308
2023-08-21,QQQ,0.4359888108
2023-08-22,QQQ,0.4575960685
2023-08-23,QQQ,0.4735424871
2023-08-24,QQQ,0.4992666907
2023-08-25,QQQ,0.4890817739
2023-08-28,QQQ,0.4972055549
2023-08-29,QQQ,0.4972596452
2023-08-30,QQQ,0.4972888406
2023-08-31,QQQ,0.5017946008
2023-09-01,QQQ,0.5039964586
2023-09-04,QQQ,0.50993617
2023-09-05,QQQ,0.509675238
2023-09-06,QQQ,0.5099559655
2023-09-07,QQQ,0.5095198554
2023-09-08,QQQ,0.5250495589
2023-09-11,QQQ,0.4735857356
2023-09-12,QQQ,0.4483344037
2023-09-13,QQQ,0.4482489595
2023-09-14,QQQ,0.4451581691
2023-09-15,QQQ,0.4402479983
2023-09-18,QQQ,0.3513871711
2023-09-19,QQQ,0.3484237595
2023-09-20,QQQ,0.3065580573
2023-09-21,QQQ,0.2954254845
2023-09-22,QQQ,0.2624244733
2023-09-25,QQQ,0.2651588252
2023-09-26,QQQ,0.2453160663
2023-09-27,QQQ,0.2450850374
2023-09-28,QQQ,0.2508007296
2023-09-29,QQQ,0.25937766
2023-10-02,QQQ,0.2480874738
2023-10-03,QQQ,0.2414150926
2023-10-04,QQQ,0.2429676945
2023-10-05,QQQ,0.2426733315
2023-10-06,QQQ,0.3947971884
2023-10-09,QQQ,0.3739596166
2023-10-10,QQQ,0.3936608733
2023-10-11,QQQ,0.4548622157
2023-10-12,QQQ,0.4634737591
2023-10-13,QQQ,0.4624861095
2023-10-16,QQQ,0.461689784
2023-10-17,QQQ,0.4588923593
2023-10-18,QQQ,0.4625861943
2023-10-19,QQQ,0.4804623205
2023-10-20,QQQ,0.4912110224
2023-10-23,QQQ,0.5301733384
2023-10-24,QQQ,0.5295845641
2023-10-25,QQQ,0.5288500193
2023-10-26,QQQ,0.5286354328
2023-10-27,QQQ,0.5320035124
2023-10-30,QQQ,0.5245525177
2023-10-31,QQQ,0.5249065182
2023-11-01,QQQ,0.5237073946
2023-11-02,QQQ,0.5233475339
2023-11-03,QQQ,0.519394936
2023-11-06,QQQ,0.3886288709
2023-11-07,QQQ,0.3918815031
2023-11-08,QQQ,0.4101721991
2023-11-09,QQQ,0.3659025311
2023-11-10,QQQ,0.348869964
2023-11-13,QQQ,0.3478294037
2023-11-14,QQQ,0.3490214334
2023-11-15,QQQ,0.3518842676
2023-11-16,QQQ,0.3466129586
2023-11-17,QQQ,0.3264156872
2023-11-20,QQQ,0.3080482086
2023-11-21,QQQ,0.2479308864
2023-11-22,QQQ,0.2469159515
2023-11-23,QQQ,0.2506608742
2023-11-24,QQQ,0.2510312123
2023-11-27,QQQ,0.2556163969
2023-11-28,QQQ,0.2500962022
2023-11-29,QQQ,0.251051224
2023-11-30,QQQ,0.2515578042
2023-12-01,QQQ,0.2546971511
2023-12-04,QQQ,0.2627454518
2023-12-05,QQQ,0.2665480945
2023-12-06,QQQ,0.256918851
2023-12-07,QQQ,0.2197630534
2023-12-08,QQQ,0.2070123559
2023-12-11,QQQ,0.2030777753
2023-12-12,QQQ,0.2101990156
2023-12-13,QQQ,0.2196191447
2023-12-14,QQQ,0.212869326
2023-12-15,QQQ,0.213813173
2023-12-18,QQQ,0.2136496017
2023-12-19,QQQ,0.2029460057
2023-12-20,QQQ,0.1773622693
2023-12-21,QQQ,0.1821923143
2023-12-22,QQQ,0.1739153735
2023-12-25,QQQ,0.1782205158
2023-12-26,QQQ,0.1706350741
2023-12-27,QQQ,0.2748262005
2023-12-28,QQQ,0.270917275
2023-12-29,QQQ,0.2714103886
2024-01-01,QQQ,0.2762347238
2024-01-02,QQQ,0.2674784023
2024-01-03,QQQ,0.2588590187
2024-01-04,QQQ,0.2650423472
2024-01-05,QQQ,0.2660321069
2024-01-08,QQQ,0.2624356724
2024-01-09,QQQ,0.2580149474
2024-01-10,QQQ,0.2585689446
2024-01-11,QQQ,0.2647817372
2024-01-12,QQQ,0.2660923136
2024-01-15,QQQ,0.2704876259
2024-01-16,QQQ,0.2857715047
2024-01-17,QQQ,0.3026146959
2024-01-18,QQQ,0.3029570027
2024-01-19,QQQ,0.3300027606
2024-01-22,QQQ,0.3298884686
2024-01-23,QQQ,0.3370198883
2024-01-24,QQQ,0.3398748107
2024-01-25,QQQ,0.2633577467
2024-01-26,QQQ,0.2623036791
2024-01-29,QQQ,0.2622221634
2024-01-30,QQQ,0.2580946439
2024-01-31,QQQ,0.2582916815
2024-02-01,QQQ,0.2587732691
2024-02-02,QQQ,0.2548949669
2024-02-05,QQQ,0.2483855528
2024-02-06,QQQ,0.2608655122
2024-02-07,QQQ,0.2594282943
2024-02-08,QQQ,0.2625670613
2024-02-09,QQQ,0.2580426178
2024-02-12,QQQ,0.2571932299
2024-02-13,QQQ,0.2563636074
2024-02-14,QQQ,0.3586031131
2024-02-15,QQQ,0.3591699957
2024-02-16,QQQ,0.4226551984
2024-02-19,QQQ,0.4044212512
2024-02-20,QQQ,0.4467176988
2024-02-21,QQQ,0.4456026261
2024-02-22,QQQ,0.4430480954
2024-02-23,QQQ,0.4478527551
2024-02-26,QQQ,0.4490572594
2024-02-27,QQQ,0.449224738
2024-02-28,QQQ,0.4512968281
2024-02-29,QQQ,0.4575605469
2024-03-01,QQQ,0.4702994612
2024-03-04,QQQ,0.4698865655
2024-03-05,QQQ,0.4693801309
2024-03-06,QQQ,0.4630799955
2024-03-07,QQQ,0.4629968034
2024-03-08,QQQ,0.4661337526
2024-03-11,QQQ,0.4653862435
2024-03-12,QQQ,0.4771308074
2024-03-13,QQQ,0.4720386262
2024-03-14,QQQ,0.3666943231
2024-03-15,QQQ,0.3235752142
2024-03-18,QQQ,0.2834604173
2024-03-19,QQQ,0.327699316
2024-03-20,QQQ,0.2861745875
2024-03-21,QQQ,0.3128492854
2024-03-22,QQQ,0.3874356967
2024-03-25,QQQ,0.404135562
2024-03-26,QQQ,0.4433835368
2024-03-27,QQQ,0.4429966901
2024-03-28,QQQ,0.4421279687
2024-03-29,QQQ,0.4378635097
2024-04-01,QQQ,0.4233107546
2024-04-02,QQQ,0.4268843153
2024-04-03,QQQ,0.4408796825
2024-04-04,QQQ,0.4583176018
2024-04-05,QQQ,0.4585648713
2024-04-08,QQQ,0.4645470132
2024-04-09,QQQ,0.4646991943
2024-04-10,QQQ,0.5247724484
2024-04-11,QQQ,0.5237015891
2024-04-12,QQQ,0.5823137511
2024-04-15,QQQ,0.6114532621
2024-04-16,QQQ,0.6162238334
2024-04-17,QQQ,0.5983676908
2024-04-18,QQQ,0.5990443061
2024-04-19,QQQ,0.5815988335
2024-04-22,QQQ,0.5318503137
2024-04-23,QQQ,0.5076761834
2024-04-24,QQQ,0.4918066441
2024-04-25,QQQ,0.4912995198
2024-04-26,QQQ,0.4918966949
2024-04-29,QQQ,0.4907092445
2024-04-30,QQQ,0.4887455664
2024-05-01,QQQ,0.4810177231
2024-05-02,QQQ,0.4751143202
2024-05-03,QQQ,0.4635457483
2024-05-06,QQQ,0.4737629035
2024-05-07,QQQ,0.4671827799
2024-05-08,QQQ,0.4669129774
2024-05-09,QQQ,0.3572156677
2024-05-10,QQQ,0.3802480562
2024-05-13,QQQ,0.3091254631
2024-05-14,QQQ,0.2226098271
2024-05-15,QQQ,0.2047505537
2024-05-16,QQQ,0.2032433519
2024-05-17,QQQ,0.2017728085
2024-05-20,QQQ,0.2079808915
2024-05-21,QQQ,0.2101018462
2024-05-22,QQQ,0.2100340927
2024-05-23,QQQ,0.1897172393
2024-05-24,QQQ,0.1913975611
2024-05-27,QQQ,0.1898137068
2024-05-28,QQQ,0.1989493863
2024-05-29,QQQ,0.2041994504
2024-05-30,QQQ,0.2041917936
2024-05-31,QQQ,0.2026749022
2024-06-03,QQQ,0.1994390137
2024-06-04,QQQ,0.1689208476
2024-06-05,QQQ,0.1721543227
2024-06-06,QQQ,0.1685986776
2024-06-07,QQQ,0.168735757
2024-06-10,QQQ,0.143499571
2024-06-11,QQQ,0.1449288985
2024-06-12,QQQ,0.1382989378
2024-06-13,QQQ,0.2345979527
2024-06-14,QQQ,0.239563694
2024-06-17,QQQ,0.3056826655
2024-06-18,QQQ,0.3054244274
2024-06-19,QQQ,0.3287177284
2024-06-20,QQQ,0.3312262556
2024-06-21,QQQ,0.3311241661
2024-06-24,QQQ,0.3265978571
2024-06-25,QQQ,0.3232603845
2024-06-26,QQQ,0.3335053034
2024-06-27,QQQ,0.333768587
2024-06-28,QQQ,0.3342752515
2024-07-01,QQQ,0.334782277
2024-07-02,QQQ,0.342189539
2024-07-03,QQQ,0.3498105951
2024-07-04,QQQ,0.3459278588
2024-07-05,QQQ,0.3531493428
2024-07-08,QQQ,0.3540027099
2024-07-09,QQQ,0.3543153001
2024-07-10,QQQ,0.3688147489
2024-07-11,QQQ,0.368462657
2024-07-12,QQQ,0.3126923818
2024-07-15,QQQ,0.3311660475
2024-07-16,QQQ,0.2635836055
2024-07-17,QQQ,0.2668817485
2024-07-18,QQQ,0.245112033
2024-07-19,QQQ,0.2724197958
2024-07-22,QQQ,0.2760790454
2024-07-23,QQQ,0.2865486188
2024-07-24,QQQ,0.287064394
2024-07-25,QQQ,0.2764695361
2024-07-26,QQQ,0.2690980577
2024-07-29,QQQ,0.272046176
2024-07-30,QQQ,0.2950542264
2024-07-31,QQQ,0.2887027425
2024-08-01,QQQ,0.2801661045
2024-08-02,QQQ,0.304434517
2024-08-05,QQQ,0.3049498625
2024-08-06,QQQ,0.3023184005
2024-08-07,QQQ,0.2977250376
2024-08-08,QQQ,0.2786038189
2024-08-09,QQQ,0.280248869
2024-08-12,QQQ,0.2802036656
2024-08-13,QQQ,0.2626926293
2024-08-14,QQQ,0.2695799053
2024-08-15,QQQ,0.2725093215
2024-08-16,QQQ,0.2722658316
2024-08-19,QQQ,0.2464224913
2024-08-20,QQQ,0.2417276776
2024-08-21,QQQ,0.2293406059
2024-08-22,QQQ,0.2313972414
2024-08-23,QQQ,0.2368455734
2024-08-26,QQQ,0.2367752576
2024-08-27,QQQ,0.22779258
2024-08-28,QQQ,0.2038809784
2024-08-29,QQQ,0.2152367489
2024-08-30,QQQ,0.2133510649
2024-09-02,QQQ,0.1906933236
2024-09-03,QQQ,0.1810847167
2024-09-04,QQQ,0.1896744974
2024-09-05,QQQ,0.1902046219
2024-09-06,QQQ,0.1881890854
2024-09-09,QQQ,0.1875999169
2024-09-10,QQQ,0.1870542698
2024-09-11,QQQ,0.1877233308
2024-09-12,QQQ,0.1747404554
2024-09-13,QQQ,0.1656003785
2024-09-16,QQQ,0.1834507074
2024-09-17,QQQ,0.1825935898
2024-09-18,QQQ,0.1987687588
2024-09-19,QQQ,0.2019933341
2024-09-20,QQQ,0.1981660423
2024-09-23,QQQ,0.1969493767
2024-09-24,QQQ,0.2047469992
2024-09-25,QQQ,0.2082795555
2024-09-26,QQQ,0.2109752386
2024-09-27,QQQ,0.2039957381
2024-09-30,QQQ,0.2042456604
2024-10-01,QQQ,0.1915485984
2024-10-02,QQQ,0.1900024259
2024-10-03,QQQ,0.1818553406
2024-10-04,QQQ,0.1811493966
2024-10-07,QQQ,0.197712522
2024-10-08,QQQ,0.19538456
2024-10-09,QQQ,0.1939371995
2024-10-10,QQQ,0.1940132443
2024-10-11,QQQ,0.1945561959
2024-10-14,QQQ,0.2224224734
2024-10-15,QQQ,0.2087850242
2024-10-16,QQQ,0.2145643564
2024-10-17,QQQ,0.2594569518
2024-10-18,QQQ,0.2532908259
2024-10-21,QQQ,0.2533574289
2024-10-22,QQQ,0.2645898865
2024-10-23,QQQ,0.2593808794
2024-10-24,QQQ,0.2548167569
2024-10-25,QQQ,0.2611424518
2024-10-28,QQQ,0.2590689857
2024-10-29,QQQ,0.2689438337
2024-10-30,QQQ,0.2847843595
2024-10-31,QQQ,0.2847734192
2024-11-01,QQQ,0.2886605821
2024-11-04,QQQ,0.2891298723
2024-11-05,QQQ,0.2766235755
2024-11-06,QQQ,0.2764914334
2024-11-07,QQQ,0.2883279482
2024-11-08,QQQ,0.2886995074
2024-11-11,QQQ,0.2890521239
2024-11-12,QQQ,0.2900030465
2024-11-13,QQQ,0.2905275782
2024-11-14,QQQ,0.2835194903
2024-11-15,QQQ,0.2411186632
2024-11-18,QQQ,0.2458132056
2024-11-19,QQQ,0.244353059
2024-11-20,QQQ,0.2351271878
2024-11-21,QQQ,0.2330552677
2024-11-22,QQQ,0.2317099319
2024-11-25,QQQ,0.2481080449
2024-11-26,QQQ,0.2481533972
2024-11-27,QQQ,0.2558976536
2024-11-28,QQQ,0.2457610847
2024-11-29,QQQ,0.2460296824
2024-12-02,QQQ,0.2665620737
2024-12-03,QQQ,0.2686482323
2024-12-04,QQQ,0.2678422494
2024-12-05,QQQ,0.2677392192
2024-12-06,QQQ,0.2545696313
2024-12-09,QQQ,0.2685632424
2024-12-10,QQQ,0.3116714561
2024-12-11,QQQ,0.2935572296
2024-12-12,QQQ,0.2940325472
2024-12-13,QQQ,0.29276251
2024-12-16,QQQ,0.2905901861
2024-12-17,QQQ,0.2869616561
2024-12-18,QQQ,0.2898465696
2024-12-19,QQQ,0.3047365826
2024-12-20,QQQ,0.3504327027
2024-12-23,QQQ,0.3503808645
2024-12-24,QQQ,0.3356427652
2024-12-25,QQQ,0.33609369
2024-12-26,QQQ,0.3253310059
2024-12-27,QQQ,0.3165540952
2024-12-30,QQQ,0.3191961677
2024-12-31,QQQ,0.3080105097
2025-01-01,QQQ,0.316254719
2025-01-02,QQQ,0.3140569999
2025-01-03,QQQ,0.3197260212
2025-01-06,QQQ,0.3211640574
2025-01-07,QQQ,0.3047299004
2025-01-08,QQQ,0.2663638046
2025-01-09,QQQ,0.2663786587
2025-01-10,QQQ,0.2656751013
2025-01-13,QQQ,0.2684429902
2025-01-14,QQQ,0.2740075556
2025-01-15,QQQ,0.2710434136
2025-01-16,QQQ,0.2684897351
2025-01-17,QQQ,0.2382021675
2025-01-20,QQQ,0.1836405444
2025-01-21,QQQ,0.1829264206
2025-01-22,QQQ,0.1807969994
2025-01-23,QQQ,0.1821630721
2025-01-24,QQQ,0.208543984
2025-01-27,QQQ,0.2078723129
2025-01-28,QQQ,0.2055173424
2025-01-29,QQQ,0.1964489257
2025-01-30,QQQ,0.1863472329
2025-01-31,QQQ,0.2000857342
2025-02-03,QQQ,0.2047168204
2025-02-04,QQQ,0.2057949427
2025-02-05,QQQ,0.2042512417
2025-02-06,QQQ,0.2078739427
2025-02-07,QQQ,0.2114889129
2025-02-10,QQQ,0.2114150046
2025-02-11,QQQ,0.2107652758
2025-02-12,QQQ,0.2097114358
2025-02-13,QQQ,0.2604372736
2025-02-14,QQQ,0.275459839
2025-02-17,QQQ,0.2781373688
2025-02-18,QQQ,0.2971473389
2025-02-19,QQQ,0.3043510215
2025-02-20,QQQ,0.3014784559
2025-02-21,QQQ,0.3027758555
2025-02-24,QQQ,0.2866676662
2025-02-25,QQQ,0.2848318112
2025-02-26,QQQ,0.286047623
2025-02-27,QQQ,0.2866777616
2025-02-28,QQQ,0.28478688
2025-03-03,QQQ,0.2806119449
2025-03-04,QQQ,0.2727393958
2025-03-05,QQQ,0.2744671313
2025-03-06,QQQ,0.2727040314
2025-03-07,QQQ,0.2650119589
2025-03-10,QQQ,0.2577532423
2025-03-11,QQQ,0.267500028
2025-03-12,QQQ,0.2832732136
2025-03-13,QQQ,0.2766425588
2025-03-14,QQQ,0.2315042272
2025-03-17,QQQ,0.2090831202
2025-03-18,QQQ,0.2289335473
2025-03-19,QQQ,0.2048162473
2025-03-20,QQQ,0.1984430167
2025-03-21,QQQ,0.2083649383
2025-03-24,QQQ,0.2065234236
2025-03-25,QQQ,0.1993308232
2025-03-26,QQQ,0.199648091
2025-03-27,QQQ,0.1997684961
2025-03-28,QQQ,0.195149087
2025-03-31,QQQ,0.2051006521
2025-04-01,QQQ,0.2011537584
2025-04-02,QQQ,0.2129203756
2025-04-03,QQQ,0.2135315129
2025-04-04,QQQ,0.2116080271
2025-04-07,QQQ,0.2119840362
2025-04-08,QQQ,0.2114554787
2025-04-09,QQQ,0.2066408279
2025-04-10,QQQ,0.1988346559
2025-04-11,QQQ,0.2040670858
2025-04-14,QQQ,0.1985906799
2025-04-15,QQQ,0.1955347564
2025-04-16,QQQ,0.1879215985
2025-04-17,QQQ,0.1781820013
2025-04-18,QQQ,0.1913960937
2025-04-21,QQQ,0.1892203299
2025-04-22,QQQ,0.1887098152
2025-04-23,QQQ,0.1889941399
2025-04-24,QQQ,0.1872094944
2025-04-25,QQQ,0.1870977641
2025-04-28,QQQ,0.1851032192
2025-04-29,QQQ,0.2031918329
2025-04-30,QQQ,0.2341698177
2025-05-01,QQQ,0.2222254174
2025-05-02,QQQ,0.2313814583
2025-05-05,QQQ,0.2321778566
2025-05-06,QQQ,0.2307884798
2025-05-07,QQQ,0.225303769
2025-05-08,QQQ,0.2258107675
2025-05-09,QQQ,0.233189308
2025-05-12,QQQ,0.2284746781
2025-05-13,QQQ,0.2510517244
2025-05-14,QQQ,0.2548084262
2025-05-15,QQQ,0.2511898903
2025-05-16,QQQ,0.2499040255
2025-05-19,QQQ,0.2546506114
2025-05-20,QQQ,0.2549422703
2025-05-21,QQQ,0.2562354422
2025-05-22,QQQ,0.2671536396
2025-05-23,QQQ,0.2657468178
2025-05-26,QQQ,0.2695256075
2025-05-27,QQQ,0.2670134487
2025-05-28,QQQ,0.2530950655
2025-05-29,QQQ,0.2253182572
2025-05-30,QQQ,0.2248156865
2025-06-02,QQQ,0.225076669
2025-06-03,QQQ,0.2280402761
2025-06-04,QQQ,0.2285369231
2025-06-05,QQQ,0.2294509836
2025-06-06,QQQ,0.2349028228
2025-06-09,QQQ,0.2280679213
2025-06-10,QQQ,0.2287520919
2025-06-11,QQQ,0.2112144076
2025-06-12,QQQ,0.2077740183
2025-06-13,QQQ,0.2225722612
2025-06-16,QQQ,0.2231407914
2025-06-17,QQQ,0.2072649667
2025-06-18,QQQ,0.2048209344
2025-06-19,QQQ,0.204405097
2025-06-20,QQQ,0.2072829084
2025-06-23,QQQ,0.2445889554
2025-06-24,QQQ,0.2419997182
2025-06-25,QQQ,0.2419958262
2025-06-26,QQQ,0.2411976246
2025-06-27,QQQ,0.2443307398
2025-06-30,QQQ,0.2617543762
2025-07-01,QQQ,0.249029046
2025-07-02,QQQ,0.2470068728
2025-07-03,QQQ,0.2517778302
2025-07-04,QQQ,0.25056441
2025-07-07,QQQ,0.2502335473
2025-07-08,QQQ,0.2538588261
2025-07-09,QQQ,0.2613349304
2025-07-10,QQQ,0.2596146537
2025-07-11,QQQ,0.2525143201
2025-07-14,QQQ,0.2443095547
2025-07-15,QQQ,0.2459999956
2025-07-16,QQQ,0.2500165843
2025-07-17,QQQ,0.250220903
2025-07-18,QQQ,0.2575839109
2025-07-21,QQQ,0.2342645903
2025-07-22,QQQ,0.2098251069
2025-07-23,QQQ,0.207125659
2025-07-24,QQQ,0.2062882192
2025-07-25,QQQ,0.2065866925
2025-07-28,QQQ,0.2058278564
2025-07-29,QQQ,0.1902072021
2025-07-30,QQQ,0.2009972332
2025-07-31,QQQ,0.2150144079
2025-08-01,QQQ,0.2116183125
2025-08-04,QQQ,0.2225117227
2025-08-05,QQQ,0.2179697474
2025-08-06,QQQ,0.2110869078
2025-08-07,QQQ,0.2045889676
2025-08-08,QQQ,0.2021557942
2025-08-11,QQQ,0.2068328426
2025-08-12,QQQ,0.2058492582
2025-08-13,QQQ,0.2208135056
2025-08-14,QQQ,0.2190715899
2025-08-15,QQQ,0.2297751851
2025-08-18,QQQ,0.2158823423
2025-08-19,QQQ,0.2138179552
2025-08-20,QQQ,0.2057128581
2025-08-21,QQQ,0.2096091721
2025-08-22,QQQ,0.206820091
2025-08-25,QQQ,0.2137745268
2025-08-26,QQQ,0.2177328726
2025-08-27,QQQ,0.242898028
2025-08-28,QQQ,0.2403964705
2025-08-29,QQQ,0.2353952787
2025-09-01,QQQ,0.2399296911
2025-09-02,QQQ,0.2395976825
2025-09-03,QQQ,0.2399058332
2025-09-04,QQQ,0.2390173956
2025-09-05,QQQ,0.2655189956
2025-09-08,QQQ,0.2667699977
2025-09-09,QQQ,0.2576297871
2025-09-10,QQQ,0.2552135914
2025-09-11,QQQ,0.2465453157
2025-09-12,QQQ,0.2454941805
2025-09-15,QQQ,0.2454880979
2025-09-16,QQQ,0.2407909262
2025-09-17,QQQ,0.2407703358
2025-09-18,QQQ,0.2732234415
2025-09-19,QQQ,0.2674834751
2025-09-22,QQQ,0.2660991613
2025-09-23,QQQ,0.2611753278
2025-09-24,QQQ,0.267598624
2025-09-25,QQQ,0.2471364324
2025-09-26,QQQ,0.2621350882
2025-09-29,QQQ,0.2694799461
2025-09-30,QQQ,0.2646069536
2025-10-01,QQQ,0.2759112429
2025-10-02,QQQ,0.2760347853
2025-10-03,QQQ,0.2774480283
2025-10-06,QQQ,0.25029062
2025-10-07,QQQ,0.2645796891
2025-10-08,QQQ,0.2650272747
2025-10-09,QQQ,0.2652681682
2025-10-10,QQQ,0.2651805722
2025-10-13,QQQ,0.2662112132
2025-10-14,QQQ,0.2572205305
2025-10-15,QQQ,0.3015236363
2025-10-16,QQQ,0.3074301933
2025-10-17,QQQ,0.285676769
2025-10-20,QQQ,0.2838443717
2025-10-21,QQQ,0.2856330047
2025-10-22,QQQ,0.2929924501
2025-10-23,QQQ,0.2798060496
2025-10-24,QQQ,0.2790495081
2025-10-27,QQQ,0.2773936939
2025-10-28,QQQ,0.262065061
2025-10-29,QQQ,0.2691823441
2025-10-30,QQQ,0.2691880388
2025-10-31,QQQ,0.2694192411
2025-11-03,QQQ,0.2645963119
2025-11-04,QQQ,0.268841936
2025-11-05,QQQ,0.2570718182
2025-11-06,QQQ,0.2752833825
2025-11-07,QQQ,0.2720863576
2025-11-10,QQQ,0.2686211113
2025-11-11,QQQ,0.2678341921
2025-11-12,QQQ,0.2963357997
2025-11-13,QQQ,0.2397438125
2025-11-14,QQQ,0.2204365135
2025-11-17,QQQ,0.2187341702
2025-11-18,QQQ,0.2285554071
2025-11-19,QQQ,0.2343507895
2025-11-20,QQQ,0.2405628806
2025-11-21,QQQ,0.241928398
2025-11-24,QQQ,0.2425835166
2025-11-25,QQQ,0.2325496231
2025-11-26,QQQ,0.2418768879
2025-11-27,QQQ,0.2406696126
2025-11-28,QQQ,0.2386285921
2025-12-01,QQQ,0.2414438768
2025-12-02,QQQ,0.2422553292
2025-12-03,QQQ,0.2378864967
2025-12-04,QQQ,0.2385849076
2025-12-05,QQQ,0.2249735872
2025-12-08,QQQ,0.2213021483
2025-12-09,QQQ,0.2308142457
2025-12-10,QQQ,0.2632906278
2025-12-11,QQQ,0.237145751
2025-12-12,QQQ,0.2392176949
2025-12-15,QQQ,0.2386319258
2025-12-16,QQQ,0.2514288625
2025-12-17,QQQ,0.2516961389
2025-12-18,QQQ,0.2499470167
2025-12-19,QQQ,0.2555326977
2025-12-22,QQQ,0.2503342552
2025-12-23,QQQ,0.2489257183
2025-12-24,QQQ,0.2676744831
2025-12-25,QQQ,0.2748170078
2025-12-26,QQQ,0.2699294118
2025-12-29,QQQ,0.2695854798
2025-12-30,QQQ,0.2726306456
2025-12-31,QQQ,0.2729831283
2026-01-01,QQQ,0.2748849989
2026-01-02,QQQ,0.2773741488
2026-01-05,QQQ,0.2981900453
2026-01-06,QQQ,0.3049898618
2026-01-07,QQQ,0.3017601111
2026-01-08,QQQ,0.2696645032
2026-01-09,QQQ,0.2604872401
2026-01-12,QQQ,0.2614381629
2026-01-13,QQQ,0.2597917341
2026-01-14,QQQ,0.2624636196
2026-01-15,QQQ,0.2607914469
2026-01-16,QQQ,0.2608756893
2026-01-19,QQQ,0.2345158284
2026-01-20,QQQ,0.2346494541
2026-01-21,QQQ,0.2345653581
2026-01-22,QQQ,0.2180269347
2026-01-23,QQQ,0.1865518764
2026-01-26,QQQ,0.1837285653
2026-01-27,QQQ,0.1958114973
2026-01-28,QQQ,0.1958444295
2026-01-29,QQQ,0.1959889977
2026-01-30,QQQ,0.1979731963
2026-02-02,QQQ,0.2061988046
2026-02-03,QQQ,0.1788515462
2026-02-04,QQQ,0.1653471368
2026-02-05,QQQ,0.162474896
2026-02-06,QQQ,0.1626687037
2026-02-09,QQQ,0.1675019316
2026-02-10,QQQ,0.167527093
2026-02-11,QQQ,0.1876406565
2026-02-12,QQQ,0.1832427638
2026-02-13,QQQ,0.1948331329
2026-02-16,QQQ,0.2073126314
2026-02-17,QQQ,0.2160913297
2026-02-18,QQQ,0.2445627944
2026-02-19,QQQ,0.244568237
2026-02-20,QQQ,0.2442525096
2026-02-23,QQQ,0.2415824482
2026-02-24,QQQ,0.2423900877
2026-02-25,QQQ,0.2382990926
2026-02-26,QQQ,0.2358670099
2026-02-27,QQQ,0.2386309434
2026-03-02,QQQ,0.236339775
2026-03-03,QQQ,0.2315130864
2026-03-04,QQQ,0.2268845548
2026-03-05,QQQ,0.2304908482
2026-03-06,QQQ,0.2316464179
2026-03-09,QQQ,0.2313546462
2026-03-10,QQQ,0.2367832001
2026-03-11,QQQ,0.2383114068
2026-03-12,QQQ,0.2135727329
2026-03-13,QQQ,0.2018855739
2026-03-16,QQQ,0.1766022588
2026-03-17,QQQ,0.1733198152
2026-03-18,QQQ,0.1731584597
2026-03-19,QQQ,0.1559461922
2026-03-20,QQQ,0.1601188739
2026-03-23,QQQ,0.1631293312
2026-03-24,QQQ,0.1853197394
2026-03-25,QQQ,0.1907747242
2026-03-26,QQQ,0.202065512
2026-03-27,QQQ,0.2087350141
2026-03-30,QQQ,0.2188560127
2026-03-31,QQQ,0.2440477463
2026-04-01,QQQ,0.2909970681
2026-04-02,QQQ,0.2857631067
2026-04-03,QQQ,0.2883077048
2026-04-06,QQQ,0.289285379
2026-04-07,QQQ,0.2983786919
2026-04-08,QQQ,0.2806708805
2026-04-09,QQQ,0.2754733476
2026-04-10,QQQ,0.2927830121
2026-04-13,QQQ,0.2934453112
2026-04-14,QQQ,0.3205456827
2026-04-15,QQQ,0.3205653385
2026-04-16,QQQ,0.3244116
2026-04-17,QQQ,0.3308787779
2026-04-20,QQQ,0.3287769747
2026-04-21,QQQ,0.3267941524
2026-04-22,QQQ,0.3206132613
2026-04-23,QQQ,0.318287574
2026-04-24,QQQ,0.3102029108
2026-04-27,QQQ,0.3282841269
2026-04-28,QQQ,0.3244231384
2026-04-29,QQQ,0.2969445961
2026-04-30,QQQ,0.2672685089
2026-05-01,QQQ,0.2694833419
2026-05-04,QQQ,0.2640815975
2026-05-05,QQQ,0.2599870824
2026-05-06,QQQ,0.2566692639
2026-05-07,QQQ,0.2595287473
2026-05-08,QQQ,0.2594579383
2026-05-11,QQQ,0.2511794952
2026-05-12,QQQ,0.2551714658
2026-05-13,QQQ,0.2303841082
2026-05-14,QQQ,0.2311585429
2026-05-15,QQQ,0.2260730799
2026-05-18,QQQ,0.2101695362
2026-05-19,QQQ,0.2100859365
2026-05-20,QQQ,0.2136264375
2026-05-21,QQQ,0.2059630023
2026-05-22,QQQ,0.1956480176
2026-05-25,QQQ,0.1951428606
2026-05-26,QQQ,0.1693457898
2026-05-27,QQQ,0.1602313801
2026-05-28,QQQ,0.1930905859
2026-05-29,QQQ,0.1783536648
2026-06-01,QQQ,0.1804411462
2026-06-02,QQQ,0.1850345694
2026-06-03,QQQ,0.1960234173
2026-06-04,QQQ,0.1826659162
2026-06-05,QQQ,0.1820830894
2026-06-08,QQQ,0.1950680505
2026-06-09,QQQ,0.1941881164
2026-06-10,QQQ,0.1960881227
2026-06-11,QQQ,0.1961624778
2026-06-12,QQQ,0.2025388381
2026-06-15,QQQ,0.2008950541
2026-06-16,QQQ,0.1993942164
2026-06-17,QQQ,0.2016084972
2026-06-18,QQQ,0.1992393533
2026-06-19,QQQ,0.192693632
2026-06-22,QQQ,0.1912996531
2026-06-23,QQQ,0.1907205484
2026-06-24,QQQ,0.1918460401
2026-06-25,QQQ,0.1866445296
2026-06-26,QQQ,0.1572492432
2026-06-29,QQQ,0.1666866332
2026-06-30,QQQ,0.1643193881
2026-07-01,QQQ,0.1573729569
2026-07-02,QQQ,0.1553758603
2026-07-03,QQQ,0.151593644
2021-10-05,SPY,0.1764175371
2021-10-06,SPY,0.1753601116
2021-10-07,SPY,0.1659937566
2021-10-08,SPY,0.1697722696
2021-10-11,SPY,0.1702738271
2021-10-12,SPY,0.1702154552
2021-10-13,SPY,0.1730693538
2021-10-14,SPY,0.1728347469
2021-10-15,SPY,0.1617052811
2021-10-18,SPY,0.1570145438
2021-10-19,SPY,0.1508821397
2021-10-20,SPY,0.1564793342
2021-10-21,SPY,0.1562349267
2021-10-22,SPY,0.1564967593
2021-10-25,SPY,0.1599257705
2021-10-26,SPY,0.1627620521
2021-10-27,SPY,0.145512976
2021-10-28,SPY,0.1468769361
2021-10-29,SPY,0.1478781546
2021-11-01,SPY,0.1504414478
2021-11-02,SPY,0.1504392747
2021-11-03,SPY,0.1499492257
2021-11-04,SPY,0.1538414213
2021-11-05,SPY,0.1556894104
2021-11-08,SPY,0.1552431846
2021-11-09,SPY,0.1790321616
2021-11-10,SPY,0.1791817579
2021-11-11,SPY,0.1765893907
2021-11-12,SPY,0.1766254764
2021-11-15,SPY,0.1783859315
2021-11-16,SPY,0.1820033886
2021-11-17,SPY,0.183401347
2021-11-18,SPY,0.1841067695
2021-11-19,SPY,0.1871199128
2021-11-22,SPY,0.1871405785
2021-11-23,SPY,0.1860708832
2021-11-24,SPY,0.1845254951
2021-11-25,SPY,0.1749686758
2021-11-26,SPY,0.1778427831
2021-11-29,SPY,0.176045556
2021-11-30,SPY,0.1840431758
2021-12-01,SPY,0.1848838595
2021-12-02,SPY,0.1846674686
2021-12-03,SPY,0.1814129277
2021-12-06,SPY,0.2016689181
2021-12-07,SPY,0.1961341363
2021-12-08,SPY,0.1796516849
2021-12-09,SPY,0.1791598235
2021-12-10,SPY,0.1839197048
2021-12-13,SPY,0.1848038568
2021-12-14,SPY,0.2061292221
2021-12-15,SPY,0.2023495775
2021-12-16,SPY,0.2016039991
2021-12-17,SPY,0.2004707607
2021-12-20,SPY,0.2008647587
2021-12-21,SPY,0.201709541
2021-12-22,SPY,0.2002727029
2021-12-23,SPY,0.2003575535
2021-12-24,SPY,0.1970982734
2021-12-27,SPY,0.2060886189
2021-12-28,SPY,0.2021751841
2021-12-29,SPY,0.1911843162
2021-12-30,SPY,0.1850018752
2021-12-31,SPY,0.1829430798
2022-01-03,SPY,0.1815758045
2022-01-04,SPY,0.1684161034
2022-01-05,SPY,0.1641468041
2022-01-06,SPY,0.1661473882
2022-01-07,SPY,0.166489559
2022-01-10,SPY,0.1627228944
2022-01-11,SPY,0.1696911627
2022-01-12,SPY,0.1373199332
2022-01-13,SPY,0.1361174021
2022-01-14,SPY,0.1429041798
2022-01-17,SPY,0.1426792708
2022-01-18,SPY,0.1408658329
2022-01-19,SPY,0.138890718
2022-01-20,SPY,0.1439470947
2022-01-21,SPY,0.1446564692
2022-01-24,SPY,0.1489736013
2022-01-25,SPY,0.1343587217
2022-01-26,SPY,0.1361492838
2022-01-27,SPY,0.1348876751
2022-01-28,SPY,0.133848182
2022-01-31,SPY,0.1341868803
2022-02-01,SPY,0.1316645553
2022-02-02,SPY,0.1344719182
2022-02-03,SPY,0.1375321846
2022-02-04,SPY,0.1363497542
2022-02-07,SPY,0.1432573285
2022-02-08,SPY,0.13912293
2022-02-09,SPY,0.1277201987
2022-02-10,SPY,0.16071572
2022-02-11,SPY,0.1604880027
2022-02-14,SPY,0.1495348072
2022-02-15,SPY,0.1678329561
2022-02-16,SPY,0.1744911474
2022-02-17,SPY,0.1710139505
2022-02-18,SPY,0.1724893743
2022-02-21,SPY,0.172619878
2022-02-22,SPY,0.1631856329
2022-02-23,SPY,0.1675137278
2022-02-24,SPY,0.1605661064
2022-02-25,SPY,0.1594097986
2022-02-28,SPY,0.1617437276
2022-03-01,SPY,0.1737795894
2022-03-02,SPY,0.1818193287
2022-03-03,SPY,0.1766580964
2022-03-04,SPY,0.1952461837
2022-03-07,SPY,0.1938393696
2022-03-08,SPY,0.1912732996
2022-03-09,SPY,0.1930975338
2022-03-10,SPY,0.1930283373
2022-03-11,SPY,0.1796883608
2022-03-14,SPY,0.1802626479
2022-03-15,SPY,0.1794709862
2022-03-16,SPY,0.1655834349
2022-03-17,SPY,0.1661516973
2022-03-18,SPY,0.1799653822
2022-03-21,SPY,0.195030087
2022-03-22,SPY,0.1951681767
2022-03-23,SPY,0.197162568
2022-03-24,SPY,0.1943472978
2022-03-25,SPY,0.2119565633
2022-03-28,SPY,0.2195427888
2022-03-29,SPY,0.2170320281
2022-03-30,SPY,0.2120655421
2022-03-31,SPY,0.2128544453
2022-04-01,SPY,0.2144172048
2022-04-04,SPY,0.2236329657
2022-04-05,SPY,0.2203342962
2022-04-06,SPY,0.2221484132
2022-04-07,SPY,0.2205790578
2022-04-08,SPY,0.2228388472
2022-04-11,SPY,0.2308151581
2022-04-12,SPY,0.2306090393
2022-04-13,SPY,0.2306879914
2022-04-14,SPY,0.2290115197
2022-04-15,SPY,0.2257729669
2022-04-18,SPY,0.2129485473
2022-04-19,SPY,0.1993509011
2022-04-20,SPY,0.2166695751
2022-04-21,SPY,0.2137545188
2022-04-22,SPY,0.2097893078
2022-04-25,SPY,0.1852045028
2022-04-26,SPY,0.1714313793
2022-04-27,SPY,0.1757019613
2022-04-28,SPY,0.1765634487
2022-04-29,SPY,0.1740145108
2022-05-02,SPY,0.1772017882
2022-05-03,SPY,0.1559292183
2022-05-04,SPY,0.157692884
2022-05-05,SPY,0.151150095
2022-05-06,SPY,0.1497097892
2022-05-09,SPY,0.1435062644
2022-05-10,SPY,0.1352451161
2022-05-11,SPY,0.1316914917
2022-05-12,SPY,0.1546345047
2022-05-13,SPY,0.1542879529
2022-05-16,SPY,0.1544956355
2022-05-17,SPY,0.1544721166
2022-05-18,SPY,0.1669319917
2022-05-19,SPY,0.1481153914
2022-05-20,SPY,0.1538444109
2022-05-23,SPY,0.1589683664
2022-05-24,SPY,0.1624552729
2022-05-25,SPY,0.170159971
2022-05-26,SPY,0.1660087243
2022-05-27,SPY,0.1702192671
2022-05-30,SPY,0.1738797038
2022-05-31,SPY,0.1717921657
2022-06-01,SPY,0.1708101284
2022-06-02,SPY,0.1772095046
2022-06-03,SPY,0.1857813888
2022-06-06,SPY,0.1865651073
2022-06-07,SPY,0.1809349961
2022-06-08,SPY,0.1782008752
2022-06-09,SPY,0.1805596591
2022-06-10,SPY,0.1677636189
2022-06-13,SPY,0.1677840366
2022-06-14,SPY,0.172590786
2022-06-15,SPY,0.1744655674
2022-06-16,SPY,0.1682088604
2022-06-17,SPY,0.1685429712
2022-06-20,SPY,0.1885320657
2022-06-21,SPY,0.183151715
2022-06-22,SPY,0.1782758732
2022-06-23,SPY,0.1723747175
2022-06-24,SPY,0.17847239
2022-06-27,SPY,0.1696844287
2022-06-28,SPY,0.1682713853
2022-06-29,SPY,0.1715059071
2022-06-30,SPY,0.1723454667
2022-07-01,SPY,0.1622785148
2022-07-04,SPY,0.1571012531
2022-07-05,SPY,0.1570624256
2022-07-06,SPY,0.1521405828
2022-07-07,SPY,0.1595985778
2022-07-08,SPY,0.1588460648
2022-07-11,SPY,0.1592333836
2022-07-12,SPY,0.1591494938
2022-07-13,SPY,0.1746458487
2022-07-14,SPY,0.1729124642
2022-07-15,SPY,0.1765710859
2022-07-18,SPY,0.1835081031
2022-07-19,SPY,0.1610797949
2022-07-20,SPY,0.1762872558
2022-07-21,SPY,0.1775297614
2022-07-22,SPY,0.1868766989
2022-07-25,SPY,0.1856128332
2022-07-26,SPY,0.1842470308
2022-07-27,SPY,0.1866538325
2022-07-28,SPY,0.1977865659
2022-07-29,SPY,0.1983719239
2022-08-01,SPY,0.1893417708
2022-08-02,SPY,0.196641671
2022-08-03,SPY,0.1982417379
2022-08-04,SPY,0.1987602421
2022-08-05,SPY,0.1974878819
2022-08-08,SPY,0.1959581097
2022-08-09,SPY,0.1958817252
2022-08-10,SPY,0.2189120884
2022-08-11,SPY,0.2077207294
2022-08-12,SPY,0.2133964098
2022-08-15,SPY,0.2132771422
2022-08-16,SPY,0.2183871249
2022-08-17,SPY,0.2218394972
2022-08-18,SPY,0.2145382428
2022-08-19,SPY,0.2118139089
2022-08-22,SPY,0.2035236768
2022-08-23,SPY,0.1826981856
2022-08-24,SPY,0.1926223287
2022-08-25,SPY,0.1934180287
2022-08-26,SPY,0.1883629638
2022-08-29,SPY,0.1881262733
2022-08-30,SPY,0.1879732998
2022-08-31,SPY,0.1851548004
2022-09-01,SPY,0.1888591726
2022-09-02,SPY,0.1853339142
2022-09-05,SPY,0.1841825901
2022-09-06,SPY,0.1847415695
2022-09-07,SPY,0.1961202124
2022-09-08,SPY,0.1562060067
2022-09-09,SPY,0.1639689393
2022-09-12,SPY,0.1844825602
2022-09-13,SPY,0.1872222748
2022-09-14,SPY,0.2171842547
2022-09-15,SPY,0.2118979924
2022-09-16,SPY,0.2106833256
2022-09-19,SPY,0.2097220539
2022-09-20,SPY,0.2083245649
2022-09-21,SPY,0.2076087616
2022-09-22,SPY,0.2036046116
2022-09-23,SPY,0.204128173
2022-09-26,SPY,0.20301613
2022-09-27,SPY,0.1983832636
2022-09-28,SPY,0.1980048531
2022-09-29,SPY,0.1990657151
2022-09-30,SPY,0.1970270748
2022-10-03,SPY,0.2062545577
2022-10-04,SPY,0.2070490598
2022-10-05,SPY,0.2074738887
2022-10-06,SPY,0.1892459062
2022-10-07,SPY,0.1793531455
2022-10-10,SPY,0.1784826725
2022-10-11,SPY,0.1680644648
2022-10-12,SPY,0.1552335016
2022-10-13,SPY,0.1164399447
2022-10-14,SPY,0.1164287046
2022-10-17,SPY,0.1161100914
2022-10-18,SPY,0.116760946
2022-10-19,SPY,0.1134237812
2022-10-20,SPY,0.1340043543
2022-10-21,SPY,0.1345248542
2022-10-24,SPY,0.1340258614
2022-10-25,SPY,0.1318516662
2022-10-26,SPY,0.1352386031
2022-10-27,SPY,0.1834292207
2022-10-28,SPY,0.1936305938
2022-10-31,SPY,0.1925066503
2022-11-01,SPY,0.1759263481
2022-11-02,SPY,0.1696987762
2022-11-03,SPY,0.1693544088
2022-11-04,SPY,0.172401215
2022-11-07,SPY,0.176518701
2022-11-08,SPY,0.1727871977
2022-11-09,SPY,0.1760928908
2022-11-10,SPY,0.1759522991
2022-11-11,SPY,0.1822716808
2022-11-14,SPY,0.1807678059
2022-11-15,SPY,0.1856189046
2022-11-16,SPY,0.1967835116
2022-11-17,SPY,0.2002685839
2022-11-18,SPY,0.1913211167
2022-11-21,SPY,0.1866797044
2022-11-22,SPY,0.1875252805
2022-11-23,SPY,0.1875249428
2022-11-24,SPY,0.1861332853
2022-11-25,SPY,0.1398079116
2022-11-28,SPY,0.1190843729
2022-11-29,SPY,0.1199036385
2022-11-30,SPY,0.1167498122
2022-12-01,SPY,0.117512685
2022-12-02,SPY,0.1178361961
2022-12-05,SPY,0.116465309
2022-12-06,SPY,0.1231171206
2022-12-07,SPY,0.123825659
2022-12-08,SPY,0.1216734502
2022-12-09,SPY,0.1159710589
2022-12-12,SPY,0.1225112953
2022-12-13,SPY,0.1195142985
2022-12-14,SPY,0.1243075426
2022-12-15,SPY,0.1178638581
2022-12-16,SPY,0.1167438379
2022-12-19,SPY,0.1269355255
2022-12-20,SPY,0.1316125409
2022-12-21,SPY,0.1309889267
2022-12-22,SPY,0.1414614762
2022-12-23,SPY,0.1485612188
2022-12-26,SPY,0.1539611441
2022-12-27,SPY,0.1633390976
2022-12-28,SPY,0.1712395837
2022-12-29,SPY,0.1757655447
2022-12-30,SPY,0.1761351723
2023-01-02,SPY,0.1754520381
2023-01-03,SPY,0.1757756997
2023-01-04,SPY,0.1748321773
2023-01-05,SPY,0.1700968046
2023-01-06,SPY,0.1705103992
2023-01-09,SPY,0.1706360082
2023-01-10,SPY,0.1810769525
2023-01-11,SPY,0.1853488622
2023-01-12,SPY,0.1976734229
2023-01-13,SPY,0.1953895801
2023-01-16,SPY,0.1935978214
2023-01-17,SPY,0.184905329
2023-01-18,SPY,0.1761956999
2023-01-19,SPY,0.182900517
2023-01-20,SPY,0.1911542791
2023-01-23,SPY,0.180291823
2023-01-24,SPY,0.1823175355
2023-01-25,SPY,0.1799104976
2023-01-26,SPY,0.1747032938
2023-01-27,SPY,0.1694623677
2023-01-30,SPY,0.1790255684
2023-01-31,SPY,0.1809233504
2023-02-01,SPY,0.1923321335
2023-02-02,SPY,0.1928645103
2023-02-03,SPY,0.1904598741
2023-02-06,SPY,0.1888194051
2023-02-07,SPY,0.1894753015
2023-02-08,SPY,0.1763857591
2023-02-09,SPY,0.1703571383
2023-02-10,SPY,0.1607502196
2023-02-13,SPY,0.1616945388
2023-02-14,SPY,0.1623917356
2023-02-15,SPY,0.1626081259
2023-02-16,SPY,0.1630637315
2023-02-17,SPY,0.1688577376
2023-02-20,SPY,0.1489845426
2023-02-21,SPY,0.1464852295
2023-02-22,SPY,0.1496769842
2023-02-23,SPY,0.1524494462
2023-02-24,SPY,0.1544125567
2023-02-27,SPY,0.1642533934
2023-02-28,SPY,0.1596906559
2023-03-01,SPY,0.1611890848
2023-03-02,SPY,0.1492642428
2023-03-03,SPY,0.1408346511
2023-03-06,SPY,0.1403277305
2023-03-07,SPY,0.1418309546
2023-03-08,SPY,0.1398032147
2023-03-09,SPY,0.1650363254
2023-03-10,SPY,0.1630347513
2023-03-13,SPY,0.1581958179
2023-03-14,SPY,0.1535999658
2023-03-15,SPY,0.1554431133
2023-03-16,SPY,0.155729501
2023-03-17,SPY,0.1585515392
2023-03-20,SPY,0.154171202
2023-03-21,SPY,0.1626582084
2023-03-22,SPY,0.1803490625
2023-03-23,SPY,0.1900397615
2023-03-24,SPY,0.1926717971
2023-03-27,SPY,0.2003890944
2023-03-28,SPY,0.1955992615
2023-03-29,SPY,0.1986036721
2023-03-30,SPY,0.1964727118
2023-03-31,SPY,0.2031966373
2023-04-03,SPY,0.2036623613
2023-04-04,SPY,0.2052429381
2023-04-05,SPY,0.2049358996
2023-04-06,SPY,0.2049146068
2023-04-07,SPY,0.1883960618
2023-04-10,SPY,0.2007285329
2023-04-11,SPY,0.2075942983
2023-04-12,SPY,0.2075914388
2023-04-13,SPY,0.2143374178
2023-04-14,SPY,0.2144435975
2023-04-17,SPY,0.2100408026
2023-04-18,SPY,0.2089933152
2023-04-19,SPY,0.2335586357
2023-04-20,SPY,0.2150267231
2023-04-21,SPY,0.2083889569
2023-04-24,SPY,0.2107858714
2023-04-25,SPY,0.2018133277
2023-04-26,SPY,0.2008921983
2023-04-27,SPY,0.1990674015
2023-04-28,SPY,0.2017305454
2023-05-01,SPY,0.1980206845
2023-05-02,SPY,0.1979247922
2023-05-03,SPY,0.1961588729
2023-05-04,SPY,0.1959111215
2023-05-05,SPY,0.1967592798
2023-05-08,SPY,0.1987961498
2023-05-09,SPY,0.1883627176
2023-05-10,SPY,0.1860958713
2023-05-11,SPY,0.1982906984
2023-05-12,SPY,0.1903870066
2023-05-15,SPY,0.1914106437
2023-05-16,SPY,0.1917430177
2023-05-17,SPY,0.1908886418
2023-05-18,SPY,0.1527559494
2023-05-19,SPY,0.155147914
2023-05-22,SPY,0.1502056163
2023-05-23,SPY,0.1472142822
2023-05-24,SPY,0.1460320449
2023-05-25,SPY,0.1522843963
2023-05-26,SPY,0.1519950124
2023-05-29,SPY,0.1480512349
2023-05-30,SPY,0.1371732683
2023-05-31,SPY,0.1448001704
2023-06-01,SPY,0.1471114154
2023-06-02,SPY,0.1475826226
2023-06-05,SPY,0.1477621876
2023-06-06,SPY,0.1450853171
2023-06-07,SPY,0.1417526659
2023-06-08,SPY,0.144483938
2023-06-09,SPY,0.1271761217
2023-06-12,SPY,0.125575819
2023-06-13,SPY,0.1397139184
2023-06-14,SPY,0.1376848812
2023-06-15,SPY,0.1373838421
2023-06-16,SPY,0.139618417
2023-06-19,SPY,0.1390891584
2023-06-20,SPY,0.139678008
2023-06-21,SPY,0.1352847167
2023-06-22,SPY,0.1358921359
2023-06-23,SPY,0.1262224441
2023-06-26,SPY,0.125210185
2023-06-27,SPY,0.1339941205
2023-06-28,SPY,0.1339712432
2023-06-29,SPY,0.1288630901
2023-06-30,SPY,0.1270940929
2023-07-03,SPY,0.1249938182
2023-07-04,SPY,0.1248921441
2023-07-05,SPY,0.123000356
2023-07-06,SPY,0.124112725
2023-07-07,SPY,0.1216393376
2023-07-10,SPY,0.1156654424
2023-07-11,SPY,0.1205378533
2023-07-12,SPY,0.1159254066
2023-07-13,SPY,0.1243524054
2023-07-14,SPY,0.1254498992
2023-07-17,SPY,0.1414675556
2023-07-18,SPY,0.1406219123
2023-07-19,SPY,0.158924813
2023-07-20,SPY,0.1558891042
2023-07-21,SPY,0.1686884275
2023-07-24,SPY,0.168324668
2023-07-25,SPY,0.1647282678
2023-07-26,SPY,0.1483155157
2023-07-27,SPY,0.1654551628
2023-07-28,SPY,0.157458382
2023-07-31,SPY,0.1574559826
2023-08-01,SPY,0.157067225
2023-08-02,SPY,0.1592126045
2023-08-03,SPY,0.1619206316
2023-08-04,SPY,0.1621779348
2023-08-07,SPY,0.1585181712
2023-08-08,SPY,0.1698511286
2023-08-09,SPY,0.1691014837
2023-08-10,SPY,0.170032438
2023-08-11,SPY,0.2129376631
2023-08-14,SPY,0.2167542903
2023-08-15,SPY,0.2099670929
2023-08-16,SPY,0.2098534088
2023-08-17,SPY,0.2005176857
2023-08-18,SPY,0.2620817891
2023-08-21,SPY,0.2630939426
2023-08-22,SPY,0.2960238312
2023-08-23,SPY,0.3088047263
2023-08-24,SPY,0.3336632675
2023-08-25,SPY,0.3258606581
2023-08-28,SPY,0.3341600169
2023-08-29,SPY,0.3351100818
2023-08-30,SPY,0.335277188
2023-08-31,SPY,0.3379063651
2023-09-01,SPY,0.3384423771
2023-09-04,SPY,0.3407844901
2023-09-05,SPY,0.3389680287
2023-09-06,SPY,0.3330749891
2023-09-07,SPY,0.3341871799
2023-09-08,SPY,0.3423645649
2023-09-11,SPY,0.3132987359
2023-09-12,SPY,0.3090460163
2023-09-13,SPY,0.3094575861
2023-09-14,SPY,0.3085166932
2023-09-15,SPY,0.3111393127
2023-09-18,SPY,0.2737603564
2023-09-19,SPY,0.2668698036
2023-09-20,SPY,0.2194697711
2023-09-21,SPY,0.211484446
2023-09-22,SPY,0.1800143513
2023-09-25,SPY,0.180116341
2023-09-26,SPY,0.1613692341
2023-09-27,SPY,0.1605026829
2023-09-28,SPY,0.1652899979
2023-09-29,SPY,0.16446618
2023-10-02,SPY,0.1617921095
2023-10-03,SPY,0.1669126791
2023-10-04,SPY,0.1726515828
2023-10-05,SPY,0.175640203
2023-10-06,SPY,0.2740227778
2023-10-09,SPY,0.2585045941
2023-10-10,SPY,0.2761630428
2023-10-11,SPY,0.2933456194
2023-10-12,SPY,0.293666005
2023-10-13,SPY,0.2925367105
2023-10-16,SPY,0.2905030522
2023-10-17,SPY,0.2831787782
2023-10-18,SPY,0.2946976853
2023-10-19,SPY,0.3061911489
2023-10-20,SPY,0.3082246537
2023-10-23,SPY,0.3358901916
2023-10-24,SPY,0.3360731431
2023-10-25,SPY,0.3361303136
2023-10-26,SPY,0.3359255555
2023-10-27,SPY,0.3347252553
2023-10-30,SPY,0.3307555177
2023-10-31,SPY,0.3329331298
2023-11-01,SPY,0.3288274302
2023-11-02,SPY,0.3278884513
2023-11-03,SPY,0.3258185635
2023-11-06,SPY,0.2355848731
2023-11-07,SPY,0.2373423207
2023-11-08,SPY,0.2421800832
2023-11-09,SPY,0.2279647165
2023-11-10,SPY,0.2238894335
2023-11-13,SPY,0.2240570893
2023-11-14,SPY,0.2263070756
2023-11-15,SPY,0.2265684775
2023-11-16,SPY,0.2136270584
2023-11-17,SPY,0.1978762106
2023-11-20,SPY,0.1888125186
2023-11-21,SPY,0.1533119798
2023-11-22,SPY,0.1533624779
2023-11-23,SPY,0.1629331121
2023-11-24,SPY,0.163847784
2023-11-27,SPY,0.166973352
2023-11-28,SPY,0.167999326
2023-11-29,SPY,0.1661984756
2023-11-30,SPY,0.1663336969
2023-12-01,SPY,0.1643226005
2023-12-04,SPY,0.1647064778
2023-12-05,SPY,0.164376168
2023-12-06,SPY,0.1620749488
2023-12-07,SPY,0.1342718779
2023-12-08,SPY,0.134543812
2023-12-11,SPY,0.1314532239
2023-12-12,SPY,0.137521773
2023-12-13,SPY,0.1376092973
2023-12-14,SPY,0.1340303113
2023-12-15,SPY,0.143396467
2023-12-18,SPY,0.1426750648
2023-12-19,SPY,0.136063966
2023-12-20,SPY,0.118442193
2023-12-21,SPY,0.1182768767
2023-12-22,SPY,0.104724704
2023-12-25,SPY,0.1038799668
2023-12-26,SPY,0.0967421352
2023-12-27,SPY,0.1222886141
2023-12-28,SPY,0.1316963678
2023-12-29,SPY,0.1301344195
2024-01-01,SPY,0.1302196152
2024-01-02,SPY,0.1310463914
2024-01-03,SPY,0.125058245
2024-01-04,SPY,0.1437700318
2024-01-05,SPY,0.1457865181
2024-01-08,SPY,0.1465476529
2024-01-09,SPY,0.146145585
2024-01-10,SPY,0.1441314842
2024-01-11,SPY,0.1449739539
2024-01-12,SPY,0.1458111135
2024-01-15,SPY,0.1390760262
2024-01-16,SPY,0.1441412771
2024-01-17,SPY,0.1643107862
2024-01-18,SPY,0.1666779499
2024-01-19,SPY,0.1934961419
2024-01-22,SPY,0.1936187101
2024-01-23,SPY,0.2017269943
2024-01-24,SPY,0.2062646553
2024-01-25,SPY,0.1935227665
2024-01-26,SPY,0.1835632366
2024-01-29,SPY,0.1840820588
2024-01-30,SPY,0.1836088879
2024-01-31,SPY,0.1848008545
2024-02-01,SPY,0.1848702945
2024-02-02,SPY,0.1850799003
2024-02-05,SPY,0.1820982412
2024-02-06,SPY,0.1862854808
2024-02-07,SPY,0.1871443169
2024-02-08,SPY,0.1898586764
2024-02-09,SPY,0.1949440548
2024-02-12,SPY,0.1940124946
2024-02-13,SPY,0.2113155848
2024-02-14,SPY,0.2983168392
2024-02-15,SPY,0.3000392516
2024-02-16,SPY,0.3274594977
2024-02-19,SPY,0.3171329188
2024-02-20,SPY,0.3202520329
2024-02-21,SPY,0.3221019873
2024-02-22,SPY,0.3244445971
2024-02-23,SPY,0.3302936592
2024-02-26,SPY,0.3341198775
2024-02-27,SPY,0.3346096481
2024-02-28,SPY,0.3370821277
2024-02-29,SPY,0.3375991053
2024-03-01,SPY,0.3567356131
2024-03-04,SPY,0.3535768844
2024-03-05,SPY,0.3531422847
2024-03-06,SPY,0.3515311029
2024-03-07,SPY,0.3519904504
2024-03-08,SPY,0.3529149401
2024-03-11,SPY,0.3484926934
2024-03-12,SPY,0.3570082069
2024-03-13,SPY,0.3480886107
2024-03-14,SPY,0.2620656056
2024-03-15,SPY,0.2243520091
2024-03-18,SPY,0.2144425641
2024-03-19,SPY,0.2358316779
2024-03-20,SPY,0.235079976
2024-03-21,SPY,0.2277694217
2024-03-22,SPY,0.2699711803
2024-03-25,SPY,0.2961539947
2024-03-26,SPY,0.3100863484
2024-03-27,SPY,0.3111422234
2024-03-28,SPY,0.3090561608
2024-03-29,SPY,0.3079525723
2024-04-01,SPY,0.2824778293
2024-04-02,SPY,0.2872991929
2024-04-03,SPY,0.2883415183
2024-04-04,SPY,0.2912188675
2024-04-05,SPY,0.2909840408
2024-04-08,SPY,0.296455321
2024-04-09,SPY,0.298763212
2024-04-10,SPY,0.3180096491
2024-04-11,SPY,0.3185685134
2024-04-12,SPY,0.345669924
2024-04-15,SPY,0.3581222544
2024-04-16,SPY,0.3647125275
2024-04-17,SPY,0.355546912
2024-04-18,SPY,0.3570808162
2024-04-19,SPY,0.3494237161
2024-04-22,SPY,0.3209863361
2024-04-23,SPY,0.2872785304
2024-04-24,SPY,0.2787213412
2024-04-25,SPY,0.2784499724
2024-04-26,SPY,0.2814786471
2024-04-29,SPY,0.2811265348
2024-04-30,SPY,0.2792111026
2024-05-01,SPY,0.2714263725
2024-05-02,SPY,0.2725441519
2024-05-03,SPY,0.2710658234
2024-05-06,SPY,0.2831712979
2024-05-07,SPY,0.2780256162
2024-05-08,SPY,0.276266091
2024-05-09,SPY,0.2288164266
2024-05-10,SPY,0.2379556969
2024-05-13,SPY,0.2122919228
2024-05-14,SPY,0.1660323602
2024-05-15,SPY,0.1513284838
2024-05-16,SPY,0.1500721259
2024-05-17,SPY,0.1491743755
2024-05-20,SPY,0.1487091268
2024-05-21,SPY,0.1402885333
2024-05-22,SPY,0.1397433556
2024-05-23,SPY,0.1348748738
2024-05-24,SPY,0.1365312258
2024-05-27,SPY,0.1317587708
2024-05-28,SPY,0.1372373681
2024-05-29,SPY,0.1384636195
2024-05-30,SPY,0.1373441719
2024-05-31,SPY,0.1408169498
2024-06-03,SPY,0.1574392588
2024-06-04,SPY,0.1506714344
2024-06-05,SPY,0.1537250744
2024-06-06,SPY,0.1466213157
2024-06-07,SPY,0.1459910652
2024-06-10,SPY,0.1571851211
2024-06-11,SPY,0.1587013758
2024-06-12,SPY,0.1557941355
2024-06-13,SPY,0.178928766
2024-06-14,SPY,0.1792373131
2024-06-17,SPY,0.1845921595
2024-06-18,SPY,0.1864579998
2024-06-19,SPY,0.2138862667
2024-06-20,SPY,0.2199260413
2024-06-21,SPY,0.2225373391
2024-06-24,SPY,0.2175203134
2024-06-25,SPY,0.2161116981
2024-06-26,SPY,0.2243056664
2024-06-27,SPY,0.221149969
2024-06-28,SPY,0.2206514409
2024-07-01,SPY,0.2227717035
2024-07-02,SPY,0.2277204246
2024-07-03,SPY,0.2199479939
2024-07-04,SPY,0.2173942687
2024-07-05,SPY,0.2264880485
2024-07-08,SPY,0.2276922546
2024-07-09,SPY,0.2151482523
2024-07-10,SPY,0.2190987999
2024-07-11,SPY,0.2191862803
2024-07-12,SPY,0.193864171
2024-07-15,SPY,0.2030180187
2024-07-16,SPY,0.194092014
2024-07-17,SPY,0.187326025
2024-07-18,SPY,0.1653755308
2024-07-19,SPY,0.1955944028
2024-07-22,SPY,0.195551613
2024-07-23,SPY,0.201222344
2024-07-24,SPY,0.2011310059
2024-07-25,SPY,0.1960073274
2024-07-26,SPY,0.1960794729
2024-07-29,SPY,0.1965669895
2024-07-30,SPY,0.2060040119
2024-07-31,SPY,0.195548941
2024-08-01,SPY,0.1909822957
2024-08-02,SPY,0.2027077533
2024-08-05,SPY,0.1916710588
2024-08-06,SPY,0.189189705
2024-08-07,SPY,0.1892127956
2024-08-08,SPY,0.181446114
2024-08-09,SPY,0.1815825625
2024-08-12,SPY,0.1842773389
2024-08-13,SPY,0.1798810978
2024-08-14,SPY,0.1914730793
2024-08-15,SPY,0.1915487349
2024-08-16,SPY,0.1940106307
2024-08-19,SPY,0.1654007185
2024-08-20,SPY,0.1589545445
2024-08-21,SPY,0.1526723819
2024-08-22,SPY,0.1570072002
2024-08-23,SPY,0.1591827927
2024-08-26,SPY,0.1597093693
2024-08-27,SPY,0.1503456934
2024-08-28,SPY,0.1446846514
2024-08-29,SPY,0.1651634478
2024-08-30,SPY,0.1706127598
2024-09-02,SPY,0.1606086804
2024-09-03,SPY,0.1595236942
2024-09-04,SPY,0.1595369533
2024-09-05,SPY,0.1600041955
2024-09-06,SPY,0.1588415981
2024-09-09,SPY,0.1587097719
2024-09-10,SPY,0.1553900954
2024-09-11,SPY,0.1546069181
2024-09-12,SPY,0.1425010826
2024-09-13,SPY,0.1412680723
2024-09-16,SPY,0.1604442558
2024-09-17,SPY,0.1558633336
2024-09-18,SPY,0.1671596541
2024-09-19,SPY,0.1604761852
2024-09-20,SPY,0.1591973579
2024-09-23,SPY,0.1571986548
2024-09-24,SPY,0.152791903
2024-09-25,SPY,0.1512077368
2024-09-26,SPY,0.1487605523
2024-09-27,SPY,0.1341090465
2024-09-30,SPY,0.1309730961
2024-10-01,SPY,0.1311332399
2024-10-02,SPY,0.1327357006
2024-10-03,SPY,0.1422453612
2024-10-04,SPY,0.1417924727
2024-10-07,SPY,0.1417315225
2024-10-08,SPY,0.1406286298
2024-10-09,SPY,0.1395199234
2024-10-10,SPY,0.1387951941
2024-10-11,SPY,0.1381674441
2024-10-14,SPY,0.1524084004
2024-10-15,SPY,0.1351525607
2024-10-16,SPY,0.1275053021
2024-10-17,SPY,0.1628017067
2024-10-18,SPY,0.1628492551
2024-10-21,SPY,0.1649607753
2024-10-22,SPY,0.1724891957
2024-10-23,SPY,0.1720674054
2024-10-24,SPY,0.1718259594
2024-10-25,SPY,0.1790355703
2024-10-28,SPY,0.1781444322
2024-10-29,SPY,0.1914331061
2024-10-30,SPY,0.2012934836
2024-10-31,SPY,0.2007301903
2024-11-01,SPY,0.1921532944
2024-11-04,SPY,0.1912030602
2024-11-05,SPY,0.2006880927
2024-11-06,SPY,0.2028863841
2024-11-07,SPY,0.2081336008
2024-11-08,SPY,0.2056758606
2024-11-11,SPY,0.2049006993
2024-11-12,SPY,0.2013134308
2024-11-13,SPY,0.2013675042
2024-11-14,SPY,0.2013248649
2024-11-15,SPY,0.1713757692
2024-11-18,SPY,0.1769893134
2024-11-19,SPY,0.1718600666
2024-11-20,SPY,0.169140375
2024-11-21,SPY,0.169363763
2024-11-22,SPY,0.1736490859
2024-11-25,SPY,0.1687813328
2024-11-26,SPY,0.1687461838
2024-11-27,SPY,0.1729590885
2024-11-28,SPY,0.1652194824
2024-11-29,SPY,0.1638074257
2024-12-02,SPY,0.1719336024
2024-12-03,SPY,0.178114997
2024-12-04,SPY,0.1755734461
2024-12-05,SPY,0.1698790707
2024-12-06,SPY,0.1653874067
2024-12-09,SPY,0.1696585897
2024-12-10,SPY,0.1857817
2024-12-11,SPY,0.1813883749
2024-12-12,SPY,0.1814029666
2024-12-13,SPY,0.181511794
2024-12-16,SPY,0.1791150117
2024-12-17,SPY,0.1712312328
2024-12-18,SPY,0.1714345914
2024-12-19,SPY,0.1802377619
2024-12-20,SPY,0.2012256826
2024-12-23,SPY,0.1984768183
2024-12-24,SPY,0.1985212538
2024-12-25,SPY,0.1996610717
2024-12-26,SPY,0.1885064595
2024-12-27,SPY,0.1815317879
2024-12-30,SPY,0.1831759588
2024-12-31,SPY,0.1826242485
2025-01-01,SPY,0.1875827687
2025-01-02,SPY,0.1794804849
2025-01-03,SPY,0.1830012961
2025-01-06,SPY,0.1853324755
2025-01-07,SPY,0.1848878015
2025-01-08,SPY,0.1649703262
2025-01-09,SPY,0.1674422428
2025-01-10,SPY,0.167428244
2025-01-13,SPY,0.1728557717
2025-01-14,SPY,0.1910540856
2025-01-15,SPY,0.1917694017
2025-01-16,SPY,0.1922981286
2025-01-17,SPY,0.1743712489
2025-01-20,SPY,0.1580792421
2025-01-21,SPY,0.1576942461
2025-01-22,SPY,0.1567499282
2025-01-23,SPY,0.1564705936
2025-01-24,SPY,0.1657918192
2025-01-27,SPY,0.1656292313
2025-01-28,SPY,0.1640232993
2025-01-29,SPY,0.1565856088
2025-01-30,SPY,0.1490296285
2025-01-31,SPY,0.1737877594
2025-02-03,SPY,0.1811184965
2025-02-04,SPY,0.1841409509
2025-02-05,SPY,0.1812037739
2025-02-06,SPY,0.1854541296
2025-02-07,SPY,0.183845474
2025-02-10,SPY,0.1843635469
2025-02-11,SPY,0.1807273303
2025-02-12,SPY,0.1607696561
2025-02-13,SPY,0.1808344815
2025-02-14,SPY,0.204207901
2025-02-17,SPY,0.2044990641
2025-02-18,SPY,0.2126982508
2025-02-19,SPY,0.2143042286
2025-02-20,SPY,0.2135058708
2025-02-21,SPY,0.2128515053
2025-02-24,SPY,0.2057841387
2025-02-25,SPY,0.2089876689
2025-02-26,SPY,0.2089061619
2025-02-27,SPY,0.209261829
2025-02-28,SPY,0.2068085969
2025-03-03,SPY,0.1923213777
2025-03-04,SPY,0.1872826642
2025-03-05,SPY,0.1926496199
2025-03-06,SPY,0.1927289941
2025-03-07,SPY,0.1863159873
2025-03-10,SPY,0.1836017294
2025-03-11,SPY,0.1824475112
2025-03-12,SPY,0.1895656406
2025-03-13,SPY,0.1878784924
2025-03-14,SPY,0.1713633665
2025-03-17,SPY,0.1414604208
2025-03-18,SPY,0.1536824261
2025-03-19,SPY,0.1397998045
2025-03-20,SPY,0.1429416674
2025-03-21,SPY,0.1512986122
2025-03-24,SPY,0.149335952
2025-03-25,SPY,0.1518336909
2025-03-26,SPY,0.148790394
2025-03-27,SPY,0.1468452193
2025-03-28,SPY,0.1464706618
2025-03-31,SPY,0.1577367243
2025-04-01,SPY,0.1577103891
2025-04-02,SPY,0.160994272
2025-04-03,SPY,0.1472181479
2025-04-04,SPY,0.1467744628
2025-04-07,SPY,0.1444868517
2025-04-08,SPY,0.156598635
2025-04-09,SPY,0.1573575945
2025-04-10,SPY,0.1578189484
2025-04-11,SPY,0.159688454
2025-04-14,SPY,0.1527705289
2025-04-15,SPY,0.1468003415
2025-04-16,SPY,0.1467188578
2025-04-17,SPY,0.1367959268
2025-04-18,SPY,0.1367519349
2025-04-21,SPY,0.1363690983
2025-04-22,SPY,0.1341107928
2025-04-23,SPY,0.1321202163
2025-04-24,SPY,0.1329459497
2025-04-25,SPY,0.1358320886
2025-04-28,SPY,0.1357919742
2025-04-29,SPY,0.1292053664
2025-04-30,SPY,0.143733495
2025-05-01,SPY,0.1343250229
2025-05-02,SPY,0.1539562819
2025-05-05,SPY,0.1538086019
2025-05-06,SPY,0.1530615716
2025-05-07,SPY,0.1363603759
2025-05-08,SPY,0.1429490702
2025-05-09,SPY,0.1636072435
2025-05-12,SPY,0.1601656945
2025-05-13,SPY,0.1800284796
2025-05-14,SPY,0.1805148717
2025-05-15,SPY,0.1836560891
2025-05-16,SPY,0.1816323719
2025-05-19,SPY,0.1886765343
2025-05-20,SPY,0.1853752774
2025-05-21,SPY,0.1853244247
2025-05-22,SPY,0.1920946343
2025-05-23,SPY,0.1921932916
2025-05-26,SPY,0.1938689554
2025-05-27,SPY,0.1934563083
2025-05-28,SPY,0.1929159356
2025-05-29,SPY,0.1880544964
2025-05-30,SPY,0.1865735179
2025-06-02,SPY,0.180154317
2025-06-03,SPY,0.1807132547
2025-06-04,SPY,0.1809151838
2025-06-05,SPY,0.1847358877
2025-06-06,SPY,0.1840006331
2025-06-09,SPY,0.1715532005
2025-06-10,SPY,0.1751055173
2025-06-11,SPY,0.1692080354
2025-06-12,SPY,0.1732015345
2025-06-13,SPY,0.1866633967
2025-06-16,SPY,0.1865783758
2025-06-17,SPY,0.180594506
2025-06-18,SPY,0.1801388561
2025-06-19,SPY,0.1801073654
2025-06-20,SPY,0.1753447536
2025-06-23,SPY,0.1944716695
2025-06-24,SPY,0.1930353442
2025-06-25,SPY,0.1953679444
2025-06-26,SPY,0.1951364749
2025-06-27,SPY,0.1934289849
2025-06-30,SPY,0.1980915959
2025-07-01,SPY,0.1899623984
2025-07-02,SPY,0.1899368351
2025-07-03,SPY,0.1948817342
2025-07-04,SPY,0.1903939585
2025-07-07,SPY,0.1880509265
2025-07-08,SPY,0.1867348437
2025-07-09,SPY,0.1894624393
2025-07-10,SPY,0.1786508283
2025-07-11,SPY,0.1720732936
2025-07-14,SPY,0.1534257537
2025-07-15,SPY,0.1541271887
2025-07-16,SPY,0.1621848303
2025-07-17,SPY,0.1636914259
2025-07-18,SPY,0.1780417642
2025-07-21,SPY,0.1714418876
2025-07-22,SPY,0.1564085422
2025-07-23,SPY,0.1574371753
2025-07-24,SPY,0.1530367926
2025-07-25,SPY,0.1533606478
2025-07-28,SPY,0.1560850781
2025-07-29,SPY,0.1535875862
2025-07-30,SPY,0.1523200113
2025-07-31,SPY,0.1613184537
2025-08-01,SPY,0.1590390443
2025-08-04,SPY,0.1727494858
2025-08-05,SPY,0.1718323347
2025-08-06,SPY,0.1690626171
2025-08-07,SPY,0.1602608435
2025-08-08,SPY,0.1614903741
2025-08-11,SPY,0.1693672675
2025-08-12,SPY,0.1692675388
2025-08-13,SPY,0.1790603173
2025-08-14,SPY,0.1798693368
2025-08-15,SPY,0.1827427083
2025-08-18,SPY,0.1615405793
2025-08-19,SPY,0.1629252445
2025-08-20,SPY,0.1599950135
2025-08-21,SPY,0.1611827274
2025-08-22,SPY,0.1628447415
2025-08-25,SPY,0.1654376511
2025-08-26,SPY,0.1548869108
2025-08-27,SPY,0.1692002575
2025-08-28,SPY,0.1700221842
2025-08-29,SPY,0.1664527285
2025-09-01,SPY,0.1711370101
2025-09-02,SPY,0.1599250012
2025-09-03,SPY,0.1599076637
2025-09-04,SPY,0.1596512587
2025-09-05,SPY,0.1680421291
2025-09-08,SPY,0.1681944713
2025-09-09,SPY,0.1567367895
2025-09-10,SPY,0.1516772052
2025-09-11,SPY,0.1387196744
2025-09-12,SPY,0.1455267805
2025-09-15,SPY,0.1432221544
2025-09-16,SPY,0.1418487516
2025-09-17,SPY,0.1401613388
2025-09-18,SPY,0.1482051853
2025-09-19,SPY,0.1507196926
2025-09-22,SPY,0.1476198191
2025-09-23,SPY,0.1478751175
2025-09-24,SPY,0.1643280039
2025-09-25,SPY,0.1517928765
2025-09-26,SPY,0.1590964835
2025-09-29,SPY,0.1589828391
2025-09-30,SPY,0.1541332774
2025-10-01,SPY,0.1692980133
2025-10-02,SPY,0.1710742757
2025-10-03,SPY,0.1706617968
2025-10-06,SPY,0.1635190447
2025-10-07,SPY,0.1767194411
2025-10-08,SPY,0.1758684411
2025-10-09,SPY,0.1847404211
2025-10-10,SPY,0.1839895198
2025-10-13,SPY,0.179582973
2025-10-14,SPY,0.178019339
2025-10-15,SPY,0.2046044563
2025-10-16,SPY,0.2049390165
2025-10-17,SPY,0.2014765016
2025-10-20,SPY,0.1953714348
2025-10-21,SPY,0.1972499931
2025-10-22,SPY,0.2031750136
2025-10-23,SPY,0.1868271875
2025-10-24,SPY,0.18720317
2025-10-27,SPY,0.1834213237
2025-10-28,SPY,0.1827790032
2025-10-29,SPY,0.1840755842
2025-10-30,SPY,0.1792522372
2025-10-31,SPY,0.1760123627
2025-11-03,SPY,0.175239763
2025-11-04,SPY,0.1847782251
2025-11-05,SPY,0.1714471172
2025-11-06,SPY,0.1771771048
2025-11-07,SPY,0.1663339765
2025-11-10,SPY,0.1652393397
2025-11-11,SPY,0.1595726825
2025-11-12,SPY,0.1725378305
2025-11-13,SPY,0.1271997587
2025-11-14,SPY,0.1234695054
2025-11-17,SPY,0.1260315751
2025-11-18,SPY,0.1391808687
2025-11-19,SPY,0.1397256378
2025-11-20,SPY,0.1520275559
2025-11-21,SPY,0.1514390874
2025-11-24,SPY,0.1517078722
2025-11-25,SPY,0.1505611354
2025-11-26,SPY,0.149913722
2025-11-27,SPY,0.1512641656
2025-11-28,SPY,0.1625877171
2025-12-01,SPY,0.1624958286
2025-12-02,SPY,0.167011417
2025-12-03,SPY,0.1613165212
2025-12-04,SPY,0.1644656213
2025-12-05,SPY,0.1597427674
2025-12-08,SPY,0.1596324482
2025-12-09,SPY,0.1597164273
2025-12-10,SPY,0.1686159962
2025-12-11,SPY,0.1714664416
2025-12-12,SPY,0.1700835791
2025-12-15,SPY,0.1683671162
2025-12-16,SPY,0.1745357363
2025-12-17,SPY,0.1697342926
2025-12-18,SPY,0.1694026211
2025-12-19,SPY,0.1663245359
2025-12-22,SPY,0.1664621478
2025-12-23,SPY,0.1662345868
2025-12-24,SPY,0.182606034
2025-12-25,SPY,0.1876611039
2025-12-26,SPY,0.1884927425
2025-12-29,SPY,0.183933421
2025-12-30,SPY,0.1867771406
2025-12-31,SPY,0.1903193108
2026-01-01,SPY,0.1902608337
2026-01-02,SPY,0.1910111999
2026-01-05,SPY,0.2117309004
2026-01-06,SPY,0.2129113588
2026-01-07,SPY,0.2131686586
2026-01-08,SPY,0.2053257636
2026-01-09,SPY,0.1967800821
2026-01-12,SPY,0.1989221241
2026-01-13,SPY,0.1986881212
2026-01-14,SPY,0.197326285
2026-01-15,SPY,0.1957088545
2026-01-16,SPY,0.1957394081
2026-01-19,SPY,0.1788936613
2026-01-20,SPY,0.1788692596
2026-01-21,SPY,0.181813463
2026-01-22,SPY,0.1682067248
2026-01-23,SPY,0.1542655978
2026-01-26,SPY,0.1392784183
2026-01-27,SPY,0.1447472148
2026-01-28,SPY,0.1466314948
2026-01-29,SPY,0.1450501922
2026-01-30,SPY,0.1451166864
2026-02-02,SPY,0.1480267329
2026-02-03,SPY,0.1358560043
2026-02-04,SPY,0.135814173
2026-02-05,SPY,0.136083461
2026-02-06,SPY,0.1462518677
2026-02-09,SPY,0.1371211419
2026-02-10,SPY,0.1445770853
2026-02-11,SPY,0.1484640688
2026-02-12,SPY,0.1474205549
2026-02-13,SPY,0.1630027606
2026-02-16,SPY,0.1685613521
2026-02-17,SPY,0.1723877111
2026-02-18,SPY,0.191957104
2026-02-19,SPY,0.1897461403
2026-02-20,SPY,0.1894392234
2026-02-23,SPY,0.1876953654
2026-02-24,SPY,0.1907717911
2026-02-25,SPY,0.1874166558
2026-02-26,SPY,0.1892700887
2026-02-27,SPY,0.1936126451
2026-03-02,SPY,0.1914959495
2026-03-03,SPY,0.1906876679
2026-03-04,SPY,0.1821193673
2026-03-05,SPY,0.1877808069
2026-03-06,SPY,0.1904373887
2026-03-09,SPY,0.1859660528
2026-03-10,SPY,0.1979612959
2026-03-11,SPY,0.1940955333
2026-03-12,SPY,0.1879703984
2026-03-13,SPY,0.1854864804
2026-03-16,SPY,0.161917564
2026-03-17,SPY,0.1630448716
2026-03-18,SPY,0.1620420701
2026-03-19,SPY,0.1477471909
2026-03-20,SPY,0.1443811926
2026-03-23,SPY,0.145717656
2026-03-24,SPY,0.1647637102
2026-03-25,SPY,0.1607361094
2026-03-26,SPY,0.1611200581
2026-03-27,SPY,0.1544903101
2026-03-30,SPY,0.1577838213
2026-03-31,SPY,0.1715647729
2026-04-01,SPY,0.1812543012
2026-04-02,SPY,0.1784007294
2026-04-03,SPY,0.1783150468
2026-04-06,SPY,0.1738323852
2026-04-07,SPY,0.1798536786
2026-04-08,SPY,0.1648494711
2026-04-09,SPY,0.1656678896
2026-04-10,SPY,0.170236002
2026-04-13,SPY,0.1696169323
2026-04-14,SPY,0.1896626336
2026-04-15,SPY,0.1891850768
2026-04-16,SPY,0.1903548302
2026-04-17,SPY,0.1938455419
2026-04-20,SPY,0.193724302
2026-04-21,SPY,0.1921527835
2026-04-22,SPY,0.1741756291
2026-04-23,SPY,0.1754449795
2026-04-24,SPY,0.1771251113
2026-04-27,SPY,0.1796956865
2026-04-28,SPY,0.1814760948
2026-04-29,SPY,0.1658884021
2026-04-30,SPY,0.1596458827
2026-05-01,SPY,0.1596988983
2026-05-04,SPY,0.1538795789
2026-05-05,SPY,0.1529745293
2026-05-06,SPY,0.1436379802
2026-05-07,SPY,0.1588260027
2026-05-08,SPY,0.1539858746
2026-05-11,SPY,0.1544355237
2026-05-12,SPY,0.1653641003
2026-05-13,SPY,0.1471067449
2026-05-14,SPY,0.1460734498
2026-05-15,SPY,0.1447029387
2026-05-18,SPY,0.1423122395
2026-05-19,SPY,0.1423519516
2026-05-20,SPY,0.1443538767
2026-05-21,SPY,0.1483102559
2026-05-22,SPY,0.143643864
2026-05-25,SPY,0.1415593892
2026-05-26,SPY,0.1331864968
2026-05-27,SPY,0.1261421047
2026-05-28,SPY,0.1383033557
2026-05-29,SPY,0.1358086185
2026-06-01,SPY,0.1380452653
2026-06-02,SPY,0.1464515564
2026-06-03,SPY,0.1465692065
2026-06-04,SPY,0.1457373612
2026-06-05,SPY,0.1289490488
2026-06-08,SPY,0.1349483447
2026-06-09,SPY,0.1314441412
2026-06-10,SPY,0.1346815467
2026-06-11,SPY,0.139251721
2026-06-12,SPY,0.1429072914
2026-06-15,SPY,0.1431059211
2026-06-16,SPY,0.1400715615
2026-06-17,SPY,0.1403173447
2026-06-18,SPY,0.1389745259
2026-06-19,SPY,0.1348653772
2026-06-22,SPY,0.1349776075
2026-06-23,SPY,0.1353102179
2026-06-24,SPY,0.1353312268
2026-06-25,SPY,0.1323387803
2026-06-26,SPY,0.1246117716
2026-06-29,SPY,0.123476913
2026-06-30,SPY,0.121874943
2026-07-01,SPY,0.1099212817
2026-07-02,SPY,0.1275115897
2026-07-03,SPY,0.1291804377
2021-10-05,TLT,0.1556444113
2021-10-06,TLT,0.1556413616
2021-10-07,TLT,0.1472810727
2021-10-08,TLT,0.1528720179
2021-10-11,TLT,0.1567679655
2021-10-12,TLT,0.1591817625
2021-10-13,TLT,0.166756366
2021-10-14,TLT,0.1620922563
2021-10-15,TLT,0.1629795949
2021-10-18,TLT,0.1612075602
2021-10-19,TLT,0.1773608105
2021-10-20,TLT,0.1798438371
2021-10-21,TLT,0.1762018063
2021-10-22,TLT,0.1755175694
2021-10-25,TLT,0.1769372676
2021-10-26,TLT,0.1769569995
2021-10-27,TLT,0.1711893908
2021-10-28,TLT,0.1682458802
2021-10-29,TLT,0.1606881271
2021-11-01,TLT,0.1688538963
2021-11-02,TLT,0.1594682969
2021-11-03,TLT,0.1588477067
2021-11-04,TLT,0.160257617
2021-11-05,TLT,0.1613623318
2021-11-08,TLT,0.1503955628
2021-11-09,TLT,0.1483842275
2021-11-10,TLT,0.1438069848
2021-11-11,TLT,0.1273741673
2021-11-12,TLT,0.1255954185
2021-11-15,TLT,0.1285850701
2021-11-16,TLT,0.145406056
2021-11-17,TLT,0.1301054247
2021-11-18,TLT,0.1389857422
2021-11-19,TLT,0.1416258836
2021-11-22,TLT,0.1416590275
2021-11-23,TLT,0.1355316951
2021-11-24,TLT,0.1412724382
2021-11-25,TLT,0.1417178052
2021-11-26,TLT,0.1414819514
2021-11-29,TLT,0.1488508108
2021-11-30,TLT,0.1416542767
2021-12-01,TLT,0.1416170629
2021-12-02,TLT,0.1388137985
2021-12-03,TLT,0.1443598861
2021-12-06,TLT,0.144442208
2021-12-07,TLT,0.1451112369
2021-12-08,TLT,0.1389552191
2021-12-09,TLT,0.1415357687
2021-12-10,TLT,0.1409622338
2021-12-13,TLT,0.1433630462
2021-12-14,TLT,0.1682136515
2021-12-15,TLT,0.1566550215
2021-12-16,TLT,0.1567151688
2021-12-17,TLT,0.1444718245
2021-12-20,TLT,0.1415871699
2021-12-21,TLT,0.1408558055
2021-12-22,TLT,0.1455445367
2021-12-23,TLT,0.1415915138
2021-12-24,TLT,0.1440602054
2021-12-27,TLT,0.1634822775
2021-12-28,TLT,0.1581040835
2021-12-29,TLT,0.1571887378
2021-12-30,TLT,0.1612783082
2021-12-31,TLT,0.1624678863
2022-01-03,TLT,0.1577905631
2022-01-04,TLT,0.1559076552
2022-01-05,TLT,0.1567064724
2022-01-06,TLT,0.1543379952
2022-01-07,TLT,0.1532275679
2022-01-10,TLT,0.1622772118
2022-01-11,TLT,0.1626066177
2022-01-12,TLT,0.1402318329
2022-01-13,TLT,0.1595813728
2022-01-14,TLT,0.1608143774
2022-01-17,TLT,0.1611597535
2022-01-18,TLT,0.1650993498
2022-01-19,TLT,0.1655144011
2022-01-20,TLT,0.16296079
2022-01-21,TLT,0.1595050201
2022-01-24,TLT,0.1532941241
2022-01-25,TLT,0.1352790816
2022-01-26,TLT,0.1337781081
2022-01-27,TLT,0.1357930205
2022-01-28,TLT,0.1323201753
2022-01-31,TLT,0.1320262567
2022-02-01,TLT,0.1445197392
2022-02-02,TLT,0.1420577103
2022-02-03,TLT,0.1405902908
2022-02-04,TLT,0.1444179325
2022-02-07,TLT,0.1452665454
2022-02-08,TLT,0.1289072919
2022-02-09,TLT,0.1308516286
2022-02-10,TLT,0.1376109743
2022-02-11,TLT,0.1172396421
2022-02-14,TLT,0.1231617992
2022-02-15,TLT,0.1270234318
2022-02-16,TLT,0.1228139445
2022-02-17,TLT,0.1272912031
2022-02-18,TLT,0.1249543015
2022-02-21,TLT,0.1233407825
2022-02-22,TLT,0.130151993
2022-02-23,TLT,0.1302364259
2022-02-24,TLT,0.135230005
2022-02-25,TLT,0.1349783666
2022-02-28,TLT,0.1328864889
2022-03-01,TLT,0.1360452153
2022-03-02,TLT,0.134055806
2022-03-03,TLT,0.1399126801
2022-03-04,TLT,0.1398322572
2022-03-07,TLT,0.1348651875
2022-03-08,TLT,0.1343766048
2022-03-09,TLT,0.1415969873
2022-03-10,TLT,0.1510428696
2022-03-11,TLT,0.1487190084
2022-03-14,TLT,0.1556157446
2022-03-15,TLT,0.149608725
2022-03-16,TLT,0.144705515
2022-03-17,TLT,0.1476006277
2022-03-18,TLT,0.1453185266
2022-03-21,TLT,0.1440070926
2022-03-22,TLT,0.1476460937
2022-03-23,TLT,0.1580527177
2022-03-24,TLT,0.1583422726
2022-03-25,TLT,0.1517471303
2022-03-28,TLT,0.1511759199
2022-03-29,TLT,0.1522217746
2022-03-30,TLT,0.1509084397
2022-03-31,TLT,0.165975407
2022-04-01,TLT,0.1619894076
2022-04-04,TLT,0.1624276853
2022-04-05,TLT,0.1701543919
2022-04-06,TLT,0.1675062765
2022-04-07,TLT,0.1654088352
2022-04-08,TLT,0.1567663762
2022-04-11,TLT,0.1566823785
2022-04-12,TLT,0.148455465
2022-04-13,TLT,0.1529068159
2022-04-14,TLT,0.1523898075
2022-04-15,TLT,0.1637379861
2022-04-18,TLT,0.1619680244
2022-04-19,TLT,0.1615305612
2022-04-20,TLT,0.1637808539
2022-04-21,TLT,0.1634641166
2022-04-22,TLT,0.1638055092
2022-04-25,TLT,0.1630737317
2022-04-26,TLT,0.1624636152
2022-04-27,TLT,0.1601512711
2022-04-28,TLT,0.1601021507
2022-04-29,TLT,0.1384296894
2022-05-02,TLT,0.1362822321
2022-05-03,TLT,0.1373379708
2022-05-04,TLT,0.1288601225
2022-05-05,TLT,0.1292525512
2022-05-06,TLT,0.1260400908
2022-05-09,TLT,0.1302217556
2022-05-10,TLT,0.1286696687
2022-05-11,TLT,0.1282472103
2022-05-12,TLT,0.1256022164
2022-05-13,TLT,0.1260672559
2022-05-16,TLT,0.103778468
2022-05-17,TLT,0.1131869562
2022-05-18,TLT,0.123199547
2022-05-19,TLT,0.1202469767
2022-05-20,TLT,0.1086869944
2022-05-23,TLT,0.1133136385
2022-05-24,TLT,0.1347813589
2022-05-25,TLT,0.1431182418
2022-05-26,TLT,0.1463474313
2022-05-27,TLT,0.1462700882
2022-05-30,TLT,0.1464961964
2022-05-31,TLT,0.146500612
2022-06-01,TLT,0.1459716724
2022-06-02,TLT,0.1546080155
2022-06-03,TLT,0.1541708795
2022-06-06,TLT,0.1544286673
2022-06-07,TLT,0.1510119014
2022-06-08,TLT,0.1595794185
2022-06-09,TLT,0.1597003036
2022-06-10,TLT,0.1571925121
2022-06-13,TLT,0.1577122158
2022-06-14,TLT,0.1703014494
2022-06-15,TLT,0.1701179272
2022-06-16,TLT,0.1678455248
2022-06-17,TLT,0.1708198842
2022-06-20,TLT,0.16425174
2022-06-21,TLT,0.1614500099
2022-06-22,TLT,0.1505005426
2022-06-23,TLT,0.1422571505
2022-06-24,TLT,0.1535863304
2022-06-27,TLT,0.1546405642
2022-06-28,TLT,0.1578047515
2022-06-29,TLT,0.1577835923
2022-06-30,TLT,0.1586154313
2022-07-01,TLT,0.1517635404
2022-07-04,TLT,0.1517622634
2022-07-05,TLT,0.151216514
2022-07-06,TLT,0.152493545
2022-07-07,TLT,0.1498986014
2022-07-08,TLT,0.1498617722
2022-07-11,TLT,0.1657679416
2022-07-12,TLT,0.1665690376
2022-07-13,TLT,0.1522628063
2022-07-14,TLT,0.1478665883
2022-07-15,TLT,0.1421356662
2022-07-18,TLT,0.1417076409
2022-07-19,TLT,0.1412429531
2022-07-20,TLT,0.1605628337
2022-07-21,TLT,0.157624643
2022-07-22,TLT,0.1643903178
2022-07-25,TLT,0.1528624327
2022-07-26,TLT,0.1509921301
2022-07-27,TLT,0.1470758072
2022-07-28,TLT,0.1510524825
2022-07-29,TLT,0.1581716173
2022-08-01,TLT,0.1660028589
2022-08-02,TLT,0.1795400848
2022-08-03,TLT,0.1803226763
2022-08-04,TLT,0.1767227903
2022-08-05,TLT,0.1709279454
2022-08-08,TLT,0.1708314619
2022-08-09,TLT,0.1606159877
2022-08-10,TLT,0.1585359902
2022-08-11,TLT,0.1593930326
2022-08-12,TLT,0.1618180773
2022-08-15,TLT,0.1605402822
2022-08-16,TLT,0.1662370355
2022-08-17,TLT,0.1669941921
2022-08-18,TLT,0.1498447677
2022-08-19,TLT,0.1504219528
2022-08-22,TLT,0.1426242026
2022-08-23,TLT,0.1385144823
2022-08-24,TLT,0.1428546414
2022-08-25,TLT,0.1436715982
2022-08-26,TLT,0.1459009127
2022-08-29,TLT,0.1426494327
2022-08-30,TLT,0.1287275193
2022-08-31,TLT,0.1176587806
2022-09-01,TLT,0.1163610958
2022-09-02,TLT,0.1171914236
2022-09-05,TLT,0.1219759839
2022-09-06,TLT,0.1217347259
2022-09-07,TLT,0.1249191165
2022-09-08,TLT,0.1547597963
2022-09-09,TLT,0.1494912068
2022-09-12,TLT,0.1611617972
2022-09-13,TLT,0.1620552813
2022-09-14,TLT,0.1688382594
2022-09-15,TLT,0.1702314549
2022-09-16,TLT,0.1767590336
2022-09-19,TLT,0.1789359066
2022-09-20,TLT,0.1790437573
2022-09-21,TLT,0.1804618866
2022-09-22,TLT,0.178863274
2022-09-23,TLT,0.179317415
2022-09-26,TLT,0.1850281947
2022-09-27,TLT,0.1841276008
2022-09-28,TLT,0.1845393922
2022-09-29,TLT,0.1851565463
2022-09-30,TLT,0.1892240962
2022-10-03,TLT,0.1899136648
2022-10-04,TLT,0.1901874119
2022-10-05,TLT,0.1954717366
2022-10-06,TLT,0.1861363201
2022-10-07,TLT,0.1516601903
2022-10-10,TLT,0.1495388753
2022-10-11,TLT,0.1485605809
2022-10-12,TLT,0.164613287
2022-10-13,TLT,0.1612091903
2022-10-14,TLT,0.1561500624
2022-10-17,TLT,0.1604773575
2022-10-18,TLT,0.1580079264
2022-10-19,TLT,0.1653108079
2022-10-20,TLT,0.1639782279
2022-10-21,TLT,0.1626977896
2022-10-24,TLT,0.161962444
2022-10-25,TLT,0.1455709416
2022-10-26,TLT,0.1500539671
2022-10-27,TLT,0.1495277113
2022-10-28,TLT,0.1536718651
2022-10-31,TLT,0.1556854184
2022-11-01,TLT,0.1492042557
2022-11-02,TLT,0.1551328418
2022-11-03,TLT,0.1512071245
2022-11-04,TLT,0.1511808644
2022-11-07,TLT,0.1567923756
2022-11-08,TLT,0.1565726108
2022-11-09,TLT,0.1496102538
2022-11-10,TLT,0.1419957289
2022-11-11,TLT,0.1403813787
2022-11-14,TLT,0.146014596
2022-11-15,TLT,0.1380665229
2022-11-16,TLT,0.1370014831
2022-11-17,TLT,0.1286678587
2022-11-18,TLT,0.1299503824
2022-11-21,TLT,0.1303647727
2022-11-22,TLT,0.1356075277
2022-11-23,TLT,0.1346721857
2022-11-24,TLT,0.1344988228
2022-11-25,TLT,0.1440285063
2022-11-28,TLT,0.1375585012
2022-11-29,TLT,0.1276987064
2022-11-30,TLT,0.1284509782
2022-12-01,TLT,0.1245146454
2022-12-02,TLT,0.1241063337
2022-12-05,TLT,0.127256149
2022-12-06,TLT,0.123231272
2022-12-07,TLT,0.1232279056
2022-12-08,TLT,0.1280097315
2022-12-09,TLT,0.1318841645
2022-12-12,TLT,0.1258554031
2022-12-13,TLT,0.1222716831
2022-12-14,TLT,0.120714195
2022-12-15,TLT,0.1334425835
2022-12-16,TLT,0.1307141494
2022-12-19,TLT,0.1321568247
2022-12-20,TLT,0.1407980068
2022-12-21,TLT,0.1390303927
2022-12-22,TLT,0.1392513095
2022-12-23,TLT,0.1384043257
2022-12-26,TLT,0.129994494
2022-12-27,TLT,0.1301788103
2022-12-28,TLT,0.1357854669
2022-12-29,TLT,0.1364454536
2022-12-30,TLT,0.1323342455
2023-01-02,TLT,0.1317650597
2023-01-03,TLT,0.1353216391
2023-01-04,TLT,0.128474363
2023-01-05,TLT,0.1285307426
2023-01-06,TLT,0.1211041967
2023-01-09,TLT,0.1233516561
2023-01-10,TLT,0.1231684037
2023-01-11,TLT,0.1233526717
2023-01-12,TLT,0.1319650639
2023-01-13,TLT,0.1246960591
2023-01-16,TLT,0.1272564452
2023-01-17,TLT,0.1246252707
2023-01-18,TLT,0.1202184285
2023-01-19,TLT,0.1199424198
2023-01-20,TLT,0.1283377663
2023-01-23,TLT,0.1282628608
2023-01-24,TLT,0.1364356573
2023-01-25,TLT,0.1360470964
2023-01-26,TLT,0.1385513054
2023-01-27,TLT,0.1450799913
2023-01-30,TLT,0.1479856249
2023-01-31,TLT,0.1532820342
2023-02-01,TLT,0.165075554
2023-02-02,TLT,0.1680015935
2023-02-03,TLT,0.1705201767
2023-02-06,TLT,0.1706869324
2023-02-07,TLT,0.1626063701
2023-02-08,TLT,0.1636942138
2023-02-09,TLT,0.1636553903
2023-02-10,TLT,0.1677614717
2023-02-13,TLT,0.1666226384
2023-02-14,TLT,0.1874613651
2023-02-15,TLT,0.1920584721
2023-02-16,TLT,0.1894955186
2023-02-17,TLT,0.2087730152
2023-02-20,TLT,0.1990437335
2023-02-21,TLT,0.2017569331
2023-02-22,TLT,0.1999040138
2023-02-23,TLT,0.202511542
2023-02-24,TLT,0.2085484562
2023-02-27,TLT,0.206335525
2023-02-28,TLT,0.2053294354
2023-03-01,TLT,0.2046881975
2023-03-02,TLT,0.19521997
2023-03-03,TLT,0.1994450114
2023-03-06,TLT,0.1972534116
2023-03-07,TLT,0.2037632668
2023-03-08,TLT,0.2041884031
2023-03-09,TLT,0.2108791662
2023-03-10,TLT,0.2123679343
2023-03-13,TLT,0.2058111355
2023-03-14,TLT,0.2092682717
2023-03-15,TLT,0.1863113371
2023-03-16,TLT,0.1855391712
2023-03-17,TLT,0.1836594137
2023-03-20,TLT,0.1792962169
2023-03-21,TLT,0.1767894847
2023-03-22,TLT,0.1774366612
2023-03-23,TLT,0.1848134734
2023-03-24,TLT,0.183415854
2023-03-27,TLT,0.168750237
2023-03-28,TLT,0.1706606051
2023-03-29,TLT,0.167966466
2023-03-30,TLT,0.1618322627
2023-03-31,TLT,0.1634506822
2023-04-03,TLT,0.1574439287
2023-04-04,TLT,0.1621205876
2023-04-05,TLT,0.1521888399
2023-04-06,TLT,0.1506781883
2023-04-07,TLT,0.1426704351
2023-04-10,TLT,0.1421478782
2023-04-11,TLT,0.1343395277
2023-04-12,TLT,0.1326252565
2023-04-13,TLT,0.1357262211
2023-04-14,TLT,0.1358369922
2023-04-17,TLT,0.1364018942
2023-04-18,TLT,0.1102270377
2023-04-19,TLT,0.1095232651
2023-04-20,TLT,0.104710438
2023-04-21,TLT,0.0937639181
2023-04-24,TLT,0.0973834484
2023-04-25,TLT,0.0963001526
2023-04-26,TLT,0.0961918521
2023-04-27,TLT,0.0957285583
2023-04-28,TLT,0.0976251515
2023-05-01,TLT,0.0948475195
2023-05-02,TLT,0.0893822819
2023-05-03,TLT,0.0822843275
2023-05-04,TLT,0.0868278758
2023-05-05,TLT,0.1105241716
2023-05-08,TLT,0.1107816767
2023-05-09,TLT,0.1119958503
2023-05-10,TLT,0.1123376895
2023-05-11,TLT,0.1122518932
2023-05-12,TLT,0.1050987022
2023-05-15,TLT,0.1112726479
2023-05-16,TLT,0.1106873396
2023-05-17,TLT,0.1092360815
2023-05-18,TLT,0.1097559629
2023-05-19,TLT,0.1113499268
2023-05-22,TLT,0.1117377378
2023-05-23,TLT,0.1115324065
2023-05-24,TLT,0.1218227304
2023-05-25,TLT,0.1348497458
2023-05-26,TLT,0.1352132588
2023-05-29,TLT,0.1417388118
2023-05-30,TLT,0.1419235253
2023-05-31,TLT,0.1440829977
2023-06-01,TLT,0.1583678003
2023-06-02,TLT,0.1569663546
2023-06-05,TLT,0.1464695946
2023-06-06,TLT,0.151677813
2023-06-07,TLT,0.1544633571
2023-06-08,TLT,0.1716310737
2023-06-09,TLT,0.1713960285
2023-06-12,TLT,0.1724581015
2023-06-13,TLT,0.1680404553
2023-06-14,TLT,0.1675068168
2023-06-15,TLT,0.1701568237
2023-06-16,TLT,0.1709540262
2023-06-19,TLT,0.1701171142
2023-06-20,TLT,0.1817710714
2023-06-21,TLT,0.1805557523
2023-06-22,TLT,0.1727117799
2023-06-23,TLT,0.1621576831
2023-06-26,TLT,0.1619924446
2023-06-27,TLT,0.1594314091
2023-06-28,TLT,0.1590131116
2023-06-29,TLT,0.1572620638
2023-06-30,TLT,0.1358779582
2023-07-03,TLT,0.1385387141
2023-07-04,TLT,0.1336421668
2023-07-05,TLT,0.129244498
2023-07-06,TLT,0.1310728367
2023-07-07,TLT,0.1102667976
2023-07-10,TLT,0.1201490466
2023-07-11,TLT,0.1179352196
2023-07-12,TLT,0.1176873809
2023-07-13,TLT,0.1430028362
2023-07-14,TLT,0.1393626339
2023-07-17,TLT,0.1555639337
2023-07-18,TLT,0.1555310252
2023-07-19,TLT,0.1409420785
2023-07-20,TLT,0.1409654091
2023-07-21,TLT,0.1425952745
2023-07-24,TLT,0.1503089921
2023-07-25,TLT,0.1502770831
2023-07-26,TLT,0.144182049
2023-07-27,TLT,0.1449202015
2023-07-28,TLT,0.1496577456
2023-07-31,TLT,0.149852072
2023-08-01,TLT,0.1485009903
2023-08-02,TLT,0.1537006457
2023-08-03,TLT,0.1544415888
2023-08-04,TLT,0.1499352175
2023-08-07,TLT,0.1525325158
2023-08-08,TLT,0.1468485373
2023-08-09,TLT,0.1492518484
2023-08-10,TLT,0.1493994237
2023-08-11,TLT,0.1237258931
2023-08-14,TLT,0.1297611924
2023-08-15,TLT,0.1128363832
2023-08-16,TLT,0.1137550564
2023-08-17,TLT,0.1400424986
2023-08-18,TLT,0.1408643629
2023-08-21,TLT,0.1580157286
2023-08-22,TLT,0.1653945671
2023-08-23,TLT,0.1708064682
2023-08-24,TLT,0.1703238521
2023-08-25,TLT,0.1779100145
2023-08-28,TLT,0.1729286941
2023-08-29,TLT,0.1738941188
2023-08-30,TLT,0.1781197455
2023-08-31,TLT,0.1799915429
2023-09-01,TLT,0.1796905156
2023-09-04,TLT,0.1807473645
2023-09-05,TLT,0.1932117104
2023-09-06,TLT,0.2055379325
2023-09-07,TLT,0.2074594341
2023-09-08,TLT,0.2186953564
2023-09-11,TLT,0.22993848
2023-09-12,TLT,0.2297703831
2023-09-13,TLT,0.2316998825
2023-09-14,TLT,0.2334409746
2023-09-15,TLT,0.218723338
2023-09-18,TLT,0.2165184017
2023-09-19,TLT,0.2079270369
2023-09-20,TLT,0.1955485276
2023-09-21,TLT,0.1912237907
2023-09-22,TLT,0.1972065981
2023-09-25,TLT,0.19246758
2023-09-26,TLT,0.1932240436
2023-09-27,TLT,0.2012440726
2023-09-28,TLT,0.2050792171
2023-09-29,TLT,0.2008062787
2023-10-02,TLT,0.2007974878
2023-10-03,TLT,0.203190485
2023-10-04,TLT,0.1886735434
2023-10-05,TLT,0.1717971057
2023-10-06,TLT,0.1683479724
2023-10-09,TLT,0.1573512352
2023-10-10,TLT,0.1421771292
2023-10-11,TLT,0.1482109822
2023-10-12,TLT,0.1421501277
2023-10-13,TLT,0.1457863759
2023-10-16,TLT,0.1450341628
2023-10-17,TLT,0.1507900994
2023-10-18,TLT,0.1516449845
2023-10-19,TLT,0.1562564094
2023-10-20,TLT,0.1548844128
2023-10-23,TLT,0.1376457647
2023-10-24,TLT,0.1380649495
2023-10-25,TLT,0.1328302327
2023-10-26,TLT,0.1276852238
2023-10-27,TLT,0.1197846547
2023-10-30,TLT,0.1250283998
2023-10-31,TLT,0.1319421704
2023-11-01,TLT,0.1205364963
2023-11-02,TLT,0.1240261932
2023-11-03,TLT,0.138063774
2023-11-06,TLT,0.1312247727
2023-11-07,TLT,0.1295179601
2023-11-08,TLT,0.1317347626
2023-11-09,TLT,0.1264372783
2023-11-10,TLT,0.1274648838
2023-11-13,TLT,0.1252162676
2023-11-14,TLT,0.1271553631
2023-11-15,TLT,0.1380335621
2023-11-16,TLT,0.1384445854
2023-11-17,TLT,0.1330527425
2023-11-20,TLT,0.1297711697
2023-11-21,TLT,0.1490201832
2023-11-22,TLT,0.1501774594
2023-11-23,TLT,0.1500189808
2023-11-24,TLT,0.1516535199
2023-11-27,TLT,0.1677425148
2023-11-28,TLT,0.1606444521
2023-11-29,TLT,0.1586244865
2023-11-30,TLT,0.1585886341
2023-12-01,TLT,0.1627940069
2023-12-04,TLT,0.1533943473
2023-12-05,TLT,0.1601549291
2023-12-06,TLT,0.1605306061
2023-12-07,TLT,0.1607435737
2023-12-08,TLT,0.1623990257
2023-12-11,TLT,0.1617192228
2023-12-12,TLT,0.1622845796
2023-12-13,TLT,0.1628169511
2023-12-14,TLT,0.158345658
2023-12-15,TLT,0.1623336292
2023-12-18,TLT,0.1767084845
2023-12-19,TLT,0.1777909898
2023-12-20,TLT,0.158175174
2023-12-21,TLT,0.1575918895
2023-12-22,TLT,0.1543272077
2023-12-25,TLT,0.1491664255
2023-12-26,TLT,0.1420297482
2023-12-27,TLT,0.1519105463
2023-12-28,TLT,0.1548254185
2023-12-29,TLT,0.155893341
2024-01-01,TLT,0.1518047904
2024-01-02,TLT,0.1845941097
2024-01-03,TLT,0.1825566777
2024-01-04,TLT,0.1886624895
2024-01-05,TLT,0.1925704088
2024-01-08,TLT,0.1920584957
2024-01-09,TLT,0.1932809977
2024-01-10,TLT,0.1923350299
2024-01-11,TLT,0.1917840943
2024-01-12,TLT,0.1892081524
2024-01-15,TLT,0.1857930999
2024-01-16,TLT,0.1784830316
2024-01-17,TLT,0.183592621
2024-01-18,TLT,0.195342851
2024-01-19,TLT,0.1828475595
2024-01-22,TLT,0.1811600869
2024-01-23,TLT,0.183650634
2024-01-24,TLT,0.1838339811
2024-01-25,TLT,0.1842747842
2024-01-26,TLT,0.179925855
2024-01-29,TLT,0.1802300552
2024-01-30,TLT,0.1812681538
2024-01-31,TLT,0.1502551172
2024-02-01,TLT,0.1518184673
2024-02-02,TLT,0.1448260745
2024-02-05,TLT,0.1410728487
2024-02-06,TLT,0.1458197081
2024-02-07,TLT,0.1431907356
2024-02-08,TLT,0.1463182095
2024-02-09,TLT,0.1492368945
2024-02-12,TLT,0.1383105356
2024-02-13,TLT,0.1429923105
2024-02-14,TLT,0.1323841777
2024-02-15,TLT,0.1125602103
2024-02-16,TLT,0.1165017611
2024-02-19,TLT,0.1255755936
2024-02-20,TLT,0.1489370112
2024-02-21,TLT,0.1530602815
2024-02-22,TLT,0.1581204948
2024-02-23,TLT,0.1579240213
2024-02-26,TLT,0.1623384755
2024-02-27,TLT,0.1618216537
2024-02-28,TLT,0.1644806463
2024-02-29,TLT,0.1671492329
2024-03-01,TLT,0.1621855489
2024-03-04,TLT,0.162241988
2024-03-05,TLT,0.1601659821
2024-03-06,TLT,0.1664644842
2024-03-07,TLT,0.1731953418
2024-03-08,TLT,0.1732991191
2024-03-11,TLT,0.1749684452
2024-03-12,TLT,0.1785226665
2024-03-13,TLT,0.1760707509
2024-03-14,TLT,0.1813446944
2024-03-15,TLT,0.1834815151
2024-03-18,TLT,0.1864858394
2024-03-19,TLT,0.1871486254
2024-03-20,TLT,0.1619451029
2024-03-21,TLT,0.1603106536
2024-03-22,TLT,0.1583112887
2024-03-25,TLT,0.1599360166
2024-03-26,TLT,0.1514698852
2024-03-27,TLT,0.1589338397
2024-03-28,TLT,0.1619563862
2024-03-29,TLT,0.1705978429
2024-04-01,TLT,0.1713086035
2024-04-02,TLT,0.1838257777
2024-04-03,TLT,0.1846204015
2024-04-04,TLT,0.1756143977
2024-04-05,TLT,0.1735874041
2024-04-08,TLT,0.1746298335
2024-04-09,TLT,0.1745654931
2024-04-10,TLT,0.173550888
2024-04-11,TLT,0.1718911811
2024-04-12,TLT,0.1797584158
2024-04-15,TLT,0.1774510621
2024-04-16,TLT,0.1673543343
2024-04-17,TLT,0.1643124949
2024-04-18,TLT,0.1635641785
2024-04-19,TLT,0.169957903
2024-04-22,TLT,0.170957786
2024-04-23,TLT,0.1702032195
2024-04-24,TLT,0.1703442345
2024-04-25,TLT,0.1694211075
2024-04-26,TLT,0.1648533441
2024-04-29,TLT,0.1672945454
2024-04-30,TLT,0.166696483
2024-05-01,TLT,0.1573579785
2024-05-02,TLT,0.155023431
2024-05-03,TLT,0.1592027947
2024-05-06,TLT,0.1581561148
2024-05-07,TLT,0.1675830462
2024-05-08,TLT,0.1643615515
2024-05-09,TLT,0.166447966
2024-05-10,TLT,0.1688377844
2024-05-13,TLT,0.1540966127
2024-05-14,TLT,0.1444317014
2024-05-15,TLT,0.1505223601
2024-05-16,TLT,0.1501099841
2024-05-17,TLT,0.1525432337
2024-05-20,TLT,0.1516559303
2024-05-21,TLT,0.1519001888
2024-05-22,TLT,0.1519192225
2024-05-23,TLT,0.1564673803
2024-05-24,TLT,0.1554961124
2024-05-27,TLT,0.1608829511
2024-05-28,TLT,0.150112269
2024-05-29,TLT,0.1516530333
2024-05-30,TLT,0.1440455663
2024-05-31,TLT,0.1468727428
2024-06-03,TLT,0.1625545823
2024-06-04,TLT,0.163664804
2024-06-05,TLT,0.1508162632
2024-06-06,TLT,0.1496576968
2024-06-07,TLT,0.155358338
2024-06-10,TLT,0.1489122139
2024-06-11,TLT,0.1472285175
2024-06-12,TLT,0.1472295612
2024-06-13,TLT,0.1517544082
2024-06-14,TLT,0.1530416222
2024-06-17,TLT,0.1528143399
2024-06-18,TLT,0.1483315277
2024-06-19,TLT,0.1509193801
2024-06-20,TLT,0.160415645
2024-06-21,TLT,0.1601201226
2024-06-24,TLT,0.1557945132
2024-06-25,TLT,0.1532097518
2024-06-26,TLT,0.157162423
2024-06-27,TLT,0.1573278166
2024-06-28,TLT,0.1609025457
2024-07-01,TLT,0.1595827044
2024-07-02,TLT,0.1348185918
2024-07-03,TLT,0.1359828751
2024-07-04,TLT,0.1386499961
2024-07-05,TLT,0.1493089336
2024-07-08,TLT,0.1436965929
2024-07-09,TLT,0.1453446283
2024-07-10,TLT,0.1455699853
2024-07-11,TLT,0.1517736905
2024-07-12,TLT,0.1378338284
2024-07-15,TLT,0.1346780215
2024-07-16,TLT,0.138736471
2024-07-17,TLT,0.1467661489
2024-07-18,TLT,0.1415942667
2024-07-19,TLT,0.1371135507
2024-07-22,TLT,0.146415032
2024-07-23,TLT,0.1475243676
2024-07-24,TLT,0.1584555961
2024-07-25,TLT,0.1565558445
2024-07-26,TLT,0.1566391435
2024-07-29,TLT,0.1573879584
2024-07-30,TLT,0.166402676
2024-07-31,TLT,0.1663516603
2024-08-01,TLT,0.1624098502
2024-08-02,TLT,0.1623664326
2024-08-05,TLT,0.1465429408
2024-08-06,TLT,0.1468947721
2024-08-07,TLT,0.1466566658
2024-08-08,TLT,0.1450941257
2024-08-09,TLT,0.1468964901
2024-08-12,TLT,0.1475411672
2024-08-13,TLT,0.1542835687
2024-08-14,TLT,0.151850486
2024-08-15,TLT,0.149846015
2024-08-16,TLT,0.1497486321
2024-08-19,TLT,0.1583910048
2024-08-20,TLT,0.1455444768
2024-08-21,TLT,0.1544579558
2024-08-22,TLT,0.1459742488
2024-08-23,TLT,0.1546364873
2024-08-26,TLT,0.1652449865
2024-08-27,TLT,0.1657958644
2024-08-28,TLT,0.162238073
2024-08-29,TLT,0.1643859258
2024-08-30,TLT,0.1678062369
2024-09-02,TLT,0.1793842808
2024-09-03,TLT,0.1794617413
2024-09-04,TLT,0.1805702023
2024-09-05,TLT,0.1808214586
2024-09-06,TLT,0.181601914
2024-09-09,TLT,0.1856968132
2024-09-10,TLT,0.1871183303
2024-09-11,TLT,0.1896676875
2024-09-12,TLT,0.1872596776
2024-09-13,TLT,0.1894276423
2024-09-16,TLT,0.1910696171
2024-09-17,TLT,0.1850210809
2024-09-18,TLT,0.1841568454
2024-09-19,TLT,0.1907994503
2024-09-20,TLT,0.1878769926
2024-09-23,TLT,0.1894030633
2024-09-24,TLT,0.1817254899
2024-09-25,TLT,0.1773723126
2024-09-26,TLT,0.1726617785
2024-09-27,TLT,0.1717582936
2024-09-30,TLT,0.1678623388
2024-10-01,TLT,0.1575734541
2024-10-02,TLT,0.1575069719
2024-10-03,TLT,0.1640668385
2024-10-04,TLT,0.1634411037
2024-10-07,TLT,0.1616331062
2024-10-08,TLT,0.1604019196
2024-10-09,TLT,0.1746491726
2024-10-10,TLT,0.1767402362
2024-10-11,TLT,0.1765439241
2024-10-14,TLT,0.172817827
2024-10-15,TLT,0.1702962946
2024-10-16,TLT,0.1674345279
2024-10-17,TLT,0.1691513633
2024-10-18,TLT,0.1480296377
2024-10-21,TLT,0.1475461301
2024-10-22,TLT,0.1361870592
2024-10-23,TLT,0.1630697601
2024-10-24,TLT,0.1633644358
2024-10-25,TLT,0.1639049694
2024-10-28,TLT,0.1617640995
2024-10-29,TLT,0.1612353853
2024-10-30,TLT,0.1657505324
2024-10-31,TLT,0.1738324795
2024-11-01,TLT,0.165060974
2024-11-04,TLT,0.1714837846
2024-11-05,TLT,0.1711610672
2024-11-06,TLT,0.1677805152
2024-11-07,TLT,0.1591896701
2024-11-08,TLT,0.1479681635
2024-11-11,TLT,0.154294851
2024-11-12,TLT,0.1617307672
2024-11-13,TLT,0.1620980429
2024-11-14,TLT,0.1678458851
2024-11-15,TLT,0.1701534324
2024-11-18,TLT,0.1742826728
2024-11-19,TLT,0.1880829331
2024-11-20,TLT,0.1868639192
2024-11-21,TLT,0.1715133015
2024-11-22,TLT,0.181368845
2024-11-25,TLT,0.1746284262
2024-11-26,TLT,0.1739756406
2024-11-27,TLT,0.1848694878
2024-11-28,TLT,0.1829181786
2024-11-29,TLT,0.1769104679
2024-12-02,TLT,0.1766265673
2024-12-03,TLT,0.1745809435
2024-12-04,TLT,0.1797624897
2024-12-05,TLT,0.1817402694
2024-12-06,TLT,0.1707436361
2024-12-09,TLT,0.1726423201
2024-12-10,TLT,0.1812824825
2024-12-11,TLT,0.1792853377
2024-12-12,TLT,0.1806744376
2024-12-13,TLT,0.1740818972
2024-12-16,TLT,0.1737726191
2024-12-17,TLT,0.1763382562
2024-12-18,TLT,0.1491671892
2024-12-19,TLT,0.1481597606
2024-12-20,TLT,0.1423029669
2024-12-23,TLT,0.1394759053
2024-12-24,TLT,0.1393641354
2024-12-25,TLT,0.1368961123
2024-12-26,TLT,0.1323814575
2024-12-27,TLT,0.1336682931
2024-12-30,TLT,0.1326560503
2024-12-31,TLT,0.135394455
2025-01-01,TLT,0.1204899645
2025-01-02,TLT,0.1269609298
2025-01-03,TLT,0.1274560404
2025-01-06,TLT,0.1333666664
2025-01-07,TLT,0.1333720171
2025-01-08,TLT,0.1250400293
2025-01-09,TLT,0.1191437675
2025-01-10,TLT,0.1190760458
2025-01-13,TLT,0.1150673172
2025-01-14,TLT,0.1278716905
2025-01-15,TLT,0.1166619267
2025-01-16,TLT,0.1151939452
2025-01-17,TLT,0.125157789
2025-01-20,TLT,0.1323000733
2025-01-21,TLT,0.132307959
2025-01-22,TLT,0.1318621233
2025-01-23,TLT,0.134848886
2025-01-24,TLT,0.1409547533
2025-01-27,TLT,0.1412525043
2025-01-28,TLT,0.141108691
2025-01-29,TLT,0.1350204392
2025-01-30,TLT,0.1368323552
2025-01-31,TLT,0.1398351324
2025-02-03,TLT,0.1441585521
2025-02-04,TLT,0.1472959649
2025-02-05,TLT,0.1509395548
2025-02-06,TLT,0.1591942245
2025-02-07,TLT,0.1595745903
2025-02-10,TLT,0.1647153888
2025-02-11,TLT,0.1589955397
2025-02-12,TLT,0.1534313656
2025-02-13,TLT,0.1518435832
2025-02-14,TLT,0.1525837528
2025-02-17,TLT,0.1503627151
2025-02-18,TLT,0.1461232052
2025-02-19,TLT,0.1511362907
2025-02-20,TLT,0.1567710162
2025-02-21,TLT,0.1528878196
2025-02-24,TLT,0.1486731522
2025-02-25,TLT,0.1439612661
2025-02-26,TLT,0.1466820049
2025-02-27,TLT,0.15120523
2025-02-28,TLT,0.1599233078
2025-03-03,TLT,0.1547094549
2025-03-04,TLT,0.1575081669
2025-03-05,TLT,0.1527668833
2025-03-06,TLT,0.1490907269
2025-03-07,TLT,0.1432600568
2025-03-10,TLT,0.1438851998
2025-03-11,TLT,0.1390391342
2025-03-12,TLT,0.1455893936
2025-03-13,TLT,0.1454326151
2025-03-14,TLT,0.1462090891
2025-03-17,TLT,0.1433343068
2025-03-18,TLT,0.1396872119
2025-03-19,TLT,0.1408665045
2025-03-20,TLT,0.1367506911
2025-03-21,TLT,0.1386496609
2025-03-24,TLT,0.1448995631
2025-03-25,TLT,0.1460449741
2025-03-26,TLT,0.1565695649
2025-03-27,TLT,0.156660814
2025-03-28,TLT,0.1529905796
2025-03-31,TLT,0.1409972524
2025-04-01,TLT,0.1410897499
2025-04-02,TLT,0.142733968
2025-04-03,TLT,0.1427701239
2025-04-04,TLT,0.1477411763
2025-04-07,TLT,0.1410691877
2025-04-08,TLT,0.1394077286
2025-04-09,TLT,0.1543520351
2025-04-10,TLT,0.142598929
2025-04-11,TLT,0.148246278
2025-04-14,TLT,0.1521216429
2025-04-15,TLT,0.1520193094
2025-04-16,TLT,0.157584758
2025-04-17,TLT,0.1583070916
2025-04-18,TLT,0.1579846473
2025-04-21,TLT,0.148554967
2025-04-22,TLT,0.1483499288
2025-04-23,TLT,0.1480923044
2025-04-24,TLT,0.1365798016
2025-04-25,TLT,0.1468658474
2025-04-28,TLT,0.1552724941
2025-04-29,TLT,0.1558922587
2025-04-30,TLT,0.1650852189
2025-05-01,TLT,0.1558220571
2025-05-02,TLT,0.1581348649
2025-05-05,TLT,0.1539766551
2025-05-06,TLT,0.155389524
2025-05-07,TLT,0.1551752801
2025-05-08,TLT,0.1463669513
2025-05-09,TLT,0.1484503631
2025-05-12,TLT,0.1472005599
2025-05-13,TLT,0.1428467964
2025-05-14,TLT,0.1429674007
2025-05-15,TLT,0.1390137671
2025-05-16,TLT,0.1429616396
2025-05-19,TLT,0.1435021053
2025-05-20,TLT,0.1454787712
2025-05-21,TLT,0.1390052783
2025-05-22,TLT,0.1404087231
2025-05-23,TLT,0.1403345325
2025-05-26,TLT,0.1281855741
2025-05-27,TLT,0.1314376161
2025-05-28,TLT,0.1299395433
2025-05-29,TLT,0.1348091726
2025-05-30,TLT,0.1384552929
2025-06-02,TLT,0.1534383621
2025-06-03,TLT,0.1533370813
2025-06-04,TLT,0.151937682
2025-06-05,TLT,0.1672630713
2025-06-06,TLT,0.1666723254
2025-06-09,TLT,0.1739285508
2025-06-10,TLT,0.172197726
2025-06-11,TLT,0.1700097614
2025-06-12,TLT,0.1696263336
2025-06-13,TLT,0.1713200048
2025-06-16,TLT,0.1718713947
2025-06-17,TLT,0.1748375675
2025-06-18,TLT,0.1845249129
2025-06-19,TLT,0.1847860366
2025-06-20,TLT,0.1843959534
2025-06-23,TLT,0.1882896206
2025-06-24,TLT,0.1854698005
2025-06-25,TLT,0.1962096342
2025-06-26,TLT,0.196239808
2025-06-27,TLT,0.1786091387
2025-06-30,TLT,0.1734557136
2025-07-01,TLT,0.1660336581
2025-07-02,TLT,0.1640443329
2025-07-03,TLT,0.1633671539
2025-07-04,TLT,0.1674819005
2025-07-07,TLT,0.1702429142
2025-07-08,TLT,0.1655225827
2025-07-09,TLT,0.1724144049
2025-07-10,TLT,0.1693818415
2025-07-11,TLT,0.1689279358
2025-07-14,TLT,0.1665280392
2025-07-15,TLT,0.159530172
2025-07-16,TLT,0.1728724416
2025-07-17,TLT,0.1551219629
2025-07-18,TLT,0.1611399219
2025-07-21,TLT,0.1704235617
2025-07-22,TLT,0.1703476364
2025-07-23,TLT,0.1723182756
2025-07-24,TLT,0.1604891401
2025-07-25,TLT,0.1605273923
2025-07-28,TLT,0.1749774664
2025-07-29,TLT,0.1818047328
2025-07-30,TLT,0.179722277
2025-07-31,TLT,0.1808943584
2025-08-01,TLT,0.1807261899
2025-08-04,TLT,0.1727134893
2025-08-05,TLT,0.1697056587
2025-08-06,TLT,0.1703153658
2025-08-07,TLT,0.1796050635
2025-08-08,TLT,0.1794984813
2025-08-11,TLT,0.1795425248
2025-08-12,TLT,0.1801756199
2025-08-13,TLT,0.1802289475
2025-08-14,TLT,0.1634101248
2025-08-15,TLT,0.1704534609
2025-08-18,TLT,0.1861947634
2025-08-19,TLT,0.176322815
2025-08-20,TLT,0.1823264155
2025-08-21,TLT,0.17908652
2025-08-22,TLT,0.1820972868
2025-08-25,TLT,0.1824112718
2025-08-26,TLT,0.1709067833
2025-08-27,TLT,0.1747697186
2025-08-28,TLT,0.1818056254
2025-08-29,TLT,0.1817203748
2025-09-01,TLT,0.1798323314
2025-09-02,TLT,0.1770531256
2025-09-03,TLT,0.1769076217
2025-09-04,TLT,0.176595686
2025-09-05,TLT,0.1628052059
2025-09-08,TLT,0.1627711526
2025-09-09,TLT,0.1659405124
2025-09-10,TLT,0.1654176506
2025-09-11,TLT,0.1763030071
2025-09-12,TLT,0.1855751461
2025-09-15,TLT,0.1863863068
2025-09-16,TLT,0.1720042535
2025-09-17,TLT,0.1695236566
2025-09-18,TLT,0.1629460873
2025-09-19,TLT,0.1647858757
2025-09-22,TLT,0.1600172546
2025-09-23,TLT,0.1583245378
2025-09-24,TLT,0.1586113753
2025-09-25,TLT,0.1523940706
2025-09-26,TLT,0.1490926415
2025-09-29,TLT,0.1487756818
2025-09-30,TLT,0.1462833974
2025-10-01,TLT,0.1428697812
2025-10-02,TLT,0.1432757383
2025-10-03,TLT,0.1413865063
2025-10-06,TLT,0.1416937946
2025-10-07,TLT,0.1414855774
2025-10-08,TLT,0.1520187788
2025-10-09,TLT,0.1559492125
2025-10-10,TLT,0.1472424461
2025-10-13,TLT,0.1356473591
2025-10-14,TLT,0.1237575574
2025-10-15,TLT,0.1196531702
2025-10-16,TLT,0.1275442181
2025-10-17,TLT,0.1289005674
2025-10-20,TLT,0.1455393404
2025-10-21,TLT,0.1454101381
2025-10-22,TLT,0.1475601315
2025-10-23,TLT,0.1472191031
2025-10-24,TLT,0.1431693812
2025-10-27,TLT,0.1405266075
2025-10-28,TLT,0.1442068482
2025-10-29,TLT,0.1526274941
2025-10-30,TLT,0.1531310338
2025-10-31,TLT,0.1531191722
2025-11-03,TLT,0.1538277589
2025-11-04,TLT,0.1559834789
2025-11-05,TLT,0.1560830241
2025-11-06,TLT,0.1485246312
2025-11-07,TLT,0.1440095972
2025-11-10,TLT,0.1407812491
2025-11-11,TLT,0.139245958
2025-11-12,TLT,0.1393899766
2025-11-13,TLT,0.1392711484
2025-11-14,TLT,0.1282143039
2025-11-17,TLT,0.1334212934
2025-11-18,TLT,0.113461473
2025-11-19,TLT,0.1166267861
2025-11-20,TLT,0.1190452263
2025-11-21,TLT,0.1196170898
2025-11-24,TLT,0.118767435
2025-11-25,TLT,0.1167615871
2025-11-26,TLT,0.1075376763
2025-11-27,TLT,0.0939319144
2025-11-28,TLT,0.0947166796
2025-12-01,TLT,0.0944156484
2025-12-02,TLT,0.0958629376
2025-12-03,TLT,0.0989238023
2025-12-04,TLT,0.1079625425
2025-12-05,TLT,0.1044461607
2025-12-08,TLT,0.1093078061
2025-12-09,TLT,0.1047027982
2025-12-10,TLT,0.1047016577
2025-12-11,TLT,0.1188762034
2025-12-12,TLT,0.1331053162
2025-12-15,TLT,0.1330209507
2025-12-16,TLT,0.1301054316
2025-12-17,TLT,0.130485383
2025-12-18,TLT,0.1316329612
2025-12-19,TLT,0.1427948873
2025-12-22,TLT,0.1433076618
2025-12-23,TLT,0.1453414626
2025-12-24,TLT,0.1538841128
2025-12-25,TLT,0.1560841022
2025-12-26,TLT,0.1778180873
2025-12-29,TLT,0.1779348204
2025-12-30,TLT,0.1778404843
2025-12-31,TLT,0.1812293507
2026-01-01,TLT,0.1761961127
2026-01-02,TLT,0.1731797722
2026-01-05,TLT,0.1904047116
2026-01-06,TLT,0.2000675679
2026-01-07,TLT,0.1999113611
2026-01-08,TLT,0.2008577695
2026-01-09,TLT,0.1912987476
2026-01-12,TLT,0.1848355477
2026-01-13,TLT,0.1849698048
2026-01-14,TLT,0.1966571065
2026-01-15,TLT,0.202952872
2026-01-16,TLT,0.2027554226
2026-01-19,TLT,0.2008883869
2026-01-20,TLT,0.2034497206
2026-01-21,TLT,0.2043276755
2026-01-22,TLT,0.19905971
2026-01-23,TLT,0.1968609825
2026-01-26,TLT,0.1724396747
2026-01-27,TLT,0.172840605
2026-01-28,TLT,0.1728783479
2026-01-29,TLT,0.1714012391
2026-01-30,TLT,0.1702599306
2026-02-02,TLT,0.1699438256
2026-02-03,TLT,0.1648161092
2026-02-04,TLT,0.151074931
2026-02-05,TLT,0.1528293777
2026-02-06,TLT,0.1526789933
2026-02-09,TLT,0.1514636753
2026-02-10,TLT,0.1449581284
2026-02-11,TLT,0.1516290343
2026-02-12,TLT,0.1434448943
2026-02-13,TLT,0.1385491999
2026-02-16,TLT,0.1503546141
2026-02-17,TLT,0.1386289104
2026-02-18,TLT,0.1380655783
2026-02-19,TLT,0.137588248
2026-02-20,TLT,0.141042462
2026-02-23,TLT,0.1493486394
2026-02-24,TLT,0.1542968293
2026-02-25,TLT,0.1479390824
2026-02-26,TLT,0.1583566383
2026-02-27,TLT,0.1588069291
2026-03-02,TLT,0.1544104017
2026-03-03,TLT,0.1626258285
2026-03-04,TLT,0.1600917758
2026-03-05,TLT,0.1896295346
2026-03-06,TLT,0.1885486547
2026-03-09,TLT,0.1920273651
2026-03-10,TLT,0.1948672756
2026-03-11,TLT,0.1955186715
2026-03-12,TLT,0.1956574967
2026-03-13,TLT,0.1979035075
2026-03-16,TLT,0.1917427108
2026-03-17,TLT,0.1912463289
2026-03-18,TLT,0.1949843024
2026-03-19,TLT,0.1974040538
2026-03-20,TLT,0.200887593
2026-03-23,TLT,0.2120540213
2026-03-24,TLT,0.2055477187
2026-03-25,TLT,0.2012274862
2026-03-26,TLT,0.2031024217
2026-03-27,TLT,0.1966920853
2026-03-30,TLT,0.2003958123
2026-03-31,TLT,0.2073436788
2026-04-01,TLT,0.2047630784
2026-04-02,TLT,0.1934017207
2026-04-03,TLT,0.1701507872
2026-04-06,TLT,0.181306074
2026-04-07,TLT,0.1732543871
2026-04-08,TLT,0.1661942287
2026-04-09,TLT,0.1676257785
2026-04-10,TLT,0.1693844226
2026-04-13,TLT,0.1631504467
2026-04-14,TLT,0.1614795962
2026-04-15,TLT,0.1576054072
2026-04-16,TLT,0.1539369527
2026-04-17,TLT,0.1503868308
2026-04-20,TLT,0.1518351078
2026-04-21,TLT,0.1392117301
2026-04-22,TLT,0.1419093327
2026-04-23,TLT,0.1458719797
2026-04-24,TLT,0.1432117266
2026-04-27,TLT,0.1449493318
2026-04-28,TLT,0.1397006296
2026-04-29,TLT,0.1312458452
2026-04-30,TLT,0.1304837474
2026-05-01,TLT,0.1449824554
2026-05-04,TLT,0.1487414039
2026-05-05,TLT,0.1542910313
2026-05-06,TLT,0.1574178936
2026-05-07,TLT,0.1573870809
2026-05-08,TLT,0.1562652816
2026-05-11,TLT,0.1515010455
2026-05-12,TLT,0.1554854621
2026-05-13,TLT,0.1696228802
2026-05-14,TLT,0.1714987809
2026-05-15,TLT,0.1721577825
2026-05-18,TLT,0.1736412744
2026-05-19,TLT,0.166230031
2026-05-20,TLT,0.1662368728
2026-05-21,TLT,0.1616752656
2026-05-22,TLT,0.1606313653
2026-05-25,TLT,0.1596672512
2026-05-26,TLT,0.1614040595
2026-05-27,TLT,0.1612941661
2026-05-28,TLT,0.158108363
2026-05-29,TLT,0.173908166
2026-06-01,TLT,0.1761860045
2026-06-02,TLT,0.1727558203
2026-06-03,TLT,0.1535447638
2026-06-04,TLT,0.1549583291
2026-06-05,TLT,0.1562390578
2026-06-08,TLT,0.1551388367
2026-06-09,TLT,0.1548896178
2026-06-10,TLT,0.1482037997
2026-06-11,TLT,0.126741051
2026-06-12,TLT,0.1238930794
2026-06-15,TLT,0.124390825
2026-06-16,TLT,0.1290376114
2026-06-17,TLT,0.1485172545
2026-06-18,TLT,0.1496634175
2026-06-19,TLT,0.1515711352
2026-06-22,TLT,0.1516761738
2026-06-23,TLT,0.1520018914
2026-06-24,TLT,0.152739555
2026-06-25,TLT,0.1736643499
2026-06-26,TLT,0.1734799544
2026-06-29,TLT,0.1649736841
2026-06-30,TLT,0.1504152649
2026-07-01,TLT,0.156414991
2026-07-02,TLT,0.1589508249
2026-07-03,TLT,0.1631358496
2021-10-05,VNQ,0.2262299664
2021-10-06,VNQ,0.2142611106
2021-10-07,VNQ,0.1916210849
2021-10-08,VNQ,0.1944165824
2021-10-11,VNQ,0.176851536
2021-10-12,VNQ,0.188510282
2021-10-13,VNQ,0.1774359378
2021-10-14,VNQ,0.1774415
2021-10-15,VNQ,0.1742712272
2021-10-18,VNQ,0.1714403725
2021-10-19,VNQ,0.1694104309
2021-10-20,VNQ,0.1689422434
2021-10-21,VNQ,0.1641006433
2021-10-22,VNQ,0.1596499073
2021-10-25,VNQ,0.1663684544
2021-10-26,VNQ,0.1754603512
2021-10-27,VNQ,0.1767814746
2021-10-28,VNQ,0.1767172136
2021-10-29,VNQ,0.1791183832
2021-11-01,VNQ,0.1834876095
2021-11-02,VNQ,0.169875865
2021-11-03,VNQ,0.1591592362
2021-11-04,VNQ,0.1615403442
2021-11-05,VNQ,0.1801334128
2021-11-08,VNQ,0.1788841803
2021-11-09,VNQ,0.1851929897
2021-11-10,VNQ,0.1973225962
2021-11-11,VNQ,0.1975877462
2021-11-12,VNQ,0.2001381157
2021-11-15,VNQ,0.202988421
2021-11-16,VNQ,0.198582824
2021-11-17,VNQ,0.2024984236
2021-11-18,VNQ,0.2004724161
2021-11-19,VNQ,0.2044701821
2021-11-22,VNQ,0.2042168505
2021-11-23,VNQ,0.2044327423
2021-11-24,VNQ,0.1943368161
2021-11-25,VNQ,0.1863806071
2021-11-26,VNQ,0.1861533081
2021-11-29,VNQ,0.2115817578
2021-11-30,VNQ,0.2120413749
2021-12-01,VNQ,0.2295584957
2021-12-02,VNQ,0.2314230053
2021-12-03,VNQ,0.2294703506
2021-12-06,VNQ,0.2198539538
2021-12-07,VNQ,0.2229680832
2021-12-08,VNQ,0.2181753693
2021-12-09,VNQ,0.1983549815
2021-12-10,VNQ,0.2214711832
2021-12-13,VNQ,0.2201972955
2021-12-14,VNQ,0.216040639
2021-12-15,VNQ,0.2161866384
2021-12-16,VNQ,0.2121115619
2021-12-17,VNQ,0.2145063307
2021-12-20,VNQ,0.2114060585
2021-12-21,VNQ,0.2244550451
2021-12-22,VNQ,0.2191873507
2021-12-23,VNQ,0.227116495
2021-12-24,VNQ,0.2263730671
2021-12-27,VNQ,0.226292074
2021-12-28,VNQ,0.1952355912
2021-12-29,VNQ,0.1941473221
2021-12-30,VNQ,0.1927870275
2021-12-31,VNQ,0.1894563232
2022-01-03,VNQ,0.1856423517
2022-01-04,VNQ,0.1823327069
2022-01-05,VNQ,0.1831524664
2022-01-06,VNQ,0.1843947844
2022-01-07,VNQ,0.1853668524
2022-01-10,VNQ,0.1529773579
2022-01-11,VNQ,0.1530658439
2022-01-12,VNQ,0.1621570434
2022-01-13,VNQ,0.1741101962
2022-01-14,VNQ,0.1863210545
2022-01-17,VNQ,0.1840677267
2022-01-18,VNQ,0.1833773801
2022-01-19,VNQ,0.1669016462
2022-01-20,VNQ,0.1809511702
2022-01-21,VNQ,0.1706742781
2022-01-24,VNQ,0.1714941463
2022-01-25,VNQ,0.1712069783
2022-01-26,VNQ,0.1723269559
2022-01-27,VNQ,0.1730056529
2022-01-28,VNQ,0.1462045603
2022-01-31,VNQ,0.1489321567
2022-02-01,VNQ,0.1502971284
2022-02-02,VNQ,0.1503752183
2022-02-03,VNQ,0.1566303914
2022-02-04,VNQ,0.1565309809
2022-02-07,VNQ,0.1642175375
2022-02-08,VNQ,0.1645923698
2022-02-09,VNQ,0.1551146473
2022-02-10,VNQ,0.1735330126
2022-02-11,VNQ,0.1657168639
2022-02-14,VNQ,0.1525119996
2022-02-15,VNQ,0.1528799117
2022-02-16,VNQ,0.1549846823
2022-02-17,VNQ,0.153696889
2022-02-18,VNQ,0.1445165384
2022-02-21,VNQ,0.1518641296
2022-02-22,VNQ,0.1491140338
2022-02-23,VNQ,0.1523680108
2022-02-24,VNQ,0.1551838832
2022-02-25,VNQ,0.1557611803
2022-02-28,VNQ,0.156085088
2022-03-01,VNQ,0.1558035779
2022-03-02,VNQ,0.1563178781
2022-03-03,VNQ,0.1550371794
2022-03-04,VNQ,0.1571644978
2022-03-07,VNQ,0.1563478672
2022-03-08,VNQ,0.149905608
2022-03-09,VNQ,0.1611976847
2022-03-10,VNQ,0.1596916073
2022-03-11,VNQ,0.1443741129
2022-03-14,VNQ,0.1452382774
2022-03-15,VNQ,0.1487960912
2022-03-16,VNQ,0.1472867673
2022-03-17,VNQ,0.1602295366
2022-03-18,VNQ,0.162338185
2022-03-21,VNQ,0.1708713467
2022-03-22,VNQ,0.1698892327
2022-03-23,VNQ,0.1846240201
2022-03-24,VNQ,0.196874269
2022-03-25,VNQ,0.2025826362
2022-03-28,VNQ,0.2084013597
2022-03-29,VNQ,0.2072871295
2022-03-30,VNQ,0.223971149
2022-03-31,VNQ,0.2295399354
2022-04-01,VNQ,0.2295593617
2022-04-04,VNQ,0.2908581997
2022-04-05,VNQ,0.2911187599
2022-04-06,VNQ,0.3014719508
2022-04-07,VNQ,0.2990995942
2022-04-08,VNQ,0.2994362193
2022-04-11,VNQ,0.3042545449
2022-04-12,VNQ,0.3041364199
2022-04-13,VNQ,0.3056919929
2022-04-14,VNQ,0.3055079275
2022-04-15,VNQ,0.2987505543
2022-04-18,VNQ,0.2986887656
2022-04-19,VNQ,0.2913994898
2022-04-20,VNQ,0.2949387141
2022-04-21,VNQ,0.2878883602
2022-04-22,VNQ,0.2806298486
2022-04-25,VNQ,0.2711552626
2022-04-26,VNQ,0.2622049809
2022-04-27,VNQ,0.2628542175
2022-04-28,VNQ,0.2524022582
2022-04-29,VNQ,0.25319601
2022-05-02,VNQ,0.2571136039
2022-05-03,VNQ,0.1789976584
2022-05-04,VNQ,0.1799746437
2022-05-05,VNQ,0.1679227425
2022-05-06,VNQ,0.155497411
2022-05-09,VNQ,0.1768205744
2022-05-10,VNQ,0.1683635365
2022-05-11,VNQ,0.1615796029
2022-05-12,VNQ,0.166282003
2022-05-13,VNQ,0.1663336696
2022-05-16,VNQ,0.1662950946
2022-05-17,VNQ,0.1663970779
2022-05-18,VNQ,0.1717803415
2022-05-19,VNQ,0.1740133121
2022-05-20,VNQ,0.1715008759
2022-05-23,VNQ,0.1867928349
2022-05-24,VNQ,0.1849405009
2022-05-25,VNQ,0.1850883656
2022-05-26,VNQ,0.1844408911
2022-05-27,VNQ,0.182766367
2022-05-30,VNQ,0.1745302296
2022-05-31,VNQ,0.1712012607
2022-06-01,VNQ,0.1732832492
2022-06-02,VNQ,0.1768428681
2022-06-03,VNQ,0.1832249014
2022-06-06,VNQ,0.1862948842
2022-06-07,VNQ,0.1607169177
2022-06-08,VNQ,0.1650976127
2022-06-09,VNQ,0.1688418677
2022-06-10,VNQ,0.1639585611
2022-06-13,VNQ,0.1652393889
2022-06-14,VNQ,0.1620291476
2022-06-15,VNQ,0.1656067428
2022-06-16,VNQ,0.157355337
2022-06-17,VNQ,0.1526549881
2022-06-20,VNQ,0.1678637689
2022-06-21,VNQ,0.1367497397
2022-06-22,VNQ,0.1367348449
2022-06-23,VNQ,0.1377321202
2022-06-24,VNQ,0.1375520373
2022-06-27,VNQ,0.1334878358
2022-06-28,VNQ,0.131530664
2022-06-29,VNQ,0.1445826954
2022-06-30,VNQ,0.1454680396
2022-07-01,VNQ,0.1595463683
2022-07-04,VNQ,0.1591892417
2022-07-05,VNQ,0.1486013151
2022-07-06,VNQ,0.1605891231
2022-07-07,VNQ,0.1907204178
2022-07-08,VNQ,0.1955661016
2022-07-11,VNQ,0.194589085
2022-07-12,VNQ,0.1956772733
2022-07-13,VNQ,0.2340525289
2022-07-14,VNQ,0.2347260094
2022-07-15,VNQ,0.2355351907
2022-07-18,VNQ,0.2351234544
2022-07-19,VNQ,0.2204887727
2022-07-20,VNQ,0.2238067966
2022-07-21,VNQ,0.2311621719
2022-07-22,VNQ,0.2280347223
2022-07-25,VNQ,0.2301389426
2022-07-26,VNQ,0.2302814132
2022-07-27,VNQ,0.2334822198
2022-07-28,VNQ,0.2388781327
2022-07-29,VNQ,0.2528406291
2022-08-01,VNQ,0.2215402655
2022-08-02,VNQ,0.2271539081
2022-08-03,VNQ,0.2273530006
2022-08-04,VNQ,0.2251801859
2022-08-05,VNQ,0.2114972525
2022-08-08,VNQ,0.1973300702
2022-08-09,VNQ,0.197461853
2022-08-10,VNQ,0.198655648
2022-08-11,VNQ,0.176841967
2022-08-12,VNQ,0.1894376194
2022-08-15,VNQ,0.1870861393
2022-08-16,VNQ,0.1921322865
2022-08-17,VNQ,0.1989042934
2022-08-18,VNQ,0.1995037404
2022-08-19,VNQ,0.1848822512
2022-08-22,VNQ,0.1856203321
2022-08-23,VNQ,0.1782571252
2022-08-24,VNQ,0.1915039733
2022-08-25,VNQ,0.1911712949
2022-08-26,VNQ,0.187856736
2022-08-29,VNQ,0.1704801012
2022-08-30,VNQ,0.1698262398
2022-08-31,VNQ,0.1744271424
2022-09-01,VNQ,0.1861730713
2022-09-02,VNQ,0.1859092674
2022-09-05,VNQ,0.1849221433
2022-09-06,VNQ,0.1945353771
2022-09-07,VNQ,0.1970468454
2022-09-08,VNQ,0.186776032
2022-09-09,VNQ,0.195663652
2022-09-12,VNQ,0.1931639853
2022-09-13,VNQ,0.1917005755
2022-09-14,VNQ,0.189353354
2022-09-15,VNQ,0.1862768065
2022-09-16,VNQ,0.1892164494
2022-09-19,VNQ,0.1879404748
2022-09-20,VNQ,0.1828125145
2022-09-21,VNQ,0.181043688
2022-09-22,VNQ,0.1670109357
2022-09-23,VNQ,0.165790043
2022-09-26,VNQ,0.1655158231
2022-09-27,VNQ,0.1520755224
2022-09-28,VNQ,0.1557400788
2022-09-29,VNQ,0.1486326938
2022-09-30,VNQ,0.1466340593
2022-10-03,VNQ,0.1470559103
2022-10-04,VNQ,0.1565027641
2022-10-05,VNQ,0.1305799617
2022-10-06,VNQ,0.1199457422
2022-10-07,VNQ,0.1190057469
2022-10-10,VNQ,0.1170412487
2022-10-11,VNQ,0.1251028071
2022-10-12,VNQ,0.1242740839
2022-10-13,VNQ,0.1232898766
2022-10-14,VNQ,0.1219138547
2022-10-17,VNQ,0.1228929811
2022-10-18,VNQ,0.1219404106
2022-10-19,VNQ,0.1206809508
2022-10-20,VNQ,0.1470661279
2022-10-21,VNQ,0.1463611139
2022-10-24,VNQ,0.1488012473
2022-10-25,VNQ,0.1491418275
2022-10-26,VNQ,0.1455215449
2022-10-27,VNQ,0.1539184
2022-10-28,VNQ,0.1887436845
2022-10-31,VNQ,0.204216721
2022-11-01,VNQ,0.2117678206
2022-11-02,VNQ,0.2034985732
2022-11-03,VNQ,0.2051877254
2022-11-04,VNQ,0.2150495297
2022-11-07,VNQ,0.2095150063
2022-11-08,VNQ,0.2100823772
2022-11-09,VNQ,0.2079816149
2022-11-10,VNQ,0.208259441
2022-11-11,VNQ,0.2082126115
2022-11-14,VNQ,0.20823518
2022-11-15,VNQ,0.2084282314
2022-11-16,VNQ,0.2135560299
2022-11-17,VNQ,0.2192206093
2022-11-18,VNQ,0.2051779294
2022-11-21,VNQ,0.2099206332
2022-11-22,VNQ,0.2100244486
2022-11-23,VNQ,0.2110739218
2022-11-24,VNQ,0.2109524813
2022-11-25,VNQ,0.202486141
2022-11-28,VNQ,0.1725053571
2022-11-29,VNQ,0.1364431006
2022-11-30,VNQ,0.1392210789
2022-12-01,VNQ,0.1423432142
2022-12-02,VNQ,0.1452191586
2022-12-05,VNQ,0.1292170651
2022-12-06,VNQ,0.1324371198
2022-12-07,VNQ,0.1422963325
2022-12-08,VNQ,0.1415697898
2022-12-09,VNQ,0.1499611008
2022-12-12,VNQ,0.1527716885
2022-12-13,VNQ,0.1531689202
2022-12-14,VNQ,0.1531863643
2022-12-15,VNQ,0.1535876645
2022-12-16,VNQ,0.1552812821
2022-12-19,VNQ,0.1536746504
2022-12-20,VNQ,0.1708388368
2022-12-21,VNQ,0.1674705938
2022-12-22,VNQ,0.1919928394
2022-12-23,VNQ,0.192169181
2022-12-26,VNQ,0.190679997
2022-12-27,VNQ,0.1942365096
2022-12-28,VNQ,0.2055618176
2022-12-29,VNQ,0.2120087349
2022-12-30,VNQ,0.2150071785
2023-01-02,VNQ,0.2132902892
2023-01-03,VNQ,0.2236682688
2023-01-04,VNQ,0.2249445887
2023-01-05,VNQ,0.2187030569
2023-01-06,VNQ,0.2183655418
2023-01-09,VNQ,0.2120153786
2023-01-10,VNQ,0.2094215227
2023-01-11,VNQ,0.2128659854
2023-01-12,VNQ,0.2325942061
2023-01-13,VNQ,0.229296962
2023-01-16,VNQ,0.225470507
2023-01-17,VNQ,0.2257849961
2023-01-18,VNQ,0.209555761
2023-01-19,VNQ,0.2102815868
2023-01-20,VNQ,0.1948138962
2023-01-23,VNQ,0.1934484853
2023-01-24,VNQ,0.1919514572
2023-01-25,VNQ,0.1995946115
2023-01-26,VNQ,0.1974585454
2023-01-27,VNQ,0.1825791794
2023-01-30,VNQ,0.182176004
2023-01-31,VNQ,0.1823975904
2023-02-01,VNQ,0.1726065449
2023-02-02,VNQ,0.1701285217
2023-02-03,VNQ,0.1783174344
2023-02-06,VNQ,0.1862523853
2023-02-07,VNQ,0.187423861
2023-02-08,VNQ,0.1912382624
2023-02-09,VNQ,0.1856867522
2023-02-10,VNQ,0.1649622818
2023-02-13,VNQ,0.1677870711
2023-02-14,VNQ,0.1650718027
2023-02-15,VNQ,0.1692821986
2023-02-16,VNQ,0.1578448187
2023-02-17,VNQ,0.1735038684
2023-02-20,VNQ,0.173598641
2023-02-21,VNQ,0.1946432351
2023-02-22,VNQ,0.1956161823
2023-02-23,VNQ,0.1900941563
2023-02-24,VNQ,0.1959675102
2023-02-27,VNQ,0.1991047716
2023-02-28,VNQ,0.2009198968
2023-03-01,VNQ,0.200929727
2023-03-02,VNQ,0.2000181984
2023-03-03,VNQ,0.197509646
2023-03-06,VNQ,0.1892591669
2023-03-07,VNQ,0.1878064181
2023-03-08,VNQ,0.1852804469
2023-03-09,VNQ,0.2060901687
2023-03-10,VNQ,0.2084773141
2023-03-13,VNQ,0.2052527967
2023-03-14,VNQ,0.2032262535
2023-03-15,VNQ,0.212979879
2023-03-16,VNQ,0.2091853798
2023-03-17,VNQ,0.2095389681
2023-03-20,VNQ,0.1951098971
2023-03-21,VNQ,0.1978358129
2023-03-22,VNQ,0.2214330269
2023-03-23,VNQ,0.2209345414
2023-03-24,VNQ,0.2106449835
2023-03-27,VNQ,0.2049251482
2023-03-28,VNQ,0.2045654246
2023-03-29,VNQ,0.2210856903
2023-03-30,VNQ,0.2210863281
2023-03-31,VNQ,0.2270423786
2023-04-03,VNQ,0.232138871
2023-04-04,VNQ,0.2318423205
2023-04-05,VNQ,0.2305632257
2023-04-06,VNQ,0.2328823777
2023-04-07,VNQ,0.2137541212
2023-04-10,VNQ,0.2188782531
2023-04-11,VNQ,0.2319256258
2023-04-12,VNQ,0.2354514514
2023-04-13,VNQ,0.2279116864
2023-04-14,VNQ,0.2281101869
2023-04-17,VNQ,0.2342677894
2023-04-18,VNQ,0.2344710397
2023-04-19,VNQ,0.2409441672
2023-04-20,VNQ,0.2016672214
2023-04-21,VNQ,0.2041710661
2023-04-24,VNQ,0.2058296931
2023-04-25,VNQ,0.2032444282
2023-04-26,VNQ,0.2042672177
2023-04-27,VNQ,0.1869988351
2023-04-28,VNQ,0.1937442364
2023-05-01,VNQ,0.1996729647
2023-05-02,VNQ,0.2018002443
2023-05-03,VNQ,0.1964010547
2023-05-04,VNQ,0.2055234322
2023-05-05,VNQ,0.2124115836
2023-05-08,VNQ,0.2101949913
2023-05-09,VNQ,0.2038475183
2023-05-10,VNQ,0.1916290434
2023-05-11,VNQ,0.2345299392
2023-05-12,VNQ,0.2379245924
2023-05-15,VNQ,0.2380315093
2023-05-16,VNQ,0.2341180406
2023-05-17,VNQ,0.2327870893
2023-05-18,VNQ,0.2335006803
2023-05-19,VNQ,0.2346324105
2023-05-22,VNQ,0.2334760708
2023-05-23,VNQ,0.2365039105
2023-05-24,VNQ,0.2357615946
2023-05-25,VNQ,0.2423437368
2023-05-26,VNQ,0.2392740678
2023-05-29,VNQ,0.2481348001
2023-05-30,VNQ,0.2399739399
2023-05-31,VNQ,0.2323606267
2023-06-01,VNQ,0.2339141409
2023-06-02,VNQ,0.2315944274
2023-06-05,VNQ,0.2271500778
2023-06-06,VNQ,0.2345401868
2023-06-07,VNQ,0.2328518746
2023-06-08,VNQ,0.2464308169
2023-06-09,VNQ,0.21280124
2023-06-12,VNQ,0.2115078223
2023-06-13,VNQ,0.2126488496
2023-06-14,VNQ,0.206406529
2023-06-15,VNQ,0.2060059183
2023-06-16,VNQ,0.1997805848
2023-06-19,VNQ,0.1982724751
2023-06-20,VNQ,0.198110406
2023-06-21,VNQ,0.1886329814
2023-06-22,VNQ,0.187341651
2023-06-23,VNQ,0.1839229763
2023-06-26,VNQ,0.1841326642
2023-06-27,VNQ,0.1672840356
2023-06-28,VNQ,0.1701099427
2023-06-29,VNQ,0.1795292506
2023-06-30,VNQ,0.1818382289
2023-07-03,VNQ,0.1803578844
2023-07-04,VNQ,0.1793423894
2023-07-05,VNQ,0.1730343767
2023-07-06,VNQ,0.1699520646
2023-07-07,VNQ,0.1382383403
2023-07-10,VNQ,0.1356356297
2023-07-11,VNQ,0.1358167322
2023-07-12,VNQ,0.1356473937
2023-07-13,VNQ,0.1351396288
2023-07-14,VNQ,0.1363386285
2023-07-17,VNQ,0.1395632833
2023-07-18,VNQ,0.1483039811
2023-07-19,VNQ,0.1478328774
2023-07-20,VNQ,0.1448535425
2023-07-21,VNQ,0.1702483939
2023-07-24,VNQ,0.1722957321
2023-07-25,VNQ,0.1729347508
2023-07-26,VNQ,0.1773162969
2023-07-27,VNQ,0.1917799989
2023-07-28,VNQ,0.1906055998
2023-07-31,VNQ,0.1954617311
2023-08-01,VNQ,0.1888455526
2023-08-02,VNQ,0.1901067382
2023-08-03,VNQ,0.1903020175
2023-08-04,VNQ,0.1944222934
2023-08-07,VNQ,0.1943964439
2023-08-08,VNQ,0.2124949512
2023-08-09,VNQ,0.2127917215
2023-08-10,VNQ,0.2130716171
2023-08-11,VNQ,0.2197409656
2023-08-14,VNQ,0.2228213673
2023-08-15,VNQ,0.2221023331
2023-08-16,VNQ,0.2221078438
2023-08-17,VNQ,0.2185489853
2023-08-18,VNQ,0.2413164633
2023-08-21,VNQ,0.2303607987
2023-08-22,VNQ,0.2865831518
2023-08-23,VNQ,0.2965226083
2023-08-24,VNQ,0.333485035
2023-08-25,VNQ,0.3230804952
2023-08-28,VNQ,0.3176241768
2023-08-29,VNQ,0.3140179066
2023-08-30,VNQ,0.3112849887
2023-08-31,VNQ,0.3129605787
2023-09-01,VNQ,0.3148977616
2023-09-04,VNQ,0.3134952099
2023-09-05,VNQ,0.3169194886
2023-09-06,VNQ,0.3080632061
2023-09-07,VNQ,0.3086769833
2023-09-08,VNQ,0.3084263941
2023-09-11,VNQ,0.3092885419
2023-09-12,VNQ,0.3073463879
2023-09-13,VNQ,0.3110824646
2023-09-14,VNQ,0.3084525983
2023-09-15,VNQ,0.3109400927
2023-09-18,VNQ,0.2942748303
2023-09-19,VNQ,0.289317773
2023-09-20,VNQ,0.2065024042
2023-09-21,VNQ,0.2015270974
2023-09-22,VNQ,0.1527466872
2023-09-25,VNQ,0.1522686053
2023-09-26,VNQ,0.1597273582
2023-09-27,VNQ,0.163018122
2023-09-28,VNQ,0.1791589074
2023-09-29,VNQ,0.1825840703
2023-10-02,VNQ,0.1796977205
2023-10-03,VNQ,0.183146732
2023-10-04,VNQ,0.1766311443
2023-10-05,VNQ,0.1705073347
2023-10-06,VNQ,0.2039813075
2023-10-09,VNQ,0.2200983905
2023-10-10,VNQ,0.2192519746
2023-10-11,VNQ,0.2226977604
2023-10-12,VNQ,0.2635806863
2023-10-13,VNQ,0.2622418227
2023-10-16,VNQ,0.2673327875
2023-10-17,VNQ,0.278862595
2023-10-18,VNQ,0.2852940353
2023-10-19,VNQ,0.2917826375
2023-10-20,VNQ,0.3146602513
2023-10-23,VNQ,0.3344957177
2023-10-24,VNQ,0.334182327
2023-10-25,VNQ,0.3292584024
2023-10-26,VNQ,0.327951315
2023-10-27,VNQ,0.3240746766
2023-10-30,VNQ,0.3285546535
2023-10-31,VNQ,0.3268530335
2023-11-01,VNQ,0.3210748969
2023-11-02,VNQ,0.3221298912
2023-11-03,VNQ,0.3207648967
2023-11-06,VNQ,0.304987656
2023-11-07,VNQ,0.2954386529
2023-11-08,VNQ,0.3040829762
2023-11-09,VNQ,0.3080437302
2023-11-10,VNQ,0.2653395282
2023-11-13,VNQ,0.2578439779
2023-11-14,VNQ,0.2564284252
2023-11-15,VNQ,0.2320291173
2023-11-16,VNQ,0.237003285
2023-11-17,VNQ,0.2341995036
2023-11-20,VNQ,0.2130790218
2023-11-21,VNQ,0.1820459889
2023-11-22,VNQ,0.1815890372
2023-11-23,VNQ,0.1875816616
2023-11-24,VNQ,0.2002193718
2023-11-27,VNQ,0.1946378009
2023-11-28,VNQ,0.1916816669
2023-11-29,VNQ,0.2022995033
2023-11-30,VNQ,0.2022704129
2023-12-01,VNQ,0.2030288545
2023-12-04,VNQ,0.2076676038
2023-12-05,VNQ,0.2059287584
2023-12-06,VNQ,0.1984822019
2023-12-07,VNQ,0.2016766629
2023-12-08,VNQ,0.1902702564
2023-12-11,VNQ,0.1909049957
2023-12-12,VNQ,0.1951382803
2023-12-13,VNQ,0.1929168613
2023-12-14,VNQ,0.1924282608
2023-12-15,VNQ,0.1981067541
2023-12-18,VNQ,0.1997803198
2023-12-19,VNQ,0.2061878754
2023-12-20,VNQ,0.1949084593
2023-12-21,VNQ,0.2060716399
2023-12-22,VNQ,0.1972622905
2023-12-25,VNQ,0.1885000839
2023-12-26,VNQ,0.1921745496
2023-12-27,VNQ,0.2549841469
2023-12-28,VNQ,0.3314756901
2023-12-29,VNQ,0.3290971441
2024-01-01,VNQ,0.3247832469
2024-01-02,VNQ,0.3132429632
2024-01-03,VNQ,0.31284712
2024-01-04,VNQ,0.3156383887
2024-01-05,VNQ,0.3132548312
2024-01-08,VNQ,0.3105725742
2024-01-09,VNQ,0.3034006421
2024-01-10,VNQ,0.3037946521
2024-01-11,VNQ,0.3131908246
2024-01-12,VNQ,0.3105030154
2024-01-15,VNQ,0.3101644134
2024-01-16,VNQ,0.3117746844
2024-01-17,VNQ,0.3169985795
2024-01-18,VNQ,0.3217508525
2024-01-19,VNQ,0.3194772289
2024-01-22,VNQ,0.3337929282
2024-01-23,VNQ,0.3350822319
2024-01-24,VNQ,0.3349333526
2024-01-25,VNQ,0.3007614346
2024-01-26,VNQ,0.1967863685
2024-01-29,VNQ,0.1979311318
2024-01-30,VNQ,0.19549669
2024-01-31,VNQ,0.1949991737
2024-02-01,VNQ,0.2181014784
2024-02-02,VNQ,0.2361224828
2024-02-05,VNQ,0.2357646549
2024-02-06,VNQ,0.2409499713
2024-02-07,VNQ,0.241178458
2024-02-08,VNQ,0.2522227705
2024-02-09,VNQ,0.2539967093
2024-02-12,VNQ,0.2544009743
2024-02-13,VNQ,0.2581351951
2024-02-14,VNQ,0.3150890291
2024-02-15,VNQ,0.357927843
2024-02-16,VNQ,0.3568300576
2024-02-19,VNQ,0.3579362743
2024-02-20,VNQ,0.3447222675
2024-02-21,VNQ,0.3710509176
2024-02-22,VNQ,0.3715596362
2024-02-23,VNQ,0.3711493922
2024-02-26,VNQ,0.370055231
2024-02-27,VNQ,0.3732408627
2024-02-28,VNQ,0.3730492926
2024-02-29,VNQ,0.3792386693
2024-03-01,VNQ,0.3703376006
2024-03-04,VNQ,0.3741053173
2024-03-05,VNQ,0.3759668615
2024-03-06,VNQ,0.3906484329
2024-03-07,VNQ,0.391905496
2024-03-08,VNQ,0.3911605568
2024-03-11,VNQ,0.3818553574
2024-03-12,VNQ,0.3934180141
2024-03-13,VNQ,0.3882615843
2024-03-14,VNQ,0.3535650528
2024-03-15,VNQ,0.2960745072
2024-03-18,VNQ,0.2932302324
2024-03-19,VNQ,0.2951759557
2024-03-20,VNQ,0.302521214
2024-03-21,VNQ,0.2520741843
2024-03-22,VNQ,0.2753327975
2024-03-25,VNQ,0.3089047975
2024-03-26,VNQ,0.3202068022
2024-03-27,VNQ,0.3202834687
2024-03-28,VNQ,0.3215673781
2024-03-29,VNQ,0.3171316617
2024-04-01,VNQ,0.3016751383
2024-04-02,VNQ,0.3311866327
2024-04-03,VNQ,0.340475244
2024-04-04,VNQ,0.3272116393
2024-04-05,VNQ,0.337306119
2024-04-08,VNQ,0.3446756799
2024-04-09,VNQ,0.3491467829
2024-04-10,VNQ,0.3944756609
2024-04-11,VNQ,0.3951994284
2024-04-12,VNQ,0.416826752
2024-04-15,VNQ,0.4187667922
2024-04-16,VNQ,0.4345628978
2024-04-17,VNQ,0.4302029835
2024-04-18,VNQ,0.4233261986
2024-04-19,VNQ,0.4233530361
2024-04-22,VNQ,0.4131121743
2024-04-23,VNQ,0.3897386624
2024-04-24,VNQ,0.3815171496
2024-04-25,VNQ,0.3833655924
2024-04-26,VNQ,0.3830889433
2024-04-29,VNQ,0.3842589633
2024-04-30,VNQ,0.3747608541
2024-05-01,VNQ,0.3533941876
2024-05-02,VNQ,0.3353040339
2024-05-03,VNQ,0.334568619
2024-05-06,VNQ,0.3427030308
2024-05-07,VNQ,0.3408559796
2024-05-08,VNQ,0.3407456081
2024-05-09,VNQ,0.270803208
2024-05-10,VNQ,0.2858303642
2024-05-13,VNQ,0.2769872008
2024-05-14,VNQ,0.2697391081
2024-05-15,VNQ,0.2543760409
2024-05-16,VNQ,0.2543133972
2024-05-17,VNQ,0.2541808652
2024-05-20,VNQ,0.2438069263
2024-05-21,VNQ,0.2385128213
2024-05-22,VNQ,0.2435267547
2024-05-23,VNQ,0.24308783
2024-05-24,VNQ,0.2425405441
2024-05-27,VNQ,0.2403531685
2024-05-28,VNQ,0.2400461163
2024-05-29,VNQ,0.2411591255
2024-05-30,VNQ,0.2385093599
2024-05-31,VNQ,0.233645225
2024-06-03,VNQ,0.2338788345
2024-06-04,VNQ,0.2136955608
2024-06-05,VNQ,0.2027907536
2024-06-06,VNQ,0.2120918888
2024-06-07,VNQ,0.1870642164
2024-06-10,VNQ,0.1830133697
2024-06-11,VNQ,0.1626668867
2024-06-12,VNQ,0.1612255033
2024-06-13,VNQ,0.160070112
2024-06-14,VNQ,0.1609488297
2024-06-17,VNQ,0.1850804634
2024-06-18,VNQ,0.2053048127
2024-06-19,VNQ,0.2373226403
2024-06-20,VNQ,0.2300919972
2024-06-21,VNQ,0.2286278317
2024-06-24,VNQ,0.2334690878
2024-06-25,VNQ,0.2444300028
2024-06-26,VNQ,0.2464148533
2024-06-27,VNQ,0.240483253
2024-06-28,VNQ,0.2373556447
2024-07-01,VNQ,0.2388017609
2024-07-02,VNQ,0.2450581152
2024-07-03,VNQ,0.2473696816
2024-07-04,VNQ,0.2457916436
2024-07-05,VNQ,0.2345022575
2024-07-08,VNQ,0.234450081
2024-07-09,VNQ,0.226602282
2024-07-10,VNQ,0.2307470373
2024-07-11,VNQ,0.2408940835
2024-07-12,VNQ,0.2404816357
2024-07-15,VNQ,0.2412982968
2024-07-16,VNQ,0.2223455704
2024-07-17,VNQ,0.1980780053
2024-07-18,VNQ,0.1660094487
2024-07-19,VNQ,0.1915307487
2024-07-22,VNQ,0.2056483402
2024-07-23,VNQ,0.2005143092
2024-07-24,VNQ,0.1995150603
2024-07-25,VNQ,0.1985611484
2024-07-26,VNQ,0.1986816978
2024-07-29,VNQ,0.1973001809
2024-07-30,VNQ,0.202463854
2024-07-31,VNQ,0.1954064462
2024-08-01,VNQ,0.1945110502
2024-08-02,VNQ,0.2099799527
2024-08-05,VNQ,0.2058640034
2024-08-06,VNQ,0.2107888631
2024-08-07,VNQ,0.2071487647
2024-08-08,VNQ,0.2003309889
2024-08-09,VNQ,0.1947920442
2024-08-12,VNQ,0.1974515333
2024-08-13,VNQ,0.194659958
2024-08-14,VNQ,0.2001816202
2024-08-15,VNQ,0.2062666501
2024-08-16,VNQ,0.2100632797
2024-08-19,VNQ,0.2018010722
2024-08-20,VNQ,0.1817919464
2024-08-21,VNQ,0.1836264877
2024-08-22,VNQ,0.1761601533
2024-08-23,VNQ,0.1734504442
2024-08-26,VNQ,0.1716542925
2024-08-27,VNQ,0.1716012065
2024-08-28,VNQ,0.1759835646
2024-08-29,VNQ,0.1869560298
2024-08-30,VNQ,0.2008207171
2024-09-02,VNQ,0.1859734014
2024-09-03,VNQ,0.1919929473
2024-09-04,VNQ,0.1881028996
2024-09-05,VNQ,0.1969884182
2024-09-06,VNQ,0.2010275121
2024-09-09,VNQ,0.2010777102
2024-09-10,VNQ,0.2009338327
2024-09-11,VNQ,0.2011685178
2024-09-12,VNQ,0.1981713471
2024-09-13,VNQ,0.1882680913
2024-09-16,VNQ,0.1879844697
2024-09-17,VNQ,0.189898347
2024-09-18,VNQ,0.1997305884
2024-09-19,VNQ,0.1981308482
2024-09-20,VNQ,0.199995433
2024-09-23,VNQ,0.2017881582
2024-09-24,VNQ,0.2031095371
2024-09-25,VNQ,0.210579696
2024-09-26,VNQ,0.202017898
2024-09-27,VNQ,0.1949044723
2024-09-30,VNQ,0.1802408303
2024-10-01,VNQ,0.1942267103
2024-10-02,VNQ,0.1915447485
2024-10-03,VNQ,0.1881527716
2024-10-04,VNQ,0.1748177999
2024-10-07,VNQ,0.1917155982
2024-10-08,VNQ,0.1919565998
2024-10-09,VNQ,0.1934480102
2024-10-10,VNQ,0.2086621514
2024-10-11,VNQ,0.2043592246
2024-10-14,VNQ,0.207798356
2024-10-15,VNQ,0.207654334
2024-10-16,VNQ,0.2055744969
2024-10-17,VNQ,0.2029880287
2024-10-18,VNQ,0.2104894244
2024-10-21,VNQ,0.2061282946
2024-10-22,VNQ,0.2098693514
2024-10-23,VNQ,0.2141904716
2024-10-24,VNQ,0.2184619955
2024-10-25,VNQ,0.2178796991
2024-10-28,VNQ,0.2163147641
2024-10-29,VNQ,0.2250560024
2024-10-30,VNQ,0.2176043055
2024-10-31,VNQ,0.2175546455
2024-11-01,VNQ,0.2190342923
2024-11-04,VNQ,0.2176180345
2024-11-05,VNQ,0.2017794491
2024-11-06,VNQ,0.2048874871
2024-11-07,VNQ,0.203062063
2024-11-08,VNQ,0.1761608452
2024-11-11,VNQ,0.1694779911
2024-11-12,VNQ,0.1667386177
2024-11-13,VNQ,0.1674149542
2024-11-14,VNQ,0.170104821
2024-11-15,VNQ,0.1646342314
2024-11-18,VNQ,0.1622659191
2024-11-19,VNQ,0.1596310319
2024-11-20,VNQ,0.1497808741
2024-11-21,VNQ,0.1506679091
2024-11-22,VNQ,0.1406582142
2024-11-25,VNQ,0.1415030011
2024-11-26,VNQ,0.1425158101
2024-11-27,VNQ,0.1471415463
2024-11-28,VNQ,0.1520057332
2024-11-29,VNQ,0.1503023887
2024-12-02,VNQ,0.1487057071
2024-12-03,VNQ,0.1581824804
2024-12-04,VNQ,0.1566036392
2024-12-05,VNQ,0.1549225681
2024-12-06,VNQ,0.1518651466
2024-12-09,VNQ,0.1590689098
2024-12-10,VNQ,0.1662519413
2024-12-11,VNQ,0.1675684838
2024-12-12,VNQ,0.1689881743
2024-12-13,VNQ,0.1994810404
2024-12-16,VNQ,0.2006168373
2024-12-17,VNQ,0.1967239231
2024-12-18,VNQ,0.2058085175
2024-12-19,VNQ,0.2271339781
2024-12-20,VNQ,0.2372088818
2024-12-23,VNQ,0.2355264267
2024-12-24,VNQ,0.2355606348
2024-12-25,VNQ,0.2421163018
2024-12-26,VNQ,0.2395464957
2024-12-27,VNQ,0.2296739042
2024-12-30,VNQ,0.2315765166
2024-12-31,VNQ,0.2447595529
2025-01-01,VNQ,0.241405923
2025-01-02,VNQ,0.2456668607
2025-01-03,VNQ,0.2399218966
2025-01-06,VNQ,0.2398297131
2025-01-07,VNQ,0.2365333195
2025-01-08,VNQ,0.2327898505
2025-01-09,VNQ,0.2415659918
2025-01-10,VNQ,0.2396383958
2025-01-13,VNQ,0.2279240092
2025-01-14,VNQ,0.242971719
2025-01-15,VNQ,0.2428765745
2025-01-16,VNQ,0.234644312
2025-01-17,VNQ,0.2107759973
2025-01-20,VNQ,0.1968862504
2025-01-21,VNQ,0.1971425551
2025-01-22,VNQ,0.2031704817
2025-01-23,VNQ,0.1938953387
2025-01-24,VNQ,0.1917471066
2025-01-27,VNQ,0.199732839
2025-01-28,VNQ,0.2021920263
2025-01-29,VNQ,0.1873165247
2025-01-30,VNQ,0.1867836414
2025-01-31,VNQ,0.2097879527
2025-02-03,VNQ,0.2134052604
2025-02-04,VNQ,0.2158499037
2025-02-05,VNQ,0.2207327001
2025-02-06,VNQ,0.2205569561
2025-02-07,VNQ,0.2250130601
2025-02-10,VNQ,0.2264200383
2025-02-11,VNQ,0.2138132851
2025-02-12,VNQ,0.1904278457
2025-02-13,VNQ,0.193962833
2025-02-14,VNQ,0.2054777736
2025-02-17,VNQ,0.205987407
2025-02-18,VNQ,0.2054799176
2025-02-19,VNQ,0.2081026907
2025-02-20,VNQ,0.203941811
2025-02-21,VNQ,0.2040513652
2025-02-24,VNQ,0.1977160684
2025-02-25,VNQ,0.1824068674
2025-02-26,VNQ,0.1721022957
2025-02-27,VNQ,0.1752646537
2025-02-28,VNQ,0.1764557349
2025-03-03,VNQ,0.1672389307
2025-03-04,VNQ,0.1667247012
2025-03-05,VNQ,0.169180924
2025-03-06,VNQ,0.1724299609
2025-03-07,VNQ,0.1621526835
2025-03-10,VNQ,0.1545448084
2025-03-11,VNQ,0.1564108003
2025-03-12,VNQ,0.1664637887
2025-03-13,VNQ,0.1688618275
2025-03-14,VNQ,0.1734165866
2025-03-17,VNQ,0.1556220601
2025-03-18,VNQ,0.1867799801
2025-03-19,VNQ,0.1803554978
2025-03-20,VNQ,0.1748803362
2025-03-21,VNQ,0.1974458295
2025-03-24,VNQ,0.198218733
2025-03-25,VNQ,0.1986361388
2025-03-26,VNQ,0.2050613661
2025-03-27,VNQ,0.2134456079
2025-03-28,VNQ,0.2068449752
2025-03-31,VNQ,0.2122309877
2025-04-01,VNQ,0.1999809043
2025-04-02,VNQ,0.2096376915
2025-04-03,VNQ,0.2027174284
2025-04-04,VNQ,0.1911597742
2025-04-07,VNQ,0.1844725603
2025-04-08,VNQ,0.1805578189
2025-04-09,VNQ,0.1903503652
2025-04-10,VNQ,0.1892220356
2025-04-11,VNQ,0.1896457113
2025-04-14,VNQ,0.1714979006
2025-04-15,VNQ,0.1767305256
2025-04-16,VNQ,0.1655331397
2025-04-17,VNQ,0.1674182111
2025-04-18,VNQ,0.1668129629
2025-04-21,VNQ,0.1534141789
2025-04-22,VNQ,0.151368725
2025-04-23,VNQ,0.1514621682
2025-04-24,VNQ,0.1484375125
2025-04-25,VNQ,0.1320493983
2025-04-28,VNQ,0.1320561791
2025-04-29,VNQ,0.1223306809
2025-04-30,VNQ,0.1252226951
2025-05-01,VNQ,0.1225466175
2025-05-02,VNQ,0.1728970221
2025-05-05,VNQ,0.1729696378
2025-05-06,VNQ,0.1851967829
2025-05-07,VNQ,0.1845111758
2025-05-08,VNQ,0.1788044132
2025-05-09,VNQ,0.2024249721
2025-05-12,VNQ,0.2061077123
2025-05-13,VNQ,0.2152753351
2025-05-14,VNQ,0.2255170999
2025-05-15,VNQ,0.2276795078
2025-05-16,VNQ,0.2268270651
2025-05-19,VNQ,0.2340325521
2025-05-20,VNQ,0.2319544319
2025-05-21,VNQ,0.2323355637
2025-05-22,VNQ,0.2328095477
2025-05-23,VNQ,0.230323579
2025-05-26,VNQ,0.2285500568
2025-05-27,VNQ,0.2284110763
2025-05-28,VNQ,0.2297271413
2025-05-29,VNQ,0.231086749
2025-05-30,VNQ,0.2379758515
2025-06-02,VNQ,0.2011576677
2025-06-03,VNQ,0.2022350262
2025-06-04,VNQ,0.1942160735
2025-06-05,VNQ,0.2043935623
2025-06-06,VNQ,0.2059226452
2025-06-09,VNQ,0.204361881
2025-06-10,VNQ,0.2031434123
2025-06-11,VNQ,0.188730016
2025-06-12,VNQ,0.1783847577
2025-06-13,VNQ,0.2000076455
2025-06-16,VNQ,0.2066856729
2025-06-17,VNQ,0.2002419825
2025-06-18,VNQ,0.2039074103
2025-06-19,VNQ,0.2044706149
2025-06-20,VNQ,0.2100950282
2025-06-23,VNQ,0.2340939981
2025-06-24,VNQ,0.234201753
2025-06-25,VNQ,0.234803111
2025-06-26,VNQ,0.2367072487
2025-06-27,VNQ,0.2492067291
2025-06-30,VNQ,0.2492058655
2025-07-01,VNQ,0.2516979549
2025-07-02,VNQ,0.2638260279
2025-07-03,VNQ,0.2702015694
2025-07-04,VNQ,0.2610946927
2025-07-07,VNQ,0.2541750381
2025-07-08,VNQ,0.2581377281
2025-07-09,VNQ,0.2597324865
2025-07-10,VNQ,0.2610606153
2025-07-11,VNQ,0.2699958767
2025-07-14,VNQ,0.2386241115
2025-07-15,VNQ,0.2420935639
2025-07-16,VNQ,0.2469913381
2025-07-17,VNQ,0.24668462
2025-07-18,VNQ,0.2442272371
2025-07-21,VNQ,0.2318506124
2025-07-22,VNQ,0.2205480147
2025-07-23,VNQ,0.2219386009
2025-07-24,VNQ,0.2202857962
2025-07-25,VNQ,0.2202258512
2025-07-28,VNQ,0.2120041682
2025-07-29,VNQ,0.2052650959
2025-07-30,VNQ,0.2098925172
2025-07-31,VNQ,0.1972113343
2025-08-01,VNQ,0.1877325799
2025-08-04,VNQ,0.1967972169
2025-08-05,VNQ,0.1985428912
2025-08-06,VNQ,0.1887115032
2025-08-07,VNQ,0.1824681578
2025-08-08,VNQ,0.1875698368
2025-08-11,VNQ,0.1801458322
2025-08-12,VNQ,0.1770929841
2025-08-13,VNQ,0.1625069938
2025-08-14,VNQ,0.160527213
2025-08-15,VNQ,0.1597249703
2025-08-18,VNQ,0.164723102
2025-08-19,VNQ,0.1561308617
2025-08-20,VNQ,0.1609970809
2025-08-21,VNQ,0.1636208628
2025-08-22,VNQ,0.1665446582
2025-08-25,VNQ,0.1669854123
2025-08-26,VNQ,0.1564980534
2025-08-27,VNQ,0.1580412529
2025-08-28,VNQ,0.1533998023
2025-08-29,VNQ,0.1539312608
2025-09-01,VNQ,0.1538083138
2025-09-02,VNQ,0.1358290259
2025-09-03,VNQ,0.1251899082
2025-09-04,VNQ,0.125461943
2025-09-05,VNQ,0.1048129483
2025-09-08,VNQ,0.1114159946
2025-09-09,VNQ,0.1113241402
2025-09-10,VNQ,0.1094153823
2025-09-11,VNQ,0.1112356453
2025-09-12,VNQ,0.1188771351
2025-09-15,VNQ,0.1205793675
2025-09-16,VNQ,0.1138537141
2025-09-17,VNQ,0.117850692
2025-09-18,VNQ,0.1179330004
2025-09-19,VNQ,0.1368765211
2025-09-22,VNQ,0.1435203391
2025-09-23,VNQ,0.1428998884
2025-09-24,VNQ,0.1550982434
2025-09-25,VNQ,0.1539480679
2025-09-26,VNQ,0.1532010598
2025-09-29,VNQ,0.1527149462
2025-09-30,VNQ,0.1575374237
2025-10-01,VNQ,0.1611372142
2025-10-02,VNQ,0.1614119608
2025-10-03,VNQ,0.1722344201
2025-10-06,VNQ,0.1784555224
2025-10-07,VNQ,0.1667241968
2025-10-08,VNQ,0.1723486395
2025-10-09,VNQ,0.173122686
2025-10-10,VNQ,0.1738041496
2025-10-13,VNQ,0.1726127924
2025-10-14,VNQ,0.1713595188
2025-10-15,VNQ,0.1787584427
2025-10-16,VNQ,0.1842849938
2025-10-17,VNQ,0.1805429172
2025-10-20,VNQ,0.1623588517
2025-10-21,VNQ,0.1632744549
2025-10-22,VNQ,0.1922210726
2025-10-23,VNQ,0.1916250163
2025-10-24,VNQ,0.2005216538
2025-10-27,VNQ,0.2005881778
2025-10-28,VNQ,0.201622333
2025-10-29,VNQ,0.1991209041
2025-10-30,VNQ,0.1974156735
2025-10-31,VNQ,0.1971138139
2025-11-03,VNQ,0.1862224427
2025-11-04,VNQ,0.1833131744
2025-11-05,VNQ,0.1905133971
2025-11-06,VNQ,0.1861951662
2025-11-07,VNQ,0.1887702258
2025-11-10,VNQ,0.2050992153
2025-11-11,VNQ,0.2101042815
2025-11-12,VNQ,0.2119120573
2025-11-13,VNQ,0.2033165543
2025-11-14,VNQ,0.1985690806
2025-11-17,VNQ,0.2029831476
2025-11-18,VNQ,0.2182979701
2025-11-19,VNQ,0.2318064298
2025-11-20,VNQ,0.2278403171
2025-11-21,VNQ,0.229661422
2025-11-24,VNQ,0.2256054636
2025-11-25,VNQ,0.2268379236
2025-11-26,VNQ,0.2247529418
2025-11-27,VNQ,0.2275323689
2025-11-28,VNQ,0.2455527292
2025-12-01,VNQ,0.2459366052
2025-12-02,VNQ,0.2457904961
2025-12-03,VNQ,0.2447135898
2025-12-04,VNQ,0.2380343706
2025-12-05,VNQ,0.241852034
2025-12-08,VNQ,0.2416681367
2025-12-09,VNQ,0.2326591174
2025-12-10,VNQ,0.2368563573
2025-12-11,VNQ,0.2367383871
2025-12-12,VNQ,0.241525244
2025-12-15,VNQ,0.2326257078
2025-12-16,VNQ,0.2368819911
2025-12-17,VNQ,0.2352639842
2025-12-18,VNQ,0.2250048721
2025-12-19,VNQ,0.2115181038
2025-12-22,VNQ,0.2008222072
2025-12-23,VNQ,0.1977888711
2025-12-24,VNQ,0.2091276844
2025-12-25,VNQ,0.2162212129
2025-12-26,VNQ,0.2164077657
2025-12-29,VNQ,0.2008226915
2025-12-30,VNQ,0.202181625
2025-12-31,VNQ,0.2209939393
2026-01-01,VNQ,0.2203215018
2026-01-02,VNQ,0.2194512696
2026-01-05,VNQ,0.2259909012
2026-01-06,VNQ,0.227494441
2026-01-07,VNQ,0.2236925088
2026-01-08,VNQ,0.2084544428
2026-01-09,VNQ,0.1979216259
2026-01-12,VNQ,0.1976913618
2026-01-13,VNQ,0.2029682928
2026-01-14,VNQ,0.2049593851
2026-01-15,VNQ,0.2009321031
2026-01-16,VNQ,0.2093876166
2026-01-19,VNQ,0.2099346213
2026-01-20,VNQ,0.2101198917
2026-01-21,VNQ,0.2112687457
2026-01-22,VNQ,0.203212258
2026-01-23,VNQ,0.1896576264
2026-01-26,VNQ,0.1890709693
2026-01-27,VNQ,0.189737538
2026-01-28,VNQ,0.1888429421
2026-01-29,VNQ,0.182035585
2026-01-30,VNQ,0.1890698561
2026-02-02,VNQ,0.1897102018
2026-02-03,VNQ,0.1721800532
2026-02-04,VNQ,0.1675792655
2026-02-05,VNQ,0.1716312472
2026-02-06,VNQ,0.1844120486
2026-02-09,VNQ,0.1951442973
2026-02-10,VNQ,0.1951209351
2026-02-11,VNQ,0.1956057784
2026-02-12,VNQ,0.1988558945
2026-02-13,VNQ,0.1997735767
2026-02-16,VNQ,0.1926288647
2026-02-17,VNQ,0.1873545931
2026-02-18,VNQ,0.2333651418
2026-02-19,VNQ,0.2320950252
2026-02-20,VNQ,0.2341960503
2026-02-23,VNQ,0.2467726579
2026-02-24,VNQ,0.2510135777
2026-02-25,VNQ,0.2898776446
2026-02-26,VNQ,0.2894686941
2026-02-27,VNQ,0.2818465783
2026-03-02,VNQ,0.2800004386
2026-03-03,VNQ,0.2812825161
2026-03-04,VNQ,0.2752811581
2026-03-05,VNQ,0.2781318828
2026-03-06,VNQ,0.2802880025
2026-03-09,VNQ,0.2738808978
2026-03-10,VNQ,0.2631849186
2026-03-11,VNQ,0.2669783466
2026-03-12,VNQ,0.2566604061
2026-03-13,VNQ,0.2501795554
2026-03-16,VNQ,0.2431921925
2026-03-17,VNQ,0.2525882689
2026-03-18,VNQ,0.252284929
2026-03-19,VNQ,0.2294793925
2026-03-20,VNQ,0.2290192258
2026-03-23,VNQ,0.2327551139
2026-03-24,VNQ,0.2195358622
2026-03-25,VNQ,0.2257635397
2026-03-26,VNQ,0.1665161235
2026-03-27,VNQ,0.185867876
2026-03-30,VNQ,0.172371133
2026-03-31,VNQ,0.1722724006
2026-04-01,VNQ,0.1786389009
2026-04-02,VNQ,0.1774549703
2026-04-03,VNQ,0.1763399848
2026-04-06,VNQ,0.1745810753
2026-04-07,VNQ,0.1742010224
2026-04-08,VNQ,0.1738111604
2026-04-09,VNQ,0.1712246868
2026-04-10,VNQ,0.1868587471
2026-04-13,VNQ,0.1956640235
2026-04-14,VNQ,0.216872856
2026-04-15,VNQ,0.2085676031
2026-04-16,VNQ,0.2097714149
2026-04-17,VNQ,0.2008050093
2026-04-20,VNQ,0.1986993409
2026-04-21,VNQ,0.1897214355
2026-04-22,VNQ,0.1931087107
2026-04-23,VNQ,0.1713410273
2026-04-24,VNQ,0.1650297444
2026-04-27,VNQ,0.1752737373
2026-04-28,VNQ,0.1756275796
2026-04-29,VNQ,0.1723026539
2026-04-30,VNQ,0.1673488514
2026-05-01,VNQ,0.167706626
2026-05-04,VNQ,0.1696959879
2026-05-05,VNQ,0.1961489528
2026-05-06,VNQ,0.2172678746
2026-05-07,VNQ,0.2421971464
2026-05-08,VNQ,0.2534712497
2026-05-11,VNQ,0.2457113808
2026-05-12,VNQ,0.2406415602
2026-05-13,VNQ,0.2209573121
2026-05-14,VNQ,0.2191088288
2026-05-15,VNQ,0.218536573
2026-05-18,VNQ,0.2186933649
2026-05-19,VNQ,0.2247711833
2026-05-20,VNQ,0.2168805616
2026-05-21,VNQ,0.2042662587
2026-05-22,VNQ,0.2057412558
2026-05-25,VNQ,0.2075705084
2026-05-26,VNQ,0.2074214889
2026-05-27,VNQ,0.2179994256
2026-05-28,VNQ,0.2158793408
2026-05-29,VNQ,0.2176351981
2026-06-01,VNQ,0.2152807157
2026-06-02,VNQ,0.2361416141
2026-06-03,VNQ,0.225317958
2026-06-04,VNQ,0.2148895278
2026-06-05,VNQ,0.1902223181
2026-06-08,VNQ,0.1714605448
2026-06-09,VNQ,0.1740269807
2026-06-10,VNQ,0.1780856871
2026-06-11,VNQ,0.1796998773
2026-06-12,VNQ,0.189791692
2026-06-15,VNQ,0.1764991933
2026-06-16,VNQ,0.1764115228
2026-06-17,VNQ,0.1807675296
2026-06-18,VNQ,0.1777773189
2026-06-19,VNQ,0.1750463557
2026-06-22,VNQ,0.1783173136
2026-06-23,VNQ,0.1782328484
2026-06-24,VNQ,0.1783433246
2026-06-25,VNQ,0.170765685
2026-06-26,VNQ,0.1713903428
2026-06-29,VNQ,0.1785772818
2026-06-30,VNQ,0.1803148936
2026-07-01,VNQ,0.1617721211
2026-07-02,VNQ,0.1584083115
2026-07-03,VNQ,0.1509789165
