date,ticker,close,volume
2021-09-06,SPY,422.85,88515472
2021-09-06,QQQ,352.1,32967606
2021-09-06,IWM,182.06,50392321
2021-09-06,EFA,71.0,14876966
2021-09-06,TLT,99.46,30987062
2021-09-06,LQD,104.63,10709480
2021-09-06,GLD,176.78,9709666
2021-09-06,VNQ,85.77,6136267
2021-09-07,SPY,427.69,97350384
2021-09-07,QQQ,359.46,44769105
2021-09-07,IWM,184.66,31562175
2021-09-07,EFA,71.6,11866569
2021-09-07,TLT,99.66,15817385
2021-09-07,LQD,105.04,9070278
2021-09-07,GLD,176.88,9242619
2021-09-07,VNQ,87.88,3739488
2021-09-08,SPY,421.34,71158395
2021-09-08,QQQ,357.69,70576853
2021-09-08,IWM,183.11,25127073
2021-09-08,EFA,71.57,15279614
2021-09-08,TLT,98.31,16525282
2021-09-08,LQD,103.66,16209646
2021-09-08,GLD,177.18,6940459
2021-09-08,VNQ,85.81,7119192
2021-09-09,SPY,421.76,45084720
2021-09-09,QQQ,356.72,40304979
2021-09-09,IWM,181.91,27871866
2021-09-09,EFA,71.59,28240817
2021-09-09,TLT,99.83,5113318
2021-09-09,LQD,104.01,26718940
2021-09-09,GLD,178.39,7348508
2021-09-09,VNQ,86.76,3626805
2021-09-10,SPY,417.17,115767058
2021-09-10,QQQ,352.48,54237840
2021-09-10,IWM,178.84,25211891
2021-09-10,EFA,71.13,22081716
2021-09-10,TLT,99.09,11127173
2021-09-10,LQD,103.01,11570900
2021-09-10,GLD,179.31,8340231
2021-09-10,VNQ,84.96,8506787
2021-09-13,SPY,416.5,103116124
2021-09-13,QQQ,350.11,33207977
2021-09-13,IWM,178.84,20667679
2021-09-13,EFA,70.65,26539692
2021-09-13,TLT,99.54,13591677
2021-09-13,LQD,103.03,14852862
2021-09-13,GLD,180.43,3673036
2021-09-13,VNQ,84.9,4333790
2021-09-14,SPY,412.47,53088220
2021-09-14,QQQ,351.72,66748631
2021-09-14,IWM,178.03,17091931
2021-09-14,EFA,70.66,24424838
2021-09-14,TLT,100.22,13390674
2021-09-14,LQD,104.3,23181320
2021-09-14,GLD,181.82,10945054
2021-09-14,VNQ,86.66,4850971
2021-09-15,SPY,415.26,124265624
2021-09-15,QQQ,355.36,41885958
2021-09-15,IWM,178.92,33854615
2021-09-15,EFA,71.33,21080880
2021-09-15,TLT,98.9,17544856
2021-09-15,LQD,104.42,14107196
2021-09-15,GLD,180.24,6470970
2021-09-15,VNQ,86.89,4749729
2021-09-16,SPY,423.62,68790884
2021-09-16,QQQ,369.44,44122995
2021-09-16,IWM,183.11,42931355
2021-09-16,EFA,73.7,16108615
2021-09-16,TLT,98.73,19886391
2021-09-16,LQD,105.42,16257163
2021-09-16,GLD,180.28,6052666
2021-09-16,VNQ,88.15,3466323
2021-09-17,SPY,419.09,82745580
2021-09-17,QQQ,360.21,36893052
2021-09-17,IWM,181.25,25041334
2021-09-17,EFA,73.22,18817363
2021-09-17,TLT,99.28,22764202
2021-09-17,LQD,105.2,12296023
2021-09-17,GLD,180.94,11332170
2021-09-17,VNQ,86.9,5451009
2021-09-20,SPY,415.04,58343540
2021-09-20,QQQ,356.8,87463465
2021-09-20,IWM,179.25,24710383
2021-09-20,EFA,71.84,43284659
2021-09-20,TLT,99.45,18996765
2021-09-20,LQD,104.37,28745064
2021-09-20,GLD,179.6,22555172
2021-09-20,VNQ,86.34,2489755
2021-09-21,SPY,414.19,59480047
2021-09-21,QQQ,354.66,58591683
2021-09-21,IWM,179.73,41960248
2021-09-21,EFA,71.38,26353501
2021-09-21,TLT,98.98,16523165
2021-09-21,LQD,104.73,9944361
2021-09-21,GLD,176.51,15176894
2021-09-21,VNQ,85.91,4152710
2021-09-22,SPY,414.32,86984553
2021-09-22,QQQ,350.03,46650241
2021-09-22,IWM,178.37,42862939
2021-09-22,EFA,71.62,18151189
2021-09-22,TLT,100.21,15262088
2021-09-22,LQD,105.24,15700403
2021-09-22,GLD,175.13,7487736
2021-09-22,VNQ,87.16,6562602
2021-09-23,SPY,414.7,87139841
2021-09-23,QQQ,350.84,61577605
2021-09-23,IWM,179.17,35737230
2021-09-23,EFA,72.21,32032098
2021-09-23,TLT,100.65,29323813
2021-09-23,LQD,105.18,26580507
2021-09-23,GLD,176.25,6657823
2021-09-23,VNQ,88.31,3581145
2021-09-24,SPY,412.37,87928082
2021-09-24,QQQ,345.07,51403511
2021-09-24,IWM,178.07,25607690
2021-09-24,EFA,71.45,18377297
2021-09-24,TLT,99.5,16075004
2021-09-24,LQD,104.8,10182435
2021-09-24,GLD,175.51,8298156
2021-09-24,VNQ,87.56,4045474
2021-09-27,SPY,411.24,111938039
2021-09-27,QQQ,345.83,30131186
2021-09-27,IWM,176.85,38542927
2021-09-27,EFA,71.88,18390613
2021-09-27,TLT,99.3,18173274
2021-09-27,LQD,105.11,8436390
2021-09-27,GLD,174.52,4683926
2021-09-27,VNQ,86.68,6922328
2021-09-28,SPY,423.01,58056353
2021-09-28,QQQ,357.0,58273125
2021-09-28,IWM,180.87,25272478
2021-09-28,EFA,73.48,24127982
2021-09-28,TLT,100.62,20802817
2021-09-28,LQD,105.78,13375327
2021-09-28,GLD,175.68,11997668
2021-09-28,VNQ,88.18,4468064
2021-09-29,SPY,424.16,62453500
2021-09-29,QQQ,357.55,44109988
2021-09-29,IWM,181.38,35891726
2021-09-29,EFA,74.56,16549794
2021-09-29,TLT,99.37,14093237
2021-09-29,LQD,105.89,9149341
2021-09-29,GLD,172.85,7698457
2021-09-29,VNQ,88.56,5382078
2021-09-30,SPY,419.74,101480615
2021-09-30,QQQ,355.05,24754735
2021-09-30,IWM,181.48,46097929
2021-09-30,EFA,73.96,11397905
2021-09-30,TLT,100.82,19316136
2021-09-30,LQD,105.96,15036471
2021-09-30,GLD,175.34,4705459
2021-09-30,VNQ,88.1,7412679
2021-10-01,SPY,426.15,63264791
2021-10-01,QQQ,364.78,35582901
2021-10-01,IWM,184.93,40410856
2021-10-01,EFA,75.74,17897216
2021-10-01,TLT,101.27,59751714
2021-10-01,LQD,106.93,15396407
2021-10-01,GLD,175.46,3328980
2021-10-01,VNQ,88.75,3867802
2021-10-04,SPY,428.24,93690806
2021-10-04,QQQ,367.3,69380989
2021-10-04,IWM,188.31,29182314
2021-10-04,EFA,75.97,18822495
2021-10-04,TLT,102.8,14242424
2021-10-04,LQD,108.55,12581193
2021-10-04,GLD,175.9,5611666
2021-10-04,VNQ,90.59,1680645
2021-10-05,SPY,430.36,60809802
2021-10-05,QQQ,366.99,46609498
2021-10-05,IWM,187.86,22322596
2021-10-05,EFA,76.69,6711536
2021-10-05,TLT,101.93,34877038
2021-10-05,LQD,108.19,9920097
2021-10-05,GLD,175.07,6965204
2021-10-05,VNQ,92.18,4688697
2021-10-06,SPY,434.64,124600411
2021-10-06,QQQ,365.88,51071211
2021-10-06,IWM,188.52,32594901
2021-10-06,EFA,77.19,11180633
2021-10-06,TLT,102.13,16590660
2021-10-06,LQD,108.25,14482420
2021-10-06,GLD,177.56,7832771
2021-10-06,VNQ,93.06,4782249
2021-10-07,SPY,434.43,84962765
2021-10-07,QQQ,363.65,39922165
2021-10-07,IWM,189.64,37092538
2021-10-07,EFA,79.14,10854617
2021-10-07,TLT,102.88,18090602
2021-10-07,LQD,108.9,13559637
2021-10-07,GLD,178.18,9026654
2021-10-07,VNQ,93.35,5097579
2021-10-08,SPY,439.57,96539504
2021-10-08,QQQ,370.96,44038405
2021-10-08,IWM,194.46,29338402
2021-10-08,EFA,80.14,34245920
2021-10-08,TLT,101.16,27203166
2021-10-08,LQD,108.28,18390427
2021-10-08,GLD,178.74,7321497
2021-10-08,VNQ,92.58,8490935
2021-10-11,SPY,434.56,96961646
2021-10-11,QQQ,369.17,39844282
2021-10-11,IWM,192.4,28486049
2021-10-11,EFA,79.44,12287156
2021-10-11,TLT,99.94,19197088
2021-10-11,LQD,107.58,13851626
2021-10-11,GLD,176.61,8271976
2021-10-11,VNQ,92.12,4380183
2021-10-12,SPY,433.96,97330105
2021-10-12,QQQ,366.72,38142495
2021-10-12,IWM,189.87,22598464
2021-10-12,EFA,79.11,19696115
2021-10-12,TLT,99.06,15263783
2021-10-12,LQD,107.24,17824825
2021-10-12,GLD,174.86,12690994
2021-10-12,VNQ,90.71,9249963
2021-10-13,SPY,441.7,53860842
2021-10-13,QQQ,374.48,35775750
2021-10-13,IWM,191.92,52941085
2021-10-13,EFA,80.21,39945434
2021-10-13,TLT,97.41,14742455
2021-10-13,LQD,107.26,8025159
2021-10-13,GLD,169.88,13540633
2021-10-13,VNQ,90.96,4346817
2021-10-14,SPY,444.2,61036803
2021-10-14,QQQ,377.27,27079382
2021-10-14,IWM,193.4,34071519
2021-10-14,EFA,81.18,14176711
2021-10-14,TLT,96.83,19758003
2021-10-14,LQD,107.31,23765249
2021-10-14,GLD,170.89,7469157
2021-10-14,VNQ,91.22,4495071
2021-10-15,SPY,444.48,55259848
2021-10-15,QQQ,376.21,62586673
2021-10-15,IWM,192.29,23909492
2021-10-15,EFA,79.63,12054976
2021-10-15,TLT,96.26,16374820
2021-10-15,LQD,107.5,19097166
2021-10-15,GLD,169.53,5072235
2021-10-15,VNQ,92.14,4535043
2021-10-18,SPY,442.29,64922130
2021-10-18,QQQ,378.66,39248053
2021-10-18,IWM,194.63,28777507
2021-10-18,EFA,78.86,28840792
2021-10-18,TLT,95.98,25602247
2021-10-18,LQD,107.51,12430831
2021-10-18,GLD,169.36,17765463
2021-10-18,VNQ,91.07,5682175
2021-10-19,SPY,442.4,85579815
2021-10-19,QQQ,378.88,46575048
2021-10-19,IWM,194.92,35721132
2021-10-19,EFA,78.62,15118671
2021-10-19,TLT,97.89,25859081
2021-10-19,LQD,108.42,15897696
2021-10-19,GLD,170.51,6536094
2021-10-19,VNQ,90.85,4599917
2021-10-20,SPY,438.07,80509244
2021-10-20,QQQ,371.63,40272983
2021-10-20,IWM,190.82,29653667
2021-10-20,EFA,77.66,7881578
2021-10-20,TLT,98.78,18393365
2021-10-20,LQD,109.15,17227998
2021-10-20,GLD,171.6,7278899
2021-10-20,VNQ,91.74,5592846
2021-10-21,SPY,439.35,38250981
2021-10-21,QQQ,373.69,76014267
2021-10-21,IWM,191.8,26053589
2021-10-21,EFA,77.9,13181992
2021-10-21,TLT,99.5,24753188
2021-10-21,LQD,109.18,11777860
2021-10-21,GLD,171.83,17324615
2021-10-21,VNQ,92.24,3057173
2021-10-22,SPY,439.19,49732847
2021-10-22,QQQ,373.09,78659865
2021-10-22,IWM,192.41,25725994
2021-10-22,EFA,76.99,9728427
2021-10-22,TLT,99.25,15203692
2021-10-22,LQD,109.43,9517943
2021-10-22,GLD,170.23,4632573
2021-10-22,VNQ,92.48,6987063
2021-10-25,SPY,434.9,43169708
2021-10-25,QQQ,368.33,69386007
2021-10-25,IWM,190.95,56882756
2021-10-25,EFA,76.78,18497446
2021-10-25,TLT,100.54,7170911
2021-10-25,LQD,110.47,25990762
2021-10-25,GLD,168.91,7032725
2021-10-25,VNQ,91.11,5371289
2021-10-26,SPY,431.63,64781526
2021-10-26,QQQ,363.14,47228616
2021-10-26,IWM,189.55,32051099
2021-10-26,EFA,76.47,10077352
2021-10-26,TLT,100.89,29903114
2021-10-26,LQD,109.91,14256855
2021-10-26,GLD,167.71,6238021
2021-10-26,VNQ,89.48,5112126
2021-10-27,SPY,439.77,92705056
2021-10-27,QQQ,371.21,67326768
2021-10-27,IWM,192.66,27027375
2021-10-27,EFA,77.42,12300887
2021-10-27,TLT,100.7,24569826
2021-10-27,LQD,110.05,19983688
2021-10-27,GLD,169.85,3290478
2021-10-27,VNQ,91.13,7560576
2021-10-28,SPY,438.02,91611284
2021-10-28,QQQ,370.33,59211452
2021-10-28,IWM,192.26,28640526
2021-10-28,EFA,76.95,23976051
2021-10-28,TLT,99.82,23773701
2021-10-28,LQD,109.87,14929009
2021-10-28,GLD,166.7,8831504
2021-10-28,VNQ,91.49,5222654
2021-10-29,SPY,444.9,58706783
2021-10-29,QQQ,379.85,53519373
2021-10-29,IWM,197.69,37883653
2021-10-29,EFA,79.17,22144428
2021-10-29,TLT,99.34,23365784
2021-10-29,LQD,110.99,10158033
2021-10-29,GLD,168.6,10631068
2021-10-29,VNQ,92.68,3542309
2021-11-01,SPY,439.06,73875456
2021-11-01,QQQ,375.22,49692413
2021-11-01,IWM,192.5,24714835
2021-11-01,EFA,78.87,36812180
2021-11-01,TLT,100.83,18209376
2021-11-01,LQD,111.78,15226890
2021-11-01,GLD,169.17,7588943
2021-11-01,VNQ,91.72,5454063
2021-11-02,SPY,441.21,93832661
2021-11-02,QQQ,378.58,75660537
2021-11-02,IWM,195.67,11794981
2021-11-02,EFA,79.07,30056578
2021-11-02,TLT,100.74,18433334
2021-11-02,LQD,112.35,10593349
2021-11-02,GLD,168.36,6143540
2021-11-02,VNQ,91.89,3862979
2021-11-03,SPY,441.31,64480483
2021-11-03,QQQ,378.33,55715993
2021-11-03,IWM,196.7,27883036
2021-11-03,EFA,79.45,14776414
2021-11-03,TLT,100.0,31940346
2021-11-03,LQD,111.99,20760294
2021-11-03,GLD,170.09,9640208
2021-11-03,VNQ,92.27,3601402
2021-11-04,SPY,447.62,161465756
2021-11-04,QQQ,381.66,55315064
2021-11-04,IWM,201.37,12813735
2021-11-04,EFA,79.82,25080909
2021-11-04,TLT,100.58,11480477
2021-11-04,LQD,112.84,18085022
2021-11-04,GLD,169.38,5662803
2021-11-04,VNQ,93.41,4511156
2021-11-05,SPY,445.09,129607085
2021-11-05,QQQ,378.94,62531732
2021-11-05,IWM,200.24,50663799
2021-11-05,EFA,79.46,11546491
2021-11-05,TLT,101.48,22583530
2021-11-05,LQD,112.63,11363783
2021-11-05,GLD,171.83,7874206
2021-11-05,VNQ,91.25,9235614
2021-11-08,SPY,450.12,70653037
2021-11-08,QQQ,385.17,85167031
2021-11-08,IWM,204.38,52199204
2021-11-08,EFA,79.61,10474633
2021-11-08,TLT,101.38,11446306
2021-11-08,LQD,112.73,12108457
2021-11-08,GLD,172.89,5781291
2021-11-08,VNQ,91.6,4818959
2021-11-09,SPY,437.91,68806081
2021-11-09,QQQ,371.62,25980379
2021-11-09,IWM,198.24,12950392
2021-11-09,EFA,78.24,18842716
2021-11-09,TLT,102.54,17751012
2021-11-09,LQD,112.79,14082117
2021-11-09,GLD,172.82,8384713
2021-11-09,VNQ,90.24,5762750
2021-11-10,SPY,439.38,88715972
2021-11-10,QQQ,378.94,45899462
2021-11-10,IWM,199.96,34864814
2021-11-10,EFA,79.38,10276921
2021-11-10,TLT,102.66,19908807
2021-11-10,LQD,113.38,20392983
2021-11-10,GLD,171.83,9124861
2021-11-10,VNQ,92.46,4280060
2021-11-11,SPY,432.36,69578350
2021-11-11,QQQ,370.7,42203767
2021-11-11,IWM,194.98,24518123
2021-11-11,EFA,78.66,22930569
2021-11-11,TLT,103.07,15482335
2021-11-11,LQD,113.19,21984458
2021-11-11,GLD,175.22,13310085
2021-11-11,VNQ,92.22,5141924
2021-11-12,SPY,434.84,106864820
2021-11-12,QQQ,370.97,61488656
2021-11-12,IWM,197.67,32410988
2021-11-12,EFA,78.89,19759032
2021-11-12,TLT,102.7,24812862
2021-11-12,LQD,112.5,23836166
2021-11-12,GLD,176.51,13416202
2021-11-12,VNQ,93.15,5855086
2021-11-15,SPY,431.17,152058779
2021-11-15,QQQ,368.99,41913144
2021-11-15,IWM,198.75,27387749
2021-11-15,EFA,78.11,27327325
2021-11-15,TLT,101.79,15537660
2021-11-15,LQD,112.37,11764771
2021-11-15,GLD,176.11,5115889
2021-11-15,VNQ,91.94,3232176
2021-11-16,SPY,435.42,60976314
2021-11-16,QQQ,371.1,54574814
2021-11-16,IWM,200.53,22448808
2021-11-16,EFA,78.46,25433727
2021-11-16,TLT,100.01,23340111
2021-11-16,LQD,112.38,14621487
2021-11-16,GLD,174.83,4591805
2021-11-16,VNQ,91.92,6146587
2021-11-17,SPY,432.23,52947296
2021-11-17,QQQ,368.64,61588623
2021-11-17,IWM,201.06,32274330
2021-11-17,EFA,78.96,15756108
2021-11-17,TLT,100.26,28306991
2021-11-17,LQD,112.27,17874509
2021-11-17,GLD,175.43,4989041
2021-11-17,VNQ,93.07,2804529
2021-11-18,SPY,427.52,92518085
2021-11-18,QQQ,363.0,41041146
2021-11-18,IWM,199.42,31455263
2021-11-18,EFA,77.9,12121918
2021-11-18,TLT,101.98,26509442
2021-11-18,LQD,112.9,19739492
2021-11-18,GLD,177.25,11242515
2021-11-18,VNQ,92.81,5744000
2021-11-19,SPY,431.47,72498162
2021-11-19,QQQ,360.45,77199115
2021-11-19,IWM,200.37,49484704
2021-11-19,EFA,78.66,12647693
2021-11-19,TLT,101.1,17289302
2021-11-19,LQD,112.52,29972943
2021-11-19,GLD,178.85,5720628
2021-11-19,VNQ,91.67,8382868
2021-11-22,SPY,430.72,127974802
2021-11-22,QQQ,360.88,55399191
2021-11-22,IWM,199.61,43151703
2021-11-22,EFA,78.2,17728506
2021-11-22,TLT,101.56,13602774
2021-11-22,LQD,113.36,13331622
2021-11-22,GLD,179.27,9391614
2021-11-22,VNQ,91.67,5957475
2021-11-23,SPY,427.37,58299044
2021-11-23,QQQ,358.73,20831139
2021-11-23,IWM,197.95,14791388
2021-11-23,EFA,77.41,13695046
2021-11-23,TLT,101.24,15372540
2021-11-23,LQD,112.59,12432289
2021-11-23,GLD,178.7,7056795
2021-11-23,VNQ,90.29,4919110
2021-11-24,SPY,427.87,69814201
2021-11-24,QQQ,354.35,36737582
2021-11-24,IWM,198.26,40855400
2021-11-24,EFA,78.15,14074987
2021-11-24,TLT,100.05,38282530
2021-11-24,LQD,112.68,9907676
2021-11-24,GLD,177.53,8959276
2021-11-24,VNQ,90.51,8012247
2021-11-25,SPY,422.61,61528864
2021-11-25,QQQ,347.74,51790219
2021-11-25,IWM,193.49,28399370
2021-11-25,EFA,77.16,24352668
2021-11-25,TLT,99.66,32239442
2021-11-25,LQD,111.93,19920187
2021-11-25,GLD,175.17,6926312
2021-11-25,VNQ,89.59,4186724
2021-11-26,SPY,417.88,67868986
2021-11-26,QQQ,339.99,53368358
2021-11-26,IWM,190.23,41058772
2021-11-26,EFA,77.11,16469074
2021-11-26,TLT,100.49,12968038
2021-11-26,LQD,112.86,15350122
2021-11-26,GLD,175.13,7609102
2021-11-26,VNQ,89.13,10110254
2021-11-29,SPY,423.83,133053155
2021-11-29,QQQ,343.77,39994549
2021-11-29,IWM,191.17,29340510
2021-11-29,EFA,78.33,28325997
2021-11-29,TLT,102.0,15849521
2021-11-29,LQD,114.06,22589773
2021-11-29,GLD,178.54,7983686
2021-11-29,VNQ,91.87,5461402
2021-11-30,SPY,414.95,148768400
2021-11-30,QQQ,337.83,34203724
2021-11-30,IWM,188.29,42417263
2021-11-30,EFA,76.06,13184424
2021-11-30,TLT,101.48,19479981
2021-11-30,LQD,113.26,10909532
2021-11-30,GLD,176.71,4211069
2021-11-30,VNQ,90.85,5655646
2021-12-01,SPY,409.81,60931177
2021-12-01,QQQ,332.83,76486718
2021-12-01,IWM,184.96,20004896
2021-12-01,EFA,75.68,15220873
2021-12-01,TLT,101.43,17824878
2021-12-01,LQD,112.69,14991842
2021-12-01,GLD,175.95,9797089
2021-12-01,VNQ,88.49,6794488
2021-12-02,SPY,407.15,80807515
2021-12-02,QQQ,331.01,47529218
2021-12-02,IWM,183.34,28076095
2021-12-02,EFA,74.61,13746168
2021-12-02,TLT,101.5,42688074
2021-12-02,LQD,112.39,12702899
2021-12-02,GLD,173.38,12424390
2021-12-02,VNQ,87.39,3402017
2021-12-03,SPY,411.82,86622618
2021-12-03,QQQ,334.38,74169672
2021-12-03,IWM,184.92,46598799
2021-12-03,EFA,74.43,18460907
2021-12-03,TLT,100.27,35758445
2021-12-03,LQD,112.4,17019681
2021-12-03,GLD,171.56,5134690
2021-12-03,VNQ,88.24,6741888
2021-12-06,SPY,420.75,49728391
2021-12-06,QQQ,340.62,68919421
2021-12-06,IWM,187.09,32603882
2021-12-06,EFA,75.93,14062257
2021-12-06,TLT,99.25,25121563
2021-12-06,LQD,112.87,21713045
2021-12-06,GLD,172.12,10693305
2021-12-06,VNQ,89.0,6375081
2021-12-07,SPY,417.08,96838504
2021-12-07,QQQ,331.5,94319756
2021-12-07,IWM,187.9,18647758
2021-12-07,EFA,75.31,12834565
2021-12-07,TLT,98.75,16788689
2021-12-07,LQD,113.14,11322994
2021-12-07,GLD,173.99,8122338
2021-12-07,VNQ,89.94,6991289
2021-12-08,SPY,420.19,71127263
2021-12-08,QQQ,334.63,35468181
2021-12-08,IWM,187.98,22409664
2021-12-08,EFA,76.39,11785828
2021-12-08,TLT,98.02,22990193
2021-12-08,LQD,113.7,30643697
2021-12-08,GLD,170.81,6023397
2021-12-08,VNQ,89.35,5728627
2021-12-09,SPY,420.95,101058754
2021-12-09,QQQ,334.75,27232711
2021-12-09,IWM,185.85,28142698
2021-12-09,EFA,77.05,12833254
2021-12-09,TLT,98.63,26747945
2021-12-09,LQD,113.99,14986140
2021-12-09,GLD,171.18,9216635
2021-12-09,VNQ,89.24,6606176
2021-12-10,SPY,428.4,171093209
2021-12-10,QQQ,339.57,58163249
2021-12-10,IWM,186.94,22636973
2021-12-10,EFA,78.2,26132775
2021-12-10,TLT,97.93,24540728
2021-12-10,LQD,113.89,11267943
2021-12-10,GLD,173.14,17269205
2021-12-10,VNQ,91.64,5761805
2021-12-13,SPY,431.65,98013896
2021-12-13,QQQ,341.69,45752663
2021-12-13,IWM,188.1,28469111
2021-12-13,EFA,78.74,20768807
2021-12-13,TLT,98.45,12069944
2021-12-13,LQD,114.06,11520313
2021-12-13,GLD,173.34,3719508
2021-12-13,VNQ,92.34,6261058
2021-12-14,SPY,419.74,78055125
2021-12-14,QQQ,331.38,30952141
2021-12-14,IWM,181.44,46676787
2021-12-14,EFA,77.05,27570866
2021-12-14,TLT,100.89,27304932
2021-12-14,LQD,114.32,19658068
2021-12-14,GLD,173.34,8470643
2021-12-14,VNQ,91.9,2191376
2021-12-15,SPY,417.97,40187127
2021-12-15,QQQ,331.85,49377659
2021-12-15,IWM,181.34,40965982
2021-12-15,EFA,76.57,12899926
2021-12-15,TLT,101.26,31822917
2021-12-15,LQD,113.77,14492564
2021-12-15,GLD,173.49,8186715
2021-12-15,VNQ,92.12,5127513
2021-12-16,SPY,416.14,64985820
2021-12-16,QQQ,330.95,34249262
2021-12-16,IWM,180.28,17543741
2021-12-16,EFA,76.86,13229209
2021-12-16,TLT,101.08,19495040
2021-12-16,LQD,114.02,10137350
2021-12-16,GLD,174.06,4579894
2021-12-16,VNQ,91.65,3957074
2021-12-17,SPY,418.69,64392335
2021-12-17,QQQ,331.66,51030419
2021-12-17,IWM,181.35,27146407
2021-12-17,EFA,77.83,18538859
2021-12-17,TLT,100.94,27347852
2021-12-17,LQD,114.04,12477880
2021-12-17,GLD,172.63,9507493
2021-12-17,VNQ,90.73,8604207
2021-12-20,SPY,422.81,61513952
2021-12-20,QQQ,337.13,57061626
2021-12-20,IWM,182.47,31386956
2021-12-20,EFA,78.02,25668356
2021-12-20,TLT,100.71,13566538
2021-12-20,LQD,115.36,14102764
2021-12-20,GLD,172.28,19033263
2021-12-20,VNQ,90.19,4647676
2021-12-21,SPY,420.17,78747305
2021-12-21,QQQ,336.78,37034302
2021-12-21,IWM,180.67,38333594
2021-12-21,EFA,78.83,10971050
2021-12-21,TLT,100.94,19168158
2021-12-21,LQD,115.55,12587349
2021-12-21,GLD,169.82,7765027
2021-12-21,VNQ,88.16,2935476
2021-12-22,SPY,419.43,144881225
2021-12-22,QQQ,335.79,59822319
2021-12-22,IWM,177.92,17601283
2021-12-22,EFA,78.19,20774065
2021-12-22,TLT,102.04,31357123
2021-12-22,LQD,115.43,10219487
2021-12-22,GLD,170.99,7848268
2021-12-22,VNQ,88.05,4942630
2021-12-23,SPY,420.17,36363909
2021-12-23,QQQ,340.21,55419734
2021-12-23,IWM,177.63,35612787
2021-12-23,EFA,78.03,23711193
2021-12-23,TLT,102.99,15559383
2021-12-23,LQD,115.86,7323483
2021-12-23,GLD,173.64,9177717
2021-12-23,VNQ,86.39,6141039
2021-12-24,SPY,422.67,93105867
2021-12-24,QQQ,345.95,47389672
2021-12-24,IWM,178.13,18141507
2021-12-24,EFA,77.68,17133584
2021-12-24,TLT,104.14,16854416
2021-12-24,LQD,116.88,16737162
2021-12-24,GLD,174.64,7056781
2021-12-24,VNQ,86.81,6397291
2021-12-27,SPY,431.83,48505020
2021-12-27,QQQ,353.52,42239298
2021-12-27,IWM,180.5,33315856
2021-12-27,EFA,78.66,21597865
2021-12-27,TLT,101.91,16622548
2021-12-27,LQD,116.78,22100983
2021-12-27,GLD,173.5,9598000
2021-12-27,VNQ,86.4,6563968
2021-12-28,SPY,429.48,72117759
2021-12-28,QQQ,351.92,16775839
2021-12-28,IWM,181.74,20653230
2021-12-28,EFA,77.75,18066335
2021-12-28,TLT,100.99,55906883
2021-12-28,LQD,115.98,10534505
2021-12-28,GLD,170.53,5002896
2021-12-28,VNQ,85.55,6155286
2021-12-29,SPY,435.63,73031252
2021-12-29,QQQ,359.07,59506563
2021-12-29,IWM,182.54,54069617
2021-12-29,EFA,79.51,18644745
2021-12-29,TLT,100.98,16659329
2021-12-29,LQD,116.63,24757971
2021-12-29,GLD,173.58,6359692
2021-12-29,VNQ,85.78,2798245
2021-12-30,SPY,434.01,88575781
2021-12-30,QQQ,356.15,47514124
2021-12-30,IWM,179.44,30175881
2021-12-30,EFA,78.82,21500392
2021-12-30,TLT,99.91,17128338
2021-12-30,LQD,116.75,14966196
2021-12-30,GLD,173.25,8928309
2021-12-30,VNQ,83.63,3285319
2021-12-31,SPY,432.97,53514685
2021-12-31,QQQ,357.98,35380142
2021-12-31,IWM,177.06,25476508
2021-12-31,EFA,77.73,13132017
2021-12-31,TLT,100.42,39801872
2021-12-31,LQD,117.24,17137051
2021-12-31,GLD,170.31,10491547
2021-12-31,VNQ,83.48,6682909
2022-01-03,SPY,436.74,77309373
2022-01-03,QQQ,362.62,46251126
2022-01-03,IWM,178.2,35669148
2022-01-03,EFA,77.54,23067788
2022-01-03,TLT,99.93,18076917
2022-01-03,LQD,117.48,29756747
2022-01-03,GLD,170.18,9285180
2022-01-03,VNQ,83.75,3426552
2022-01-04,SPY,436.45,54480741
2022-01-04,QQQ,360.88,55911651
2022-01-04,IWM,178.83,21836994
2022-01-04,EFA,76.94,17741704
2022-01-04,TLT,99.18,19969328
2022-01-04,LQD,116.25,23251357
2022-01-04,GLD,168.89,12587412
2022-01-04,VNQ,83.98,6642161
2022-01-05,SPY,436.62,80289352
2022-01-05,QQQ,358.33,33677901
2022-01-05,IWM,177.76,25033782
2022-01-05,EFA,77.61,14940798
2022-01-05,TLT,99.9,14268318
2022-01-05,LQD,116.37,22285397
2022-01-05,GLD,173.24,8016969
2022-01-05,VNQ,84.94,2732550
2022-01-06,SPY,441.51,124837365
2022-01-06,QQQ,360.46,33546011
2022-01-06,IWM,178.55,42798842
2022-01-06,EFA,77.89,15977396
2022-01-06,TLT,99.7,20328228
2022-01-06,LQD,116.33,23021975
2022-01-06,GLD,174.16,9496088
2022-01-06,VNQ,85.36,5155739
2022-01-07,SPY,441.2,81630785
2022-01-07,QQQ,357.82,53516291
2022-01-07,IWM,176.57,23786773
2022-01-07,EFA,77.29,18061498
2022-01-07,TLT,99.94,15455112
2022-01-07,LQD,116.42,9887604
2022-01-07,GLD,174.62,8784802
2022-01-07,VNQ,85.65,6304843
2022-01-10,SPY,436.32,52255361
2022-01-10,QQQ,351.3,49366810
2022-01-10,IWM,172.58,22579969
2022-01-10,EFA,76.51,16339782
2022-01-10,TLT,101.79,29296196
2022-01-10,LQD,117.1,14202889
2022-01-10,GLD,177.33,10108673
2022-01-10,VNQ,85.39,3024849
2022-01-11,SPY,429.79,56727433
2022-01-11,QQQ,349.76,70361003
2022-01-11,IWM,172.65,34487858
2022-01-11,EFA,76.29,12344310
2022-01-11,TLT,101.49,11252005
2022-01-11,LQD,117.03,13188991
2022-01-11,GLD,180.92,7791961
2022-01-11,VNQ,84.07,4567098
2022-01-12,SPY,430.92,98601754
2022-01-12,QQQ,347.95,57519047
2022-01-12,IWM,175.49,30452490
2022-01-12,EFA,76.04,17227931
2022-01-12,TLT,100.94,24975748
2022-01-12,LQD,116.74,13847193
2022-01-12,GLD,180.87,7111215
2022-01-12,VNQ,85.0,3365285
2022-01-13,SPY,432.65,55750891
2022-01-13,QQQ,348.96,40428829
2022-01-13,IWM,176.02,20151218
2022-01-13,EFA,75.94,22627874
2022-01-13,TLT,103.18,26410016
2022-01-13,LQD,117.65,17245000
2022-01-13,GLD,182.79,17558672
2022-01-13,VNQ,86.31,2955734
2022-01-14,SPY,439.6,78924742
2022-01-14,QQQ,356.32,43450822
2022-01-14,IWM,178.56,19287857
2022-01-14,EFA,76.95,55265993
2022-01-14,TLT,102.63,39872247
2022-01-14,LQD,118.51,14000417
2022-01-14,GLD,181.21,3299727
2022-01-14,VNQ,87.72,8741701
2022-01-17,SPY,441.93,55933014
2022-01-17,QQQ,362.94,45725233
2022-01-17,IWM,179.23,26436126
2022-01-17,EFA,78.11,14931862
2022-01-17,TLT,103.11,10991459
2022-01-17,LQD,119.3,20215801
2022-01-17,GLD,180.31,11450341
2022-01-17,VNQ,87.68,5103272
2022-01-18,SPY,441.23,58110206
2022-01-18,QQQ,359.22,32486592
2022-01-18,IWM,178.15,38399346
2022-01-18,EFA,77.64,13838938
2022-01-18,TLT,102.11,12556892
2022-01-18,LQD,118.53,14070562
2022-01-18,GLD,176.5,9060778
2022-01-18,VNQ,87.59,2965074
2022-01-19,SPY,444.75,69781749
2022-01-19,QQQ,362.6,20687770
2022-01-19,IWM,179.99,13674272
2022-01-19,EFA,78.82,28811052
2022-01-19,TLT,101.79,19156853
2022-01-19,LQD,119.25,15689363
2022-01-19,GLD,176.26,6896699
2022-01-19,VNQ,87.89,4728395
2022-01-20,SPY,440.78,57836102
2022-01-20,QQQ,364.08,45821622
2022-01-20,IWM,179.04,36212713
2022-01-20,EFA,79.01,14961741
2022-01-20,TLT,101.06,13666040
2022-01-20,LQD,118.26,14418424
2022-01-20,GLD,176.49,7437262
2022-01-20,VNQ,86.11,5968523
2022-01-21,SPY,440.01,70935017
2022-01-21,QQQ,363.47,48607077
2022-01-21,IWM,177.91,22601247
2022-01-21,EFA,78.76,18528189
2022-01-21,TLT,100.63,22737386
2022-01-21,LQD,118.18,15126596
2022-01-21,GLD,173.83,5982694
2022-01-21,VNQ,85.49,4123318
2022-01-24,SPY,445.75,90958264
2022-01-24,QQQ,369.09,47498436
2022-01-24,IWM,181.46,26451223
2022-01-24,EFA,78.78,16804028
2022-01-24,TLT,100.63,23701237
2022-01-24,LQD,118.26,7210764
2022-01-24,GLD,173.38,10497171
2022-01-24,VNQ,86.06,3450583
2022-01-25,SPY,443.11,101535962
2022-01-25,QQQ,367.3,55323886
2022-01-25,IWM,179.84,29244449
2022-01-25,EFA,78.57,26751158
2022-01-25,TLT,100.61,35038992
2022-01-25,LQD,117.67,24202404
2022-01-25,GLD,172.61,5251651
2022-01-25,VNQ,85.74,4219344
2022-01-26,SPY,448.02,61395613
2022-01-26,QQQ,372.31,27482473
2022-01-26,IWM,181.55,29887071
2022-01-26,EFA,78.98,12484953
2022-01-26,TLT,101.27,18709420
2022-01-26,LQD,118.35,17772183
2022-01-26,GLD,174.24,6667099
2022-01-26,VNQ,86.74,5647790
2022-01-27,SPY,443.41,114881783
2022-01-27,QQQ,362.65,68400197
2022-01-27,IWM,179.04,38877248
2022-01-27,EFA,79.17,23693184
2022-01-27,TLT,101.97,24895833
2022-01-27,LQD,118.19,14515077
2022-01-27,GLD,174.41,7397301
2022-01-27,VNQ,86.37,6724686
2022-01-28,SPY,443.85,82129869
2022-01-28,QQQ,361.44,69695992
2022-01-28,IWM,180.01,60416779
2022-01-28,EFA,79.39,18472565
2022-01-28,TLT,101.3,29785065
2022-01-28,LQD,117.28,21081819
2022-01-28,GLD,175.76,6636135
2022-01-28,VNQ,86.6,7843944
2022-01-31,SPY,442.38,64574333
2022-01-31,QQQ,364.93,68660051
2022-01-31,IWM,180.85,42277378
2022-01-31,EFA,79.21,11897526
2022-01-31,TLT,101.74,11169570
2022-01-31,LQD,117.94,14968871
2022-01-31,GLD,174.57,6126412
2022-01-31,VNQ,87.54,4385888
2022-02-01,SPY,441.38,65809116
2022-02-01,QQQ,361.41,21201899
2022-02-01,IWM,181.3,25961090
2022-02-01,EFA,79.37,19403967
2022-02-01,TLT,100.01,17968169
2022-02-01,LQD,117.36,20116788
2022-02-01,GLD,173.02,9990056
2022-02-01,VNQ,87.22,3362531
2022-02-02,SPY,445.17,72220322
2022-02-02,QQQ,367.87,42955903
2022-02-02,IWM,185.13,30639909
2022-02-02,EFA,80.1,26111539
2022-02-02,TLT,100.27,27601482
2022-02-02,LQD,117.83,11422452
2022-02-02,GLD,174.22,7552775
2022-02-02,VNQ,87.53,7661976
2022-02-03,SPY,441.9,76843548
2022-02-03,QQQ,364.84,37503954
2022-02-03,IWM,183.38,21898075
2022-02-03,EFA,80.19,11000532
2022-02-03,TLT,100.68,19329988
2022-02-03,LQD,118.42,14531124
2022-02-03,GLD,175.48,8262319
2022-02-03,VNQ,86.26,5103827
2022-02-04,SPY,446.28,116687642
2022-02-04,QQQ,369.82,67280307
2022-02-04,IWM,187.52,43210980
2022-02-04,EFA,80.51,14489329
2022-02-04,TLT,99.74,14082058
2022-02-04,LQD,118.61,16192307
2022-02-04,GLD,175.84,13565871
2022-02-04,VNQ,86.66,2759517
2022-02-07,SPY,440.86,68263463
2022-02-07,QQQ,365.06,37006654
2022-02-07,IWM,184.33,37702395
2022-02-07,EFA,78.73,20287924
2022-02-07,TLT,99.22,22017118
2022-02-07,LQD,118.15,12133629
2022-02-07,GLD,173.8,8114336
2022-02-07,VNQ,85.45,4427563
2022-02-08,SPY,438.4,86111440
2022-02-08,QQQ,360.43,26785197
2022-02-08,IWM,182.78,38797623
2022-02-08,EFA,78.66,22905757
2022-02-08,TLT,99.5,17145345
2022-02-08,LQD,118.56,21572360
2022-02-08,GLD,172.21,9045616
2022-02-08,VNQ,85.84,5669383
2022-02-09,SPY,439.49,123774276
2022-02-09,QQQ,359.59,51078666
2022-02-09,IWM,182.11,34566270
2022-02-09,EFA,79.76,16113861
2022-02-09,TLT,100.08,24408958
2022-02-09,LQD,118.43,10657083
2022-02-09,GLD,172.73,7772058
2022-02-09,VNQ,86.33,5868123
2022-02-10,SPY,427.54,79792110
2022-02-10,QQQ,353.97,59436638
2022-02-10,IWM,178.21,25976386
2022-02-10,EFA,78.34,17452897
2022-02-10,TLT,101.37,15360170
2022-02-10,LQD,118.74,11941442
2022-02-10,GLD,175.39,5057337
2022-02-10,VNQ,84.27,5486826
2022-02-11,SPY,425.67,69613233
2022-02-11,QQQ,356.42,35646733
2022-02-11,IWM,179.42,21691892
2022-02-11,EFA,78.41,42044780
2022-02-11,TLT,102.29,23174892
2022-02-11,LQD,119.37,13437823
2022-02-11,GLD,175.04,5749492
2022-02-11,VNQ,83.56,5599329
2022-02-14,SPY,422.76,148019114
2022-02-14,QQQ,352.29,56351174
2022-02-14,IWM,176.85,24232397
2022-02-14,EFA,78.24,22284896
2022-02-14,TLT,103.51,23103955
2022-02-14,LQD,119.46,12032109
2022-02-14,GLD,174.31,4910858
2022-02-14,VNQ,83.39,5520184
2022-02-15,SPY,412.02,59419102
2022-02-15,QQQ,340.42,31208814
2022-02-15,IWM,172.94,35133414
2022-02-15,EFA,76.8,11227595
2022-02-15,TLT,104.57,32306787
2022-02-15,LQD,119.22,22449486
2022-02-15,GLD,175.25,13803585
2022-02-15,VNQ,82.88,5157045
2022-02-16,SPY,416.36,66430097
2022-02-16,QQQ,344.46,63937183
2022-02-16,IWM,173.59,41026299
2022-02-16,EFA,77.88,19783605
2022-02-16,TLT,104.11,12849650
2022-02-16,LQD,118.78,8392496
2022-02-16,GLD,175.37,8544304
2022-02-16,VNQ,83.28,5740770
2022-02-17,SPY,417.12,44049820
2022-02-17,QQQ,345.52,63060644
2022-02-17,IWM,174.57,24502530
2022-02-17,EFA,77.48,10668023
2022-02-17,TLT,103.13,19361274
2022-02-17,LQD,118.24,26961118
2022-02-17,GLD,174.8,5372551
2022-02-17,VNQ,83.22,6081065
2022-02-18,SPY,412.24,36886335
2022-02-18,QQQ,338.07,55082800
2022-02-18,IWM,170.89,31530539
2022-02-18,EFA,76.05,21304079
2022-02-18,TLT,103.68,18239594
2022-02-18,LQD,117.55,16289196
2022-02-18,GLD,175.0,5196984
2022-02-18,VNQ,82.18,3222909
2022-02-21,SPY,411.92,56981092
2022-02-21,QQQ,337.43,40456499
2022-02-21,IWM,169.85,32917548
2022-02-21,EFA,76.06,18310723
2022-02-21,TLT,103.85,15443897
2022-02-21,LQD,116.95,13869824
2022-02-21,GLD,173.06,12882696
2022-02-21,VNQ,83.21,3822471
2022-02-22,SPY,412.28,122076830
2022-02-22,QQQ,336.37,43641315
2022-02-22,IWM,169.6,31733189
2022-02-22,EFA,75.92,16504803
2022-02-22,TLT,102.76,30036312
2022-02-22,LQD,115.73,17533004
2022-02-22,GLD,173.45,7519821
2022-02-22,VNQ,83.08,8852288
2022-02-23,SPY,406.21,159897451
2022-02-23,QQQ,332.97,48710523
2022-02-23,IWM,168.97,24366127
2022-02-23,EFA,75.23,14218219
2022-02-23,TLT,102.68,28758425
2022-02-23,LQD,115.0,15001783
2022-02-23,GLD,175.71,7926037
2022-02-23,VNQ,82.18,4094422
2022-02-24,SPY,407.48,85820396
2022-02-24,QQQ,333.21,68795362
2022-02-24,IWM,169.57,31777589
2022-02-24,EFA,76.43,15259422
2022-02-24,TLT,101.52,26948327
2022-02-24,LQD,114.82,13255031
2022-02-24,GLD,174.97,4389425
2022-02-24,VNQ,83.33,5333798
2022-02-25,SPY,404.73,34752586
2022-02-25,QQQ,333.9,54841843
2022-02-25,IWM,170.57,15553650
2022-02-25,EFA,76.65,12943936
2022-02-25,TLT,102.18,31554981
2022-02-25,LQD,114.6,12117555
2022-02-25,GLD,178.98,12674499
2022-02-25,VNQ,82.8,5112558
2022-02-28,SPY,398.98,91747084
2022-02-28,QQQ,327.12,54787350
2022-02-28,IWM,166.96,24421083
2022-02-28,EFA,75.81,14076930
2022-02-28,TLT,102.4,26903583
2022-02-28,LQD,114.57,11014287
2022-02-28,GLD,179.03,9028154
2022-02-28,VNQ,82.15,3456715
2022-03-01,SPY,404.3,97633445
2022-03-01,QQQ,328.15,43150977
2022-03-01,IWM,169.17,36619168
2022-03-01,EFA,77.13,26275802
2022-03-01,TLT,103.39,36538765
2022-03-01,LQD,116.13,19559008
2022-03-01,GLD,180.37,7795640
2022-03-01,VNQ,83.02,8609661
2022-03-02,SPY,408.85,120036205
2022-03-02,QQQ,330.54,68147126
2022-03-02,IWM,170.28,37765792
2022-03-02,EFA,78.19,28433730
2022-03-02,TLT,101.76,12364764
2022-03-02,LQD,115.85,22366714
2022-03-02,GLD,178.42,5216792
2022-03-02,VNQ,83.14,4346322
2022-03-03,SPY,408.36,47979067
2022-03-03,QQQ,330.28,77868950
2022-03-03,IWM,171.15,14175297
2022-03-03,EFA,78.09,44973478
2022-03-03,TLT,103.03,13815022
2022-03-03,LQD,117.2,15534269
2022-03-03,GLD,180.34,6295983
2022-03-03,VNQ,83.09,7052882
2022-03-04,SPY,416.68,74413909
2022-03-04,QQQ,337.72,89003240
2022-03-04,IWM,175.0,42835151
2022-03-04,EFA,79.56,9712586
2022-03-04,TLT,102.89,27900766
2022-03-04,LQD,118.11,19529566
2022-03-04,GLD,179.55,8450765
2022-03-04,VNQ,84.16,8577598
2022-03-07,SPY,420.04,83735335
2022-03-07,QQQ,341.88,65772185
2022-03-07,IWM,176.6,30928453
2022-03-07,EFA,79.59,14868148
2022-03-07,TLT,103.3,28763326
2022-03-07,LQD,118.02,12147436
2022-03-07,GLD,181.07,8578163
2022-03-07,VNQ,84.37,7333812
2022-03-08,SPY,417.5,81373827
2022-03-08,QQQ,341.04,63738919
2022-03-08,IWM,174.95,24689473
2022-03-08,EFA,79.46,12911638
2022-03-08,TLT,104.18,18971338
2022-03-08,LQD,118.37,17074882
2022-03-08,GLD,180.91,8450095
2022-03-08,VNQ,84.64,5757740
2022-03-09,SPY,413.05,104265297
2022-03-09,QQQ,334.9,49753457
2022-03-09,IWM,175.47,21808826
2022-03-09,EFA,78.76,12862296
2022-03-09,TLT,103.08,40770198
2022-03-09,LQD,117.68,7623038
2022-03-09,GLD,178.48,12759465
2022-03-09,VNQ,83.07,6207525
2022-03-10,SPY,409.61,76454738
2022-03-10,QQQ,328.44,55338499
2022-03-10,IWM,175.08,30978239
2022-03-10,EFA,78.02,17980859
2022-03-10,TLT,101.61,23397520
2022-03-10,LQD,115.86,12636766
2022-03-10,GLD,176.13,7122141
2022-03-10,VNQ,82.57,5836572
2022-03-11,SPY,414.78,102005135
2022-03-11,QQQ,334.1,49633281
2022-03-11,IWM,176.8,30151812
2022-03-11,EFA,80.49,19709705
2022-03-11,TLT,100.59,18780334
2022-03-11,LQD,116.12,17634303
2022-03-11,GLD,177.69,9619310
2022-03-11,VNQ,83.45,4795965
2022-03-14,SPY,412.11,54407164
2022-03-14,QQQ,332.66,54605700
2022-03-14,IWM,175.13,23132894
2022-03-14,EFA,81.35,16257046
2022-03-14,TLT,102.17,21832246
2022-03-14,LQD,116.01,15631655
2022-03-14,GLD,177.51,9617388
2022-03-14,VNQ,82.65,5039891
2022-03-15,SPY,412.77,65557325
2022-03-15,QQQ,332.66,78399472
2022-03-15,IWM,176.08,44945597
2022-03-15,EFA,81.79,7718568
2022-03-15,TLT,102.32,11658817
2022-03-15,LQD,116.14,8322661
2022-03-15,GLD,178.5,5778782
2022-03-15,VNQ,83.4,5675850
2022-03-16,SPY,406.26,67538697
2022-03-16,QQQ,327.39,41897072
2022-03-16,IWM,172.72,32203748
2022-03-16,EFA,81.04,16641380
2022-03-16,TLT,101.94,21578545
2022-03-16,LQD,115.44,21272251
2022-03-16,GLD,175.73,14694757
2022-03-16,VNQ,83.25,4491319
2022-03-17,SPY,400.76,105730919
2022-03-17,QQQ,323.5,80179048
2022-03-17,IWM,169.94,38354943
2022-03-17,EFA,79.78,15339459
2022-03-17,TLT,102.76,18419079
2022-03-17,LQD,115.02,14457739
2022-03-17,GLD,176.65,4411224
2022-03-17,VNQ,84.82,2131709
2022-03-18,SPY,391.84,63817479
2022-03-18,QQQ,311.97,37497537
2022-03-18,IWM,164.98,28670708
2022-03-18,EFA,79.0,15746506
2022-03-18,TLT,102.18,16856515
2022-03-18,LQD,113.58,12802884
2022-03-18,GLD,178.22,5749331
2022-03-18,VNQ,84.25,4478896
2022-03-21,SPY,400.11,98391494
2022-03-21,QQQ,320.25,52990526
2022-03-21,IWM,167.6,51184238
2022-03-21,EFA,80.63,11403023
2022-03-21,TLT,101.89,30275135
2022-03-21,LQD,113.76,15995785
2022-03-21,GLD,181.35,11272375
2022-03-21,VNQ,86.1,5997253
2022-03-22,SPY,400.44,97203502
2022-03-22,QQQ,319.88,44099494
2022-03-22,IWM,169.56,36082110
2022-03-22,EFA,80.09,9669823
2022-03-22,TLT,102.79,15126744
2022-03-22,LQD,114.36,21317563
2022-03-22,GLD,181.28,5209617
2022-03-22,VNQ,87.06,4756941
2022-03-23,SPY,396.53,108992243
2022-03-23,QQQ,320.82,54626763
2022-03-23,IWM,168.11,48275440
2022-03-23,EFA,79.42,11063673
2022-03-23,TLT,104.79,20442261
2022-03-23,LQD,114.24,23858992
2022-03-23,GLD,181.8,8437632
2022-03-23,VNQ,85.42,5524874
2022-03-24,SPY,392.26,37016926
2022-03-24,QQQ,312.98,53582274
2022-03-24,IWM,163.98,36964360
2022-03-24,EFA,78.84,16899156
2022-03-24,TLT,105.25,20853979
2022-03-24,LQD,114.37,19891886
2022-03-24,GLD,181.89,8389745
2022-03-24,VNQ,83.58,3832290
2022-03-25,SPY,381.77,87688010
2022-03-25,QQQ,303.18,58860667
2022-03-25,IWM,161.82,65311985
2022-03-25,EFA,77.08,8982899
2022-03-25,TLT,105.61,19204631
2022-03-25,LQD,114.18,12253107
2022-03-25,GLD,180.03,6881202
2022-03-25,VNQ,81.97,3578202
2022-03-28,SPY,374.21,55607098
2022-03-28,QQQ,293.93,55290037
2022-03-28,IWM,160.08,25216814
2022-03-28,EFA,75.93,20355827
2022-03-28,TLT,106.1,19466993
2022-03-28,LQD,113.15,8884403
2022-03-28,GLD,180.58,4830315
2022-03-28,VNQ,80.68,5917263
2022-03-29,SPY,375.16,46862738
2022-03-29,QQQ,296.43,64458929
2022-03-29,IWM,159.42,30722154
2022-03-29,EFA,76.26,22585613
2022-03-29,TLT,106.84,27300344
2022-03-29,LQD,114.52,26153412
2022-03-29,GLD,180.05,24440726
2022-03-29,VNQ,80.88,5302215
2022-03-30,SPY,377.74,104842194
2022-03-30,QQQ,298.8,33789953
2022-03-30,IWM,162.02,34517951
2022-03-30,EFA,76.22,21546533
2022-03-30,TLT,106.43,25523005
2022-03-30,LQD,115.34,30383374
2022-03-30,GLD,180.39,11400621
2022-03-30,VNQ,82.98,7831347
2022-03-31,SPY,382.33,82781788
2022-03-31,QQQ,303.52,77835761
2022-03-31,IWM,166.17,41841348
2022-03-31,EFA,76.9,10821174
2022-03-31,TLT,103.81,14053729
2022-03-31,LQD,114.6,34016324
2022-03-31,GLD,180.17,7942734
2022-03-31,VNQ,84.19,5661800
2022-04-01,SPY,384.06,66436664
2022-04-01,QQQ,302.15,43506734
2022-04-01,IWM,167.98,22608723
2022-04-01,EFA,77.37,11901668
2022-04-01,TLT,104.48,20175062
2022-04-01,LQD,114.68,18190134
2022-04-01,GLD,182.17,17354565
2022-04-01,VNQ,84.39,5538281
2022-04-04,SPY,394.24,68291988
2022-04-04,QQQ,307.2,32940237
2022-04-04,IWM,171.74,45606880
2022-04-04,EFA,80.01,27680053
2022-04-04,TLT,104.14,32348556
2022-04-04,LQD,115.86,22541439
2022-04-04,GLD,181.38,7284523
2022-04-04,VNQ,88.89,5528478
2022-04-05,SPY,392.49,70909996
2022-04-05,QQQ,307.46,53565639
2022-04-05,IWM,172.38,22049017
2022-04-05,EFA,79.79,8910031
2022-04-05,TLT,102.62,19055871
2022-04-05,LQD,114.78,13676855
2022-04-05,GLD,181.51,4679009
2022-04-05,VNQ,88.82,7345218
2022-04-06,SPY,387.89,127674553
2022-04-06,QQQ,303.99,38857413
2022-04-06,IWM,171.16,27196610
2022-04-06,EFA,78.74,18206395
2022-04-06,TLT,102.88,29825824
2022-04-06,LQD,114.37,19701097
2022-04-06,GLD,182.85,7495508
2022-04-06,VNQ,87.04,4219133
2022-04-07,SPY,386.57,78327622
2022-04-07,QQQ,302.52,57476858
2022-04-07,IWM,170.07,21365772
2022-04-07,EFA,77.94,9059629
2022-04-07,TLT,103.62,29858936
2022-04-07,LQD,114.8,12884370
2022-04-07,GLD,183.73,9941959
2022-04-07,VNQ,85.69,3713981
2022-04-08,SPY,381.36,93315686
2022-04-08,QQQ,298.43,101118454
2022-04-08,IWM,169.9,24430040
2022-04-08,EFA,76.33,17740175
2022-04-08,TLT,103.59,19483271
2022-04-08,LQD,114.52,10475846
2022-04-08,GLD,183.92,17564197
2022-04-08,VNQ,85.09,4791999
2022-04-11,SPY,388.99,106531473
2022-04-11,QQQ,299.67,59003829
2022-04-11,IWM,171.61,20384130
2022-04-11,EFA,77.96,16165049
2022-04-11,TLT,102.56,26000581
2022-04-11,LQD,114.5,15522209
2022-04-11,GLD,185.42,5789811
2022-04-11,VNQ,86.74,5489125
2022-04-12,SPY,387.0,139221082
2022-04-12,QQQ,299.28,46927472
2022-04-12,IWM,170.69,17761072
2022-04-12,EFA,77.12,17227043
2022-04-12,TLT,102.02,13335263
2022-04-12,LQD,113.66,10897721
2022-04-12,GLD,183.96,8716351
2022-04-12,VNQ,85.93,4864113
2022-04-13,SPY,383.85,134171534
2022-04-13,QQQ,296.12,84667561
2022-04-13,IWM,169.38,39746827
2022-04-13,EFA,76.62,16006572
2022-04-13,TLT,103.1,12717602
2022-04-13,LQD,113.86,11749991
2022-04-13,GLD,182.87,7175971
2022-04-13,VNQ,85.08,5612420
2022-04-14,SPY,386.75,70142088
2022-04-14,QQQ,302.27,52065296
2022-04-14,IWM,172.17,17679315
2022-04-14,EFA,76.54,22413871
2022-04-14,TLT,102.92,21663617
2022-04-14,LQD,114.59,10276862
2022-04-14,GLD,181.71,5923965
2022-04-14,VNQ,85.17,4255315
2022-04-15,SPY,387.74,44431741
2022-04-15,QQQ,303.83,61659101
2022-04-15,IWM,170.89,38266659
2022-04-15,EFA,76.53,20974130
2022-04-15,TLT,104.89,25070323
2022-04-15,LQD,115.7,23491052
2022-04-15,GLD,179.69,7153347
2022-04-15,VNQ,85.11,2462691
2022-04-18,SPY,388.62,84140337
2022-04-18,QQQ,305.3,42869058
2022-04-18,IWM,170.24,38384863
2022-04-18,EFA,76.78,26979072
2022-04-18,TLT,105.14,12288224
2022-04-18,LQD,115.73,21152374
2022-04-18,GLD,179.69,13971187
2022-04-18,VNQ,85.78,4030741
2022-04-19,SPY,390.49,100018984
2022-04-19,QQQ,308.03,40961986
2022-04-19,IWM,170.56,30480182
2022-04-19,EFA,77.37,33114917
2022-04-19,TLT,105.61,36423998
2022-04-19,LQD,115.44,15489825
2022-04-19,GLD,181.4,5309595
2022-04-19,VNQ,84.82,6885512
2022-04-20,SPY,399.63,102947766
2022-04-20,QQQ,316.86,56801635
2022-04-20,IWM,175.68,39601125
2022-04-20,EFA,79.38,16117155
2022-04-20,TLT,104.62,29559035
2022-04-20,LQD,115.68,27049058
2022-04-20,GLD,183.23,11511418
2022-04-20,VNQ,86.25,3873955
2022-04-21,SPY,400.07,57701024
2022-04-21,QQQ,316.53,36515513
2022-04-21,IWM,175.81,12589139
2022-04-21,EFA,79.83,16056153
2022-04-21,TLT,102.6,26756530
2022-04-21,LQD,115.05,35164981
2022-04-21,GLD,179.73,18017882
2022-04-21,VNQ,85.78,3442117
2022-04-22,SPY,400.71,101009896
2022-04-22,QQQ,317.42,53588095
2022-04-22,IWM,177.92,34111081
2022-04-22,EFA,79.8,18224909
2022-04-22,TLT,103.13,10910386
2022-04-22,LQD,115.06,12876857
2022-04-22,GLD,179.96,8035870
2022-04-22,VNQ,87.07,7670657
2022-04-25,SPY,399.01,146469867
2022-04-25,QQQ,317.22,44970824
2022-04-25,IWM,177.86,14315750
2022-04-25,EFA,79.48,24251503
2022-04-25,TLT,102.92,17607630
2022-04-25,LQD,115.21,21659543
2022-04-25,GLD,179.62,7276907
2022-04-25,VNQ,88.06,4511929
2022-04-26,SPY,395.89,90071140
2022-04-26,QQQ,312.71,65605197
2022-04-26,IWM,177.44,49619300
2022-04-26,EFA,79.72,21600953
2022-04-26,TLT,102.3,33732988
2022-04-26,LQD,115.31,19036241
2022-04-26,GLD,182.15,4865625
2022-04-26,VNQ,88.77,2706553
2022-04-27,SPY,401.38,108211703
2022-04-27,QQQ,319.01,30388645
2022-04-27,IWM,180.04,18551159
2022-04-27,EFA,80.76,38987671
2022-04-27,TLT,101.62,18966570
2022-04-27,LQD,115.66,12698649
2022-04-27,GLD,180.35,8407579
2022-04-27,VNQ,88.68,5783959
2022-04-28,SPY,400.1,53376872
2022-04-28,QQQ,320.1,69131674
2022-04-28,IWM,178.41,20890321
2022-04-28,EFA,79.83,12678153
2022-04-28,TLT,101.28,25250630
2022-04-28,LQD,114.92,6876444
2022-04-28,GLD,181.4,5676384
2022-04-28,VNQ,88.31,8540189
2022-04-29,SPY,399.16,57950689
2022-04-29,QQQ,319.79,24613185
2022-04-29,IWM,177.9,41134131
2022-04-29,EFA,80.03,17506957
2022-04-29,TLT,101.47,23827755
2022-04-29,LQD,114.5,20529397
2022-04-29,GLD,179.89,10453437
2022-04-29,VNQ,87.35,2798750
2022-05-02,SPY,403.94,85417040
2022-05-02,QQQ,325.0,44292946
2022-05-02,IWM,181.27,37840990
2022-05-02,EFA,80.41,11244263
2022-05-02,TLT,101.69,22159815
2022-05-02,LQD,115.13,12361924
2022-05-02,GLD,181.14,9362173
2022-05-02,VNQ,88.64,2957611
2022-05-03,SPY,407.21,67687795
2022-05-03,QQQ,327.76,72610048
2022-05-03,IWM,181.79,31967307
2022-05-03,EFA,81.1,13889293
2022-05-03,TLT,101.03,16215550
2022-05-03,LQD,114.97,10170998
2022-05-03,GLD,180.01,6555787
2022-05-03,VNQ,88.95,4238482
2022-05-04,SPY,404.2,116237557
2022-05-04,QQQ,324.39,45516025
2022-05-04,IWM,183.66,24950432
2022-05-04,EFA,80.22,19500789
2022-05-04,TLT,100.76,35063671
2022-05-04,LQD,114.98,11477240
2022-05-04,GLD,183.07,6518450
2022-05-04,VNQ,89.45,3266170
2022-05-05,SPY,406.98,88972993
2022-05-05,QQQ,325.47,56969440
2022-05-05,IWM,184.87,28549458
2022-05-05,EFA,80.79,16754800
2022-05-05,TLT,101.12,32091238
2022-05-05,LQD,115.73,12037434
2022-05-05,GLD,185.39,13001149
2022-05-05,VNQ,90.52,9089750
2022-05-06,SPY,407.88,129696593
2022-05-06,QQQ,326.23,58703340
2022-05-06,IWM,187.42,26274432
2022-05-06,EFA,80.44,11303661
2022-05-06,TLT,100.86,23292595
2022-05-06,LQD,115.93,5428213
2022-05-06,GLD,187.2,9418173
2022-05-06,VNQ,90.74,4533826
2022-05-09,SPY,413.98,72951427
2022-05-09,QQQ,330.97,50106027
2022-05-09,IWM,194.25,21692802
2022-05-09,EFA,81.59,11503750
2022-05-09,TLT,99.77,26129735
2022-05-09,LQD,115.53,14426966
2022-05-09,GLD,187.42,12259408
2022-05-09,VNQ,93.43,4588723
2022-05-10,SPY,419.26,113366125
2022-05-10,QQQ,332.62,45902870
2022-05-10,IWM,196.39,32606172
2022-05-10,EFA,81.59,25701530
2022-05-10,TLT,100.27,28753136
2022-05-10,LQD,116.03,12456321
2022-05-10,GLD,187.26,10097400
2022-05-10,VNQ,93.85,5132008
2022-05-11,SPY,420.03,36548901
2022-05-11,QQQ,329.75,61367983
2022-05-11,IWM,198.21,29294246
2022-05-11,EFA,81.67,30687167
2022-05-11,TLT,99.86,21047134
2022-05-11,LQD,115.55,11262432
2022-05-11,GLD,186.76,5931718
2022-05-11,VNQ,94.46,5415698
2022-05-12,SPY,410.76,95232237
2022-05-12,QQQ,319.72,35999647
2022-05-12,IWM,193.15,58443170
2022-05-12,EFA,79.77,21607433
2022-05-12,TLT,100.66,20282911
2022-05-12,LQD,114.96,13037442
2022-05-12,GLD,186.3,5748231
2022-05-12,VNQ,93.17,3544481
2022-05-13,SPY,410.64,130427504
2022-05-13,QQQ,318.8,64439702
2022-05-13,IWM,193.45,30346897
2022-05-13,EFA,79.49,12626881
2022-05-13,TLT,100.23,41818622
2022-05-13,LQD,115.3,9920599
2022-05-13,GLD,186.72,16170887
2022-05-13,VNQ,93.25,4214696
2022-05-16,SPY,412.8,59910642
2022-05-16,QQQ,322.73,84188457
2022-05-16,IWM,197.58,52073912
2022-05-16,EFA,79.97,12076465
2022-05-16,TLT,99.45,21405831
2022-05-16,LQD,115.94,10493049
2022-05-16,GLD,185.69,4007350
2022-05-16,VNQ,94.17,4586533
2022-05-17,SPY,413.99,93144649
2022-05-17,QQQ,323.66,110268225
2022-05-17,IWM,194.74,33212936
2022-05-17,EFA,80.72,13870655
2022-05-17,TLT,100.57,18241912
2022-05-17,LQD,116.24,17597342
2022-05-17,GLD,183.85,12152561
2022-05-17,VNQ,94.28,3392360
2022-05-18,SPY,407.62,86135085
2022-05-18,QQQ,317.63,51110787
2022-05-18,IWM,190.79,38127970
2022-05-18,EFA,79.21,18738983
2022-05-18,TLT,101.9,15658765
2022-05-18,LQD,115.58,17525654
2022-05-18,GLD,185.7,16425987
2022-05-18,VNQ,92.84,4799906
2022-05-19,SPY,407.0,88923137
2022-05-19,QQQ,321.28,53583936
2022-05-19,IWM,190.65,30851776
2022-05-19,EFA,79.26,14323241
2022-05-19,TLT,101.53,28659168
2022-05-19,LQD,115.31,15982906
2022-05-19,GLD,187.12,10238457
2022-05-19,VNQ,91.76,6096523
2022-05-20,SPY,402.48,148080568
2022-05-20,QQQ,314.78,62090251
2022-05-20,IWM,189.63,28653037
2022-05-20,EFA,78.37,16429547
2022-05-20,TLT,102.65,19446622
2022-05-20,LQD,114.77,10603501
2022-05-20,GLD,189.53,12498531
2022-05-20,VNQ,92.31,8928405
2022-05-23,SPY,407.27,112539221
2022-05-23,QQQ,315.54,39363583
2022-05-23,IWM,193.03,25705934
2022-05-23,EFA,78.85,28404517
2022-05-23,TLT,101.53,18239660
2022-05-23,LQD,114.11,12036640
2022-05-23,GLD,189.54,7614973
2022-05-23,VNQ,94.85,6859828
2022-05-24,SPY,412.2,59281093
2022-05-24,QQQ,319.92,31247138
2022-05-24,IWM,194.2,21157005
2022-05-24,EFA,79.8,21625464
2022-05-24,TLT,99.32,27403371
2022-05-24,LQD,112.93,22757523
2022-05-24,GLD,189.6,5325376
2022-05-24,VNQ,95.24,8518917
2022-05-25,SPY,405.78,54207094
2022-05-25,QQQ,312.63,26250909
2022-05-25,IWM,192.43,31305028
2022-05-25,EFA,78.58,25087417
2022-05-25,TLT,100.63,16520307
2022-05-25,LQD,113.42,29097175
2022-05-25,GLD,191.91,9343898
2022-05-25,VNQ,95.11,6588862
2022-05-26,SPY,409.16,73935931
2022-05-26,QQQ,314.78,39308852
2022-05-26,IWM,191.69,23103592
2022-05-26,EFA,78.78,22676258
2022-05-26,TLT,101.67,56596839
2022-05-26,LQD,113.99,16455259
2022-05-26,GLD,193.21,9969445
2022-05-26,VNQ,95.35,2927359
2022-05-27,SPY,414.43,97790106
2022-05-27,QQQ,323.71,42001210
2022-05-27,IWM,194.15,36807647
2022-05-27,EFA,79.17,13518795
2022-05-27,TLT,102.03,22040219
2022-05-27,LQD,114.33,17765381
2022-05-27,GLD,193.27,6000234
2022-05-27,VNQ,96.08,6422628
2022-05-30,SPY,410.63,63583977
2022-05-30,QQQ,324.34,36119899
2022-05-30,IWM,191.49,26929213
2022-05-30,EFA,77.83,21574425
2022-05-30,TLT,102.35,21363763
2022-05-30,LQD,115.11,35286236
2022-05-30,GLD,190.52,12626280
2022-05-30,VNQ,96.43,4971492
2022-05-31,SPY,414.25,76198184
2022-05-31,QQQ,326.09,56584969
2022-05-31,IWM,191.64,18201583
2022-05-31,EFA,77.94,17068354
2022-05-31,TLT,102.2,13216545
2022-05-31,LQD,114.71,10445925
2022-05-31,GLD,189.9,7249681
2022-05-31,VNQ,96.48,4915176
2022-06-01,SPY,412.62,119867399
2022-06-01,QQQ,323.71,34318251
2022-06-01,IWM,192.36,42057720
2022-06-01,EFA,78.58,9721229
2022-06-01,TLT,102.89,35805378
2022-06-01,LQD,114.84,23594916
2022-06-01,GLD,190.89,7611057
2022-06-01,VNQ,96.13,10198238
2022-06-02,SPY,419.69,83634401
2022-06-02,QQQ,330.37,35146896
2022-06-02,IWM,197.25,46095725
2022-06-02,EFA,79.35,9641994
2022-06-02,TLT,101.44,10961111
2022-06-02,LQD,114.31,8273322
2022-06-02,GLD,188.44,7960404
2022-06-02,VNQ,97.48,6638763
2022-06-03,SPY,413.25,91276612
2022-06-03,QQQ,325.12,66586703
2022-06-03,IWM,194.31,17862503
2022-06-03,EFA,78.24,18821519
2022-06-03,TLT,101.43,19150642
2022-06-03,LQD,113.84,16880795
2022-06-03,GLD,188.4,7029179
2022-06-03,VNQ,96.28,3902589
2022-06-06,SPY,411.42,110671501
2022-06-06,QQQ,323.24,45891886
2022-06-06,IWM,194.4,22804247
2022-06-06,EFA,77.94,30630087
2022-06-06,TLT,101.07,18637137
2022-06-06,LQD,113.13,12562124
2022-06-06,GLD,191.62,6991582
2022-06-06,VNQ,97.51,4113667
2022-06-07,SPY,414.47,78104184
2022-06-07,QQQ,329.04,35100767
2022-06-07,IWM,195.19,51924442
2022-06-07,EFA,78.13,15231889
2022-06-07,TLT,100.46,25101518
2022-06-07,LQD,113.53,21725104
2022-06-07,GLD,192.72,12294155
2022-06-07,VNQ,98.09,5631527
2022-06-08,SPY,418.28,54057174
2022-06-08,QQQ,330.86,50484384
2022-06-08,IWM,195.4,34093231
2022-06-08,EFA,78.13,18010394
2022-06-08,TLT,98.9,29096590
2022-06-08,LQD,114.22,9959291
2022-06-08,GLD,193.0,10520023
2022-06-08,VNQ,97.22,8346429
2022-06-09,SPY,414.61,83418882
2022-06-09,QQQ,329.73,51134420
2022-06-09,IWM,191.7,32746281
2022-06-09,EFA,77.23,18150906
2022-06-09,TLT,99.26,19203568
2022-06-09,LQD,113.56,17131273
2022-06-09,GLD,194.49,4420990
2022-06-09,VNQ,96.26,5214828
2022-06-10,SPY,409.94,74447159
2022-06-10,QQQ,323.48,90451484
2022-06-10,IWM,188.6,33300135
2022-06-10,EFA,76.5,26646948
2022-06-10,TLT,99.49,15881237
2022-06-10,LQD,113.26,14154206
2022-06-10,GLD,194.94,11053991
2022-06-10,VNQ,95.46,5785289
2022-06-13,SPY,409.6,121242519
2022-06-13,QQQ,324.06,35372082
2022-06-13,IWM,186.44,23455287
2022-06-13,EFA,75.85,27874094
2022-06-13,TLT,98.92,17630901
2022-06-13,LQD,113.43,12009899
2022-06-13,GLD,194.12,8381430
2022-06-13,VNQ,95.01,6227329
2022-06-14,SPY,404.16,81259572
2022-06-14,QQQ,319.86,55632206
2022-06-14,IWM,184.28,44849878
2022-06-14,EFA,74.58,22319013
2022-06-14,TLT,100.88,23104230
2022-06-14,LQD,114.0,25439732
2022-06-14,GLD,194.59,7351998
2022-06-14,VNQ,95.01,4206582
2022-06-15,SPY,407.09,77701477
2022-06-15,QQQ,324.05,25920160
2022-06-15,IWM,185.57,24144951
2022-06-15,EFA,75.53,16328951
2022-06-15,TLT,99.81,24404004
2022-06-15,LQD,113.35,10225763
2022-06-15,GLD,195.57,6306770
2022-06-15,VNQ,94.11,4402498
2022-06-16,SPY,410.18,155825319
2022-06-16,QQQ,326.62,66843602
2022-06-16,IWM,186.61,22814601
2022-06-16,EFA,76.17,13916636
2022-06-16,TLT,98.54,8818597
2022-06-16,LQD,112.61,28553576
2022-06-16,GLD,196.33,7271393
2022-06-16,VNQ,93.63,9544477
2022-06-17,SPY,408.87,103330164
2022-06-17,QQQ,323.59,66260357
2022-06-17,IWM,186.21,25504698
2022-06-17,EFA,75.09,24533937
2022-06-17,TLT,97.47,21177747
2022-06-17,LQD,112.0,15003444
2022-06-17,GLD,198.54,7814478
2022-06-17,VNQ,93.14,7494736
2022-06-20,SPY,398.11,122709584
2022-06-20,QQQ,311.22,58174234
2022-06-20,IWM,181.99,47102876
2022-06-20,EFA,73.74,19994589
2022-06-20,TLT,97.15,21413655
2022-06-20,LQD,111.04,8598106
2022-06-20,GLD,195.53,16383916
2022-06-20,VNQ,91.24,4190098
2022-06-21,SPY,397.18,70388645
2022-06-21,QQQ,311.08,36391863
2022-06-21,IWM,182.43,40497269
2022-06-21,EFA,73.83,17074981
2022-06-21,TLT,96.86,20659664
2022-06-21,LQD,111.41,10978348
2022-06-21,GLD,196.36,4958331
2022-06-21,VNQ,91.86,6473269
2022-06-22,SPY,399.17,96988133
2022-06-22,QQQ,307.04,43103320
2022-06-22,IWM,182.3,34405070
2022-06-22,EFA,73.43,13328159
2022-06-22,TLT,97.88,20304020
2022-06-22,LQD,111.85,12783439
2022-06-22,GLD,197.54,8929915
2022-06-22,VNQ,91.16,2813803
2022-06-23,SPY,396.13,66683328
2022-06-23,QQQ,303.65,54324626
2022-06-23,IWM,179.87,28387999
2022-06-23,EFA,73.1,16020335
2022-06-23,TLT,98.06,19873280
2022-06-23,LQD,111.67,13566934
2022-06-23,GLD,196.46,8613247
2022-06-23,VNQ,90.53,4425686
2022-06-24,SPY,388.93,93658616
2022-06-24,QQQ,300.77,115175690
2022-06-24,IWM,176.45,45458795
2022-06-24,EFA,73.12,15497535
2022-06-24,TLT,99.91,14280125
2022-06-24,LQD,111.6,18897554
2022-06-24,GLD,197.56,5023665
2022-06-24,VNQ,90.72,3440442
2022-06-27,SPY,387.37,79570080
2022-06-27,QQQ,302.14,61565651
2022-06-27,IWM,174.68,39333391
2022-06-27,EFA,73.0,11844271
2022-06-27,TLT,100.5,15263072
2022-06-27,LQD,111.48,10501960
2022-06-27,GLD,197.87,12982482
2022-06-27,VNQ,90.85,3840700
2022-06-28,SPY,386.37,91013900
2022-06-28,QQQ,303.46,69478549
2022-06-28,IWM,174.82,27787669
2022-06-28,EFA,73.49,17772985
2022-06-28,TLT,101.41,28089471
2022-06-28,LQD,112.14,11253960
2022-06-28,GLD,198.79,5356876
2022-06-28,VNQ,90.55,4942440
2022-06-29,SPY,391.05,100785586
2022-06-29,QQQ,307.64,89785375
2022-06-29,IWM,177.88,50097675
2022-06-29,EFA,74.43,22046822
2022-06-29,TLT,101.29,23474025
2022-06-29,LQD,112.84,7834692
2022-06-29,GLD,199.78,8162869
2022-06-29,VNQ,91.87,3168713
2022-06-30,SPY,392.01,101929569
2022-06-30,QQQ,309.32,42856656
2022-06-30,IWM,178.87,30487742
2022-06-30,EFA,74.72,15293795
2022-06-30,TLT,102.11,24823419
2022-06-30,LQD,112.39,13842161
2022-06-30,GLD,199.39,4970388
2022-06-30,VNQ,92.11,6608983
2022-07-01,SPY,386.07,89112828
2022-07-01,QQQ,307.12,25398026
2022-07-01,IWM,175.66,38488402
2022-07-01,EFA,72.87,19418113
2022-07-01,TLT,101.57,10137404
2022-07-01,LQD,111.45,17492809
2022-07-01,GLD,196.83,7764522
2022-07-01,VNQ,89.52,4252993
2022-07-04,SPY,383.82,99048341
2022-07-04,QQQ,307.38,47230011
2022-07-04,IWM,176.85,13125889
2022-07-04,EFA,72.94,12795793
2022-07-04,TLT,101.57,30698400
2022-07-04,LQD,111.32,14213867
2022-07-04,GLD,195.22,11760209
2022-07-04,VNQ,89.93,5474718
2022-07-05,SPY,382.54,159103104
2022-07-05,QQQ,304.14,43256386
2022-07-05,IWM,175.0,23496642
2022-07-05,EFA,73.41,18828258
2022-07-05,TLT,101.7,23267897
2022-07-05,LQD,112.17,23887396
2022-07-05,GLD,196.04,8666895
2022-07-05,VNQ,89.85,3588831
2022-07-06,SPY,381.62,117356629
2022-07-06,QQQ,304.53,48660298
2022-07-06,IWM,174.58,23225795
2022-07-06,EFA,73.13,19143719
2022-07-06,TLT,102.66,30648090
2022-07-06,LQD,112.52,10550017
2022-07-06,GLD,194.15,7520277
2022-07-06,VNQ,91.29,8059257
2022-07-07,SPY,387.35,59274470
2022-07-07,QQQ,307.73,25845641
2022-07-07,IWM,179.1,43189959
2022-07-07,EFA,73.55,29927221
2022-07-07,TLT,101.27,44895649
2022-07-07,LQD,112.06,16114909
2022-07-07,GLD,190.88,5183990
2022-07-07,VNQ,93.77,6142970
2022-07-08,SPY,384.86,56149864
2022-07-08,QQQ,309.19,48280578
2022-07-08,IWM,177.77,44332557
2022-07-08,EFA,72.52,28831697
2022-07-08,TLT,101.62,26835096
2022-07-08,LQD,111.73,10448453
2022-07-08,GLD,188.93,6121643
2022-07-08,VNQ,92.23,5761687
2022-07-11,SPY,387.04,88655038
2022-07-11,QQQ,313.38,82663249
2022-07-11,IWM,178.86,37809585
2022-07-11,EFA,72.83,30416505
2022-07-11,TLT,99.65,18158573
2022-07-11,LQD,111.57,18026287
2022-07-11,GLD,184.58,10371092
2022-07-11,VNQ,91.75,5509009
2022-07-12,SPY,386.45,97767861
2022-07-12,QQQ,313.51,80905160
2022-07-12,IWM,179.41,23285660
2022-07-12,EFA,72.88,34650483
2022-07-12,TLT,98.92,30000740
2022-07-12,LQD,111.67,24776407
2022-07-12,GLD,183.91,7993360
2022-07-12,VNQ,92.21,4242069
2022-07-13,SPY,394.7,52352197
2022-07-13,QQQ,321.81,49506660
2022-07-13,IWM,183.97,24506892
2022-07-13,EFA,73.7,20381244
2022-07-13,TLT,99.53,25398105
2022-07-13,LQD,113.23,12962312
2022-07-13,GLD,186.19,7739021
2022-07-13,VNQ,95.5,7232918
2022-07-14,SPY,396.13,60228669
2022-07-14,QQQ,323.36,48042924
2022-07-14,IWM,184.27,45781415
2022-07-14,EFA,73.01,33686095
2022-07-14,TLT,99.45,28063519
2022-07-14,LQD,112.82,10618777
2022-07-14,GLD,184.9,6426115
2022-07-14,VNQ,96.68,8578184
2022-07-15,SPY,400.96,87425587
2022-07-15,QQQ,327.86,41265638
2022-07-15,IWM,185.71,30337158
2022-07-15,EFA,73.39,15072518
2022-07-15,TLT,98.9,13041469
2022-07-15,LQD,113.31,12204616
2022-07-15,GLD,186.62,9023554
2022-07-15,VNQ,97.7,2658079
2022-07-18,SPY,406.45,89472250
2022-07-18,QQQ,330.86,77332887
2022-07-18,IWM,188.13,24787750
2022-07-18,EFA,74.41,11676555
2022-07-18,TLT,97.87,13755831
2022-07-18,LQD,113.08,23159653
2022-07-18,GLD,185.57,6837275
2022-07-18,VNQ,98.59,4381408
2022-07-19,SPY,402.69,74006553
2022-07-19,QQQ,329.43,77680720
2022-07-19,IWM,186.86,44607447
2022-07-19,EFA,74.17,17303241
2022-07-19,TLT,97.75,19316407
2022-07-19,LQD,112.77,15268601
2022-07-19,GLD,185.46,5658554
2022-07-19,VNQ,98.37,5285010
2022-07-20,SPY,394.57,174630252
2022-07-20,QQQ,323.48,80095541
2022-07-20,IWM,183.49,29317821
2022-07-20,EFA,73.1,19686033
2022-07-20,TLT,99.98,17320758
2022-07-20,LQD,112.67,7637826
2022-07-20,GLD,190.69,11245297
2022-07-20,VNQ,97.58,8073735
2022-07-21,SPY,397.6,40993926
2022-07-21,QQQ,329.19,48486445
2022-07-21,IWM,184.48,16935257
2022-07-21,EFA,73.67,20374961
2022-07-21,TLT,100.42,19909897
2022-07-21,LQD,112.61,11814858
2022-07-21,GLD,191.92,8111003
2022-07-21,VNQ,99.88,4433914
2022-07-22,SPY,405.09,70582084
2022-07-22,QQQ,335.12,44008829
2022-07-22,IWM,190.51,36839882
2022-07-22,EFA,74.85,22974422
2022-07-22,TLT,99.19,13859816
2022-07-22,LQD,111.96,25305299
2022-07-22,GLD,191.81,6462886
2022-07-22,VNQ,100.86,3356074
2022-07-25,SPY,413.75,78673049
2022-07-25,QQQ,343.09,52478458
2022-07-25,IWM,195.13,46273619
2022-07-25,EFA,75.94,7594970
2022-07-25,TLT,98.37,36168269
2022-07-25,LQD,112.31,12515785
2022-07-25,GLD,190.06,4730838
2022-07-25,VNQ,102.37,2789162
2022-07-26,SPY,413.69,207356560
2022-07-26,QQQ,343.06,41629384
2022-07-26,IWM,194.69,40147832
2022-07-26,EFA,76.18,10786670
2022-07-26,TLT,98.35,18460002
2022-07-26,LQD,112.45,12835856
2022-07-26,GLD,191.2,9749817
2022-07-26,VNQ,102.46,7462806
2022-07-27,SPY,410.77,140600589
2022-07-27,QQQ,342.73,26481221
2022-07-27,IWM,193.71,17761461
2022-07-27,EFA,75.16,17105640
2022-07-27,TLT,98.57,11854201
2022-07-27,LQD,111.67,14583606
2022-07-27,GLD,192.6,7685998
2022-07-27,VNQ,101.6,3115072
2022-07-28,SPY,403.11,63356679
2022-07-28,QQQ,337.99,60367224
2022-07-28,IWM,189.72,29322676
2022-07-28,EFA,74.86,27239229
2022-07-28,TLT,99.42,24629776
2022-07-28,LQD,111.93,11441223
2022-07-28,GLD,195.49,9398001
2022-07-28,VNQ,100.36,7230898
2022-07-29,SPY,405.52,70763137
2022-07-29,QQQ,339.73,48121717
2022-07-29,IWM,191.23,33355478
2022-07-29,EFA,75.03,14829574
2022-07-29,TLT,100.93,22502180
2022-07-29,LQD,113.25,11753143
2022-07-29,GLD,197.82,14445229
2022-07-29,VNQ,103.21,2971727
2022-08-01,SPY,404.69,94505145
2022-08-01,QQQ,340.65,82693937
2022-08-01,IWM,189.93,38284839
2022-08-01,EFA,75.67,17148031
2022-08-01,TLT,99.35,22018540
2022-08-01,LQD,112.44,9847807
2022-08-01,GLD,197.13,11621005
2022-08-01,VNQ,103.59,5880884
2022-08-02,SPY,398.69,52834363
2022-08-02,QQQ,332.69,57647178
2022-08-02,IWM,187.29,31912491
2022-08-02,EFA,74.73,20849005
2022-08-02,TLT,101.21,22973641
2022-08-02,LQD,113.57,25261479
2022-08-02,GLD,198.51,8851656
2022-08-02,VNQ,102.81,4109371
2022-08-03,SPY,395.92,94576504
2022-08-03,QQQ,329.36,50819547
2022-08-03,IWM,187.55,36135110
2022-08-03,EFA,74.02,41135326
2022-08-03,TLT,100.68,27526905
2022-08-03,LQD,114.06,10876597
2022-08-03,GLD,196.6,16898346
2022-08-03,VNQ,102.67,5240369
2022-08-04,SPY,399.05,53314178
2022-08-04,QQQ,338.19,20657862
2022-08-04,IWM,187.69,34982088
2022-08-04,EFA,74.17,9488135
2022-08-04,TLT,100.57,18167978
2022-08-04,LQD,113.95,15677930
2022-08-04,GLD,200.0,6121899
2022-08-04,VNQ,102.84,4652204
2022-08-05,SPY,394.97,147123730
2022-08-05,QQQ,333.7,59162963
2022-08-05,IWM,186.72,18721834
2022-08-05,EFA,73.29,24548892
2022-08-05,TLT,100.82,17897280
2022-08-05,LQD,113.83,19001013
2022-08-05,GLD,199.75,4197286
2022-08-05,VNQ,103.07,6444720
2022-08-08,SPY,394.22,63007797
2022-08-08,QQQ,334.4,50214617
2022-08-08,IWM,186.89,36257052
2022-08-08,EFA,73.33,12579975
2022-08-08,TLT,101.13,18162560
2022-08-08,LQD,114.24,22609916
2022-08-08,GLD,198.88,6589077
2022-08-08,VNQ,103.87,3743988
2022-08-09,SPY,392.88,51036915
2022-08-09,QQQ,333.28,65072110
2022-08-09,IWM,187.02,27947792
2022-08-09,EFA,73.84,26562140
2022-08-09,TLT,100.08,16898879
2022-08-09,LQD,113.44,16440579
2022-08-09,GLD,195.84,14631416
2022-08-09,VNQ,103.31,4127511
2022-08-10,SPY,404.36,60627226
2022-08-10,QQQ,341.69,64438215
2022-08-10,IWM,191.7,52106488
2022-08-10,EFA,76.53,18915048
2022-08-10,TLT,99.86,19261641
2022-08-10,LQD,115.07,12061865
2022-08-10,GLD,195.49,7077777
2022-08-10,VNQ,104.56,3660641
2022-08-11,SPY,404.05,103331751
2022-08-11,QQQ,342.0,68632199
2022-08-11,IWM,192.25,35188029
2022-08-11,EFA,76.01,13956494
2022-08-11,TLT,99.12,16599668
2022-08-11,LQD,114.83,8864638
2022-08-11,GLD,198.74,11463753
2022-08-11,VNQ,103.28,6975181
2022-08-12,SPY,398.69,63675834
2022-08-12,QQQ,334.91,32199805
2022-08-12,IWM,186.92,23797004
2022-08-12,EFA,75.83,29528800
2022-08-12,TLT,99.91,39202659
2022-08-12,LQD,114.42,14677684
2022-08-12,GLD,197.91,8905560
2022-08-12,VNQ,101.4,5194588
2022-08-15,SPY,393.74,69054608
2022-08-15,QQQ,330.65,45358160
2022-08-15,IWM,184.3,25210113
2022-08-15,EFA,75.2,38576304
2022-08-15,TLT,99.8,20760692
2022-08-15,LQD,114.51,17014017
2022-08-15,GLD,194.4,9604190
2022-08-15,VNQ,101.67,3590183
2022-08-16,SPY,385.13,94297879
2022-08-16,QQQ,324.56,33951948
2022-08-16,IWM,179.22,37011036
2022-08-16,EFA,73.6,8191582
2022-08-16,TLT,101.59,20946283
2022-08-16,LQD,114.64,18385348
2022-08-16,GLD,195.55,9925384
2022-08-16,VNQ,100.34,6297679
2022-08-17,SPY,379.18,76611707
2022-08-17,QQQ,319.04,38252863
2022-08-17,IWM,176.15,61976518
2022-08-17,EFA,72.84,16204761
2022-08-17,TLT,102.36,17154693
2022-08-17,LQD,114.52,21342175
2022-08-17,GLD,195.46,6309433
2022-08-17,VNQ,98.92,4433212
2022-08-18,SPY,375.33,89940676
2022-08-18,QQQ,314.29,70444145
2022-08-18,IWM,171.87,34609631
2022-08-18,EFA,73.06,30165723
2022-08-18,TLT,102.86,8480853
2022-08-18,LQD,113.84,18144358
2022-08-18,GLD,193.77,7227633
2022-08-18,VNQ,98.02,3550208
2022-08-19,SPY,372.94,71401693
2022-08-19,QQQ,313.35,17015941
2022-08-19,IWM,170.24,24355669
2022-08-19,EFA,72.2,8547165
2022-08-19,TLT,102.48,17916559
2022-08-19,LQD,113.75,11602122
2022-08-19,GLD,192.92,8727798
2022-08-19,VNQ,96.82,5012130
2022-08-22,SPY,377.17,78161141
2022-08-22,QQQ,314.49,35445048
2022-08-22,IWM,171.76,34438936
2022-08-22,EFA,73.93,15466580
2022-08-22,TLT,102.84,23950935
2022-08-22,LQD,114.39,14721670
2022-08-22,GLD,191.26,6678098
2022-08-22,VNQ,97.86,5702856
2022-08-23,SPY,374.91,50097864
2022-08-23,QQQ,312.21,62631847
2022-08-23,IWM,172.19,25512148
2022-08-23,EFA,73.81,14316807
2022-08-23,TLT,102.68,24145996
2022-08-23,LQD,114.61,15336415
2022-08-23,GLD,191.53,5887994
2022-08-23,VNQ,96.82,3386735
2022-08-24,SPY,379.93,99366558
2022-08-24,QQQ,316.62,45295259
2022-08-24,IWM,174.45,32568744
2022-08-24,EFA,74.43,20787638
2022-08-24,TLT,103.97,20908492
2022-08-24,LQD,115.55,12163464
2022-08-24,GLD,193.22,9522813
2022-08-24,VNQ,98.54,9830464
2022-08-25,SPY,380.76,46666089
2022-08-25,QQQ,317.54,28690265
2022-08-25,IWM,175.16,34471262
2022-08-25,EFA,75.1,21567594
2022-08-25,TLT,103.79,27813632
2022-08-25,LQD,115.49,24830532
2022-08-25,GLD,191.5,4682211
2022-08-25,VNQ,99.0,7834519
2022-08-26,SPY,376.07,91744100
2022-08-26,QQQ,312.17,71496354
2022-08-26,IWM,171.13,40119336
2022-08-26,EFA,74.49,13905089
2022-08-26,TLT,105.03,24673608
2022-08-26,LQD,116.14,17277167
2022-08-26,GLD,193.04,7931607
2022-08-26,VNQ,98.4,3431598
2022-08-29,SPY,371.19,114432385
2022-08-29,QQQ,310.64,23506453
2022-08-29,IWM,169.3,31622503
2022-08-29,EFA,73.54,20263569
2022-08-29,TLT,104.22,15087265
2022-08-29,LQD,115.49,12945320
2022-08-29,GLD,195.53,4100224
2022-08-29,VNQ,96.14,3011908
2022-08-30,SPY,369.67,74601675
2022-08-30,QQQ,309.84,58621944
2022-08-30,IWM,167.98,25231366
2022-08-30,EFA,73.2,12019610
2022-08-30,TLT,104.11,19534721
2022-08-30,LQD,115.24,23646477
2022-08-30,GLD,192.5,7783873
2022-08-30,VNQ,96.36,5355312
2022-08-31,SPY,370.52,44356528
2022-08-31,QQQ,303.9,75899064
2022-08-31,IWM,168.32,35679746
2022-08-31,EFA,72.87,19595745
2022-08-31,TLT,103.38,13117942
2022-08-31,LQD,114.56,14536186
2022-08-31,GLD,190.55,8106724
2022-08-31,VNQ,94.87,3895742
2022-09-01,SPY,373.53,91677392
2022-09-01,QQQ,305.13,32876936
2022-09-01,IWM,168.17,21701419
2022-09-01,EFA,73.27,19722454
2022-09-01,TLT,103.08,20724393
2022-09-01,LQD,114.84,15368846
2022-09-01,GLD,188.7,7855873
2022-09-01,VNQ,96.3,7239310
2022-09-02,SPY,370.92,92118793
2022-09-02,QQQ,304.42,50507554
2022-09-02,IWM,169.4,47729639
2022-09-02,EFA,73.12,23051292
2022-09-02,TLT,103.69,34837502
2022-09-02,LQD,115.1,16734568
2022-09-02,GLD,188.01,7372425
2022-09-02,VNQ,96.37,5351760
2022-09-05,SPY,368.31,63251783
2022-09-05,QQQ,299.6,54320587
2022-09-05,IWM,168.92,27073933
2022-09-05,EFA,72.92,15433259
2022-09-05,TLT,102.82,22690248
2022-09-05,LQD,114.47,16500186
2022-09-05,GLD,188.11,10007453
2022-09-05,VNQ,96.06,3900101
2022-09-06,SPY,365.47,154913224
2022-09-06,QQQ,298.34,84733307
2022-09-06,IWM,165.52,43204192
2022-09-06,EFA,72.82,9594014
2022-09-06,TLT,102.92,14650211
2022-09-06,LQD,113.45,12502688
2022-09-06,GLD,190.91,8043755
2022-09-06,VNQ,93.68,4156568
2022-09-07,SPY,357.23,151502539
2022-09-07,QQQ,293.89,73327998
2022-09-07,IWM,161.47,40044636
2022-09-07,EFA,70.63,17670009
2022-09-07,TLT,104.54,21846253
2022-09-07,LQD,113.07,52346045
2022-09-07,GLD,192.89,12482911
2022-09-07,VNQ,92.38,13860870
2022-09-08,SPY,351.89,179459780
2022-09-08,QQQ,295.0,75177555
2022-09-08,IWM,160.1,27416674
2022-09-08,EFA,70.23,47270598
2022-09-08,TLT,107.58,15648247
2022-09-08,LQD,115.31,34170554
2022-09-08,GLD,190.17,20383047
2022-09-08,VNQ,91.66,9412364
2022-09-09,SPY,354.98,117664608
2022-09-09,QQQ,299.77,86859707
2022-09-09,IWM,160.91,86573536
2022-09-09,EFA,70.26,22052019
2022-09-09,TLT,108.02,45458749
2022-09-09,LQD,116.23,22324139
2022-09-09,GLD,188.66,11826734
2022-09-09,VNQ,92.77,5770655
2022-09-12,SPY,362.01,231003976
2022-09-12,QQQ,311.43,151393662
2022-09-12,IWM,163.12,41450619
2022-09-12,EFA,70.4,36866544
2022-09-12,TLT,106.52,35851484
2022-09-12,LQD,116.39,21412643
2022-09-12,GLD,187.37,14355370
2022-09-12,VNQ,93.34,12975702
2022-09-13,SPY,356.03,195963555
2022-09-13,QQQ,305.39,158558690
2022-09-13,IWM,160.94,59751431
2022-09-13,EFA,69.16,20985276
2022-09-13,TLT,106.17,30588506
2022-09-13,LQD,114.82,27208183
2022-09-13,GLD,189.69,12886944
2022-09-13,VNQ,92.97,8171150
2022-09-14,SPY,367.66,329561132
2022-09-14,QQQ,325.12,119518998
2022-09-14,IWM,165.48,45848571
2022-09-14,EFA,70.33,42914088
2022-09-14,TLT,104.2,47365338
2022-09-14,LQD,113.82,31532995
2022-09-14,GLD,190.72,12905218
2022-09-14,VNQ,92.29,9736007
2022-09-15,SPY,368.09,229006814
2022-09-15,QQQ,327.78,70391763
2022-09-15,IWM,167.05,56373352
2022-09-15,EFA,70.5,46566841
2022-09-15,TLT,105.25,33455204
2022-09-15,LQD,114.97,17718001
2022-09-15,GLD,190.12,7096791
2022-09-15,VNQ,91.57,5613009
2022-09-16,SPY,370.18,92284078
2022-09-16,QQQ,333.84,25298058
2022-09-16,IWM,169.87,19312323
2022-09-16,EFA,70.34,14693868
2022-09-16,TLT,103.88,10020555
2022-09-16,LQD,114.29,11007110
2022-09-16,GLD,189.14,8272797
2022-09-16,VNQ,92.29,3088306
2022-09-19,SPY,370.75,96014965
2022-09-19,QQQ,333.54,40676368
2022-09-19,IWM,169.35,40387414
2022-09-19,EFA,71.08,9269473
2022-09-19,TLT,104.91,28312474
2022-09-19,LQD,114.8,13833252
2022-09-19,GLD,188.82,7381270
2022-09-19,VNQ,92.78,4839806
2022-09-20,SPY,366.79,57371283
2022-09-20,QQQ,331.96,91321651
2022-09-20,IWM,165.52,35121124
2022-09-20,EFA,71.1,17014381
2022-09-20,TLT,105.34,15423424
2022-09-20,LQD,114.74,10791976
2022-09-20,GLD,185.71,12055794
2022-09-20,VNQ,92.13,7858893
2022-09-21,SPY,366.37,93212360
2022-09-21,QQQ,325.96,56923973
2022-09-21,IWM,166.26,21313013
2022-09-21,EFA,72.49,22942489
2022-09-21,TLT,104.73,12499764
2022-09-21,LQD,114.94,9099447
2022-09-21,GLD,184.81,7232338
2022-09-21,VNQ,92.25,6455418
2022-09-22,SPY,369.24,106771430
2022-09-22,QQQ,323.79,45598900
2022-09-22,IWM,164.91,51116767
2022-09-22,EFA,73.03,17300552
2022-09-22,TLT,103.73,23873954
2022-09-22,LQD,114.68,19105377
2022-09-22,GLD,187.32,5081766
2022-09-22,VNQ,92.49,5235434
2022-09-23,SPY,370.76,80505611
2022-09-23,QQQ,325.28,43324171
2022-09-23,IWM,164.54,23877147
2022-09-23,EFA,73.11,18441016
2022-09-23,TLT,103.31,14912563
2022-09-23,LQD,114.53,10426973
2022-09-23,GLD,184.71,13511626
2022-09-23,VNQ,92.69,5701596
2022-09-26,SPY,366.84,83296188
2022-09-26,QQQ,320.81,69756970
2022-09-26,IWM,162.22,26535652
2022-09-26,EFA,72.3,20946105
2022-09-26,TLT,101.34,42006384
2022-09-26,LQD,112.84,9227346
2022-09-26,GLD,183.53,11446194
2022-09-26,VNQ,92.28,8274995
2022-09-27,SPY,366.42,69093332
2022-09-27,QQQ,321.79,81332831
2022-09-27,IWM,162.54,40497428
2022-09-27,EFA,72.84,17062614
2022-09-27,TLT,101.57,17530392
2022-09-27,LQD,113.13,7805199
2022-09-27,GLD,183.2,7540050
2022-09-27,VNQ,92.94,6008989
2022-09-28,SPY,365.85,169975117
2022-09-28,QQQ,319.13,68564471
2022-09-28,IWM,163.21,43542391
2022-09-28,EFA,72.34,29648596
2022-09-28,TLT,101.09,58670731
2022-09-28,LQD,112.75,14325855
2022-09-28,GLD,183.38,10509896
2022-09-28,VNQ,91.8,7098712
2022-09-29,SPY,363.24,63902312
2022-09-29,QQQ,316.01,45217109
2022-09-29,IWM,160.28,29390464
2022-09-29,EFA,72.61,20047663
2022-09-29,TLT,101.73,23459502
2022-09-29,LQD,112.47,8603026
2022-09-29,GLD,187.32,12924176
2022-09-29,VNQ,91.97,5894384
2022-09-30,SPY,364.46,78904903
2022-09-30,QQQ,321.65,49017063
2022-09-30,IWM,160.75,20223386
2022-09-30,EFA,73.8,15866635
2022-09-30,TLT,100.5,30815452
2022-09-30,LQD,112.87,17842867
2022-09-30,GLD,185.8,17004422
2022-09-30,VNQ,93.22,9626633
2022-10-03,SPY,370.97,127270502
2022-10-03,QQQ,330.02,54513604
2022-10-03,IWM,163.65,32530469
2022-10-03,EFA,75.11,15167736
2022-10-03,TLT,99.47,19886575
2022-10-03,LQD,113.11,8332637
2022-10-03,GLD,184.2,8244005
2022-10-03,VNQ,93.44,5365584
2022-10-04,SPY,374.52,53322634
2022-10-04,QQQ,334.26,27100515
2022-10-04,IWM,166.53,32884059
2022-10-04,EFA,74.8,14957144
2022-10-04,TLT,100.05,22104962
2022-10-04,LQD,112.97,16516897
2022-10-04,GLD,185.98,7513655
2022-10-04,VNQ,94.77,4618818
2022-10-05,SPY,371.34,97876255
2022-10-05,QQQ,329.96,52588298
2022-10-05,IWM,163.33,33461578
2022-10-05,EFA,74.38,30729182
2022-10-05,TLT,101.24,20832959
2022-10-05,LQD,113.67,18873614
2022-10-05,GLD,187.84,9281517
2022-10-05,VNQ,94.36,7161184
2022-10-06,SPY,372.31,55932196
2022-10-06,QQQ,328.34,30962387
2022-10-06,IWM,165.53,34299952
2022-10-06,EFA,73.98,19474029
2022-10-06,TLT,101.21,38426132
2022-10-06,LQD,113.99,10637000
2022-10-06,GLD,187.27,5848477
2022-10-06,VNQ,94.33,3456529
2022-10-07,SPY,374.79,84182324
2022-10-07,QQQ,327.64,48539773
2022-10-07,IWM,166.72,32180633
2022-10-07,EFA,74.68,24005483
2022-10-07,TLT,100.13,17748709
2022-10-07,LQD,114.03,12115758
2022-10-07,GLD,188.77,5026751
2022-10-07,VNQ,95.24,9982296
2022-10-10,SPY,377.02,75460863
2022-10-10,QQQ,331.04,76031741
2022-10-10,IWM,167.27,28256350
2022-10-10,EFA,74.06,11221658
2022-10-10,TLT,100.04,19505522
2022-10-10,LQD,113.74,12139786
2022-10-10,GLD,188.46,8153534
2022-10-10,VNQ,94.53,13915915
2022-10-11,SPY,376.45,64095918
2022-10-11,QQQ,330.28,42696469
2022-10-11,IWM,167.35,69704511
2022-10-11,EFA,74.75,25110661
2022-10-11,TLT,98.77,17763480
2022-10-11,LQD,113.24,10406074
2022-10-11,GLD,186.47,3663910
2022-10-11,VNQ,93.28,3191048
2022-10-12,SPY,375.49,152626395
2022-10-12,QQQ,330.8,62827125
2022-10-12,IWM,165.51,44966004
2022-10-12,EFA,73.81,15071481
2022-10-12,TLT,100.44,14813717
2022-10-12,LQD,113.54,11386441
2022-10-12,GLD,183.79,7230860
2022-10-12,VNQ,93.27,4732004
2022-10-13,SPY,371.79,45644191
2022-10-13,QQQ,325.58,34279737
2022-10-13,IWM,163.81,36066795
2022-10-13,EFA,73.1,18811699
2022-10-13,TLT,101.64,17955622
2022-10-13,LQD,113.85,22595504
2022-10-13,GLD,185.78,4456582
2022-10-13,VNQ,92.72,4438956
2022-10-14,SPY,372.15,85541885
2022-10-14,QQQ,327.25,34818743
2022-10-14,IWM,163.02,35861762
2022-10-14,EFA,73.81,27218022
2022-10-14,TLT,101.69,18203885
2022-10-14,LQD,113.95,7959329
2022-10-14,GLD,187.72,6790052
2022-10-14,VNQ,92.17,3925541
2022-10-17,SPY,370.48,104897393
2022-10-17,QQQ,326.59,73983538
2022-10-17,IWM,160.62,24794766
2022-10-17,EFA,74.15,20976918
2022-10-17,TLT,103.22,14297928
2022-10-17,LQD,114.29,15555860
2022-10-17,GLD,186.69,7793759
2022-10-17,VNQ,91.33,5425891
2022-10-18,SPY,369.04,89474202
2022-10-18,QQQ,325.67,66136829
2022-10-18,IWM,160.61,43601288
2022-10-18,EFA,73.47,11210805
2022-10-18,TLT,103.86,20479605
2022-10-18,LQD,114.93,33339403
2022-10-18,GLD,187.65,4903500
2022-10-18,VNQ,90.88,6264379
2022-10-19,SPY,366.37,97971013
2022-10-19,QQQ,325.4,75316428
2022-10-19,IWM,158.06,26486077
2022-10-19,EFA,73.24,9201525
2022-10-19,TLT,105.33,16829645
2022-10-19,LQD,115.01,11679555
2022-10-19,GLD,189.57,8143150
2022-10-19,VNQ,90.47,2540621
2022-10-20,SPY,358.82,121911357
2022-10-20,QQQ,316.07,57138421
2022-10-20,IWM,154.68,62345158
2022-10-20,EFA,71.99,11772167
2022-10-20,TLT,105.26,30645732
2022-10-20,LQD,114.42,11753753
2022-10-20,GLD,185.86,14117633
2022-10-20,VNQ,88.18,7228043
2022-10-21,SPY,361.85,65620355
2022-10-21,QQQ,319.44,50382987
2022-10-21,IWM,156.3,30349330
2022-10-21,EFA,71.74,10859753
2022-10-21,TLT,104.45,14059281
2022-10-21,LQD,115.02,8428753
2022-10-21,GLD,185.58,6681003
2022-10-21,VNQ,88.21,3219736
2022-10-24,SPY,362.91,81249156
2022-10-24,QQQ,321.06,28358765
2022-10-24,IWM,156.26,20786044
2022-10-24,EFA,72.73,15708848
2022-10-24,TLT,104.65,43605506
2022-10-24,LQD,114.97,14951881
2022-10-24,GLD,185.34,13728903
2022-10-24,VNQ,88.79,4597960
2022-10-25,SPY,360.08,111934367
2022-10-25,QQQ,321.25,53433287
2022-10-25,IWM,156.12,35214818
2022-10-25,EFA,72.99,19381580
2022-10-25,TLT,105.14,21459124
2022-10-25,LQD,115.44,10536867
2022-10-25,GLD,185.96,7757393
2022-10-25,VNQ,88.28,9586015
2022-10-26,SPY,356.65,149646591
2022-10-26,QQQ,318.38,116805014
2022-10-26,IWM,154.38,53137606
2022-10-26,EFA,72.64,24637362
2022-10-26,TLT,104.22,36016389
2022-10-26,LQD,114.45,54443913
2022-10-26,GLD,183.38,14883625
2022-10-26,VNQ,88.25,8349792
2022-10-27,SPY,343.45,252683504
2022-10-27,QQQ,301.15,36350045
2022-10-27,IWM,149.61,20528145
2022-10-27,EFA,70.04,34625215
2022-10-27,TLT,104.92,62892090
2022-10-27,LQD,113.3,46156672
2022-10-27,GLD,183.0,16052129
2022-10-27,VNQ,86.51,14786676
2022-10-28,SPY,336.18,79772418
2022-10-28,QQQ,294.99,79849029
2022-10-28,IWM,146.89,48653834
2022-10-28,EFA,69.1,26987814
2022-10-28,TLT,106.27,28382264
2022-10-28,LQD,113.48,30764163
2022-10-28,GLD,180.92,18455003
2022-10-28,VNQ,89.01,8266104
2022-10-31,SPY,336.25,76015093
2022-10-31,QQQ,292.02,76408246
2022-10-31,IWM,149.58,46464261
2022-10-31,EFA,69.35,17927111
2022-10-31,TLT,104.81,10057861
2022-10-31,LQD,113.56,9828625
2022-10-31,GLD,179.12,11113689
2022-10-31,VNQ,91.26,5814717
2022-11-01,SPY,333.78,58497853
2022-11-01,QQQ,290.83,89937011
2022-11-01,IWM,147.26,64085513
2022-11-01,EFA,68.41,13095832
2022-11-01,TLT,104.94,26076688
2022-11-01,LQD,112.58,17282478
2022-11-01,GLD,177.16,16072116
2022-11-01,VNQ,89.65,3722505
2022-11-02,SPY,334.32,112440480
2022-11-02,QQQ,290.7,58566157
2022-11-02,IWM,149.25,41199260
2022-11-02,EFA,68.02,15350757
2022-11-02,TLT,103.86,21083657
2022-11-02,LQD,111.92,14339423
2022-11-02,GLD,176.96,5224831
2022-11-02,VNQ,89.36,2736914
2022-11-03,SPY,332.96,83536355
2022-11-03,QQQ,286.84,57652711
2022-11-03,IWM,148.25,39594822
2022-11-03,EFA,67.91,18961169
2022-11-03,TLT,104.35,11674656
2022-11-03,LQD,112.5,18752980
2022-11-03,GLD,176.31,13764416
2022-11-03,VNQ,88.43,2993648
2022-11-04,SPY,335.24,111166609
2022-11-04,QQQ,291.78,34267394
2022-11-04,IWM,148.45,28440458
2022-11-04,EFA,68.68,21542810
2022-11-04,TLT,104.69,23982500
2022-11-04,LQD,112.18,20988645
2022-11-04,GLD,178.22,8240142
2022-11-04,VNQ,86.49,2655019
2022-11-07,SPY,338.88,137448803
2022-11-07,QQQ,297.05,48861023
2022-11-07,IWM,150.2,19523581
2022-11-07,EFA,68.99,17602526
2022-11-07,TLT,103.08,23068642
2022-11-07,LQD,111.53,13605498
2022-11-07,GLD,178.84,8942363
2022-11-07,VNQ,85.8,4792776
2022-11-08,SPY,335.7,116266424
2022-11-08,QQQ,296.28,27880179
2022-11-08,IWM,149.65,38314234
2022-11-08,EFA,68.09,31786435
2022-11-08,TLT,103.29,28340732
2022-11-08,LQD,111.15,28117295
2022-11-08,GLD,178.27,9835259
2022-11-08,VNQ,85.84,5778058
2022-11-09,SPY,330.23,52917704
2022-11-09,QQQ,290.83,81356741
2022-11-09,IWM,146.79,30027598
2022-11-09,EFA,67.95,10845819
2022-11-09,TLT,102.82,18905962
2022-11-09,LQD,111.16,14223547
2022-11-09,GLD,178.27,8378918
2022-11-09,VNQ,85.21,5007968
2022-11-10,SPY,327.08,62362070
2022-11-10,QQQ,284.16,42433686
2022-11-10,IWM,146.16,26226205
2022-11-10,EFA,67.38,26275639
2022-11-10,TLT,103.75,16248387
2022-11-10,LQD,111.32,14110300
2022-11-10,GLD,179.18,8279592
2022-11-10,VNQ,84.38,5686741
2022-11-11,SPY,329.65,47008323
2022-11-11,QQQ,288.06,44093615
2022-11-11,IWM,146.93,25031294
2022-11-11,EFA,67.2,13887264
2022-11-11,TLT,102.93,19334894
2022-11-11,LQD,111.84,15741219
2022-11-11,GLD,179.51,14290617
2022-11-11,VNQ,83.98,2869099
2022-11-14,SPY,327.13,36862520
2022-11-14,QQQ,288.14,33217951
2022-11-14,IWM,145.32,27978919
2022-11-14,EFA,67.19,17889821
2022-11-14,TLT,104.19,25008648
2022-11-14,LQD,112.49,10805383
2022-11-14,GLD,178.43,4651229
2022-11-14,VNQ,83.46,5081548
2022-11-15,SPY,329.14,46320167
2022-11-15,QQQ,290.59,64804401
2022-11-15,IWM,145.68,23365683
2022-11-15,EFA,67.05,17814468
2022-11-15,TLT,103.74,28344912
2022-11-15,LQD,112.86,22156601
2022-11-15,GLD,179.9,8626710
2022-11-15,VNQ,83.54,7181419
2022-11-16,SPY,333.52,152709179
2022-11-16,QQQ,297.51,29937670
2022-11-16,IWM,148.73,33076731
2022-11-16,EFA,67.82,9476432
2022-11-16,TLT,104.13,33811099
2022-11-16,LQD,113.81,10483541
2022-11-16,GLD,177.78,7766798
2022-11-16,VNQ,84.32,3365468
2022-11-17,SPY,335.67,129234367
2022-11-17,QQQ,297.35,76773397
2022-11-17,IWM,149.36,41332897
2022-11-17,EFA,68.7,32903894
2022-11-17,TLT,103.49,19062426
2022-11-17,LQD,114.63,16420092
2022-11-17,GLD,177.25,11438885
2022-11-17,VNQ,85.24,6037578
2022-11-18,SPY,335.59,70644742
2022-11-18,QQQ,299.04,40521422
2022-11-18,IWM,148.31,25602756
2022-11-18,EFA,68.37,9851166
2022-11-18,TLT,103.95,12990719
2022-11-18,LQD,115.04,13442235
2022-11-18,GLD,177.72,9336332
2022-11-18,VNQ,85.79,5487106
2022-11-21,SPY,334.01,81128995
2022-11-21,QQQ,296.68,38215257
2022-11-21,IWM,147.77,26751876
2022-11-21,EFA,67.38,19710040
2022-11-21,TLT,103.09,14108862
2022-11-21,LQD,114.16,19261884
2022-11-21,GLD,175.94,4774863
2022-11-21,VNQ,84.57,8338868
2022-11-22,SPY,335.55,100384411
2022-11-22,QQQ,298.59,92713581
2022-11-22,IWM,148.83,18310734
2022-11-22,EFA,67.8,12770749
2022-11-22,TLT,104.16,28149179
2022-11-22,LQD,115.23,14709367
2022-11-22,GLD,177.72,6159777
2022-11-22,VNQ,83.6,3813662
2022-11-23,SPY,335.85,104679784
2022-11-23,QQQ,301.34,44556283
2022-11-23,IWM,149.83,26648958
2022-11-23,EFA,69.23,21298806
2022-11-23,TLT,104.35,32599728
2022-11-23,LQD,115.12,11652558
2022-11-23,GLD,180.16,7475672
2022-11-23,VNQ,83.95,5311007
2022-11-24,SPY,334.73,80889363
2022-11-24,QQQ,301.1,35096007
2022-11-24,IWM,148.4,20887509
2022-11-24,EFA,68.59,14975291
2022-11-24,TLT,105.26,28411209
2022-11-24,LQD,114.0,20169740
2022-11-24,GLD,183.1,9296880
2022-11-24,VNQ,83.75,8852057
2022-11-25,SPY,335.84,47632456
2022-11-25,QQQ,299.25,64558261
2022-11-25,IWM,147.0,28003482
2022-11-25,EFA,68.74,14667134
2022-11-25,TLT,106.99,26829752
2022-11-25,LQD,114.13,10993293
2022-11-25,GLD,182.71,9240417
2022-11-25,VNQ,83.1,8801670
2022-11-28,SPY,335.88,54462203
2022-11-28,QQQ,299.36,63430661
2022-11-28,IWM,148.1,27709308
2022-11-28,EFA,68.63,13271850
2022-11-28,TLT,107.25,14995995
2022-11-28,LQD,114.68,23118288
2022-11-28,GLD,186.07,7634276
2022-11-28,VNQ,81.97,5358197
2022-11-29,SPY,337.23,74123010
2022-11-29,QQQ,299.6,79999288
2022-11-29,IWM,149.07,37075977
2022-11-29,EFA,68.68,18349711
2022-11-29,TLT,107.61,14654442
2022-11-29,LQD,115.74,13758624
2022-11-29,GLD,185.16,15296802
2022-11-29,VNQ,81.76,6458062
2022-11-30,SPY,337.38,105355649
2022-11-30,QQQ,299.56,60023686
2022-11-30,IWM,150.51,61430044
2022-11-30,EFA,68.49,11776243
2022-11-30,TLT,108.18,9116981
2022-11-30,LQD,116.09,26393696
2022-11-30,GLD,183.96,9685368
2022-11-30,VNQ,82.64,6446011
2022-12-01,SPY,338.9,71771510
2022-12-01,QQQ,301.88,70173423
2022-12-01,IWM,151.45,33330199
2022-12-01,EFA,68.96,28680866
2022-12-01,TLT,107.5,17965038
2022-12-01,LQD,116.3,16087940
2022-12-01,GLD,184.52,8412485
2022-12-01,VNQ,83.03,6213310
2022-12-02,SPY,341.1,85541012
2022-12-02,QQQ,304.59,36331886
2022-12-02,IWM,152.31,28793589
2022-12-02,EFA,69.22,15364689
2022-12-02,TLT,107.52,14118523
2022-12-02,LQD,116.28,11035124
2022-12-02,GLD,186.0,9936759
2022-12-02,VNQ,83.69,2894468
2022-12-05,SPY,342.41,71702715
2022-12-05,QQQ,306.54,33945128
2022-12-05,IWM,152.88,50848473
2022-12-05,EFA,69.79,22857759
2022-12-05,TLT,106.77,21347728
2022-12-05,LQD,116.57,15353424
2022-12-05,GLD,183.11,8257545
2022-12-05,VNQ,84.13,2627999
2022-12-06,SPY,337.3,75946945
2022-12-06,QQQ,303.67,47807383
2022-12-06,IWM,149.5,39199322
2022-12-06,EFA,69.52,8287929
2022-12-06,TLT,108.51,13887543
2022-12-06,LQD,117.03,20151374
2022-12-06,GLD,186.13,17366020
2022-12-06,VNQ,83.13,4564586
2022-12-07,SPY,340.89,100401227
2022-12-07,QQQ,307.22,61343398
2022-12-07,IWM,152.29,9581591
2022-12-07,EFA,70.56,14838015
2022-12-07,TLT,108.74,44134293
2022-12-07,LQD,117.46,11941116
2022-12-07,GLD,185.51,5890634
2022-12-07,VNQ,84.26,6773319
2022-12-08,SPY,335.77,107744288
2022-12-08,QQQ,300.13,50609475
2022-12-08,IWM,149.69,35053284
2022-12-08,EFA,69.5,15693789
2022-12-08,TLT,110.4,9576268
2022-12-08,LQD,116.91,10681351
2022-12-08,GLD,185.58,10567158
2022-12-08,VNQ,83.76,5049113
2022-12-09,SPY,335.44,79361920
2022-12-09,QQQ,299.15,50381090
2022-12-09,IWM,148.33,23088693
2022-12-09,EFA,69.47,20251302
2022-12-09,TLT,111.95,18790309
2022-12-09,LQD,118.03,26052416
2022-12-09,GLD,185.95,9240804
2022-12-09,VNQ,82.3,3671456
2022-12-12,SPY,331.26,69937494
2022-12-12,QQQ,296.87,46194238
2022-12-12,IWM,147.4,49900454
2022-12-12,EFA,68.41,16113898
2022-12-12,TLT,111.95,12240754
2022-12-12,LQD,117.65,21302139
2022-12-12,GLD,184.64,10414702
2022-12-12,VNQ,82.98,4649765
2022-12-13,SPY,332.44,88784000
2022-12-13,QQQ,298.38,46911566
2022-12-13,IWM,147.88,20213753
2022-12-13,EFA,68.15,12238039
2022-12-13,TLT,112.39,14491209
2022-12-13,LQD,117.67,28422694
2022-12-13,GLD,186.02,7622956
2022-12-13,VNQ,82.4,4583181
2022-12-14,SPY,328.84,68031095
2022-12-14,QQQ,294.27,29386622
2022-12-14,IWM,145.89,26310853
2022-12-14,EFA,67.88,13023903
2022-12-14,TLT,113.54,16478831
2022-12-14,LQD,117.64,13923198
2022-12-14,GLD,187.71,11738944
2022-12-14,VNQ,82.49,3739871
2022-12-15,SPY,331.28,107548952
2022-12-15,QQQ,297.46,31223592
2022-12-15,IWM,146.75,25968069
2022-12-15,EFA,69.25,9292669
2022-12-15,TLT,112.17,15948073
2022-12-15,LQD,117.22,17801819
2022-12-15,GLD,188.57,15701571
2022-12-15,VNQ,83.3,5380173
2022-12-16,SPY,332.83,98157249
2022-12-16,QQQ,300.2,21472718
2022-12-16,IWM,147.87,48316414
2022-12-16,EFA,70.08,17939779
2022-12-16,TLT,111.88,23716388
2022-12-16,LQD,117.65,27478264
2022-12-16,GLD,188.01,6283610
2022-12-16,VNQ,84.35,4587071
2022-12-19,SPY,337.49,104243635
2022-12-19,QQQ,304.17,52648543
2022-12-19,IWM,148.7,38305142
2022-12-19,EFA,70.48,19539749
2022-12-19,TLT,112.93,35269567
2022-12-19,LQD,118.0,15020631
2022-12-19,GLD,187.85,8278240
2022-12-19,VNQ,84.0,3128170
2022-12-20,SPY,341.5,122873782
2022-12-20,QQQ,310.53,40603352
2022-12-20,IWM,151.05,21537663
2022-12-20,EFA,71.62,17750907
2022-12-20,TLT,111.3,8097775
2022-12-20,LQD,118.22,11577109
2022-12-20,GLD,186.61,7215333
2022-12-20,VNQ,86.13,5893470
2022-12-21,SPY,341.76,86633198
2022-12-21,QQQ,312.57,52382171
2022-12-21,IWM,149.19,16503329
2022-12-21,EFA,71.39,19545333
2022-12-21,TLT,111.99,26496180
2022-12-21,LQD,119.18,12134923
2022-12-21,GLD,183.86,8621631
2022-12-21,VNQ,85.52,7398108
2022-12-22,SPY,336.8,87212090
2022-12-22,QQQ,306.91,49016755
2022-12-22,IWM,146.09,32981281
2022-12-22,EFA,70.94,24095551
2022-12-22,TLT,112.07,16129663
2022-12-22,LQD,118.37,16537381
2022-12-22,GLD,182.81,8020358
2022-12-22,VNQ,83.27,6316611
2022-12-23,SPY,341.5,113301404
2022-12-23,QQQ,311.35,41623167
2022-12-23,IWM,147.6,34094472
2022-12-23,EFA,71.7,8603412
2022-12-23,TLT,112.8,11963075
2022-12-23,LQD,119.61,22920766
2022-12-23,GLD,183.98,3690194
2022-12-23,VNQ,83.52,7560522
2022-12-26,SPY,337.73,62919566
2022-12-26,QQQ,305.79,59064411
2022-12-26,IWM,146.23,45266645
2022-12-26,EFA,70.97,16237015
2022-12-26,TLT,113.22,12117624
2022-12-26,LQD,119.81,9395702
2022-12-26,GLD,183.77,10375989
2022-12-26,VNQ,83.9,7581499
2022-12-27,SPY,332.52,78430066
2022-12-27,QQQ,303.21,72407745
2022-12-27,IWM,144.18,41976575
2022-12-27,EFA,70.04,21102985
2022-12-27,TLT,113.76,34426092
2022-12-27,LQD,119.51,47602031
2022-12-27,GLD,184.98,7749696
2022-12-27,VNQ,82.47,2650711
2022-12-28,SPY,327.13,72089818
2022-12-28,QQQ,298.48,29772806
2022-12-28,IWM,141.79,43644847
2022-12-28,EFA,69.05,18289669
2022-12-28,TLT,115.35,15650518
2022-12-28,LQD,118.67,14560204
2022-12-28,GLD,184.74,4401208
2022-12-28,VNQ,80.89,6072922
2022-12-29,SPY,330.44,67007571
2022-12-29,QQQ,301.54,43005366
2022-12-29,IWM,144.06,24543754
2022-12-29,EFA,69.84,21634209
2022-12-29,TLT,115.22,31310534
2022-12-29,LQD,119.4,16187614
2022-12-29,GLD,185.14,8613707
2022-12-29,VNQ,82.35,4944343
2022-12-30,SPY,332.22,108443148
2022-12-30,QQQ,299.69,32041408
2022-12-30,IWM,144.72,22349823
2022-12-30,EFA,69.99,23083822
2022-12-30,TLT,115.85,24583145
2022-12-30,LQD,118.72,14423866
2022-12-30,GLD,186.89,3729010
2022-12-30,VNQ,83.27,9432682
2023-01-02,SPY,329.7,214411708
2023-01-02,QQQ,299.46,47651259
2023-01-02,IWM,145.02,42820165
2023-01-02,EFA,70.29,20904942
2023-01-02,TLT,116.22,16004068
2023-01-02,LQD,118.91,12871150
2023-01-02,GLD,187.12,7447709
2023-01-02,VNQ,83.08,2308415
2023-01-03,SPY,326.97,93431854
2023-01-03,QQQ,300.59,89474501
2023-01-03,IWM,143.68,28619581
2023-01-03,EFA,69.65,34811484
2023-01-03,TLT,115.05,20194370
2023-01-03,LQD,118.24,14368268
2023-01-03,GLD,185.54,7248486
2023-01-03,VNQ,81.35,5041977
2023-01-04,SPY,322.44,114892978
2023-01-04,QQQ,298.22,75610430
2023-01-04,IWM,141.53,31444539
2023-01-04,EFA,68.63,15287158
2023-01-04,TLT,114.79,11932352
2023-01-04,LQD,116.76,12139789
2023-01-04,GLD,185.98,8362079
2023-01-04,VNQ,80.22,3375799
2023-01-05,SPY,319.46,59477013
2023-01-05,QQQ,295.01,63618489
2023-01-05,IWM,142.61,25072457
2023-01-05,EFA,68.91,9808636
2023-01-05,TLT,115.25,29429125
2023-01-05,LQD,116.03,12628087
2023-01-05,GLD,187.12,6370934
2023-01-05,VNQ,79.64,3878347
2023-01-06,SPY,322.85,73236924
2023-01-06,QQQ,298.49,65163519
2023-01-06,IWM,143.78,12086391
2023-01-06,EFA,69.95,28603326
2023-01-06,TLT,115.03,14344400
2023-01-06,LQD,116.71,19140436
2023-01-06,GLD,188.49,8510030
2023-01-06,VNQ,79.46,4157125
2023-01-09,SPY,321.58,64527905
2023-01-09,QQQ,295.86,62021093
2023-01-09,IWM,143.64,42542998
2023-01-09,EFA,69.15,14020459
2023-01-09,TLT,116.84,18528126
2023-01-09,LQD,117.29,9233966
2023-01-09,GLD,190.63,7472399
2023-01-09,VNQ,79.69,4163174
2023-01-10,SPY,314.47,82531977
2023-01-10,QQQ,285.65,17662427
2023-01-10,IWM,140.86,29303236
2023-01-10,EFA,67.91,22879906
2023-01-10,TLT,116.98,7916738
2023-01-10,LQD,116.86,10336185
2023-01-10,GLD,189.28,7759909
2023-01-10,VNQ,79.25,3197872
2023-01-11,SPY,309.52,76176352
2023-01-11,QQQ,277.52,46773171
2023-01-11,IWM,138.45,40493942
2023-01-11,EFA,66.84,23481889
2023-01-11,TLT,116.9,23518261
2023-01-11,LQD,116.22,19144544
2023-01-11,GLD,191.03,11436519
2023-01-11,VNQ,78.14,4184242
2023-01-12,SPY,315.21,82836235
2023-01-12,QQQ,285.5,48326354
2023-01-12,IWM,140.93,24824858
2023-01-12,EFA,68.71,10429364
2023-01-12,TLT,115.19,14054358
2023-01-12,LQD,116.43,10238908
2023-01-12,GLD,190.4,7693329
2023-01-12,VNQ,80.07,5486645
2023-01-13,SPY,312.98,80063328
2023-01-13,QQQ,284.42,54577557
2023-01-13,IWM,138.37,34050781
2023-01-13,EFA,68.47,14532755
2023-01-13,TLT,115.92,24245063
2023-01-13,LQD,116.54,14925321
2023-01-13,GLD,187.86,5791531
2023-01-13,VNQ,79.67,3813035
2023-01-16,SPY,311.76,57443726
2023-01-16,QQQ,281.46,66253849
2023-01-16,IWM,138.03,13058585
2023-01-16,EFA,67.89,18724876
2023-01-16,TLT,117.12,24397895
2023-01-16,LQD,116.23,11376098
2023-01-16,GLD,188.21,10031191
2023-01-16,VNQ,80.21,3884107
2023-01-17,SPY,312.66,81392864
2023-01-17,QQQ,278.03,53374871
2023-01-17,IWM,136.79,40381476
2023-01-17,EFA,68.78,13571046
2023-01-17,TLT,117.48,27347846
2023-01-17,LQD,115.81,19426976
2023-01-17,GLD,190.53,9405217
2023-01-17,VNQ,80.35,6319859
2023-01-18,SPY,310.98,126607849
2023-01-18,QQQ,276.2,24122385
2023-01-18,IWM,135.53,38332113
2023-01-18,EFA,68.96,14828482
2023-01-18,TLT,116.12,16160807
2023-01-18,LQD,115.39,9726126
2023-01-18,GLD,189.85,6383921
2023-01-18,VNQ,78.84,6555290
2023-01-19,SPY,314.25,83473190
2023-01-19,QQQ,281.66,48756697
2023-01-19,IWM,138.42,26350724
2023-01-19,EFA,69.38,23844701
2023-01-19,TLT,116.76,13793893
2023-01-19,LQD,115.71,12890788
2023-01-19,GLD,189.44,8699004
2023-01-19,VNQ,78.06,5222886
2023-01-20,SPY,307.05,68095987
2023-01-20,QQQ,271.98,75104921
2023-01-20,IWM,135.29,23447247
2023-01-20,EFA,68.27,23299716
2023-01-20,TLT,118.55,18273642
2023-01-20,LQD,115.5,13480761
2023-01-20,GLD,192.07,7486966
2023-01-20,VNQ,77.52,3997282
2023-01-23,SPY,303.7,33723084
2023-01-23,QQQ,270.01,81187051
2023-01-23,IWM,133.0,17897639
2023-01-23,EFA,68.6,20305039
2023-01-23,TLT,118.4,22852812
2023-01-23,LQD,114.69,11550609
2023-01-23,GLD,194.56,5668894
2023-01-23,VNQ,77.25,2232038
2023-01-24,SPY,305.07,51495716
2023-01-24,QQQ,273.18,90373747
2023-01-24,IWM,135.73,18656983
2023-01-24,EFA,68.72,27575572
2023-01-24,TLT,117.07,34244021
2023-01-24,LQD,115.02,14415046
2023-01-24,GLD,197.54,2904185
2023-01-24,VNQ,77.33,3367236
2023-01-25,SPY,305.99,55900941
2023-01-25,QQQ,275.89,44650943
2023-01-25,IWM,133.62,25579700
2023-01-25,EFA,69.02,22690168
2023-01-25,TLT,117.41,29065842
2023-01-25,LQD,114.88,33210863
2023-01-25,GLD,195.71,8255046
2023-01-25,VNQ,75.46,2620737
2023-01-26,SPY,306.11,41256877
2023-01-26,QQQ,276.55,34242123
2023-01-26,IWM,136.25,28192591
2023-01-26,EFA,69.48,37580197
2023-01-26,TLT,119.29,21246684
2023-01-26,LQD,116.68,19156531
2023-01-26,GLD,194.16,7299848
2023-01-26,VNQ,76.21,5581632
2023-01-27,SPY,306.95,49920193
2023-01-27,QQQ,272.67,70448453
2023-01-27,IWM,137.32,28457180
2023-01-27,EFA,69.07,25809674
2023-01-27,TLT,117.98,10098659
2023-01-27,LQD,116.26,15388082
2023-01-27,GLD,193.94,7707409
2023-01-27,VNQ,76.11,5911687
2023-01-30,SPY,311.61,68510932
2023-01-30,QQQ,279.24,69745314
2023-01-30,IWM,137.31,15135048
2023-01-30,EFA,70.98,14403107
2023-01-30,TLT,119.22,32711855
2023-01-30,LQD,116.98,18899868
2023-01-30,GLD,196.74,6676058
2023-01-30,VNQ,76.93,5731925
2023-01-31,SPY,307.96,47019447
2023-01-31,QQQ,275.21,95971851
2023-01-31,IWM,137.05,20560361
2023-01-31,EFA,70.55,18739728
2023-01-31,TLT,120.77,38347687
2023-01-31,LQD,116.84,11916163
2023-01-31,GLD,198.92,4065351
2023-01-31,VNQ,76.87,6427000
2023-02-01,SPY,313.09,56004567
2023-02-01,QQQ,277.73,79004459
2023-02-01,IWM,138.0,40039524
2023-02-01,EFA,71.47,17480029
2023-02-01,TLT,118.45,16161031
2023-02-01,LQD,116.58,11979598
2023-02-01,GLD,198.91,10244095
2023-02-01,VNQ,77.12,7795250
2023-02-02,SPY,316.76,64687341
2023-02-02,QQQ,284.04,69593415
2023-02-02,IWM,139.35,40455503
2023-02-02,EFA,71.64,28199969
2023-02-02,TLT,117.48,18842563
2023-02-02,LQD,116.72,22399115
2023-02-02,GLD,201.61,8245472
2023-02-02,VNQ,77.63,6670793
2023-02-03,SPY,317.12,86411060
2023-02-03,QQQ,287.65,63408200
2023-02-03,IWM,139.72,48857790
2023-02-03,EFA,71.33,15827995
2023-02-03,TLT,118.65,25036350
2023-02-03,LQD,118.42,11516877
2023-02-03,GLD,203.05,7549891
2023-02-03,VNQ,78.82,4733552
2023-02-06,SPY,314.04,144712589
2023-02-06,QQQ,284.3,57157663
2023-02-06,IWM,139.14,35364674
2023-02-06,EFA,70.27,24685333
2023-02-06,TLT,118.35,12802985
2023-02-06,LQD,117.52,15831663
2023-02-06,GLD,204.37,7544392
2023-02-06,VNQ,77.56,2792634
2023-02-07,SPY,315.37,130706371
2023-02-07,QQQ,287.56,52210874
2023-02-07,IWM,137.79,37782972
2023-02-07,EFA,70.61,15628436
2023-02-07,TLT,118.59,29175857
2023-02-07,LQD,117.81,11546122
2023-02-07,GLD,203.2,7187955
2023-02-07,VNQ,78.03,5064169
2023-02-08,SPY,312.3,70819061
2023-02-08,QQQ,283.6,94318759
2023-02-08,IWM,137.6,24840452
2023-02-08,EFA,70.19,42795644
2023-02-08,TLT,118.03,15841931
2023-02-08,LQD,117.88,19184805
2023-02-08,GLD,204.28,8340546
2023-02-08,VNQ,77.04,7256607
2023-02-09,SPY,309.5,169168404
2023-02-09,QQQ,282.93,36210322
2023-02-09,IWM,137.65,41310301
2023-02-09,EFA,70.25,13969550
2023-02-09,TLT,118.17,19104625
2023-02-09,LQD,118.02,15910014
2023-02-09,GLD,204.84,11915474
2023-02-09,VNQ,77.15,2823152
2023-02-10,SPY,312.41,55195207
2023-02-10,QQQ,289.68,44292066
2023-02-10,IWM,139.47,25747445
2023-02-10,EFA,71.34,14176036
2023-02-10,TLT,116.06,19058344
2023-02-10,LQD,117.01,19387554
2023-02-10,GLD,203.13,13660056
2023-02-10,VNQ,77.77,6635294
2023-02-13,SPY,315.1,71907109
2023-02-13,QQQ,293.93,40390298
2023-02-13,IWM,139.15,23120092
2023-02-13,EFA,71.69,17387173
2023-02-13,TLT,116.38,24257262
2023-02-13,LQD,117.31,17178758
2023-02-13,GLD,203.7,4257554
2023-02-13,VNQ,76.93,6869803
2023-02-14,SPY,317.25,73424164
2023-02-14,QQQ,296.6,52875335
2023-02-14,IWM,139.2,20623160
2023-02-14,EFA,72.34,15463486
2023-02-14,TLT,113.21,19012880
2023-02-14,LQD,115.59,15221581
2023-02-14,GLD,204.49,10601667
2023-02-14,VNQ,76.89,6492458
2023-02-15,SPY,316.48,84461322
2023-02-15,QQQ,296.21,43586883
2023-02-15,IWM,138.43,34458893
2023-02-15,EFA,72.13,31195554
2023-02-15,TLT,114.48,31274434
2023-02-15,LQD,115.69,9974626
2023-02-15,GLD,203.15,10713192
2023-02-15,VNQ,77.61,7874310
2023-02-16,SPY,314.49,95884742
2023-02-16,QQQ,288.65,91862341
2023-02-16,IWM,137.71,29607319
2023-02-16,EFA,71.9,20833733
2023-02-16,TLT,113.7,18123722
2023-02-16,LQD,114.7,13893661
2023-02-16,GLD,203.35,8069473
2023-02-16,VNQ,77.26,4214521
2023-02-17,SPY,309.36,144653210
2023-02-17,QQQ,283.48,39071210
2023-02-17,IWM,136.05,31145999
2023-02-17,EFA,72.28,22010303
2023-02-17,TLT,110.58,20641523
2023-02-17,LQD,113.11,16296708
2023-02-17,GLD,199.05,7551927
2023-02-17,VNQ,75.46,5305038
2023-02-20,SPY,308.18,104670659
2023-02-20,QQQ,281.64,30574993
2023-02-20,IWM,133.51,38547799
2023-02-20,EFA,71.27,24712024
2023-02-20,TLT,109.71,19256166
2023-02-20,LQD,112.92,15294984
2023-02-20,GLD,198.56,6614188
2023-02-20,VNQ,74.92,4796973
2023-02-21,SPY,305.75,136488450
2023-02-21,QQQ,278.15,34595468
2023-02-21,IWM,131.83,27745954
2023-02-21,EFA,70.75,15703019
2023-02-21,TLT,110.38,30721890
2023-02-21,LQD,113.33,16876773
2023-02-21,GLD,197.27,11900340
2023-02-21,VNQ,72.9,7078461
2023-02-22,SPY,308.82,78350811
2023-02-22,QQQ,281.63,44734563
2023-02-22,IWM,132.06,28014203
2023-02-22,EFA,71.53,18630203
2023-02-22,TLT,109.75,23216140
2023-02-22,LQD,113.71,19196344
2023-02-22,GLD,197.57,9073217
2023-02-22,VNQ,73.19,7765634
2023-02-23,SPY,311.67,57167110
2023-02-23,QQQ,285.61,41550055
2023-02-23,IWM,133.44,35533270
2023-02-23,EFA,71.68,26084075
2023-02-23,TLT,110.62,15345540
2023-02-23,LQD,113.88,14083341
2023-02-23,GLD,201.09,6725958
2023-02-23,VNQ,74.43,5661598
2023-02-24,SPY,309.75,55582188
2023-02-24,QQQ,284.93,43536190
2023-02-24,IWM,133.49,29355359
2023-02-24,EFA,71.66,18807949
2023-02-24,TLT,112.91,21360394
2023-02-24,LQD,114.54,14328752
2023-02-24,GLD,202.64,4536193
2023-02-24,VNQ,75.66,7300000
2023-02-27,SPY,304.85,57355326
2023-02-27,QQQ,279.12,23823893
2023-02-27,IWM,133.14,22806479
2023-02-27,EFA,70.19,14020730
2023-02-27,TLT,112.84,24599725
2023-02-27,LQD,113.51,12532125
2023-02-27,GLD,202.74,8926400
2023-02-27,VNQ,74.87,3860057
2023-02-28,SPY,300.92,121279357
2023-02-28,QQQ,272.2,54019813
2023-02-28,IWM,130.43,32856599
2023-02-28,EFA,69.77,30806947
2023-02-28,TLT,113.87,31215818
2023-02-28,LQD,113.44,12482528
2023-02-28,GLD,202.35,11178830
2023-02-28,VNQ,73.7,3768108
2023-03-01,SPY,296.87,68246105
2023-03-01,QQQ,269.02,102597801
2023-03-01,IWM,128.2,29206655
2023-03-01,EFA,69.11,22999602
2023-03-01,TLT,115.27,11257864
2023-03-01,LQD,113.67,16529124
2023-03-01,GLD,202.95,5585556
2023-03-01,VNQ,73.45,5324526
2023-03-02,SPY,293.74,113787431
2023-03-02,QQQ,265.24,53023330
2023-03-02,IWM,125.89,36916110
2023-03-02,EFA,68.95,17453058
2023-03-02,TLT,115.4,17474662
2023-03-02,LQD,114.04,9352807
2023-03-02,GLD,203.53,8848353
2023-03-02,VNQ,73.35,3723260
2023-03-03,SPY,294.38,60982792
2023-03-03,QQQ,264.43,49721063
2023-03-03,IWM,126.02,29687386
2023-03-03,EFA,69.59,20100061
2023-03-03,TLT,116.91,13616403
2023-03-03,LQD,115.58,8833398
2023-03-03,GLD,204.36,8240521
2023-03-03,VNQ,72.99,3717898
2023-03-06,SPY,292.31,45841388
2023-03-06,QQQ,263.91,102992984
2023-03-06,IWM,124.54,27704104
2023-03-06,EFA,69.64,18356179
2023-03-06,TLT,116.09,18151736
2023-03-06,LQD,114.83,15846061
2023-03-06,GLD,201.51,6150806
2023-03-06,VNQ,71.99,4327725
2023-03-07,SPY,293.78,58604780
2023-03-07,QQQ,263.04,33969999
2023-03-07,IWM,126.18,38816636
2023-03-07,EFA,70.37,20488381
2023-03-07,TLT,117.71,14829122
2023-03-07,LQD,114.99,19441418
2023-03-07,GLD,204.49,5981882
2023-03-07,VNQ,72.47,8765935
2023-03-08,SPY,293.78,103608219
2023-03-08,QQQ,262.6,56065359
2023-03-08,IWM,124.86,27012598
2023-03-08,EFA,70.18,21845523
2023-03-08,TLT,118.2,22393149
2023-03-08,LQD,115.82,26743800
2023-03-08,GLD,205.25,8201799
2023-03-08,VNQ,72.49,5301083
2023-03-09,SPY,300.59,80695708
2023-03-09,QQQ,267.85,39135202
2023-03-09,IWM,126.39,15501081
2023-03-09,EFA,71.32,20902194
2023-03-09,TLT,116.33,23538488
2023-03-09,LQD,115.67,12095567
2023-03-09,GLD,205.27,6251405
2023-03-09,VNQ,74.29,6787914
2023-03-10,SPY,299.7,116728321
2023-03-10,QQQ,265.62,34546122
2023-03-10,IWM,124.71,32857707
2023-03-10,EFA,70.96,15644866
2023-03-10,TLT,117.12,18821802
2023-03-10,LQD,116.3,17841233
2023-03-10,GLD,206.28,10638674
2023-03-10,VNQ,73.44,4427922
2023-03-13,SPY,299.4,109207794
2023-03-13,QQQ,260.95,69104037
2023-03-13,IWM,124.29,43506822
2023-03-13,EFA,70.77,17070739
2023-03-13,TLT,118.41,25427518
2023-03-13,LQD,116.07,14287550
2023-03-13,GLD,208.21,6847797
2023-03-13,VNQ,73.06,13589214
2023-03-14,SPY,299.26,119944144
2023-03-14,QQQ,260.36,38292801
2023-03-14,IWM,125.11,31587697
2023-03-14,EFA,71.19,31170897
2023-03-14,TLT,117.21,16462665
2023-03-14,LQD,116.94,18849958
2023-03-14,GLD,206.38,5980857
2023-03-14,VNQ,72.88,5332885
2023-03-15,SPY,301.96,121787772
2023-03-15,QQQ,256.88,30256134
2023-03-15,IWM,127.78,37949858
2023-03-15,EFA,71.8,10657840
2023-03-15,TLT,116.33,15735300
2023-03-15,LQD,116.71,12011404
2023-03-15,GLD,205.69,8294062
2023-03-15,VNQ,74.04,7519651
2023-03-16,SPY,302.09,145152323
2023-03-16,QQQ,256.24,21416945
2023-03-16,IWM,126.91,35727840
2023-03-16,EFA,71.54,33572652
2023-03-16,TLT,115.37,21614033
2023-03-16,LQD,116.5,14687465
2023-03-16,GLD,204.59,12765587
2023-03-16,VNQ,73.97,4249765
2023-03-17,SPY,298.59,155222162
2023-03-17,QQQ,250.52,49640400
2023-03-17,IWM,126.41,25472000
2023-03-17,EFA,71.1,17614892
2023-03-17,TLT,115.43,30233513
2023-03-17,LQD,116.4,20677601
2023-03-17,GLD,204.76,6622491
2023-03-17,VNQ,73.5,5971547
2023-03-20,SPY,301.04,109037229
2023-03-20,QQQ,254.88,36813709
2023-03-20,IWM,128.5,28547384
2023-03-20,EFA,71.08,8935410
2023-03-20,TLT,112.53,21673755
2023-03-20,LQD,115.88,18159630
2023-03-20,GLD,204.31,8200862
2023-03-20,VNQ,73.4,7194995
2023-03-21,SPY,305.28,88311219
2023-03-21,QQQ,260.58,49091816
2023-03-21,IWM,129.15,51732080
2023-03-21,EFA,72.57,10724050
2023-03-21,TLT,113.04,33036329
2023-03-21,LQD,116.96,7698797
2023-03-21,GLD,204.45,7572352
2023-03-21,VNQ,74.16,4891454
2023-03-22,SPY,298.0,138243985
2023-03-22,QQQ,257.29,151428330
2023-03-22,IWM,123.84,64975063
2023-03-22,EFA,71.97,44121605
2023-03-22,TLT,113.92,26139470
2023-03-22,LQD,116.68,24353453
2023-03-22,GLD,203.19,8797907
2023-03-22,VNQ,71.26,8909664
2023-03-23,SPY,303.72,141274364
2023-03-23,QQQ,260.82,114115976
2023-03-23,IWM,127.33,48051680
2023-03-23,EFA,73.14,51973266
2023-03-23,TLT,112.23,29831734
2023-03-23,LQD,116.86,29551014
2023-03-23,GLD,202.49,6960461
2023-03-23,VNQ,70.96,6303088
2023-03-24,SPY,307.57,126171128
2023-03-24,QQQ,267.62,71607289
2023-03-24,IWM,129.58,42752414
2023-03-24,EFA,74.24,25986961
2023-03-24,TLT,112.0,34970396
2023-03-24,LQD,117.27,31778424
2023-03-24,GLD,201.51,21910604
2023-03-24,VNQ,70.81,7947864
2023-03-27,SPY,302.27,66115643
2023-03-27,QQQ,262.98,27681887
2023-03-27,IWM,126.86,42510255
2023-03-27,EFA,72.67,20473418
2023-03-27,TLT,112.36,21624556
2023-03-27,LQD,116.82,14937797
2023-03-27,GLD,201.73,6400031
2023-03-27,VNQ,69.6,5051148
2023-03-28,SPY,299.44,98610639
2023-03-28,QQQ,264.11,32035775
2023-03-28,IWM,125.65,77582188
2023-03-28,EFA,72.86,15511867
2023-03-28,TLT,113.17,23379187
2023-03-28,LQD,116.64,11026776
2023-03-28,GLD,202.73,10670484
2023-03-28,VNQ,68.94,5830406
2023-03-29,SPY,304.22,49744253
2023-03-29,QQQ,270.33,34678889
2023-03-29,IWM,128.63,28571480
2023-03-29,EFA,74.04,21111004
2023-03-29,TLT,112.75,16866361
2023-03-29,LQD,117.0,11672568
2023-03-29,GLD,204.21,6751571
2023-03-29,VNQ,70.59,4108575
2023-03-30,SPY,308.31,99713689
2023-03-30,QQQ,273.3,81160152
2023-03-30,IWM,130.18,29636265
2023-03-30,EFA,74.33,10678206
2023-03-30,TLT,112.98,24988064
2023-03-30,LQD,117.25,11738102
2023-03-30,GLD,204.55,7008787
2023-03-30,VNQ,70.35,6291558
2023-03-31,SPY,302.96,65746160
2023-03-31,QQQ,270.42,41461223
2023-03-31,IWM,127.27,37252375
2023-03-31,EFA,72.45,12437934
2023-03-31,TLT,112.08,13959376
2023-03-31,LQD,116.23,17369002
2023-03-31,GLD,202.13,7345495
2023-03-31,VNQ,69.16,4499277
2023-04-03,SPY,302.2,49566504
2023-04-03,QQQ,268.9,64986357
2023-04-03,IWM,127.77,17254198
2023-04-03,EFA,71.64,13329148
2023-04-03,TLT,110.92,21952988
2023-04-03,LQD,115.95,27351384
2023-04-03,GLD,203.32,16970912
2023-04-03,VNQ,69.96,3864917
2023-04-04,SPY,299.27,114318050
2023-04-04,QQQ,267.94,53488886
2023-04-04,IWM,127.08,48724477
2023-04-04,EFA,72.05,20604588
2023-04-04,TLT,112.02,14529787
2023-04-04,LQD,116.89,13081745
2023-04-04,GLD,200.47,8066494
2023-04-04,VNQ,70.7,7832592
2023-04-05,SPY,298.86,87758474
2023-04-05,QQQ,273.03,34215545
2023-04-05,IWM,125.57,35800525
2023-04-05,EFA,71.38,27495290
2023-04-05,TLT,112.07,25610063
2023-04-05,LQD,116.84,19102528
2023-04-05,GLD,199.15,11826913
2023-04-05,VNQ,70.86,6816522
2023-04-06,SPY,299.26,72633253
2023-04-06,QQQ,276.35,68904393
2023-04-06,IWM,125.08,35591580
2023-04-06,EFA,72.71,15216583
2023-04-06,TLT,112.09,16317248
2023-04-06,LQD,117.04,15265559
2023-04-06,GLD,199.09,8458837
2023-04-06,VNQ,70.11,6671618
2023-04-07,SPY,299.73,86160112
2023-04-07,QQQ,278.77,76507230
2023-04-07,IWM,125.13,38502302
2023-04-07,EFA,72.23,21340157
2023-04-07,TLT,111.96,11199123
2023-04-07,LQD,116.62,26117370
2023-04-07,GLD,196.57,11396495
2023-04-07,VNQ,69.41,7931588
2023-04-10,SPY,293.69,144466777
2023-04-10,QQQ,274.57,53959965
2023-04-10,IWM,121.72,17570237
2023-04-10,EFA,71.12,11264367
2023-04-10,TLT,112.64,22003688
2023-04-10,LQD,116.17,12410754
2023-04-10,GLD,194.67,10226623
2023-04-10,VNQ,68.1,5066335
2023-04-11,SPY,297.92,113703965
2023-04-11,QQQ,277.93,48453138
2023-04-11,IWM,123.41,22397863
2023-04-11,EFA,71.98,24067543
2023-04-11,TLT,112.22,14293311
2023-04-11,LQD,117.12,21225356
2023-04-11,GLD,196.45,12477894
2023-04-11,VNQ,69.38,5668442
2023-04-12,SPY,297.85,94943330
2023-04-12,QQQ,276.13,67428399
2023-04-12,IWM,123.92,67647673
2023-04-12,EFA,71.8,17530368
2023-04-12,TLT,112.55,34737346
2023-04-12,LQD,117.61,18380398
2023-04-12,GLD,198.58,5048407
2023-04-12,VNQ,70.03,5958172
2023-04-13,SPY,303.08,82645535
2023-04-13,QQQ,280.97,65260564
2023-04-13,IWM,127.65,26627086
2023-04-13,EFA,72.98,20535750
2023-04-13,TLT,111.22,16836218
2023-04-13,LQD,117.99,29980879
2023-04-13,GLD,201.15,17232904
2023-04-13,VNQ,70.36,6918428
2023-04-14,SPY,303.75,154441065
2023-04-14,QQQ,281.93,51750641
2023-04-14,IWM,128.38,23987942
2023-04-14,EFA,72.79,13239163
2023-04-14,TLT,111.76,14076388
2023-04-14,LQD,119.25,24206780
2023-04-14,GLD,199.03,7637351
2023-04-14,VNQ,70.41,5188757
2023-04-17,SPY,304.38,69074074
2023-04-17,QQQ,280.08,37138251
2023-04-17,IWM,128.01,25973837
2023-04-17,EFA,72.13,21601281
2023-04-17,TLT,111.12,10801280
2023-04-17,LQD,119.34,5782684
2023-04-17,GLD,196.69,6890590
2023-04-17,VNQ,69.14,4472703
2023-04-18,SPY,303.19,97998569
2023-04-18,QQQ,279.38,30355621
2023-04-18,IWM,127.46,37049666
2023-04-18,EFA,71.51,8249667
2023-04-18,TLT,110.17,25038315
2023-04-18,LQD,119.09,17175210
2023-04-18,GLD,194.49,6454991
2023-04-18,VNQ,68.72,2441554
2023-04-19,SPY,313.22,122250724
2023-04-19,QQQ,287.2,52324835
2023-04-19,IWM,131.7,56279968
2023-04-19,EFA,73.02,10226919
2023-04-19,TLT,109.53,19949520
2023-04-19,LQD,119.53,7058289
2023-04-19,GLD,196.17,6216156
2023-04-19,VNQ,69.93,3642264
2023-04-20,SPY,313.27,112752130
2023-04-20,QQQ,288.7,78474667
2023-04-20,IWM,132.67,31603496
2023-04-20,EFA,73.11,15996046
2023-04-20,TLT,109.64,15353206
2023-04-20,LQD,119.57,14033161
2023-04-20,GLD,194.87,3508664
2023-04-20,VNQ,70.13,4066597
2023-04-21,SPY,316.48,216644556
2023-04-21,QQQ,289.1,29214241
2023-04-21,IWM,135.17,33375108
2023-04-21,EFA,73.43,11350252
2023-04-21,TLT,109.24,10707497
2023-04-21,LQD,120.3,14236124
2023-04-21,GLD,196.62,6403871
2023-04-21,VNQ,70.79,5441116
2023-04-24,SPY,312.39,45036325
2023-04-24,QQQ,287.13,37175762
2023-04-24,IWM,133.71,50661110
2023-04-24,EFA,73.57,25470491
2023-04-24,TLT,109.94,23928615
2023-04-24,LQD,120.08,11810405
2023-04-24,GLD,193.68,7446831
2023-04-24,VNQ,70.24,5510136
2023-04-25,SPY,310.7,43739590
2023-04-25,QQQ,284.41,30614765
2023-04-25,IWM,132.52,29537676
2023-04-25,EFA,73.27,21626017
2023-04-25,TLT,109.72,22926671
2023-04-25,LQD,120.31,12162020
2023-04-25,GLD,192.48,8301137
2023-04-25,VNQ,69.23,6908455
2023-04-26,SPY,314.35,79050152
2023-04-26,QQQ,286.78,26058501
2023-04-26,IWM,132.19,29328466
2023-04-26,EFA,72.99,13569907
2023-04-26,TLT,110.5,12724673
2023-04-26,LQD,120.91,22442249
2023-04-26,GLD,191.68,9623798
2023-04-26,VNQ,68.46,4189710
2023-04-27,SPY,311.14,114746862
2023-04-27,QQQ,281.14,38933589
2023-04-27,IWM,131.96,22983067
2023-04-27,EFA,72.22,21572817
2023-04-27,TLT,110.39,23694919
2023-04-27,LQD,120.56,15301396
2023-04-27,GLD,189.22,9262307
2023-04-27,VNQ,67.74,4040823
2023-04-28,SPY,306.33,84100348
2023-04-28,QQQ,273.89,34107985
2023-04-28,IWM,128.47,49013172
2023-04-28,EFA,72.39,15762509
2023-04-28,TLT,109.56,11035208
2023-04-28,LQD,119.66,16405905
2023-04-28,GLD,189.28,8092402
2023-04-28,VNQ,66.62,3264690
2023-05-01,SPY,310.85,77144359
2023-05-01,QQQ,277.81,38016846
2023-05-01,IWM,131.13,21434080
2023-05-01,EFA,73.67,21469660
2023-05-01,TLT,109.27,16797183
2023-05-01,LQD,120.73,14822459
2023-05-01,GLD,189.2,9791136
2023-05-01,VNQ,67.87,7347932
2023-05-02,SPY,310.2,94421794
2023-05-02,QQQ,278.15,49675916
2023-05-02,IWM,130.4,41642652
2023-05-02,EFA,72.91,32351087
2023-05-02,TLT,108.87,24670372
2023-05-02,LQD,120.77,9777321
2023-05-02,GLD,190.77,10047207
2023-05-02,VNQ,66.72,5203971
2023-05-03,SPY,308.08,109211094
2023-05-03,QQQ,276.35,26518276
2023-05-03,IWM,129.31,37303817
2023-05-03,EFA,72.04,13661926
2023-05-03,TLT,109.28,16645761
2023-05-03,LQD,120.16,16555802
2023-05-03,GLD,189.79,9208785
2023-05-03,VNQ,66.5,7447784
2023-05-04,SPY,308.83,71587538
2023-05-04,QQQ,277.3,102338647
2023-05-04,IWM,129.43,24661406
2023-05-04,EFA,71.89,15495478
2023-05-04,TLT,108.25,14329327
2023-05-04,LQD,119.77,23777729
2023-05-04,GLD,189.76,9864902
2023-05-04,VNQ,67.51,5279969
2023-05-05,SPY,307.71,83241196
2023-05-05,QQQ,275.43,98331864
2023-05-05,IWM,129.62,48546096
2023-05-05,EFA,71.66,13281491
2023-05-05,TLT,110.21,17837710
2023-05-05,LQD,120.82,12776913
2023-05-05,GLD,189.74,5903645
2023-05-05,VNQ,68.59,3197224
2023-05-08,SPY,310.66,70957418
2023-05-08,QQQ,278.06,47918689
2023-05-08,IWM,131.17,36217515
2023-05-08,EFA,72.25,12685477
2023-05-08,TLT,110.37,34910328
2023-05-08,LQD,121.21,15086632
2023-05-08,GLD,188.58,8632118
2023-05-08,VNQ,68.32,6573684
2023-05-09,SPY,307.23,122219362
2023-05-09,QQQ,278.9,26967184
2023-05-09,IWM,129.04,46798131
2023-05-09,EFA,72.98,23354480
2023-05-09,TLT,111.2,19137232
2023-05-09,LQD,121.69,37448835
2023-05-09,GLD,187.43,16292213
2023-05-09,VNQ,67.51,4802445
2023-05-10,SPY,304.76,77529177
2023-05-10,QQQ,272.16,76815128
2023-05-10,IWM,127.36,51714250
2023-05-10,EFA,72.76,36263009
2023-05-10,TLT,110.69,16099102
2023-05-10,LQD,121.91,15379942
2023-05-10,GLD,188.52,5124796
2023-05-10,VNQ,67.36,3535323
2023-05-11,SPY,311.17,45546132
2023-05-11,QQQ,281.88,47252925
2023-05-11,IWM,131.45,19452742
2023-05-11,EFA,74.7,38929434
2023-05-11,TLT,110.21,13619103
2023-05-11,LQD,122.65,10554949
2023-05-11,GLD,189.54,11753845
2023-05-11,VNQ,69.97,3356905
2023-05-12,SPY,312.33,67640995
2023-05-12,QQQ,283.0,84718310
2023-05-12,IWM,132.14,23311321
2023-05-12,EFA,74.94,28136674
2023-05-12,TLT,110.17,30318881
2023-05-12,LQD,122.51,23572547
2023-05-12,GLD,188.44,11641218
2023-05-12,VNQ,69.08,7514083
2023-05-15,SPY,310.99,63902463
2023-05-15,QQQ,284.2,41180952
2023-05-15,IWM,130.25,45269235
2023-05-15,EFA,74.2,7310812
2023-05-15,TLT,108.78,29830993
2023-05-15,LQD,121.53,19546650
2023-05-15,GLD,187.46,5642759
2023-05-15,VNQ,69.2,5512706
2023-05-16,SPY,312.4,82580417
2023-05-16,QQQ,283.11,61582355
2023-05-16,IWM,131.85,14006198
2023-05-16,EFA,73.99,10934053
2023-05-16,TLT,109.03,17639880
2023-05-16,LQD,121.65,14312247
2023-05-16,GLD,186.56,12824616
2023-05-16,VNQ,70.13,5661666
2023-05-17,SPY,312.37,111738399
2023-05-17,QQQ,283.57,35329294
2023-05-17,IWM,133.99,26280770
2023-05-17,EFA,74.15,20397564
2023-05-17,TLT,109.65,17428016
2023-05-17,LQD,122.17,11162312
2023-05-17,GLD,187.8,4693833
2023-05-17,VNQ,70.2,2845335
2023-05-18,SPY,311.44,65508713
2023-05-18,QQQ,283.03,39537541
2023-05-18,IWM,132.51,31252460
2023-05-18,EFA,72.97,15323275
2023-05-18,TLT,108.93,22287429
2023-05-18,LQD,121.24,8623666
2023-05-18,GLD,189.16,12422968
2023-05-18,VNQ,68.95,5280723
2023-05-19,SPY,308.92,70215034
2023-05-19,QQQ,282.75,53904766
2023-05-19,IWM,133.78,29260933
2023-05-19,EFA,72.46,31066070
2023-05-19,TLT,108.29,20849506
2023-05-19,LQD,121.6,13019948
2023-05-19,GLD,187.33,7782667
2023-05-19,VNQ,69.42,3033316
2023-05-22,SPY,307.91,149174081
2023-05-22,QQQ,284.64,67204787
2023-05-22,IWM,135.75,13400798
2023-05-22,EFA,71.81,26761680
2023-05-22,TLT,107.79,18249640
2023-05-22,LQD,121.31,13242536
2023-05-22,GLD,185.93,6471842
2023-05-22,VNQ,69.9,5456467
2023-05-23,SPY,310.38,87192583
2023-05-23,QQQ,284.31,72440907
2023-05-23,IWM,137.28,17425488
2023-05-23,EFA,72.3,12673155
2023-05-23,TLT,106.92,9640808
2023-05-23,LQD,121.54,19829564
2023-05-23,GLD,186.43,8553358
2023-05-23,VNQ,70.82,6870232
2023-05-24,SPY,310.54,88921840
2023-05-24,QQQ,285.35,51991901
2023-05-24,IWM,137.73,22362898
2023-05-24,EFA,72.35,23538584
2023-05-24,TLT,105.27,12628227
2023-05-24,LQD,120.42,16462249
2023-05-24,GLD,187.71,6071272
2023-05-24,VNQ,69.87,2597188
2023-05-25,SPY,304.92,60148308
2023-05-25,QQQ,278.66,45483231
2023-05-25,IWM,137.36,24082492
2023-05-25,EFA,71.69,18411566
2023-05-25,TLT,107.04,13116248
2023-05-25,LQD,120.23,20815216
2023-05-25,GLD,188.4,10546019
2023-05-25,VNQ,68.53,4293045
2023-05-26,SPY,301.93,64371531
2023-05-26,QQQ,272.45,54425726
2023-05-26,IWM,137.01,25108672
2023-05-26,EFA,70.48,10786901
2023-05-26,TLT,107.19,24173568
2023-05-26,LQD,120.31,16701871
2023-05-26,GLD,187.75,6758634
2023-05-26,VNQ,68.47,3935082
2023-05-29,SPY,298.42,91159598
2023-05-29,QQQ,269.23,23377810
2023-05-29,IWM,136.05,37629455
2023-05-29,EFA,70.49,13103068
2023-05-29,TLT,105.59,29364407
2023-05-29,LQD,119.1,18523145
2023-05-29,GLD,188.88,4903535
2023-05-29,VNQ,66.78,8425653
2023-05-30,SPY,299.23,44580318
2023-05-30,QQQ,270.15,80216448
2023-05-30,IWM,136.55,31981486
2023-05-30,EFA,71.48,19779026
2023-05-30,TLT,105.17,6475521
2023-05-30,LQD,119.62,18751635
2023-05-30,GLD,190.15,7657647
2023-05-30,VNQ,67.19,3868843
2023-05-31,SPY,302.71,56960834
2023-05-31,QQQ,275.14,50482332
2023-05-31,IWM,136.97,30835475
2023-05-31,EFA,71.43,9300868
2023-05-31,TLT,104.21,28626517
2023-05-31,LQD,119.2,9379262
2023-05-31,GLD,190.02,13433036
2023-05-31,VNQ,67.34,6033120
2023-06-01,SPY,299.55,55891662
2023-06-01,QQQ,275.36,76072379
2023-06-01,IWM,135.27,30405271
2023-06-01,EFA,70.74,24175779
2023-06-01,TLT,101.89,27944134
2023-06-01,LQD,117.28,26816821
2023-06-01,GLD,189.65,7401128
2023-06-01,VNQ,66.8,4302699
2023-06-02,SPY,300.66,79287084
2023-06-02,QQQ,274.24,34564636
2023-06-02,IWM,136.05,20110744
2023-06-02,EFA,70.63,19349747
2023-06-02,TLT,101.81,14989508
2023-06-02,LQD,117.49,14172324
2023-06-02,GLD,189.87,15678535
2023-06-02,VNQ,67.6,5687706
2023-06-05,SPY,299.34,173897424
2023-06-05,QQQ,267.67,31492097
2023-06-05,IWM,135.81,43779176
2023-06-05,EFA,69.79,15391239
2023-06-05,TLT,102.92,17045717
2023-06-05,LQD,117.49,14013687
2023-06-05,GLD,190.49,7233863
2023-06-05,VNQ,66.86,5973345
2023-06-06,SPY,296.39,92935885
2023-06-06,QQQ,266.48,68832116
2023-06-06,IWM,132.42,17431585
2023-06-06,EFA,69.36,11104499
2023-06-06,TLT,103.84,13811415
2023-06-06,LQD,117.88,15123650
2023-06-06,GLD,187.35,14947663
2023-06-06,VNQ,65.65,5116111
2023-06-07,SPY,295.11,100280497
2023-06-07,QQQ,266.1,37736594
2023-06-07,IWM,132.51,37948382
2023-06-07,EFA,69.38,18254143
2023-06-07,TLT,104.92,23654944
2023-06-07,LQD,118.47,26586047
2023-06-07,GLD,189.12,8997429
2023-06-07,VNQ,66.01,6961468
2023-06-08,SPY,297.7,54114701
2023-06-08,QQQ,269.63,28393276
2023-06-08,IWM,131.84,22712828
2023-06-08,EFA,70.28,17442583
2023-06-08,TLT,106.92,30127277
2023-06-08,LQD,120.01,14019848
2023-06-08,GLD,190.85,6982390
2023-06-08,VNQ,67.49,5362296
2023-06-09,SPY,293.44,79682590
2023-06-09,QQQ,263.99,66103314
2023-06-09,IWM,128.32,31421680
2023-06-09,EFA,69.74,18740526
2023-06-09,TLT,106.63,20111847
2023-06-09,LQD,119.02,23377961
2023-06-09,GLD,190.29,8406840
2023-06-09,VNQ,66.11,4604695
2023-06-12,SPY,291.49,76957458
2023-06-12,QQQ,262.81,51038973
2023-06-12,IWM,127.02,26470804
2023-06-12,EFA,69.46,17657718
2023-06-12,TLT,105.86,15990150
2023-06-12,LQD,117.95,8312133
2023-06-12,GLD,189.25,13467652
2023-06-12,VNQ,65.43,2808869
2023-06-13,SPY,295.72,65348270
2023-06-13,QQQ,268.6,28265713
2023-06-13,IWM,130.22,44666495
2023-06-13,EFA,69.77,28183488
2023-06-13,TLT,105.55,31930942
2023-06-13,LQD,119.33,22334233
2023-06-13,GLD,188.31,7183489
2023-06-13,VNQ,65.76,9980086
2023-06-14,SPY,294.23,35909109
2023-06-14,QQQ,264.62,35550957
2023-06-14,IWM,128.61,39534050
2023-06-14,EFA,68.57,20844017
2023-06-14,TLT,105.38,17046116
2023-06-14,LQD,119.32,9793785
2023-06-14,GLD,188.5,13049887
2023-06-14,VNQ,65.06,9021543
2023-06-15,SPY,293.69,68521110
2023-06-15,QQQ,266.31,38071077
2023-06-15,IWM,128.26,24499617
2023-06-15,EFA,68.95,11090835
2023-06-15,TLT,106.39,26614114
2023-06-15,LQD,119.58,8652674
2023-06-15,GLD,190.15,5369002
2023-06-15,VNQ,64.63,6251019
2023-06-16,SPY,294.95,79397152
2023-06-16,QQQ,268.6,37223678
2023-06-16,IWM,128.46,40647703
2023-06-16,EFA,69.88,22630805
2023-06-16,TLT,107.04,16055086
2023-06-16,LQD,120.16,11006687
2023-06-16,GLD,193.18,12370036
2023-06-16,VNQ,64.56,8222325
2023-06-19,SPY,292.91,99087116
2023-06-19,QQQ,266.44,46407054
2023-06-19,IWM,126.46,88319277
2023-06-19,EFA,68.7,15041283
2023-06-19,TLT,107.22,12393060
2023-06-19,LQD,120.41,17483397
2023-06-19,GLD,193.99,7022807
2023-06-19,VNQ,64.82,1807421
2023-06-20,SPY,293.3,107196434
2023-06-20,QQQ,267.27,57592461
2023-06-20,IWM,125.54,36486642
2023-06-20,EFA,68.96,9952148
2023-06-20,TLT,105.16,10864889
2023-06-20,LQD,119.48,6995771
2023-06-20,GLD,195.54,8253419
2023-06-20,VNQ,63.91,3312337
2023-06-21,SPY,291.3,29628991
2023-06-21,QQQ,266.38,63934000
2023-06-21,IWM,124.87,61162251
2023-06-21,EFA,67.98,17952259
2023-06-21,TLT,104.65,10703845
2023-06-21,LQD,118.76,11949186
2023-06-21,GLD,193.24,6649734
2023-06-21,VNQ,63.26,6732665
2023-06-22,SPY,291.9,70939854
2023-06-22,QQQ,263.1,40318107
2023-06-22,IWM,124.15,14406006
2023-06-22,EFA,68.33,9357888
2023-06-22,TLT,104.62,19040077
2023-06-22,LQD,118.76,11629213
2023-06-22,GLD,192.42,11806061
2023-06-22,VNQ,63.31,2048219
2023-06-23,SPY,293.19,74051346
2023-06-23,QQQ,265.14,39550704
2023-06-23,IWM,125.41,46129616
2023-06-23,EFA,68.58,18567548
2023-06-23,TLT,105.04,12019833
2023-06-23,LQD,117.98,14003133
2023-06-23,GLD,191.6,6543324
2023-06-23,VNQ,63.78,6313608
2023-06-26,SPY,290.72,68171951
2023-06-26,QQQ,261.54,34672027
2023-06-26,IWM,124.31,38634677
2023-06-26,EFA,67.84,8525105
2023-06-26,TLT,105.05,13230096
2023-06-26,LQD,117.53,22385617
2023-06-26,GLD,190.76,8108889
2023-06-26,VNQ,63.79,4136013
2023-06-27,SPY,285.34,98368250
2023-06-27,QQQ,258.36,44584569
2023-06-27,IWM,122.85,44531556
2023-06-27,EFA,66.92,8523190
2023-06-27,TLT,103.75,15694908
2023-06-27,LQD,116.32,8466112
2023-06-27,GLD,188.13,4572935
2023-06-27,VNQ,63.44,6009586
2023-06-28,SPY,286.1,101948977
2023-06-28,QQQ,258.99,54772219
2023-06-28,IWM,123.34,32266367
2023-06-28,EFA,67.09,17272844
2023-06-28,TLT,103.65,25222254
2023-06-28,LQD,116.26,14455198
2023-06-28,GLD,191.0,5858646
2023-06-28,VNQ,62.46,5293259
2023-06-29,SPY,282.5,49992225
2023-06-29,QQQ,256.26,52923143
2023-06-29,IWM,119.57,28365732
2023-06-29,EFA,66.9,22282151
2023-06-29,TLT,103.03,11596525
2023-06-29,LQD,115.45,15818652
2023-06-29,GLD,191.25,6698306
2023-06-29,VNQ,61.13,6258897
2023-06-30,SPY,282.92,69234627
2023-06-30,QQQ,255.11,79340287
2023-06-30,IWM,122.49,31681386
2023-06-30,EFA,67.67,24550390
2023-06-30,TLT,103.08,19020878
2023-06-30,LQD,116.04,11986895
2023-06-30,GLD,192.81,6400283
2023-06-30,VNQ,61.42,7730057
2023-07-03,SPY,282.34,34364002
2023-07-03,QQQ,257.32,45691876
2023-07-03,IWM,121.16,19416427
2023-07-03,EFA,67.91,8731402
2023-07-03,TLT,102.33,14696654
2023-07-03,LQD,116.0,20663703
2023-07-03,GLD,192.98,3980272
2023-07-03,VNQ,60.19,7950015
2023-07-04,SPY,281.63,107671854
2023-07-04,QQQ,259.37,80939131
2023-07-04,IWM,121.41,55349435
2023-07-04,EFA,67.72,22456500
2023-07-04,TLT,101.93,26446556
2023-07-04,LQD,115.11,22276842
2023-07-04,GLD,194.11,5994815
2023-07-04,VNQ,59.98,5863785
2023-07-05,SPY,282.0,96707166
2023-07-05,QQQ,259.67,43806487
2023-07-05,IWM,123.03,29901856
2023-07-05,EFA,68.1,15410276
2023-07-05,TLT,101.9,28920339
2023-07-05,LQD,115.32,12945623
2023-07-05,GLD,193.28,6338473
2023-07-05,VNQ,59.65,4879642
2023-07-06,SPY,282.84,89454251
2023-07-06,QQQ,261.55,36906806
2023-07-06,IWM,123.03,54913355
2023-07-06,EFA,68.5,25752994
2023-07-06,TLT,103.12,36134390
2023-07-06,LQD,115.84,12666102
2023-07-06,GLD,196.53,9424221
2023-07-06,VNQ,59.63,3018485
2023-07-07,SPY,279.64,104493300
2023-07-07,QQQ,257.94,42148022
2023-07-07,IWM,121.47,48293646
2023-07-07,EFA,67.78,24706245
2023-07-07,TLT,103.35,15808911
2023-07-07,LQD,115.72,16206267
2023-07-07,GLD,195.31,6487220
2023-07-07,VNQ,59.32,4664220
2023-07-10,SPY,280.35,101918474
2023-07-10,QQQ,255.94,69595666
2023-07-10,IWM,120.9,48017511
2023-07-10,EFA,67.68,33632950
2023-07-10,TLT,104.62,26211807
2023-07-10,LQD,115.94,22259138
2023-07-10,GLD,198.05,7470561
2023-07-10,VNQ,59.77,8323987
2023-07-11,SPY,282.86,76173201
2023-07-11,QQQ,261.38,67748246
2023-07-11,IWM,121.38,18599822
2023-07-11,EFA,67.94,13879174
2023-07-11,TLT,104.63,13755498
2023-07-11,LQD,116.06,10035873
2023-07-11,GLD,196.44,11108102
2023-07-11,VNQ,59.87,5751999
2023-07-12,SPY,286.12,63145681
2023-07-12,QQQ,262.85,63374247
2023-07-12,IWM,122.18,23950300
2023-07-12,EFA,68.65,22413863
2023-07-12,TLT,104.46,19562419
2023-07-12,LQD,115.94,24326757
2023-07-12,GLD,198.17,13977979
2023-07-12,VNQ,60.16,3459939
2023-07-13,SPY,289.59,71778899
2023-07-13,QQQ,264.97,43521541
2023-07-13,IWM,122.06,40980431
2023-07-13,EFA,69.33,17632343
2023-07-13,TLT,106.87,29071002
2023-07-13,LQD,118.09,13404141
2023-07-13,GLD,200.45,8931121
2023-07-13,VNQ,60.28,4748294
2023-07-14,SPY,290.82,150896870
2023-07-14,QQQ,268.97,74629678
2023-07-14,IWM,123.27,31780330
2023-07-14,EFA,69.6,9779898
2023-07-14,TLT,106.78,19662384
2023-07-14,LQD,117.89,18694476
2023-07-14,GLD,200.77,4167450
2023-07-14,VNQ,60.44,6416501
2023-07-17,SPY,296.3,83079789
2023-07-17,QQQ,272.66,50809568
2023-07-17,IWM,126.4,38706005
2023-07-17,EFA,70.92,11256252
2023-07-17,TLT,104.54,13383713
2023-07-17,LQD,117.36,17468691
2023-07-17,GLD,202.23,4539950
2023-07-17,VNQ,60.78,7017786
2023-07-18,SPY,298.28,66946814
2023-07-18,QQQ,274.33,89403330
2023-07-18,IWM,127.13,51510987
2023-07-18,EFA,71.4,25423844
2023-07-18,TLT,104.7,17808100
2023-07-18,LQD,118.31,32227708
2023-07-18,GLD,204.93,5227868
2023-07-18,VNQ,61.57,6576595
2023-07-19,SPY,304.92,62871002
2023-07-19,QQQ,284.38,52859683
2023-07-19,IWM,129.92,40509059
2023-07-19,EFA,72.14,22344265
2023-07-19,TLT,104.54,13655318
2023-07-19,LQD,118.21,16544857
2023-07-19,GLD,205.38,8699081
2023-07-19,VNQ,62.18,4105824
2023-07-20,SPY,305.01,93265709
2023-07-20,QQQ,284.64,57070227
2023-07-20,IWM,128.97,26931639
2023-07-20,EFA,72.35,12501667
2023-07-20,TLT,105.05,9184865
2023-07-20,LQD,118.26,15656213
2023-07-20,GLD,207.13,8588715
2023-07-20,VNQ,61.89,7069215
2023-07-21,SPY,300.02,84889594
2023-07-21,QQQ,277.08,48375137
2023-07-21,IWM,127.17,54881689
2023-07-21,EFA,72.22,26494736
2023-07-21,TLT,105.73,20184669
2023-07-21,LQD,118.47,17643717
2023-07-21,GLD,205.23,6419554
2023-07-21,VNQ,60.22,5290401
2023-07-24,SPY,300.29,55065991
2023-07-24,QQQ,278.96,47779896
2023-07-24,IWM,128.03,39721831
2023-07-24,EFA,72.62,40055837
2023-07-24,TLT,107.27,14533104
2023-07-24,LQD,119.48,16444934
2023-07-24,GLD,204.49,8803634
2023-07-24,VNQ,60.82,6589496
2023-07-25,SPY,300.35,112721818
2023-07-25,QQQ,276.35,97107524
2023-07-25,IWM,126.98,27285287
2023-07-25,EFA,72.0,28498641
2023-07-25,TLT,107.34,37070082
2023-07-25,LQD,119.73,16282234
2023-07-25,GLD,202.09,5825797
2023-07-25,VNQ,60.98,6839032
2023-07-26,SPY,299.87,63218553
2023-07-26,QQQ,278.82,31435783
2023-07-26,IWM,127.09,61670204
2023-07-26,EFA,72.12,20109614
2023-07-26,TLT,106.77,15960107
2023-07-26,LQD,118.88,16682490
2023-07-26,GLD,197.84,11069171
2023-07-26,VNQ,60.14,3942170
2023-07-27,SPY,294.24,179057927
2023-07-27,QQQ,271.34,39883059
2023-07-27,IWM,123.37,37611720
2023-07-27,EFA,71.57,14501845
2023-07-27,TLT,106.41,15159321
2023-07-27,LQD,118.57,16454234
2023-07-27,GLD,197.55,9006501
2023-07-27,VNQ,58.52,4429653
2023-07-28,SPY,294.81,59440113
2023-07-28,QQQ,271.34,54897501
2023-07-28,IWM,123.85,39214913
2023-07-28,EFA,71.28,21904842
2023-07-28,TLT,105.18,13775156
2023-07-28,LQD,118.45,11770271
2023-07-28,GLD,199.16,3258858
2023-07-28,VNQ,59.46,3744664
2023-07-31,SPY,295.6,86461044
2023-07-31,QQQ,269.67,58135872
2023-07-31,IWM,124.32,26563609
2023-07-31,EFA,71.07,8635657
2023-07-31,TLT,105.53,20242089
2023-07-31,LQD,118.52,27653821
2023-07-31,GLD,198.8,6979943
2023-07-31,VNQ,60.2,7280587
2023-08-01,SPY,295.4,58911261
2023-08-01,QQQ,269.9,42252057
2023-08-01,IWM,125.52,31437978
2023-08-01,EFA,71.33,24639719
2023-08-01,TLT,104.99,23759249
2023-08-01,LQD,118.94,12493171
2023-08-01,GLD,202.15,10645373
2023-08-01,VNQ,59.37,2709090
2023-08-02,SPY,298.78,64619022
2023-08-02,QQQ,271.27,25185442
2023-08-02,IWM,126.3,37244085
2023-08-02,EFA,71.64,15290887
2023-08-02,TLT,103.82,16982356
2023-08-02,LQD,118.5,16900178
2023-08-02,GLD,202.88,10335579
2023-08-02,VNQ,59.76,8453428
2023-08-03,SPY,297.07,73971125
2023-08-03,QQQ,267.12,55896705
2023-08-03,IWM,124.9,14024329
2023-08-03,EFA,71.05,14052563
2023-08-03,TLT,103.45,17450912
2023-08-03,LQD,118.47,12227922
2023-08-03,GLD,200.19,5593709
2023-08-03,VNQ,59.4,4923016
2023-08-04,SPY,297.02,39386042
2023-08-04,QQQ,269.42,50929020
2023-08-04,IWM,124.1,32393976
2023-08-04,EFA,71.07,17078219
2023-08-04,TLT,103.98,22024473
2023-08-04,LQD,118.87,14498912
2023-08-04,GLD,198.67,7668735
2023-08-04,VNQ,58.71,2719368
2023-08-07,SPY,294.83,93177471
2023-08-07,QQQ,267.46,31301379
2023-08-07,IWM,121.66,16284959
2023-08-07,EFA,70.02,14680051
2023-08-07,TLT,104.88,20387965
2023-08-07,LQD,118.92,17860984
2023-08-07,GLD,199.22,5434449
2023-08-07,VNQ,58.41,4906768
2023-08-08,SPY,300.78,52219146
2023-08-08,QQQ,271.92,112850543
2023-08-08,IWM,125.66,24750221
2023-08-08,EFA,71.36,14059841
2023-08-08,TLT,104.66,18055825
2023-08-08,LQD,119.92,25635034
2023-08-08,GLD,199.97,7477863
2023-08-08,VNQ,59.88,3543958
2023-08-09,SPY,300.65,50988683
2023-08-09,QQQ,271.31,52373078
2023-08-09,IWM,125.72,20003048
2023-08-09,EFA,71.07,17394256
2023-08-09,TLT,103.86,11569108
2023-08-09,LQD,119.61,14765415
2023-08-09,GLD,198.63,4281130
2023-08-09,VNQ,59.67,3584848
2023-08-10,SPY,298.3,49993325
2023-08-10,QQQ,269.2,29994431
2023-08-10,IWM,125.18,49156079
2023-08-10,EFA,71.36,11109254
2023-08-10,TLT,104.08,9881647
2023-08-10,LQD,119.06,17605814
2023-08-10,GLD,197.11,10012747
2023-08-10,VNQ,59.29,4434410
2023-08-11,SPY,310.24,162244843
2023-08-11,QQQ,287.29,82461121
2023-08-11,IWM,130.73,51926223
2023-08-11,EFA,73.11,20047964
2023-08-11,TLT,103.63,57929709
2023-08-11,LQD,120.09,43180944
2023-08-11,GLD,196.54,11137718
2023-08-11,VNQ,60.18,6110194
2023-08-14,SPY,314.91,119011447
2023-08-14,QQQ,299.75,143209076
2023-08-14,IWM,133.03,56122233
2023-08-14,EFA,73.34,66804713
2023-08-14,TLT,104.65,32512772
2023-08-14,LQD,121.32,58645533
2023-08-14,GLD,195.74,7283475
2023-08-14,VNQ,59.51,15321288
2023-08-15,SPY,315.17,316290669
2023-08-15,QQQ,298.51,112197504
2023-08-15,IWM,136.49,102267950
2023-08-15,EFA,74.11,44447290
2023-08-15,TLT,105.71,39691607
2023-08-15,LQD,122.31,29915719
2023-08-15,GLD,198.9,10141686
2023-08-15,VNQ,59.21,6729137
2023-08-16,SPY,317.1,144905163
2023-08-16,QQQ,293.93,56903702
2023-08-16,IWM,136.11,73250959
2023-08-16,EFA,74.15,40296889
2023-08-16,TLT,105.31,38888055
2023-08-16,LQD,122.42,25954356
2023-08-16,GLD,199.88,9427617
2023-08-16,VNQ,59.98,6899653
2023-08-17,SPY,320.75,176659823
2023-08-17,QQQ,300.71,90644592
2023-08-17,IWM,138.74,58528194
2023-08-17,EFA,75.04,26470092
2023-08-17,TLT,102.86,30593941
2023-08-17,LQD,120.92,44519608
2023-08-17,GLD,199.79,11989028
2023-08-17,VNQ,60.0,6506250
2023-08-18,SPY,305.94,109852467
2023-08-18,QQQ,278.18,86621647
2023-08-18,IWM,132.34,77542581
2023-08-18,EFA,71.24,62104550
2023-08-18,TLT,102.0,39013188
2023-08-18,LQD,118.33,19122540
2023-08-18,GLD,200.89,18979640
2023-08-18,VNQ,58.13,7013598
2023-08-21,SPY,300.56,240133355
2023-08-21,QQQ,271.38,139628157
2023-08-21,IWM,130.75,37411097
2023-08-21,EFA,68.92,22241255
2023-08-21,TLT,104.09,33299132
2023-08-21,LQD,119.04,71711444
2023-08-21,GLD,202.95,12475175
2023-08-21,VNQ,57.19,7238160
2023-08-22,SPY,288.84,112478656
2023-08-22,QQQ,260.02,104112099
2023-08-22,IWM,123.42,31092482
2023-08-22,EFA,66.64,46075173
2023-08-22,TLT,106.16,35574293
2023-08-22,LQD,118.54,14770874
2023-08-22,GLD,204.19,12738132
2023-08-22,VNQ,54.11,8450994
2023-08-23,SPY,295.68,119327519
2023-08-23,QQQ,268.65,140807114
2023-08-23,IWM,125.68,52984040
2023-08-23,EFA,69.51,15659425
2023-08-23,TLT,107.42,34607985
2023-08-23,LQD,119.82,35778524
2023-08-23,GLD,205.1,23323480
2023-08-23,VNQ,55.07,11622868
2023-08-24,SPY,306.32,98273062
2023-08-24,QQQ,280.85,146963583
2023-08-24,IWM,129.3,58645755
2023-08-24,EFA,72.18,12849184
2023-08-24,TLT,107.92,36198622
2023-08-24,LQD,121.18,27750469
2023-08-24,GLD,204.74,12916394
2023-08-24,VNQ,57.32,7045017
2023-08-25,SPY,308.07,90399430
2023-08-25,QQQ,282.01,58558047
2023-08-25,IWM,131.37,21277247
2023-08-25,EFA,73.29,15751193
2023-08-25,TLT,106.34,17685086
2023-08-25,LQD,121.3,12876960
2023-08-25,GLD,203.82,9973281
2023-08-25,VNQ,57.88,3045612
2023-08-28,SPY,302.23,67884847
2023-08-28,QQQ,275.37,24174568
2023-08-28,IWM,129.48,28159401
2023-08-28,EFA,72.31,10191434
2023-08-28,TLT,106.24,19643360
2023-08-28,LQD,120.69,10197491
2023-08-28,GLD,201.85,8343765
2023-08-28,VNQ,57.94,6007425
2023-08-29,SPY,304.87,123938080
2023-08-29,QQQ,277.99,36342393
2023-08-29,IWM,131.22,28764038
2023-08-29,EFA,72.44,27457364
2023-08-29,TLT,105.64,28622872
2023-08-29,LQD,120.08,10469736
2023-08-29,GLD,200.52,5253935
2023-08-29,VNQ,58.03,3450637
2023-08-30,SPY,304.22,111787397
2023-08-30,QQQ,279.07,60785595
2023-08-30,IWM,130.15,25299345
2023-08-30,EFA,72.79,12958322
2023-08-30,TLT,106.99,19912772
2023-08-30,LQD,120.35,14000730
2023-08-30,GLD,202.55,10007343
2023-08-30,VNQ,58.25,3977577
2023-08-31,SPY,309.41,44515151
2023-08-31,QQQ,285.08,66978654
2023-08-31,IWM,131.37,21164285
2023-08-31,EFA,73.18,14142246
2023-08-31,TLT,105.58,24810422
2023-08-31,LQD,119.97,23246259
2023-08-31,GLD,201.88,5534627
2023-08-31,VNQ,58.89,9761803
2023-09-01,SPY,313.11,52123611
2023-09-01,QQQ,292.82,51424080
2023-09-01,IWM,130.66,12509078
2023-09-01,EFA,73.57,20288741
2023-09-01,TLT,105.32,13969450
2023-09-01,LQD,120.36,22720995
2023-09-01,GLD,202.92,9336241
2023-09-01,VNQ,59.56,3894732
2023-09-04,SPY,310.28,103005041
2023-09-04,QQQ,287.53,56946845
2023-09-04,IWM,131.59,20213680
2023-09-04,EFA,72.53,24747062
2023-09-04,TLT,104.64,16241142
2023-09-04,LQD,119.91,28279721
2023-09-04,GLD,202.13,10029560
2023-09-04,VNQ,59.07,5395528
2023-09-05,SPY,311.32,51271792
2023-09-05,QQQ,291.71,36960275
2023-09-05,IWM,131.63,19255741
2023-09-05,EFA,72.6,20883439
2023-09-05,TLT,102.38,15514870
2023-09-05,LQD,119.58,21034893
2023-09-05,GLD,202.39,10604939
2023-09-05,VNQ,58.25,5298980
2023-09-06,SPY,311.43,54259753
2023-09-06,QQQ,296.84,67085703
2023-09-06,IWM,131.15,26738925
2023-09-06,EFA,72.65,20898029
2023-09-06,TLT,100.2,16042033
2023-09-06,LQD,118.32,10797431
2023-09-06,GLD,200.44,19883079
2023-09-06,VNQ,57.29,3115695
2023-09-07,SPY,314.61,64507799
2023-09-07,QQQ,299.51,52551905
2023-09-07,IWM,131.52,34707905
2023-09-07,EFA,73.6,21082851
2023-09-07,TLT,99.02,16237538
2023-09-07,LQD,118.42,29971452
2023-09-07,GLD,201.4,6536906
2023-09-07,VNQ,57.52,3904308
2023-09-08,SPY,307.97,63130571
2023-09-08,QQQ,289.57,79337349
2023-09-08,IWM,128.85,38682526
2023-09-08,EFA,73.26,17779596
2023-09-08,TLT,100.81,24024224
2023-09-08,LQD,118.82,11676624
2023-09-08,GLD,205.59,5991950
2023-09-08,VNQ,57.24,6027438
2023-09-11,SPY,309.54,97719207
2023-09-11,QQQ,292.99,40812423
2023-09-11,IWM,129.23,20494381
2023-09-11,EFA,73.75,11500162
2023-09-11,TLT,102.77,15138094
2023-09-11,LQD,119.4,17510052
2023-09-11,GLD,207.35,5835527
2023-09-11,VNQ,58.17,6818195
2023-09-12,SPY,310.93,122785878
2023-09-12,QQQ,293.45,29793502
2023-09-12,IWM,128.66,24337370
2023-09-12,EFA,74.94,19173797
2023-09-12,TLT,103.75,35674590
2023-09-12,LQD,120.34,22568592
2023-09-12,GLD,206.93,9474461
2023-09-12,VNQ,58.23,3440416
2023-09-13,SPY,309.29,85000154
2023-09-13,QQQ,292.53,26097622
2023-09-13,IWM,128.38,34216089
2023-09-13,EFA,74.37,17636969
2023-09-13,TLT,105.11,12457293
2023-09-13,LQD,120.5,12926848
2023-09-13,GLD,206.03,9530851
2023-09-13,VNQ,59.04,2399642
2023-09-14,SPY,308.42,73364776
2023-09-14,QQQ,291.64,84314896
2023-09-14,IWM,127.35,54799874
2023-09-14,EFA,74.39,15841885
2023-09-14,TLT,104.16,22768121
2023-09-14,LQD,119.94,14471172
2023-09-14,GLD,205.71,15974465
2023-09-14,VNQ,58.59,5105258
2023-09-15,SPY,313.32,105930720
2023-09-15,QQQ,295.67,71684849
2023-09-15,IWM,129.85,32343350
2023-09-15,EFA,75.52,23117840
2023-09-15,TLT,103.76,16819690
2023-09-15,LQD,121.05,15643397
2023-09-15,GLD,204.46,10328183
2023-09-15,VNQ,59.2,5754477
2023-09-18,SPY,320.27,59833412
2023-09-18,QQQ,301.37,69670207
2023-09-18,IWM,133.12,26877407
2023-09-18,EFA,76.23,11992457
2023-09-18,TLT,103.59,22926414
2023-09-18,LQD,122.02,12775495
2023-09-18,GLD,208.14,11782759
2023-09-18,VNQ,60.1,4474782
2023-09-19,SPY,317.73,72311555
2023-09-19,QQQ,294.92,42655683
2023-09-19,IWM,132.61,42162849
2023-09-19,EFA,75.65,12963685
2023-09-19,TLT,104.72,35920324
2023-09-19,LQD,122.55,14626268
2023-09-19,GLD,210.46,7270577
2023-09-19,VNQ,59.62,6720464
2023-09-20,SPY,319.85,94367381
2023-09-20,QQQ,299.0,63722599
2023-09-20,IWM,135.75,32765773
2023-09-20,EFA,75.56,10571930
2023-09-20,TLT,104.86,24013612
2023-09-20,LQD,121.51,30600642
2023-09-20,GLD,214.94,6688140
2023-09-20,VNQ,60.27,4120314
2023-09-21,SPY,324.33,78254938
2023-09-21,QQQ,304.95,49362862
2023-09-21,IWM,137.35,45526103
2023-09-21,EFA,77.62,18318178
2023-09-21,TLT,104.17,13075092
2023-09-21,LQD,121.5,18192751
2023-09-21,GLD,212.99,12903101
2023-09-21,VNQ,60.66,2993570
2023-09-22,SPY,327.92,48374893
2023-09-22,QQQ,310.1,58353858
2023-09-22,IWM,139.41,30938748
2023-09-22,EFA,77.79,14931203
2023-09-22,TLT,102.4,34271622
2023-09-22,LQD,121.27,21988059
2023-09-22,GLD,210.85,10141544
2023-09-22,VNQ,60.92,4590223
2023-09-25,SPY,327.96,59912891
2023-09-25,QQQ,308.21,56325483
2023-09-25,IWM,139.36,49572444
2023-09-25,EFA,78.41,26853195
2023-09-25,TLT,101.88,29111365
2023-09-25,LQD,121.35,11247555
2023-09-25,GLD,211.51,12277614
2023-09-25,VNQ,61.46,7512392
2023-09-26,SPY,329.17,77521435
2023-09-26,QQQ,311.19,39922449
2023-09-26,IWM,139.24,27975549
2023-09-26,EFA,78.66,21053298
2023-09-26,TLT,101.16,23711188
2023-09-26,LQD,120.19,19657375
2023-09-26,GLD,211.93,9120252
2023-09-26,VNQ,60.78,4311966
2023-09-27,SPY,330.6,51578736
2023-09-27,QQQ,313.65,61149896
2023-09-27,IWM,137.7,27745587
2023-09-27,EFA,79.76,26244618
2023-09-27,TLT,102.63,17143791
2023-09-27,LQD,120.14,15151540
2023-09-27,GLD,213.76,9760461
2023-09-27,VNQ,60.35,3771005
2023-09-28,SPY,327.68,50506233
2023-09-28,QQQ,310.66,74065972
2023-09-28,IWM,136.5,35035619
2023-09-28,EFA,79.19,11945197
2023-09-28,TLT,104.34,22061735
2023-09-28,LQD,121.1,18066505
2023-09-28,GLD,215.57,6640344
2023-09-28,VNQ,59.16,4233872
2023-09-29,SPY,333.0,90283096
2023-09-29,QQQ,320.0,90278322
2023-09-29,IWM,139.12,17729007
2023-09-29,EFA,80.88,11615254
2023-09-29,TLT,103.87,14270416
2023-09-29,LQD,120.98,16022900
2023-09-29,GLD,218.76,7651730
2023-09-29,VNQ,60.05,7826016
2023-10-02,SPY,333.29,65555630
2023-10-02,QQQ,319.64,79149750
2023-10-02,IWM,138.84,24204297
2023-10-02,EFA,81.34,13795729
2023-10-02,TLT,103.99,29681385
2023-10-02,LQD,121.29,10356755
2023-10-02,GLD,221.55,3260814
2023-10-02,VNQ,59.74,8675401
2023-10-03,SPY,328.72,137634750
2023-10-03,QQQ,316.03,39262917
2023-10-03,IWM,136.16,26752615
2023-10-03,EFA,80.28,14060740
2023-10-03,TLT,102.83,26995928
2023-10-03,LQD,119.29,13303742
2023-10-03,GLD,221.21,6324321
2023-10-03,VNQ,58.97,4636392
2023-10-04,SPY,325.44,56458244
2023-10-04,QQQ,313.2,47178443
2023-10-04,IWM,134.56,20474306
2023-10-04,EFA,80.36,15439370
2023-10-04,TLT,103.09,20638906
2023-10-04,LQD,119.12,5380895
2023-10-04,GLD,223.06,7971233
2023-10-04,VNQ,59.25,4510831
2023-10-05,SPY,329.27,155103857
2023-10-05,QQQ,318.58,68642530
2023-10-05,IWM,136.02,35575457
2023-10-05,EFA,80.52,35477273
2023-10-05,TLT,102.89,25666596
2023-10-05,LQD,119.25,40160317
2023-10-05,GLD,223.58,12473509
2023-10-05,VNQ,60.09,11971643
2023-10-06,SPY,350.2,114692441
2023-10-06,QQQ,348.3,59788645
2023-10-06,IWM,144.5,42246666
2023-10-06,EFA,85.82,38761266
2023-10-06,TLT,102.11,41851322
2023-10-06,LQD,121.16,38625498
2023-10-06,GLD,225.14,22346396
2023-10-06,VNQ,62.17,7623257
2023-10-09,SPY,349.42,219272473
2023-10-09,QQQ,343.91,95185727
2023-10-09,IWM,146.28,53753031
2023-10-09,EFA,84.93,35263053
2023-10-09,TLT,101.98,62496910
2023-10-09,LQD,120.74,37039520
2023-10-09,GLD,228.61,16012470
2023-10-09,VNQ,64.02,11062532
2023-10-10,SPY,341.78,150717293
2023-10-10,QQQ,334.5,71235701
2023-10-10,IWM,144.66,83149224
2023-10-10,EFA,81.71,34412611
2023-10-10,TLT,102.31,21906308
2023-10-10,LQD,119.84,42482192
2023-10-10,GLD,230.47,11233778
2023-10-10,VNQ,63.7,8675910
2023-10-11,SPY,333.69,196414998
2023-10-11,QQQ,314.72,56360019
2023-10-11,IWM,140.33,86713237
2023-10-11,EFA,80.57,30955357
2023-10-11,TLT,103.86,78383935
2023-10-11,LQD,120.57,37947585
2023-10-11,GLD,229.63,14268241
2023-10-11,VNQ,63.24,5855896
2023-10-12,SPY,338.37,150182513
2023-10-12,QQQ,324.39,83755530
2023-10-12,IWM,141.24,42397191
2023-10-12,EFA,80.88,42640993
2023-10-12,TLT,104.46,24871497
2023-10-12,LQD,120.87,33389733
2023-10-12,GLD,229.82,27021121
2023-10-12,VNQ,66.12,12705048
2023-10-13,SPY,340.58,85896105
2023-10-13,QQQ,325.91,101574176
2023-10-13,IWM,142.56,72344391
2023-10-13,EFA,82.04,37266756
2023-10-13,TLT,105.85,42660284
2023-10-13,LQD,122.21,25920096
2023-10-13,GLD,231.46,17571607
2023-10-13,VNQ,67.29,5672796
2023-10-16,SPY,340.06,120380331
2023-10-16,QQQ,326.54,114476303
2023-10-16,IWM,142.54,89913023
2023-10-16,EFA,82.06,43386433
2023-10-16,TLT,106.21,26333774
2023-10-16,LQD,122.52,41251104
2023-10-16,GLD,232.93,26069684
2023-10-16,VNQ,66.69,6660819
2023-10-17,SPY,342.3,113607084
2023-10-17,QQQ,328.78,95601432
2023-10-17,IWM,146.82,72844003
2023-10-17,EFA,82.13,35699059
2023-10-17,TLT,107.65,19614363
2023-10-17,LQD,124.28,35617521
2023-10-17,GLD,231.27,12685230
2023-10-17,VNQ,68.71,8603433
2023-10-18,SPY,334.61,126169349
2023-10-18,QQQ,320.17,54288732
2023-10-18,IWM,145.7,51287280
2023-10-18,EFA,81.25,52500627
2023-10-18,TLT,108.94,43552535
2023-10-18,LQD,124.88,24543617
2023-10-18,GLD,230.92,8547003
2023-10-18,VNQ,67.62,9757491
2023-10-19,SPY,327.27,123071873
2023-10-19,QQQ,308.98,112432837
2023-10-19,IWM,141.46,55672621
2023-10-19,EFA,78.95,56807278
2023-10-19,TLT,110.34,21926327
2023-10-19,LQD,125.04,33891699
2023-10-19,GLD,228.62,17195444
2023-10-19,VNQ,66.78,7267267
2023-10-20,SPY,321.97,85180622
2023-10-20,QQQ,298.51,161838301
2023-10-20,IWM,137.55,65769648
2023-10-20,EFA,76.99,42660325
2023-10-20,TLT,111.48,32988055
2023-10-20,LQD,124.95,51532065
2023-10-20,GLD,232.11,14768114
2023-10-20,VNQ,64.84,8431698
2023-10-23,SPY,334.71,91250547
2023-10-23,QQQ,316.12,123991698
2023-10-23,IWM,140.33,38424150
2023-10-23,EFA,79.23,40233379
2023-10-23,TLT,111.32,25638061
2023-10-23,LQD,125.65,33439112
2023-10-23,GLD,232.25,8313993
2023-10-23,VNQ,67.18,8765025
2023-10-24,SPY,333.99,108726842
2023-10-24,QQQ,317.72,45434631
2023-10-24,IWM,139.3,72362045
2023-10-24,EFA,78.64,16611880
2023-10-24,TLT,110.7,28334467
2023-10-24,LQD,125.4,15642744
2023-10-24,GLD,233.16,5584350
2023-10-24,VNQ,67.51,4519011
2023-10-25,SPY,335.4,112492727
2023-10-25,QQQ,317.98,52576555
2023-10-25,IWM,139.85,29634082
2023-10-25,EFA,78.67,13417872
2023-10-25,TLT,110.75,23949164
2023-10-25,LQD,125.79,15166427
2023-10-25,GLD,233.08,11345308
2023-10-25,VNQ,67.8,6505451
2023-10-26,SPY,335.83,79138817
2023-10-26,QQQ,316.76,65032698
2023-10-26,IWM,139.61,32432183
2023-10-26,EFA,78.1,16943145
2023-10-26,TLT,111.35,15528048
2023-10-26,LQD,125.79,13531318
2023-10-26,GLD,235.85,9034958
2023-10-26,VNQ,67.53,8196392
2023-10-27,SPY,334.23,80883218
2023-10-27,QQQ,310.75,40543677
2023-10-27,IWM,138.35,23793721
2023-10-27,EFA,76.84,14861638
2023-10-27,TLT,111.27,9761277
2023-10-27,LQD,124.71,8696899
2023-10-27,GLD,232.15,4766419
2023-10-27,VNQ,66.49,4509324
2023-10-30,SPY,332.51,67887485
2023-10-30,QQQ,305.03,53526809
2023-10-30,IWM,137.43,39624077
2023-10-30,EFA,76.24,13017785
2023-10-30,TLT,113.11,34629392
2023-10-30,LQD,125.88,12543600
2023-10-30,GLD,236.23,7889628
2023-10-30,VNQ,65.62,8863805
2023-10-31,SPY,336.2,66140151
2023-10-31,QQQ,306.19,64742190
2023-10-31,IWM,139.33,18271231
2023-10-31,EFA,76.53,12254268
2023-10-31,TLT,112.17,19868824
2023-10-31,LQD,125.67,11148510
2023-10-31,GLD,234.9,5418113
2023-10-31,VNQ,65.75,3512373
2023-11-01,SPY,336.7,148179460
2023-11-01,QQQ,305.73,51498278
2023-11-01,IWM,138.5,11172145
2023-11-01,EFA,75.6,18139755
2023-11-01,TLT,112.8,23154179
2023-11-01,LQD,125.76,15012045
2023-11-01,GLD,232.29,7282803
2023-11-01,VNQ,65.75,10468019
2023-11-02,SPY,334.15,56736317
2023-11-02,QQQ,303.66,69527436
2023-11-02,IWM,137.57,25310841
2023-11-02,EFA,75.65,15232769
2023-11-02,TLT,114.29,13513823
2023-11-02,LQD,126.46,10928610
2023-11-02,GLD,233.22,8124446
2023-11-02,VNQ,65.61,9764760
2023-11-03,SPY,335.17,38022272
2023-11-03,QQQ,304.43,41849038
2023-11-03,IWM,138.6,25407684
2023-11-03,EFA,75.84,9366241
2023-11-03,TLT,112.73,27645301
2023-11-03,LQD,126.46,15913334
2023-11-03,GLD,231.36,7362479
2023-11-03,VNQ,65.63,3158720
2023-11-06,SPY,337.62,99793842
2023-11-06,QQQ,304.52,38008782
2023-11-06,IWM,138.63,17954779
2023-11-06,EFA,76.83,16645583
2023-11-06,TLT,113.05,14923324
2023-11-06,LQD,125.89,8979507
2023-11-06,GLD,234.62,5120965
2023-11-06,VNQ,64.93,6766673
2023-11-07,SPY,334.26,54378845
2023-11-07,QQQ,297.87,46363033
2023-11-07,IWM,134.75,12136429
2023-11-07,EFA,76.42,12913476
2023-11-07,TLT,113.39,11954333
2023-11-07,LQD,125.96,9168457
2023-11-07,GLD,236.01,10746492
2023-11-07,VNQ,63.76,2666972
2023-11-08,SPY,342.3,74083974
2023-11-08,QQQ,308.52,38840651
2023-11-08,IWM,138.44,31880055
2023-11-08,EFA,77.56,20136661
2023-11-08,TLT,113.16,27039156
2023-11-08,LQD,126.04,15410353
2023-11-08,GLD,233.96,6011215
2023-11-08,VNQ,65.14,5870796
2023-11-09,SPY,339.9,103048438
2023-11-09,QQQ,301.08,42892250
2023-11-09,IWM,137.86,20522082
2023-11-09,EFA,77.94,13329453
2023-11-09,TLT,113.85,22018537
2023-11-09,LQD,127.18,18108928
2023-11-09,GLD,234.23,9185877
2023-11-09,VNQ,66.34,5030628
2023-11-10,SPY,342.0,117661358
2023-11-10,QQQ,303.79,53943142
2023-11-10,IWM,138.1,33683351
2023-11-10,EFA,78.94,23029727
2023-11-10,TLT,114.9,27879156
2023-11-10,LQD,128.23,16094110
2023-11-10,GLD,236.66,11294974
2023-11-10,VNQ,66.52,9002711
2023-11-13,SPY,339.81,102768609
2023-11-13,QQQ,302.28,45043546
2023-11-13,IWM,137.16,24557358
2023-11-13,EFA,78.45,8483881
2023-11-13,TLT,114.68,29614109
2023-11-13,LQD,128.36,12471106
2023-11-13,GLD,232.99,6662897
2023-11-13,VNQ,66.59,7014063
2023-11-14,SPY,343.0,81264680
2023-11-14,QQQ,304.21,58038157
2023-11-14,IWM,138.72,51953402
2023-11-14,EFA,79.07,19961378
2023-11-14,TLT,114.39,15648789
2023-11-14,LQD,129.19,12478684
2023-11-14,GLD,229.08,14201052
2023-11-14,VNQ,66.89,3642404
2023-11-15,SPY,345.51,75784706
2023-11-15,QQQ,308.17,66003436
2023-11-15,IWM,138.86,33083594
2023-11-15,EFA,80.28,16845249
2023-11-15,TLT,112.6,30433706
2023-11-15,LQD,128.91,14098832
2023-11-15,GLD,228.86,6900897
2023-11-15,VNQ,66.86,5442058
2023-11-16,SPY,342.49,87294220
2023-11-16,QQQ,302.37,90935439
2023-11-16,IWM,138.61,31163877
2023-11-16,EFA,79.57,25482767
2023-11-16,TLT,114.0,13456124
2023-11-16,LQD,129.21,14782304
2023-11-16,GLD,229.52,5179654
2023-11-16,VNQ,65.44,6460297
2023-11-17,SPY,340.88,54593570
2023-11-17,QQQ,303.72,83795571
2023-11-17,IWM,139.38,46498238
2023-11-17,EFA,79.26,12184096
2023-11-17,TLT,114.39,16144142
2023-11-17,LQD,129.24,10537940
2023-11-17,GLD,232.37,10659856
2023-11-17,VNQ,65.07,5613524
2023-11-20,SPY,344.8,57177731
2023-11-20,QQQ,308.83,48011050
2023-11-20,IWM,139.92,41803296
2023-11-20,EFA,79.3,12900891
2023-11-20,TLT,114.89,15974072
2023-11-20,LQD,129.67,13045541
2023-11-20,GLD,230.4,10472961
2023-11-20,VNQ,65.64,6395827
2023-11-21,SPY,338.13,38029692
2023-11-21,QQQ,299.65,26087891
2023-11-21,IWM,138.04,42052616
2023-11-21,EFA,77.12,23166875
2023-11-21,TLT,117.53,23428286
2023-11-21,LQD,130.18,10091495
2023-11-21,GLD,229.89,6613298
2023-11-21,VNQ,64.32,3966194
2023-11-22,SPY,339.38,54416175
2023-11-22,QQQ,300.15,52671599
2023-11-22,IWM,137.43,36782874
2023-11-22,EFA,77.71,25146383
2023-11-22,TLT,119.08,24053930
2023-11-22,LQD,131.24,13574467
2023-11-22,GLD,233.33,9796421
2023-11-22,VNQ,64.57,4954091
2023-11-23,SPY,334.07,51497708
2023-11-23,QQQ,295.43,46630437
2023-11-23,IWM,134.76,66474703
2023-11-23,EFA,77.19,21152487
2023-11-23,TLT,119.82,15150082
2023-11-23,LQD,132.05,9517296
2023-11-23,GLD,232.99,19619806
2023-11-23,VNQ,63.44,7725872
2023-11-24,SPY,335.74,129817808
2023-11-24,QQQ,295.61,34837354
2023-11-24,IWM,135.49,27027008
2023-11-24,EFA,77.43,19887220
2023-11-24,TLT,121.06,14160055
2023-11-24,LQD,133.47,17723074
2023-11-24,GLD,238.23,6908803
2023-11-24,VNQ,64.53,4158676
2023-11-27,SPY,339.38,93138932
2023-11-27,QQQ,301.31,77909380
2023-11-27,IWM,137.39,52739309
2023-11-27,EFA,77.45,19309630
2023-11-27,TLT,119.0,25501545
2023-11-27,LQD,131.78,7241974
2023-11-27,GLD,238.01,6978261
2023-11-27,VNQ,64.66,3255904
2023-11-28,SPY,336.96,47118741
2023-11-28,QQQ,298.33,34350615
2023-11-28,IWM,135.94,39449913
2023-11-28,EFA,77.39,15002566
2023-11-28,TLT,119.36,31615677
2023-11-28,LQD,131.86,5093203
2023-11-28,GLD,238.86,8575772
2023-11-28,VNQ,64.12,2150798
2023-11-29,SPY,334.21,53562479
2023-11-29,QQQ,295.58,53069209
2023-11-29,IWM,133.84,17934632
2023-11-29,EFA,76.35,25552806
2023-11-29,TLT,120.79,56556311
2023-11-29,LQD,132.68,16519087
2023-11-29,GLD,239.47,5632034
2023-11-29,VNQ,62.83,7272486
2023-11-30,SPY,333.22,83788902
2023-11-30,QQQ,296.48,44015253
2023-11-30,IWM,132.74,30728870
2023-11-30,EFA,76.19,24807900
2023-11-30,TLT,120.98,35328890
2023-11-30,LQD,132.35,17053045
2023-11-30,GLD,240.49,6564791
2023-11-30,VNQ,62.57,8097028
2023-12-01,SPY,333.46,106024349
2023-12-01,QQQ,299.97,28048906
2023-12-01,IWM,133.04,46938138
2023-12-01,EFA,77.01,13286129
2023-12-01,TLT,119.54,14361513
2023-12-01,LQD,132.11,27514997
2023-12-01,GLD,240.46,6061681
2023-12-01,VNQ,62.11,5829842
2023-12-04,SPY,331.86,110576027
2023-12-04,QQQ,294.12,54296859
2023-12-04,IWM,132.68,58513237
2023-12-04,EFA,76.27,12564037
2023-12-04,TLT,120.54,18460053
2023-12-04,LQD,131.72,12920323
2023-12-04,GLD,238.35,4352138
2023-12-04,VNQ,61.14,5484165
2023-12-05,SPY,329.09,159289615
2023-12-05,QQQ,289.8,50462886
2023-12-05,IWM,130.44,18142401
2023-12-05,EFA,76.4,22964805
2023-12-05,TLT,119.33,30304669
2023-12-05,LQD,130.03,27690323
2023-12-05,GLD,238.44,9463841
2023-12-05,VNQ,60.98,5431997
2023-12-06,SPY,327.29,111253426
2023-12-06,QQQ,288.85,31241613
2023-12-06,IWM,129.05,30410320
2023-12-06,EFA,76.45,19107419
2023-12-06,TLT,119.26,31566485
2023-12-06,LQD,130.48,18475547
2023-12-06,GLD,238.83,11493206
2023-12-06,VNQ,60.79,6217753
2023-12-07,SPY,326.02,96261644
2023-12-07,QQQ,286.08,58210060
2023-12-07,IWM,129.61,30629838
2023-12-07,EFA,76.55,20530818
2023-12-07,TLT,118.95,16885000
2023-12-07,LQD,129.73,19184005
2023-12-07,GLD,239.58,3680928
2023-12-07,VNQ,62.23,4307443
2023-12-08,SPY,327.16,82200319
2023-12-08,QQQ,284.26,32658324
2023-12-08,IWM,128.64,24474830
2023-12-08,EFA,76.85,19639363
2023-12-08,TLT,118.3,20928861
2023-12-08,LQD,129.94,22539931
2023-12-08,GLD,238.46,5896542
2023-12-08,VNQ,61.44,4319576
2023-12-11,SPY,326.83,125487630
2023-12-11,QQQ,282.23,32978482
2023-12-11,IWM,128.67,33603462
2023-12-11,EFA,76.5,27491687
2023-12-11,TLT,117.72,23320409
2023-12-11,LQD,129.38,19955339
2023-12-11,GLD,238.89,8948033
2023-12-11,VNQ,60.71,3808495
2023-12-12,SPY,330.29,53763766
2023-12-12,QQQ,285.73,30926924
2023-12-12,IWM,130.55,47514519
2023-12-12,EFA,76.78,17269519
2023-12-12,TLT,117.28,18068887
2023-12-12,LQD,129.09,10573177
2023-12-12,GLD,239.73,9887773
2023-12-12,VNQ,61.22,3987855
2023-12-13,SPY,333.42,103788884
2023-12-13,QQQ,290.76,45738441
2023-12-13,IWM,131.75,36445381
2023-12-13,EFA,76.19,28506534
2023-12-13,TLT,116.8,18533944
2023-12-13,LQD,129.3,23690948
2023-12-13,GLD,240.07,4084455
2023-12-13,VNQ,61.11,4494645
2023-12-14,SPY,332.49,84565665
2023-12-14,QQQ,290.73,85070475
2023-12-14,IWM,133.26,32301212
2023-12-14,EFA,76.26,22443797
2023-12-14,TLT,115.42,26311099
2023-12-14,LQD,128.9,19565210
2023-12-14,GLD,238.22,5573927
2023-12-14,VNQ,60.85,4643818
2023-12-15,SPY,337.47,83681541
2023-12-15,QQQ,295.39,107677572
2023-12-15,IWM,134.17,34282240
2023-12-15,EFA,76.58,32124163
2023-12-15,TLT,113.69,14397276
2023-12-15,LQD,129.29,28205229
2023-12-15,GLD,241.66,7217446
2023-12-15,VNQ,61.99,12439085
2023-12-18,SPY,337.61,96609643
2023-12-18,QQQ,293.46,49285977
2023-12-18,IWM,134.58,27610579
2023-12-18,EFA,76.65,24308069
2023-12-18,TLT,115.99,13993968
2023-12-18,LQD,130.39,18934245
2023-12-18,GLD,245.7,5054490
2023-12-18,VNQ,62.35,7294742
2023-12-19,SPY,337.86,78568936
2023-12-19,QQQ,292.51,73160169
2023-12-19,IWM,135.67,35264768
2023-12-19,EFA,76.43,7860277
2023-12-19,TLT,115.26,36307762
2023-12-19,LQD,129.5,11113964
2023-12-19,GLD,246.66,7382533
2023-12-19,VNQ,63.35,7761433
2023-12-20,SPY,337.88,78161723
2023-12-20,QQQ,292.9,55367897
2023-12-20,IWM,137.48,27798697
2023-12-20,EFA,75.82,19996290
2023-12-20,TLT,114.61,15464556
2023-12-20,LQD,129.95,11557566
2023-12-20,GLD,246.01,9479732
2023-12-20,VNQ,63.27,3463740
2023-12-21,SPY,336.65,87771202
2023-12-21,QQQ,296.18,97556118
2023-12-21,IWM,138.2,30431139
2023-12-21,EFA,75.73,20665343
2023-12-21,TLT,112.73,39707137
2023-12-21,LQD,128.52,13904057
2023-12-21,GLD,244.47,6771941
2023-12-21,VNQ,64.47,3885067
2023-12-22,SPY,337.6,92294821
2023-12-22,QQQ,297.05,27869933
2023-12-22,IWM,138.44,32272124
2023-12-22,EFA,75.96,13188170
2023-12-22,TLT,112.4,26206234
2023-12-22,LQD,128.62,9903372
2023-12-22,GLD,245.37,6008852
2023-12-22,VNQ,64.11,2893151
2023-12-25,SPY,338.62,83471462
2023-12-25,QQQ,300.48,45051952
2023-12-25,IWM,138.0,18489892
2023-12-25,EFA,75.68,14963892
2023-12-25,TLT,112.9,11471189
2023-12-25,LQD,128.45,12301911
2023-12-25,GLD,240.02,13657921
2023-12-25,VNQ,63.79,5849759
2023-12-26,SPY,338.42,102143432
2023-12-26,QQQ,304.19,41475865
2023-12-26,IWM,138.04,19852259
2023-12-26,EFA,76.42,15549981
2023-12-26,TLT,111.94,29115238
2023-12-26,LQD,128.24,21565904
2023-12-26,GLD,239.37,6619061
2023-12-26,VNQ,64.46,5511941
2023-12-27,SPY,346.22,155859809
2023-12-27,QQQ,323.71,99877925
2023-12-27,IWM,143.93,57389402
2023-12-27,EFA,78.19,30170208
2023-12-27,TLT,113.46,33234938
2023-12-27,LQD,129.86,36631048
2023-12-27,GLD,241.32,12251039
2023-12-27,VNQ,67.65,11445462
2023-12-28,SPY,352.82,122742141
2023-12-28,QQQ,326.52,43310441
2023-12-28,IWM,149.32,48142012
2023-12-28,EFA,78.23,17110668
2023-12-28,TLT,115.08,26452337
2023-12-28,LQD,132.17,35479129
2023-12-28,GLD,241.01,12050814
2023-12-28,VNQ,72.35,10209445
2023-12-29,SPY,354.01,71374601
2023-12-29,QQQ,326.48,55026149
2023-12-29,IWM,149.61,32339854
2023-12-29,EFA,78.74,17791257
2023-12-29,TLT,115.56,28422237
2023-12-29,LQD,132.53,8842142
2023-12-29,GLD,238.38,15973803
2023-12-29,VNQ,72.74,6461921
2024-01-01,SPY,356.03,78568980
2024-01-01,QQQ,322.5,44318593
2024-01-01,IWM,151.75,32897136
2024-01-01,EFA,79.2,8588482
2024-01-01,TLT,115.3,23479423
2024-01-01,LQD,132.86,11287607
2024-01-01,GLD,237.61,6459251
2024-01-01,VNQ,73.49,3222517
2024-01-02,SPY,353.96,91210118
2024-01-02,QQQ,319.57,28701200
2024-01-02,IWM,150.75,44485244
2024-01-02,EFA,78.73,18982026
2024-01-02,TLT,118.75,17326683
2024-01-02,LQD,133.87,7854854
2024-01-02,GLD,238.82,5761795
2024-01-02,VNQ,73.91,3556825
2024-01-03,SPY,353.81,51337732
2024-01-03,QQQ,320.13,38554122
2024-01-03,IWM,150.27,24425044
2024-01-03,EFA,78.19,10879437
2024-01-03,TLT,119.43,23747969
2024-01-03,LQD,133.81,12595494
2024-01-03,GLD,239.81,9634316
2024-01-03,VNQ,73.78,6901052
2024-01-04,SPY,347.23,250688254
2024-01-04,QQQ,315.89,42942603
2024-01-04,IWM,146.0,29625780
2024-01-04,EFA,76.31,15123421
2024-01-04,TLT,121.09,10260604
2024-01-04,LQD,134.76,18095268
2024-01-04,GLD,237.53,14115884
2024-01-04,VNQ,73.2,6641548
2024-01-05,SPY,351.79,88804126
2024-01-05,QQQ,322.59,41084009
2024-01-05,IWM,146.94,28046832
2024-01-05,EFA,77.05,21429575
2024-01-05,TLT,119.79,20362973
2024-01-05,LQD,133.76,12553801
2024-01-05,GLD,240.78,5928006
2024-01-05,VNQ,73.04,4423409
2024-01-08,SPY,354.6,129241270
2024-01-08,QQQ,325.5,59912718
2024-01-08,IWM,146.51,37236142
2024-01-08,EFA,77.66,14836901
2024-01-08,TLT,120.43,12937609
2024-01-08,LQD,133.58,15062797
2024-01-08,GLD,238.5,11060093
2024-01-08,VNQ,72.37,2042244
2024-01-09,SPY,354.62,71832735
2024-01-09,QQQ,329.19,65655554
2024-01-09,IWM,145.98,14993886
2024-01-09,EFA,78.09,15947634
2024-01-09,TLT,121.63,25956635
2024-01-09,LQD,133.93,6361563
2024-01-09,GLD,240.92,7385220
2024-01-09,VNQ,72.42,5007392
2024-01-10,SPY,355.8,49994914
2024-01-10,QQQ,329.23,60975837
2024-01-10,IWM,146.44,48866816
2024-01-10,EFA,78.72,15190513
2024-01-10,TLT,121.72,20744532
2024-01-10,LQD,133.13,9636015
2024-01-10,GLD,240.64,8638495
2024-01-10,VNQ,72.72,5548895
2024-01-11,SPY,354.25,124502162
2024-01-11,QQQ,324.76,88425843
2024-01-11,IWM,146.97,21408434
2024-01-11,EFA,78.13,21349315
2024-01-11,TLT,121.42,24394882
2024-01-11,LQD,133.32,19970712
2024-01-11,GLD,240.07,8061914
2024-01-11,VNQ,71.59,3072969
2024-01-12,SPY,352.73,70453808
2024-01-12,QQQ,323.5,46011309
2024-01-12,IWM,145.93,37131100
2024-01-12,EFA,77.08,10572036
2024-01-12,TLT,123.1,40083779
2024-01-12,LQD,132.65,20033973
2024-01-12,GLD,241.35,6222906
2024-01-12,VNQ,72.5,3338174
2024-01-15,SPY,354.03,56766430
2024-01-15,QQQ,330.85,35305199
2024-01-15,IWM,146.01,42852231
2024-01-15,EFA,76.7,11407079
2024-01-15,TLT,121.63,20695747
2024-01-15,LQD,131.39,13431649
2024-01-15,GLD,242.69,5453708
2024-01-15,VNQ,72.37,5392023
2024-01-16,SPY,350.95,107626009
2024-01-16,QQQ,323.13,36950692
2024-01-16,IWM,144.23,32488245
2024-01-16,EFA,76.86,23286826
2024-01-16,TLT,123.11,26507868
2024-01-16,LQD,132.48,18294464
2024-01-16,GLD,244.29,5777234
2024-01-16,VNQ,72.25,5742994
2024-01-17,SPY,343.63,57505360
2024-01-17,QQQ,315.12,38828309
2024-01-17,IWM,141.56,31382557
2024-01-17,EFA,74.99,14627705
2024-01-17,TLT,125.46,15408027
2024-01-17,LQD,132.73,14800737
2024-01-17,GLD,241.52,11838286
2024-01-17,VNQ,71.37,3044457
2024-01-18,SPY,346.73,73911127
2024-01-18,QQQ,317.86,31527494
2024-01-18,IWM,143.39,51685713
2024-01-18,EFA,75.5,11002004
2024-01-18,TLT,123.3,18824335
2024-01-18,LQD,132.29,8824932
2024-01-18,GLD,241.27,9777228
2024-01-18,VNQ,70.56,5595632
2024-01-19,SPY,357.26,77700338
2024-01-19,QQQ,331.28,56634862
2024-01-19,IWM,147.21,22587236
2024-01-19,EFA,77.16,14470606
2024-01-19,TLT,123.03,16667262
2024-01-19,LQD,132.64,14148349
2024-01-19,GLD,244.45,15963356
2024-01-19,VNQ,71.53,7921004
2024-01-22,SPY,359.01,58258948
2024-01-22,QQQ,333.53,60060035
2024-01-22,IWM,148.73,42589383
2024-01-22,EFA,78.11,25783353
2024-01-22,TLT,123.31,24076500
2024-01-22,LQD,132.93,15858330
2024-01-22,GLD,245.1,8595585
2024-01-22,VNQ,74.09,3994879
2024-01-23,SPY,354.22,191958183
2024-01-23,QQQ,328.4,55230014
2024-01-23,IWM,146.68,44022016
2024-01-23,EFA,76.04,18509825
2024-01-23,TLT,122.79,18025816
2024-01-23,LQD,131.77,13057433
2024-01-23,GLD,245.57,3692244
2024-01-23,VNQ,73.53,4055986
2024-01-24,SPY,359.58,56166235
2024-01-24,QQQ,334.71,51272576
2024-01-24,IWM,149.92,42270713
2024-01-24,EFA,76.93,16940854
2024-01-24,TLT,121.72,20674617
2024-01-24,LQD,132.48,15803058
2024-01-24,GLD,245.77,8429252
2024-01-24,VNQ,74.2,5689742
2024-01-25,SPY,361.89,62233729
2024-01-25,QQQ,337.5,33511375
2024-01-25,IWM,152.16,59459690
2024-01-25,EFA,76.48,12536179
2024-01-25,TLT,120.86,24842254
2024-01-25,LQD,133.14,22156530
2024-01-25,GLD,241.36,11278177
2024-01-25,VNQ,75.57,3843032
2024-01-26,SPY,362.78,98095908
2024-01-26,QQQ,337.72,61372064
2024-01-26,IWM,152.87,31395132
2024-01-26,EFA,76.83,28934363
2024-01-26,TLT,120.86,18391294
2024-01-26,LQD,133.58,21089720
2024-01-26,GLD,244.26,7940110
2024-01-26,VNQ,74.65,2996367
2024-01-29,SPY,364.88,125954138
2024-01-29,QQQ,338.17,47248604
2024-01-29,IWM,153.5,33181184
2024-01-29,EFA,76.17,22244143
2024-01-29,TLT,120.71,14900504
2024-01-29,LQD,131.95,13234536
2024-01-29,GLD,248.64,8325825
2024-01-29,VNQ,75.3,3295725
2024-01-30,SPY,364.54,63067581
2024-01-30,QQQ,336.96,29768146
2024-01-30,IWM,153.16,19878453
2024-01-30,EFA,76.68,20985196
2024-01-30,TLT,120.12,17265186
2024-01-30,LQD,131.99,23034044
2024-01-30,GLD,248.96,11247781
2024-01-30,VNQ,75.49,3023285
2024-01-31,SPY,361.63,83454248
2024-01-31,QQQ,333.78,32193398
2024-01-31,IWM,153.97,20784831
2024-01-31,EFA,75.93,18712930
2024-01-31,TLT,120.36,19543303
2024-01-31,LQD,132.46,8018756
2024-01-31,GLD,245.33,5077403
2024-01-31,VNQ,75.41,4954662
2024-02-01,SPY,361.27,87892623
2024-02-01,QQQ,336.05,42146002
2024-02-01,IWM,152.92,61561411
2024-02-01,EFA,75.56,20419647
2024-02-01,TLT,121.4,38201931
2024-02-01,LQD,132.99,18204111
2024-02-01,GLD,245.6,4807491
2024-02-01,VNQ,73.36,4573684
2024-02-02,SPY,369.52,44247157
2024-02-02,QQQ,340.58,36118809
2024-02-02,IWM,156.19,25144982
2024-02-02,EFA,77.27,19419050
2024-02-02,TLT,120.94,26781317
2024-02-02,LQD,134.4,11272940
2024-02-02,GLD,244.08,5449981
2024-02-02,VNQ,75.38,5324355
2024-02-05,SPY,368.75,75521453
2024-02-05,QQQ,338.81,66358065
2024-02-05,IWM,156.9,30387617
2024-02-05,EFA,77.26,16072930
2024-02-05,TLT,121.74,24284142
2024-02-05,LQD,134.41,12281040
2024-02-05,GLD,243.7,7413804
2024-02-05,VNQ,75.58,4694928
2024-02-06,SPY,374.22,69009588
2024-02-06,QQQ,347.67,66387986
2024-02-06,IWM,158.24,25305730
2024-02-06,EFA,78.35,23849286
2024-02-06,TLT,120.39,35184222
2024-02-06,LQD,134.62,13126867
2024-02-06,GLD,243.46,6130020
2024-02-06,VNQ,77.14,8730511
2024-02-07,SPY,373.07,92535297
2024-02-07,QQQ,347.6,67117613
2024-02-07,IWM,158.86,41632322
2024-02-07,EFA,77.73,11654813
2024-02-07,TLT,119.52,24849408
2024-02-07,LQD,134.22,19065862
2024-02-07,GLD,242.82,3755498
2024-02-07,VNQ,77.7,5660645
2024-02-08,SPY,370.52,84151213
2024-02-08,QQQ,344.42,82206002
2024-02-08,IWM,158.02,22911752
2024-02-08,EFA,77.93,42874748
2024-02-08,TLT,118.36,21547950
2024-02-08,LQD,132.57,11584920
2024-02-08,GLD,242.25,8329911
2024-02-08,VNQ,76.31,7762663
2024-02-09,SPY,366.04,44201965
2024-02-09,QQQ,342.38,72870688
2024-02-09,IWM,155.22,20003255
2024-02-09,EFA,77.09,25492301
2024-02-09,TLT,117.2,22186751
2024-02-09,LQD,131.37,17892444
2024-02-09,GLD,240.27,2673496
2024-02-09,VNQ,74.98,7562360
2024-02-12,SPY,365.68,41796743
2024-02-12,QQQ,342.29,118557484
2024-02-12,IWM,156.47,49309850
2024-02-12,EFA,76.9,21153483
2024-02-12,TLT,116.74,44671949
2024-02-12,LQD,131.79,32671280
2024-02-12,GLD,238.56,8151808
2024-02-12,VNQ,75.99,7335331
2024-02-13,SPY,375.17,97981476
2024-02-13,QQQ,349.77,97225651
2024-02-13,IWM,156.85,70666970
2024-02-13,EFA,80.13,19915971
2024-02-13,TLT,114.82,28582444
2024-02-13,LQD,131.49,27747876
2024-02-13,GLD,238.38,18731279
2024-02-13,VNQ,75.17,9085815
2024-02-14,SPY,399.71,77436542
2024-02-14,QQQ,378.27,216251122
2024-02-14,IWM,166.77,46078187
2024-02-14,EFA,85.01,21132658
2024-02-14,TLT,114.49,25979054
2024-02-14,LQD,133.64,21163278
2024-02-14,GLD,239.98,11670679
2024-02-14,VNQ,79.26,10322376
2024-02-15,SPY,414.82,110353006
2024-02-15,QQQ,394.94,95703630
2024-02-15,IWM,175.94,71117939
2024-02-15,EFA,88.49,65543868
2024-02-15,TLT,112.55,34136082
2024-02-15,LQD,133.57,28434007
2024-02-15,GLD,239.83,24063053
2024-02-15,VNQ,83.82,7360574
2024-02-16,SPY,402.92,166868302
2024-02-16,QQQ,373.93,68120550
2024-02-16,IWM,171.11,85741475
2024-02-16,EFA,87.54,28460903
2024-02-16,TLT,113.77,28525793
2024-02-16,LQD,132.89,31427601
2024-02-16,GLD,243.33,9848434
2024-02-16,VNQ,83.01,6530650
2024-02-19,SPY,403.29,111556954
2024-02-19,QQQ,378.26,64550186
2024-02-19,IWM,170.05,38438585
2024-02-19,EFA,86.83,40394237
2024-02-19,TLT,114.88,43620472
2024-02-19,LQD,133.59,21182056
2024-02-19,GLD,239.74,17048897
2024-02-19,VNQ,84.49,7280969
2024-02-20,SPY,400.51,101751157
2024-02-20,QQQ,360.05,95114273
2024-02-20,IWM,170.71,54831734
2024-02-20,EFA,86.08,44135954
2024-02-20,TLT,111.74,61445888
2024-02-20,LQD,131.26,20431654
2024-02-20,GLD,239.76,12247246
2024-02-20,VNQ,85.75,15168797
2024-02-21,SPY,411.89,152676143
2024-02-21,QQQ,368.41,170361874
2024-02-21,IWM,176.82,73008556
2024-02-21,EFA,88.23,30964678
2024-02-21,TLT,110.08,24318614
2024-02-21,LQD,130.92,29588012
2024-02-21,GLD,240.28,16939179
2024-02-21,VNQ,90.08,16965655
2024-02-22,SPY,409.07,138980841
2024-02-22,QQQ,369.32,178767848
2024-02-22,IWM,175.18,35657500
2024-02-22,EFA,86.17,31477224
2024-02-22,TLT,110.86,31945590
2024-02-22,LQD,131.35,27612106
2024-02-22,GLD,234.31,21239059
2024-02-22,VNQ,90.47,9763939
2024-02-23,SPY,404.36,77875380
2024-02-23,QQQ,364.04,54405712
2024-02-23,IWM,172.04,29120440
2024-02-23,EFA,85.59,14388990
2024-02-23,TLT,110.57,10961720
2024-02-23,LQD,130.92,11923435
2024-02-23,GLD,232.92,4845114
2024-02-23,VNQ,90.62,3444503
2024-02-26,SPY,400.62,95607968
2024-02-26,QQQ,361.87,49063951
2024-02-26,IWM,171.34,22913810
2024-02-26,EFA,84.87,7742695
2024-02-26,TLT,108.79,14787245
2024-02-26,LQD,129.72,13668157
2024-02-26,GLD,228.32,13343062
2024-02-26,VNQ,89.66,9690581
2024-02-27,SPY,400.46,61820827
2024-02-27,QQQ,364.8,28375283
2024-02-27,IWM,169.97,46301787
2024-02-27,EFA,85.31,17803918
2024-02-27,TLT,108.35,16260647
2024-02-27,LQD,129.59,15901997
2024-02-27,GLD,230.87,7322311
2024-02-27,VNQ,89.21,8300854
2024-02-28,SPY,397.17,97775440
2024-02-28,QQQ,361.0,34513802
2024-02-28,IWM,165.92,21593756
2024-02-28,EFA,84.01,19827434
2024-02-28,TLT,108.72,14506053
2024-02-28,LQD,129.68,21204196
2024-02-28,GLD,229.24,8568970
2024-02-28,VNQ,89.53,5342743
2024-02-29,SPY,393.57,72488628
2024-02-29,QQQ,353.26,50035047
2024-02-29,IWM,162.92,36946361
2024-02-29,EFA,84.65,13187770
2024-02-29,TLT,109.38,31103492
2024-02-29,LQD,129.75,11430304
2024-02-29,GLD,229.3,6299938
2024-02-29,VNQ,88.35,5138605
2024-03-01,SPY,408.62,60325913
2024-03-01,QQQ,365.46,62057974
2024-03-01,IWM,169.63,18328163
2024-03-01,EFA,86.78,19634140
2024-03-01,TLT,109.62,13589645
2024-03-01,LQD,130.75,16690982
2024-03-01,GLD,233.05,7697643
2024-03-01,VNQ,91.69,3459712
2024-03-04,SPY,406.28,52021883
2024-03-04,QQQ,364.12,47133287
2024-03-04,IWM,169.15,31635961
2024-03-04,EFA,86.6,31338587
2024-03-04,TLT,108.91,34746965
2024-03-04,LQD,128.76,9778092
2024-03-04,GLD,230.53,9733559
2024-03-04,VNQ,90.49,3278549
2024-03-05,SPY,406.28,86756134
2024-03-05,QQQ,363.13,63494833
2024-03-05,IWM,170.09,37297292
2024-03-05,EFA,87.56,21031445
2024-03-05,TLT,109.35,20562099
2024-03-05,LQD,128.69,15608384
2024-03-05,GLD,232.02,7850702
2024-03-05,VNQ,92.48,5009172
2024-03-06,SPY,406.47,99169611
2024-03-06,QQQ,361.14,69244662
2024-03-06,IWM,169.4,15032754
2024-03-06,EFA,88.34,22651202
2024-03-06,TLT,107.24,16611979
2024-03-06,LQD,127.94,13038732
2024-03-06,GLD,229.53,5714232
2024-03-06,VNQ,90.33,5148229
2024-03-07,SPY,404.57,89256809
2024-03-07,QQQ,361.99,58400527
2024-03-07,IWM,167.65,16024089
2024-03-07,EFA,87.36,15841805
2024-03-07,TLT,108.16,23191487
2024-03-07,LQD,127.99,13699484
2024-03-07,GLD,232.97,9182022
2024-03-07,VNQ,90.22,6770428
2024-03-08,SPY,400.93,105266696
2024-03-08,QQQ,355.91,32552721
2024-03-08,IWM,165.14,19401204
2024-03-08,EFA,87.04,9668661
2024-03-08,TLT,108.28,20101759
2024-03-08,LQD,127.97,19423826
2024-03-08,GLD,234.65,10595156
2024-03-08,VNQ,88.69,3064400
2024-03-11,SPY,400.78,92646739
2024-03-11,QQQ,355.59,53902096
2024-03-11,IWM,166.32,23104746
2024-03-11,EFA,86.75,30182448
2024-03-11,TLT,106.87,25765514
2024-03-11,LQD,127.78,12431869
2024-03-11,GLD,234.11,11625339
2024-03-11,VNQ,88.65,4702192
2024-03-12,SPY,393.45,27012356
2024-03-12,QQQ,345.58,94445080
2024-03-12,IWM,163.0,36017398
2024-03-12,EFA,84.33,18741811
2024-03-12,TLT,107.5,27748291
2024-03-12,LQD,127.54,10288455
2024-03-12,GLD,229.51,10708818
2024-03-12,VNQ,86.89,4078267
2024-03-13,SPY,392.7,52299295
2024-03-13,QQQ,342.39,50575570
2024-03-13,IWM,162.02,27618785
2024-03-13,EFA,84.94,19782925
2024-03-13,TLT,108.24,22908504
2024-03-13,LQD,129.43,11213095
2024-03-13,GLD,229.86,6012476
2024-03-13,VNQ,87.46,4284004
2024-03-14,SPY,393.11,154352038
2024-03-14,QQQ,343.54,60416192
2024-03-14,IWM,159.07,36226189
2024-03-14,EFA,84.77,40659420
2024-03-14,TLT,109.3,41785390
2024-03-14,LQD,130.56,33715386
2024-03-14,GLD,229.34,21154028
2024-03-14,VNQ,86.45,19472377
2024-03-15,SPY,388.11,164972933
2024-03-15,QQQ,344.68,71720733
2024-03-15,IWM,159.28,43427316
2024-03-15,EFA,84.26,30324678
2024-03-15,TLT,111.06,37716896
2024-03-15,LQD,130.78,23298575
2024-03-15,GLD,231.05,12566850
2024-03-15,VNQ,86.45,9109964
2024-03-18,SPY,380.04,272100336
2024-03-18,QQQ,336.44,78649210
2024-03-18,IWM,157.1,43349298
2024-03-18,EFA,84.05,27893003
2024-03-18,TLT,112.64,20368657
2024-03-18,LQD,131.25,48899448
2024-03-18,GLD,234.95,16855813
2024-03-18,VNQ,86.73,6097302
2024-03-19,SPY,389.81,110298496
2024-03-19,QQQ,351.52,63162539
2024-03-19,IWM,164.61,72063729
2024-03-19,EFA,87.63,24860930
2024-03-19,TLT,111.23,35584342
2024-03-19,LQD,131.19,20683870
2024-03-19,GLD,236.79,9167544
2024-03-19,VNQ,88.51,10197569
2024-03-20,SPY,388.72,83488042
2024-03-20,QQQ,347.74,84157211
2024-03-20,IWM,160.36,51231655
2024-03-20,EFA,88.58,30128211
2024-03-20,TLT,111.44,40288987
2024-03-20,LQD,131.64,32639798
2024-03-20,GLD,236.27,10757403
2024-03-20,VNQ,86.61,6729075
2024-03-21,SPY,397.86,163585274
2024-03-21,QQQ,362.36,109172049
2024-03-21,IWM,167.91,49692816
2024-03-21,EFA,90.18,29787335
2024-03-21,TLT,109.95,31637074
2024-03-21,LQD,132.23,34833981
2024-03-21,GLD,232.15,13492129
2024-03-21,VNQ,88.2,7098387
2024-03-22,SPY,414.14,69794004
2024-03-22,QQQ,386.02,137084369
2024-03-22,IWM,177.86,51981353
2024-03-22,EFA,95.27,40588062
2024-03-22,TLT,110.08,20077561
2024-03-22,LQD,133.12,17311140
2024-03-22,GLD,233.48,17259329
2024-03-22,VNQ,90.96,4029905
2024-03-25,SPY,430.19,128360006
2024-03-25,QQQ,401.75,94548055
2024-03-25,IWM,188.13,53931996
2024-03-25,EFA,97.72,51043989
2024-03-25,TLT,109.29,28656174
2024-03-25,LQD,134.19,18072289
2024-03-25,GLD,237.36,8465331
2024-03-25,VNQ,94.67,7153638
2024-03-26,SPY,419.09,148809357
2024-03-26,QQQ,382.33,141150422
2024-03-26,IWM,177.12,47787646
2024-03-26,EFA,94.64,26083734
2024-03-26,TLT,108.56,21160326
2024-03-26,LQD,132.43,29520041
2024-03-26,GLD,236.24,11677975
2024-03-26,VNQ,92.31,9176356
2024-03-27,SPY,416.8,168778528
2024-03-27,QQQ,383.21,53497835
2024-03-27,IWM,177.81,50171164
2024-03-27,EFA,91.86,18633319
2024-03-27,TLT,107.0,49690238
2024-03-27,LQD,130.2,23355070
2024-03-27,GLD,235.11,15685674
2024-03-27,VNQ,91.82,7502155
2024-03-28,SPY,416.62,118315318
2024-03-28,QQQ,380.2,108853696
2024-03-28,IWM,179.14,38302302
2024-03-28,EFA,91.5,25625909
2024-03-28,TLT,105.86,33941319
2024-03-28,LQD,129.68,34103449
2024-03-28,GLD,234.76,16642540
2024-03-28,VNQ,92.74,11690526
2024-03-29,SPY,413.94,118748998
2024-03-29,QQQ,374.76,57882042
2024-03-29,IWM,180.51,111209534
2024-03-29,EFA,92.24,23271911
2024-03-29,TLT,107.52,44952351
2024-03-29,LQD,131.36,24924975
2024-03-29,GLD,232.68,11760615
2024-03-29,VNQ,92.64,6188018
2024-04-01,SPY,409.23,202649445
2024-04-01,QQQ,377.73,74052464
2024-04-01,IWM,176.82,60139500
2024-04-01,EFA,91.01,26741046
2024-04-01,TLT,108.01,24155407
2024-04-01,LQD,130.94,26088440
2024-04-01,GLD,230.65,19016504
2024-04-01,VNQ,90.47,8275919
2024-04-02,SPY,416.14,264501655
2024-04-02,QQQ,384.96,67654327
2024-04-02,IWM,180.04,44821838
2024-04-02,EFA,94.15,32687241
2024-04-02,TLT,105.79,26147095
2024-04-02,LQD,129.2,38938903
2024-04-02,GLD,231.04,16164727
2024-04-02,VNQ,94.25,9009863
2024-04-03,SPY,413.71,123757594
2024-04-03,QQQ,373.76,102214975
2024-04-03,IWM,180.16,54120683
2024-04-03,EFA,94.66,44318830
2024-04-03,TLT,104.83,20856239
2024-04-03,LQD,127.8,24112012
2024-04-03,GLD,233.81,20096279
2024-04-03,VNQ,97.27,7787957
2024-04-04,SPY,409.26,182211931
2024-04-04,QQQ,360.74,68594519
2024-04-04,IWM,176.05,34628759
2024-04-04,EFA,96.19,53549783
2024-04-04,TLT,105.54,19655765
2024-04-04,LQD,127.6,13738684
2024-04-04,GLD,236.51,17066418
2024-04-04,VNQ,97.67,9594008
2024-04-05,SPY,407.83,161819306
2024-04-05,QQQ,362.57,146248223
2024-04-05,IWM,175.4,31079837
2024-04-05,EFA,95.3,29486212
2024-04-05,TLT,106.05,65166815
2024-04-05,LQD,127.41,25411934
2024-04-05,GLD,235.52,13066557
2024-04-05,VNQ,95.71,11776977
2024-04-08,SPY,400.42,162076353
2024-04-08,QQQ,352.87,111575271
2024-04-08,IWM,171.61,75477699
2024-04-08,EFA,92.82,32650238
2024-04-08,TLT,106.57,35578599
2024-04-08,LQD,127.04,12488750
2024-04-08,GLD,235.69,12693386
2024-04-08,VNQ,93.29,9679529
2024-04-09,SPY,404.76,152819317
2024-04-09,QQQ,354.14,79780743
2024-04-09,IWM,170.47,67441162
2024-04-09,EFA,93.51,50184707
2024-04-09,TLT,105.19,24853182
2024-04-09,LQD,126.31,31516194
2024-04-09,GLD,230.56,8739072
2024-04-09,VNQ,92.02,10938051
2024-04-10,SPY,420.46,121784571
2024-04-10,QQQ,381.78,129779459
2024-04-10,IWM,178.95,61177806
2024-04-10,EFA,96.12,21606609
2024-04-10,TLT,104.63,49458150
2024-04-10,LQD,127.34,29772488
2024-04-10,GLD,232.28,18631696
2024-04-10,VNQ,97.62,5066642
2024-04-11,SPY,418.72,170782372
2024-04-11,QQQ,379.58,85119494
2024-04-11,IWM,180.78,47037860
2024-04-11,EFA,96.66,26900298
2024-04-11,TLT,104.98,26136999
2024-04-11,LQD,127.46,23386154
2024-04-11,GLD,231.53,15768988
2024-04-11,VNQ,97.51,7852875
2024-04-12,SPY,403.88,80120388
2024-04-12,QQQ,353.77,81039960
2024-04-12,IWM,171.3,59706699
2024-04-12,EFA,94.65,25020838
2024-04-12,TLT,106.79,35331487
2024-04-12,LQD,127.46,46262168
2024-04-12,GLD,233.33,9992842
2024-04-12,VNQ,94.01,10981293
2024-04-15,SPY,417.25,117385003
2024-04-15,QQQ,373.52,87624196
2024-04-15,IWM,178.18,35918944
2024-04-15,EFA,95.77,48193284
2024-04-15,TLT,104.88,42618316
2024-04-15,LQD,127.5,38901449
2024-04-15,GLD,231.79,22166650
2024-04-15,VNQ,95.61,12841113
2024-04-16,SPY,405.73,29670457
2024-04-16,QQQ,361.87,36800211
2024-04-16,IWM,173.23,20340442
2024-04-16,EFA,94.13,16376632
2024-04-16,TLT,105.03,16911972
2024-04-16,LQD,125.53,13970316
2024-04-16,GLD,234.38,5081437
2024-04-16,VNQ,92.9,4512931
2024-04-17,SPY,406.7,115244141
2024-04-17,QQQ,363.96,57512366
2024-04-17,IWM,174.02,32846172
2024-04-17,EFA,93.84,23408749
2024-04-17,TLT,104.4,27400421
2024-04-17,LQD,124.6,14408795
2024-04-17,GLD,231.92,8344540
2024-04-17,VNQ,93.1,6836319
2024-04-18,SPY,403.28,93910130
2024-04-18,QQQ,359.22,42562335
2024-04-18,IWM,171.49,28878923
2024-04-18,EFA,92.1,14317665
2024-04-18,TLT,104.31,15662719
2024-04-18,LQD,124.59,9768337
2024-04-18,GLD,232.54,6418304
2024-04-18,VNQ,92.3,2687073
2024-04-19,SPY,400.53,53284552
2024-04-19,QQQ,357.27,77645327
2024-04-19,IWM,172.02,28468897
2024-04-19,EFA,91.67,18119435
2024-04-19,TLT,105.83,13012820
2024-04-19,LQD,125.55,15304166
2024-04-19,GLD,233.44,7600702
2024-04-19,VNQ,94.0,3235725
2024-04-22,SPY,405.72,66122034
2024-04-22,QQQ,359.48,45690666
2024-04-22,IWM,173.38,21586347
2024-04-22,EFA,93.17,23426735
2024-04-22,TLT,106.28,14122729
2024-04-22,LQD,125.66,22344301
2024-04-22,GLD,235.11,3435302
2024-04-22,VNQ,95.32,5444939
2024-04-23,SPY,406.17,86709262
2024-04-23,QQQ,357.15,62880231
2024-04-23,IWM,172.01,49437752
2024-04-23,EFA,91.57,24434813
2024-04-23,TLT,105.76,21323372
2024-04-23,LQD,125.26,16419521
2024-04-23,GLD,232.66,5617301
2024-04-23,VNQ,94.72,3760984
2024-04-24,SPY,399.98,105017179
2024-04-24,QQQ,346.39,74363846
2024-04-24,IWM,168.75,43385624
2024-04-24,EFA,90.57,24223833
2024-04-24,TLT,106.24,28800016
2024-04-24,LQD,125.45,11424768
2024-04-24,GLD,236.67,5655073
2024-04-24,VNQ,93.62,4517883
2024-04-25,SPY,399.11,45819304
2024-04-25,QQQ,343.99,46007017
2024-04-25,IWM,167.42,20426470
2024-04-25,EFA,90.54,23073477
2024-04-25,TLT,107.6,30566484
2024-04-25,LQD,125.97,9990934
2024-04-25,GLD,236.02,21738691
2024-04-25,VNQ,92.55,5751268
2024-04-26,SPY,393.53,55665501
2024-04-26,QQQ,339.77,39966016
2024-04-26,IWM,166.4,13226321
2024-04-26,EFA,90.18,16342923
2024-04-26,TLT,107.44,23237712
2024-04-26,LQD,125.69,9415589
2024-04-26,GLD,233.18,13362079
2024-04-26,VNQ,93.39,4349073
2024-04-29,SPY,392.63,63289331
2024-04-29,QQQ,338.0,36819388
2024-04-29,IWM,166.71,21353943
2024-04-29,EFA,89.53,21324876
2024-04-29,TLT,105.54,17045544
2024-04-29,LQD,124.71,8008200
2024-04-29,GLD,234.72,6283058
2024-04-29,VNQ,92.63,8448686
2024-04-30,SPY,392.02,62940069
2024-04-30,QQQ,337.28,84401137
2024-04-30,IWM,167.35,51467911
2024-04-30,EFA,88.37,15752800
2024-04-30,TLT,105.01,24077891
2024-04-30,LQD,123.02,14108004
2024-04-30,GLD,236.15,12045498
2024-04-30,VNQ,93.16,5037071
2024-05-01,SPY,388.7,69218751
2024-05-01,QQQ,336.49,35944800
2024-05-01,IWM,165.75,25932109
2024-05-01,EFA,86.77,26447164
2024-05-01,TLT,103.66,27393937
2024-05-01,LQD,121.42,14506939
2024-05-01,GLD,236.84,8313505
2024-05-01,VNQ,91.09,2323978
2024-05-02,SPY,390.53,104477823
2024-05-02,QQQ,338.56,25779703
2024-05-02,IWM,166.82,30804516
2024-05-02,EFA,86.63,14090783
2024-05-02,TLT,103.24,19601501
2024-05-02,LQD,121.3,7811013
2024-05-02,GLD,236.35,7093871
2024-05-02,VNQ,92.08,6289048
2024-05-03,SPY,388.69,118692245
2024-05-03,QQQ,333.85,57221486
2024-05-03,IWM,165.92,29058342
2024-05-03,EFA,86.25,17029457
2024-05-03,TLT,104.48,10364890
2024-05-03,LQD,121.87,29696365
2024-05-03,GLD,238.04,5271130
2024-05-03,VNQ,91.61,5162129
2024-05-06,SPY,378.61,78548984
2024-05-06,QQQ,322.74,36562681
2024-05-06,IWM,160.96,32032788
2024-05-06,EFA,84.49,23341719
2024-05-06,TLT,104.23,13666198
2024-05-06,LQD,121.23,20849863
2024-05-06,GLD,233.18,9032907
2024-05-06,VNQ,88.86,8528967
2024-05-07,SPY,377.85,37127732
2024-05-07,QQQ,321.7,75912134
2024-05-07,IWM,160.57,25950060
2024-05-07,EFA,83.13,19477166
2024-05-07,TLT,102.34,10809158
2024-05-07,LQD,120.09,16955993
2024-05-07,GLD,232.63,7331830
2024-05-07,VNQ,90.5,4491286
2024-05-08,SPY,372.5,115329661
2024-05-08,QQQ,318.2,30637081
2024-05-08,IWM,158.79,22058825
2024-05-08,EFA,82.66,16542384
2024-05-08,TLT,102.9,16400526
2024-05-08,LQD,119.85,12674341
2024-05-08,GLD,230.96,10798649
2024-05-08,VNQ,89.29,4769630
2024-05-09,SPY,369.66,59842340
2024-05-09,QQQ,316.45,48773774
2024-05-09,IWM,158.22,30511188
2024-05-09,EFA,81.88,16907537
2024-05-09,TLT,101.91,28333121
2024-05-09,LQD,118.92,31477206
2024-05-09,GLD,228.88,12432550
2024-05-09,VNQ,86.57,5357452
2024-05-10,SPY,374.41,52808641
2024-05-10,QQQ,325.61,56561687
2024-05-10,IWM,161.73,22937602
2024-05-10,EFA,83.74,8421193
2024-05-10,TLT,100.8,31383942
2024-05-10,LQD,118.49,26000342
2024-05-10,GLD,226.91,7420410
2024-05-10,VNQ,88.39,4684869
2024-05-13,SPY,375.54,83026529
2024-05-13,QQQ,325.62,34114269
2024-05-13,IWM,162.86,27520485
2024-05-13,EFA,83.5,54200557
2024-05-13,TLT,100.26,21488855
2024-05-13,LQD,117.81,16006580
2024-05-13,GLD,227.62,8599566
2024-05-13,VNQ,90.42,3657937
2024-05-14,SPY,372.49,126351518
2024-05-14,QQQ,320.49,49731250
2024-05-14,IWM,160.96,41875636
2024-05-14,EFA,82.67,20851990
2024-05-14,TLT,100.27,24998179
2024-05-14,LQD,117.48,10857451
2024-05-14,GLD,227.67,10827598
2024-05-14,VNQ,90.86,2988481
2024-05-15,SPY,375.6,45601136
2024-05-15,QQQ,318.62,32765664
2024-05-15,IWM,161.83,16766205
2024-05-15,EFA,82.23,18464760
2024-05-15,TLT,98.76,25641125
2024-05-15,LQD,117.06,25786293
2024-05-15,GLD,224.94,9851897
2024-05-15,VNQ,89.97,4021022
2024-05-16,SPY,375.21,52706007
2024-05-16,QQQ,319.73,41232705
2024-05-16,IWM,163.43,23762849
2024-05-16,EFA,82.58,40822244
2024-05-16,TLT,98.55,32374699
2024-05-16,LQD,118.35,4762283
2024-05-16,GLD,223.42,6918876
2024-05-16,VNQ,90.13,2818755
2024-05-17,SPY,374.28,42394994
2024-05-17,QQQ,317.29,47896526
2024-05-17,IWM,162.93,37658484
2024-05-17,EFA,82.47,12415466
2024-05-17,TLT,99.07,25903373
2024-05-17,LQD,118.68,23273389
2024-05-17,GLD,221.49,9212750
2024-05-17,VNQ,89.39,4270670
2024-05-20,SPY,373.31,92828179
2024-05-20,QQQ,320.06,44057061
2024-05-20,IWM,162.22,45981253
2024-05-20,EFA,81.39,19655078
2024-05-20,TLT,100.45,16655646
2024-05-20,LQD,119.59,30884206
2024-05-20,GLD,222.09,6283377
2024-05-20,VNQ,89.32,5193073
2024-05-21,SPY,375.29,92798518
2024-05-21,QQQ,322.93,78367367
2024-05-21,IWM,162.18,23167505
2024-05-21,EFA,81.47,28647004
2024-05-21,TLT,100.92,19169230
2024-05-21,LQD,119.94,19874959
2024-05-21,GLD,220.76,8384514
2024-05-21,VNQ,88.23,4402255
2024-05-22,SPY,372.5,84063126
2024-05-22,QQQ,321.38,88090500
2024-05-22,IWM,159.06,33861905
2024-05-22,EFA,80.4,27893747
2024-05-22,TLT,100.96,23534718
2024-05-22,LQD,119.85,15377559
2024-05-22,GLD,220.17,7002383
2024-05-22,VNQ,86.65,4096062
2024-05-23,SPY,369.29,122954552
2024-05-23,QQQ,321.75,47446694
2024-05-23,IWM,157.22,34387428
2024-05-23,EFA,79.06,24034252
2024-05-23,TLT,102.01,17275268
2024-05-23,LQD,119.88,15205269
2024-05-23,GLD,219.08,7036525
2024-05-23,VNQ,85.75,3845690
2024-05-24,SPY,365.53,98864412
2024-05-24,QQQ,318.07,54854649
2024-05-24,IWM,154.39,39007542
2024-05-24,EFA,78.97,16749934
2024-05-24,TLT,103.23,32184586
2024-05-24,LQD,120.59,23615489
2024-05-24,GLD,218.98,9327421
2024-05-24,VNQ,85.96,11490546
2024-05-27,SPY,364.28,79416574
2024-05-27,QQQ,315.26,49520239
2024-05-27,IWM,152.15,19354227
2024-05-27,EFA,79.33,21307942
2024-05-27,TLT,104.26,14103721
2024-05-27,LQD,120.95,11776147
2024-05-27,GLD,216.12,4199795
2024-05-27,VNQ,86.4,3871845
2024-05-28,SPY,367.0,127656405
2024-05-28,QQQ,319.64,48944154
2024-05-28,IWM,151.72,47451244
2024-05-28,EFA,80.03,22019356
2024-05-28,TLT,104.59,39105671
2024-05-28,LQD,120.84,23171601
2024-05-28,GLD,215.36,18931457
2024-05-28,VNQ,86.39,6299897
2024-05-29,SPY,363.76,71817797
2024-05-29,QQQ,314.56,57072257
2024-05-29,IWM,150.24,22774888
2024-05-29,EFA,80.62,8785483
2024-05-29,TLT,105.4,16369125
2024-05-29,LQD,121.07,18006469
2024-05-29,GLD,216.13,12497987
2024-05-29,VNQ,85.08,9781719
2024-05-30,SPY,362.98,133085343
2024-05-30,QQQ,313.28,52570454
2024-05-30,IWM,150.27,24743890
2024-05-30,EFA,81.1,9329581
2024-05-30,TLT,105.6,11169427
2024-05-30,LQD,120.82,12923446
2024-05-30,GLD,216.78,5731477
2024-05-30,VNQ,86.15,4659349
2024-05-31,SPY,366.11,55629566
2024-05-31,QQQ,314.25,75188313
2024-05-31,IWM,150.89,24095381
2024-05-31,EFA,82.07,13205167
2024-05-31,TLT,104.69,11718527
2024-05-31,LQD,120.74,8282572
2024-05-31,GLD,218.79,12118151
2024-05-31,VNQ,86.1,7002566
2024-06-03,SPY,372.5,58932415
2024-06-03,QQQ,314.41,41191002
2024-06-03,IWM,154.28,52358759
2024-06-03,EFA,83.75,10950839
2024-06-03,TLT,102.26,29846628
2024-06-03,LQD,119.79,14217152
2024-06-03,GLD,216.32,7690721
2024-06-03,VNQ,86.16,5977034
2024-06-04,SPY,380.19,76454623
2024-06-04,QQQ,316.98,49010297
2024-06-04,IWM,158.37,25479569
2024-06-04,EFA,85.29,25349603
2024-06-04,TLT,102.75,24055016
2024-06-04,LQD,120.12,13664934
2024-06-04,GLD,216.52,7204594
2024-06-04,VNQ,86.72,8868947
2024-06-05,SPY,376.86,86640749
2024-06-05,QQQ,313.62,40263807
2024-06-05,IWM,157.72,36615313
2024-06-05,EFA,85.71,18576294
2024-06-05,TLT,102.88,22642102
2024-06-05,LQD,119.73,36638830
2024-06-05,GLD,215.67,6697452
2024-06-05,VNQ,85.98,9993445
2024-06-06,SPY,374.69,51267329
2024-06-06,QQQ,313.98,28726687
2024-06-06,IWM,157.45,25418489
2024-06-06,EFA,84.62,17097367
2024-06-06,TLT,102.96,22748821
2024-06-06,LQD,119.02,15508715
2024-06-06,GLD,212.37,14106429
2024-06-06,VNQ,83.99,6000046
2024-06-07,SPY,372.2,115291512
2024-06-07,QQQ,312.14,65738363
2024-06-07,IWM,154.73,31898143
2024-06-07,EFA,84.43,17626376
2024-06-07,TLT,104.64,16169990
2024-06-07,LQD,119.17,28389514
2024-06-07,GLD,209.72,9011124
2024-06-07,VNQ,84.13,4640084
2024-06-10,SPY,380.04,110492960
2024-06-10,QQQ,316.95,69422362
2024-06-10,IWM,159.51,30392179
2024-06-10,EFA,86.47,8583293
2024-06-10,TLT,104.92,25748775
2024-06-10,LQD,120.47,12339626
2024-06-10,GLD,213.45,14769637
2024-06-10,VNQ,85.66,4732872
2024-06-11,SPY,377.72,130415519
2024-06-11,QQQ,314.63,47477706
2024-06-11,IWM,157.35,60703849
2024-06-11,EFA,87.49,9018774
2024-06-11,TLT,105.6,40235588
2024-06-11,LQD,120.02,29282273
2024-06-11,GLD,215.01,8460517
2024-06-11,VNQ,86.15,4696681
2024-06-12,SPY,378.59,103899661
2024-06-12,QQQ,316.88,38529378
2024-06-12,IWM,155.8,28062508
2024-06-12,EFA,88.73,20121582
2024-06-12,TLT,105.61,19172929
2024-06-12,LQD,120.76,14785623
2024-06-12,GLD,215.02,9094824
2024-06-12,VNQ,86.28,6084180
2024-06-13,SPY,388.83,134887812
2024-06-13,QQQ,334.23,84398963
2024-06-13,IWM,158.47,40574075
2024-06-13,EFA,90.53,30574243
2024-06-13,TLT,103.72,25540303
2024-06-13,LQD,120.55,25129818
2024-06-13,GLD,213.69,8603798
2024-06-13,VNQ,86.57,5480312
2024-06-14,SPY,387.92,120316468
2024-06-14,QQQ,330.31,184370172
2024-06-14,IWM,155.13,47646389
2024-06-14,EFA,90.7,54792379
2024-06-14,TLT,104.76,63156841
2024-06-14,LQD,121.33,37707552
2024-06-14,GLD,212.62,19930574
2024-06-14,VNQ,85.87,8656127
2024-06-17,SPY,393.86,176288267
2024-06-17,QQQ,349.4,61287982
2024-06-17,IWM,160.56,61625531
2024-06-17,EFA,92.28,19664989
2024-06-17,TLT,105.02,38147332
2024-06-17,LQD,121.83,19521718
2024-06-17,GLD,214.04,21483825
2024-06-17,VNQ,88.03,6170292
2024-06-18,SPY,398.6,128832660
2024-06-18,QQQ,350.29,54475012
2024-06-18,IWM,162.46,72631736
2024-06-18,EFA,91.6,26028163
2024-06-18,TLT,104.75,66636678
2024-06-18,LQD,121.97,13831632
2024-06-18,GLD,213.43,18402046
2024-06-18,VNQ,90.23,5789441
2024-06-19,SPY,387.74,148978594
2024-06-19,QQQ,339.38,107917799
2024-06-19,IWM,155.35,33340207
2024-06-19,EFA,89.55,22118599
2024-06-19,TLT,105.84,20326676
2024-06-19,LQD,121.26,49401024
2024-06-19,GLD,215.01,10272085
2024-06-19,VNQ,87.01,5789504
2024-06-20,SPY,395.37,188850135
2024-06-20,QQQ,345.15,75102186
2024-06-20,IWM,160.05,46520726
2024-06-20,EFA,92.65,39300731
2024-06-20,TLT,104.42,25924050
2024-06-20,LQD,120.99,26564990
2024-06-20,GLD,217.47,9939098
2024-06-20,VNQ,86.42,6941611
2024-06-21,SPY,390.59,112539217
2024-06-21,QQQ,346.09,76840516
2024-06-21,IWM,158.17,59643805
2024-06-21,EFA,93.05,31692756
2024-06-21,TLT,105.46,24993133
2024-06-21,LQD,121.28,22444642
2024-06-21,GLD,220.21,10015115
2024-06-21,VNQ,85.78,10297551
2024-06-24,SPY,392.29,162801380
2024-06-24,QQQ,346.94,57419828
2024-06-24,IWM,156.16,58619396
2024-06-24,EFA,93.0,41155884
2024-06-24,TLT,105.78,36163135
2024-06-24,LQD,121.59,45079679
2024-06-24,GLD,224.65,8092427
2024-06-24,VNQ,84.59,5671427
2024-06-25,SPY,393.34,130093640
2024-06-25,QQQ,347.54,111442591
2024-06-25,IWM,157.97,27703876
2024-06-25,EFA,93.23,10948553
2024-06-25,TLT,105.41,16880695
2024-06-25,LQD,121.39,18527977
2024-06-25,GLD,226.13,3200026
2024-06-25,VNQ,86.35,4068343
2024-06-26,SPY,387.75,72694956
2024-06-26,QQQ,340.2,74852156
2024-06-26,IWM,155.18,37745603
2024-06-26,EFA,92.25,38928850
2024-06-26,TLT,106.56,20570402
2024-06-26,LQD,121.31,16790859
2024-06-26,GLD,225.14,8472532
2024-06-26,VNQ,85.58,5788069
2024-06-27,SPY,386.91,74892617
2024-06-27,QQQ,334.67,55522886
2024-06-27,IWM,154.43,24444379
2024-06-27,EFA,91.06,13409575
2024-06-27,TLT,105.83,35130049
2024-06-27,LQD,120.5,34578361
2024-06-27,GLD,224.71,4565753
2024-06-27,VNQ,85.73,8025016
2024-06-28,SPY,389.48,76309640
2024-06-28,QQQ,338.95,43154573
2024-06-28,IWM,155.67,60698677
2024-06-28,EFA,91.01,9457137
2024-06-28,TLT,104.8,14373766
2024-06-28,LQD,120.67,25557392
2024-06-28,GLD,223.83,4839722
2024-06-28,VNQ,86.24,5235092
2024-07-01,SPY,386.68,99741078
2024-07-01,QQQ,338.48,47535882
2024-07-01,IWM,153.98,31089252
2024-07-01,EFA,91.35,20740216
2024-07-01,TLT,105.48,20762834
2024-07-01,LQD,120.65,15747405
2024-07-01,GLD,226.39,18502173
2024-07-01,VNQ,85.6,5637832
2024-07-02,SPY,379.46,78977916
2024-07-02,QQQ,332.79,21079176
2024-07-02,IWM,149.0,25850774
2024-07-02,EFA,89.06,9926580
2024-07-02,TLT,105.36,26392349
2024-07-02,LQD,118.88,18633414
2024-07-02,GLD,226.83,5710328
2024-07-02,VNQ,84.22,3432050
2024-07-03,SPY,383.89,79539900
2024-07-03,QQQ,340.89,62381124
2024-07-03,IWM,150.57,39900106
2024-07-03,EFA,88.61,15913322
2024-07-03,TLT,106.15,36280166
2024-07-03,LQD,119.12,12094730
2024-07-03,GLD,229.26,5674908
2024-07-03,VNQ,85.16,6811082
2024-07-04,SPY,384.89,103953717
2024-07-04,QQQ,342.55,41504797
2024-07-04,IWM,150.97,33546785
2024-07-04,EFA,88.34,11466949
2024-07-04,TLT,105.49,17255849
2024-07-04,LQD,118.82,25820817
2024-07-04,GLD,229.01,15539033
2024-07-04,VNQ,85.01,6922317
2024-07-05,SPY,377.86,131628894
2024-07-05,QQQ,337.0,41273312
2024-07-05,IWM,148.91,19310721
2024-07-05,EFA,87.16,30475444
2024-07-05,TLT,107.31,27941265
2024-07-05,LQD,118.49,28244410
2024-07-05,GLD,233.82,15295011
2024-07-05,VNQ,84.15,5589459
2024-07-08,SPY,374.37,43387517
2024-07-08,QQQ,334.26,77274252
2024-07-08,IWM,149.35,31880877
2024-07-08,EFA,86.15,14608548
2024-07-08,TLT,106.44,17068468
2024-07-08,LQD,117.88,14333198
2024-07-08,GLD,233.72,3949134
2024-07-08,VNQ,84.21,5946042
2024-07-09,SPY,373.0,107918986
2024-07-09,QQQ,330.81,59425794
2024-07-09,IWM,149.46,25985750
2024-07-09,EFA,85.32,37298276
2024-07-09,TLT,105.82,23115025
2024-07-09,LQD,117.33,25100176
2024-07-09,GLD,233.75,10336421
2024-07-09,VNQ,83.51,3883107
2024-07-10,SPY,367.88,53586665
2024-07-10,QQQ,321.39,52881226
2024-07-10,IWM,147.4,18814130
2024-07-10,EFA,84.31,14762085
2024-07-10,TLT,106.55,20850791
2024-07-10,LQD,117.58,16855048
2024-07-10,GLD,234.7,9321385
2024-07-10,VNQ,82.18,3578475
2024-07-11,SPY,368.88,58206587
2024-07-11,QQQ,323.01,85557310
2024-07-11,IWM,149.32,36200913
2024-07-11,EFA,84.2,15268099
2024-07-11,TLT,105.28,23098888
2024-07-11,LQD,117.66,13644528
2024-07-11,GLD,236.08,7262913
2024-07-11,VNQ,83.66,5491470
2024-07-12,SPY,368.74,121924136
2024-07-12,QQQ,322.69,60062224
2024-07-12,IWM,148.97,25395522
2024-07-12,EFA,84.48,15236877
2024-07-12,TLT,104.99,16393536
2024-07-12,LQD,117.01,18767529
2024-07-12,GLD,234.42,9141705
2024-07-12,VNQ,83.29,4145691
2024-07-15,SPY,374.25,76753114
2024-07-15,QQQ,333.11,34531435
2024-07-15,IWM,149.27,50986109
2024-07-15,EFA,84.96,36725017
2024-07-15,TLT,104.47,19319483
2024-07-15,LQD,116.7,14913386
2024-07-15,GLD,238.24,6533891
2024-07-15,VNQ,82.44,3694528
2024-07-16,SPY,375.04,60234850
2024-07-16,QQQ,337.69,34850683
2024-07-16,IWM,148.36,19028722
2024-07-16,EFA,84.87,12590561
2024-07-16,TLT,105.49,11976337
2024-07-16,LQD,117.52,14321918
2024-07-16,GLD,241.46,5017340
2024-07-16,VNQ,82.87,5193287
2024-07-17,SPY,375.12,98094622
2024-07-17,QQQ,341.44,44549054
2024-07-17,IWM,148.56,34495131
2024-07-17,EFA,86.16,13735357
2024-07-17,TLT,104.04,31824929
2024-07-17,LQD,117.25,10502372
2024-07-17,GLD,238.63,9938648
2024-07-17,VNQ,82.53,8131179
2024-07-18,SPY,375.85,104114235
2024-07-18,QQQ,344.39,75718541
2024-07-18,IWM,151.37,38921623
2024-07-18,EFA,86.81,15888332
2024-07-18,TLT,103.82,27208180
2024-07-18,LQD,117.01,14347886
2024-07-18,GLD,237.19,8862911
2024-07-18,VNQ,83.23,4460984
2024-07-19,SPY,388.98,86498280
2024-07-19,QQQ,357.58,35359775
2024-07-19,IWM,158.4,18591064
2024-07-19,EFA,87.16,16529094
2024-07-19,TLT,102.93,23520550
2024-07-19,LQD,117.09,14988327
2024-07-19,GLD,240.77,5211944
2024-07-19,VNQ,85.41,2938539
2024-07-22,SPY,384.3,69851801
2024-07-22,QQQ,353.58,47058022
2024-07-22,IWM,157.38,40202474
2024-07-22,EFA,85.93,13094399
2024-07-22,TLT,100.9,41686603
2024-07-22,LQD,115.97,23626624
2024-07-22,GLD,241.42,6587085
2024-07-22,VNQ,83.45,4287409
2024-07-23,SPY,378.29,119489536
2024-07-23,QQQ,346.12,53167399
2024-07-23,IWM,156.27,23574734
2024-07-23,EFA,83.7,12944725
2024-07-23,TLT,101.42,23374867
2024-07-23,LQD,116.06,12709210
2024-07-23,GLD,241.74,8482326
2024-07-23,VNQ,83.27,2885685
2024-07-24,SPY,379.17,65105783
2024-07-24,QQQ,347.93,72417741
2024-07-24,IWM,158.78,36280429
2024-07-24,EFA,84.11,18565705
2024-07-24,TLT,102.93,15106838
2024-07-24,LQD,116.86,11085597
2024-07-24,GLD,242.32,8555430
2024-07-24,VNQ,84.94,4943463
2024-07-25,SPY,378.03,99326517
2024-07-25,QQQ,347.68,75482828
2024-07-25,IWM,156.03,21586440
2024-07-25,EFA,84.66,19063481
2024-07-25,TLT,103.83,17480699
2024-07-25,LQD,116.67,10735366
2024-07-25,GLD,240.46,8615763
2024-07-25,VNQ,84.36,6786125
2024-07-26,SPY,376.91,54292736
2024-07-26,QQQ,348.4,42202527
2024-07-26,IWM,154.54,22959310
2024-07-26,EFA,85.5,24925644
2024-07-26,TLT,103.1,22026600
2024-07-26,LQD,116.37,20660424
2024-07-26,GLD,238.95,9169884
2024-07-26,VNQ,84.03,6282041
2024-07-29,SPY,372.88,62135524
2024-07-29,QQQ,343.31,78899562
2024-07-29,IWM,152.81,34097606
2024-07-29,EFA,84.93,19521561
2024-07-29,TLT,101.99,15579978
2024-07-29,LQD,116.01,14057399
2024-07-29,GLD,239.1,6697974
2024-07-29,VNQ,84.13,5294896
2024-07-30,SPY,379.17,46352760
2024-07-30,QQQ,354.95,63530987
2024-07-30,IWM,155.58,20733130
2024-07-30,EFA,86.82,14209373
2024-07-30,TLT,100.03,45462962
2024-07-30,LQD,115.58,22082241
2024-07-30,GLD,237.27,13881815
2024-07-30,VNQ,85.3,5096500
2024-07-31,SPY,379.03,108893721
2024-07-31,QQQ,352.62,52412179
2024-07-31,IWM,155.69,73494930
2024-07-31,EFA,86.86,18334597
2024-07-31,TLT,99.85,17507086
2024-07-31,LQD,115.16,13478412
2024-07-31,GLD,236.11,3597551
2024-07-31,VNQ,85.96,5207494
2024-08-01,SPY,379.44,68646261
2024-08-01,QQQ,356.82,117845790
2024-08-01,IWM,154.93,29116477
2024-08-01,EFA,86.37,20209928
2024-08-01,TLT,99.4,36375436
2024-08-01,LQD,115.16,12744823
2024-08-01,GLD,232.79,5030162
2024-08-01,VNQ,85.22,6098481
2024-08-02,SPY,386.74,123358189
2024-08-02,QQQ,369.91,40935711
2024-08-02,IWM,158.67,55614814
2024-08-02,EFA,87.96,10797794
2024-08-02,TLT,99.42,15160277
2024-08-02,LQD,115.98,17259237
2024-08-02,GLD,234.31,6456413
2024-08-02,VNQ,87.19,4563581
2024-08-05,SPY,385.6,69610580
2024-08-05,QQQ,363.69,56225122
2024-08-05,IWM,156.5,17186147
2024-08-05,EFA,87.17,13363587
2024-08-05,TLT,99.63,12908887
2024-08-05,LQD,116.63,17628138
2024-08-05,GLD,234.66,9749366
2024-08-05,VNQ,87.43,5252322
2024-08-06,SPY,388.56,88712604
2024-08-06,QQQ,363.51,41010889
2024-08-06,IWM,159.0,30059501
2024-08-06,EFA,87.25,23668673
2024-08-06,TLT,99.87,25721426
2024-08-06,LQD,117.31,23313616
2024-08-06,GLD,235.42,9521446
2024-08-06,VNQ,88.75,2209282
2024-08-07,SPY,391.65,106395491
2024-08-07,QQQ,365.8,47148585
2024-08-07,IWM,158.68,55198347
2024-08-07,EFA,87.13,14410326
2024-08-07,TLT,99.76,31453483
2024-08-07,LQD,117.47,15510093
2024-08-07,GLD,232.03,8487150
2024-08-07,VNQ,89.21,6037089
2024-08-08,SPY,390.23,74757520
2024-08-08,QQQ,361.74,65222217
2024-08-08,IWM,157.45,25954766
2024-08-08,EFA,87.34,16126611
2024-08-08,TLT,100.24,16281005
2024-08-08,LQD,117.96,14062377
2024-08-08,GLD,232.61,7084486
2024-08-08,VNQ,88.41,3005454
2024-08-09,SPY,392.15,65495589
2024-08-09,QQQ,360.67,31777517
2024-08-09,IWM,157.49,31128069
2024-08-09,EFA,88.45,26038462
2024-08-09,TLT,101.16,12674508
2024-08-09,LQD,119.23,15401594
2024-08-09,GLD,234.85,9585390
2024-08-09,VNQ,88.05,6120584
2024-08-12,SPY,389.57,137505220
2024-08-12,QQQ,360.37,77935609
2024-08-12,IWM,156.23,38481568
2024-08-12,EFA,87.16,15718241
2024-08-12,TLT,101.39,15423546
2024-08-12,LQD,118.36,26168313
2024-08-12,GLD,235.4,7684835
2024-08-12,VNQ,87.26,5205855
2024-08-13,SPY,392.59,75184651
2024-08-13,QQQ,361.13,44246636
2024-08-13,IWM,158.16,42615804
2024-08-13,EFA,88.57,13681754
2024-08-13,TLT,102.61,19932371
2024-08-13,LQD,119.0,26036959
2024-08-13,GLD,237.64,3997678
2024-08-13,VNQ,88.3,3085843
2024-08-14,SPY,400.95,89656990
2024-08-14,QQQ,369.71,23816676
2024-08-14,IWM,162.43,29113682
2024-08-14,EFA,90.59,9120709
2024-08-14,TLT,101.67,19139392
2024-08-14,LQD,119.8,20910309
2024-08-14,GLD,239.77,12305100
2024-08-14,VNQ,89.79,3682488
2024-08-15,SPY,403.74,76033503
2024-08-15,QQQ,376.21,47556440
2024-08-15,IWM,163.99,30567592
2024-08-15,EFA,91.42,12505960
2024-08-15,TLT,102.62,12613712
2024-08-15,LQD,120.4,10356966
2024-08-15,GLD,241.07,8754724
2024-08-15,VNQ,91.67,5228729
2024-08-16,SPY,401.56,144411853
2024-08-16,QQQ,377.05,64293786
2024-08-16,IWM,162.9,33480883
2024-08-16,EFA,91.48,25877259
2024-08-16,TLT,102.54,28236498
2024-08-16,LQD,120.27,19648870
2024-08-16,GLD,242.66,4756142
2024-08-16,VNQ,91.02,3712414
2024-08-19,SPY,395.85,69837268
2024-08-19,QQQ,373.55,36881109
2024-08-19,IWM,160.44,47436641
2024-08-19,EFA,90.85,12980787
2024-08-19,TLT,100.77,6828384
2024-08-19,LQD,119.45,11635545
2024-08-19,GLD,241.21,11049480
2024-08-19,VNQ,89.9,8798401
2024-08-20,SPY,397.69,96939029
2024-08-20,QQQ,373.67,56059240
2024-08-20,IWM,161.08,24940995
2024-08-20,EFA,92.09,19557999
2024-08-20,TLT,99.97,19188407
2024-08-20,LQD,119.61,22663973
2024-08-20,GLD,238.53,11901837
2024-08-20,VNQ,89.46,6758350
2024-08-21,SPY,403.85,159181962
2024-08-21,QQQ,379.57,25416903
2024-08-21,IWM,162.63,20869219
2024-08-21,EFA,91.69,12313333
2024-08-21,TLT,98.3,14696528
2024-08-21,LQD,119.13,10886631
2024-08-21,GLD,235.94,4466229
2024-08-21,VNQ,88.94,4493647
2024-08-22,SPY,409.43,36298660
2024-08-22,QQQ,384.65,31762140
2024-08-22,IWM,164.18,43240827
2024-08-22,EFA,93.11,31255123
2024-08-22,TLT,97.19,17358511
2024-08-22,LQD,118.82,15647243
2024-08-22,GLD,233.65,12836477
2024-08-22,VNQ,89.99,6605976
2024-08-23,SPY,406.85,77814937
2024-08-23,QQQ,380.59,53199234
2024-08-23,IWM,162.42,37323821
2024-08-23,EFA,91.6,13670030
2024-08-23,TLT,98.72,37156690
2024-08-23,LQD,119.65,13275615
2024-08-23,GLD,233.82,11877158
2024-08-23,VNQ,89.85,5465329
2024-08-26,SPY,411.6,57483445
2024-08-26,QQQ,383.01,18114613
2024-08-26,IWM,163.45,43502952
2024-08-26,EFA,93.03,13982067
2024-08-26,TLT,100.24,29119995
2024-08-26,LQD,121.12,17574911
2024-08-26,GLD,236.12,6640711
2024-08-26,VNQ,90.03,4827892
2024-08-27,SPY,414.5,66360382
2024-08-27,QQQ,388.12,32025894
2024-08-27,IWM,162.65,33540401
2024-08-27,EFA,93.9,9253918
2024-08-27,TLT,101.23,24222905
2024-08-27,LQD,121.4,12532915
2024-08-27,GLD,239.22,8604139
2024-08-27,VNQ,90.17,3674728
2024-08-28,SPY,417.9,89107976
2024-08-28,QQQ,389.49,84529154
2024-08-28,IWM,164.67,21368746
2024-08-28,EFA,94.54,23935446
2024-08-28,TLT,99.55,23271080
2024-08-28,LQD,120.56,14551342
2024-08-28,GLD,236.8,8852176
2024-08-28,VNQ,91.85,3996374
2024-08-29,SPY,410.1,114973623
2024-08-29,QQQ,382.48,25679705
2024-08-29,IWM,161.8,33296869
2024-08-29,EFA,93.43,27541868
2024-08-29,TLT,100.32,18712397
2024-08-29,LQD,120.73,21928972
2024-08-29,GLD,235.22,8646762
2024-08-29,VNQ,90.44,4799162
2024-08-30,SPY,406.52,82911367
2024-08-30,QQQ,383.27,80706457
2024-08-30,IWM,161.03,42575369
2024-08-30,EFA,93.18,26852769
2024-08-30,TLT,101.47,18451838
2024-08-30,LQD,121.33,22516597
2024-08-30,GLD,232.52,12328653
2024-08-30,VNQ,88.53,10961878
2024-09-02,SPY,406.92,157630962
2024-09-02,QQQ,375.83,58250291
2024-09-02,IWM,162.4,23339301
2024-09-02,EFA,94.44,22963660
2024-09-02,TLT,99.72,19152026
2024-09-02,LQD,121.43,12348360
2024-09-02,GLD,230.98,8466458
2024-09-02,VNQ,88.98,6581899
2024-09-03,SPY,407.28,77861577
2024-09-03,QQQ,373.94,51274250
2024-09-03,IWM,162.1,46357269
2024-09-03,EFA,95.08,15366098
2024-09-03,TLT,99.48,19249517
2024-09-03,LQD,120.91,21912038
2024-09-03,GLD,228.91,7822643
2024-09-03,VNQ,90.3,5006759
2024-09-04,SPY,410.42,55272949
2024-09-04,QQQ,380.63,87812785
2024-09-04,IWM,164.8,35738834
2024-09-04,EFA,94.54,27727901
2024-09-04,TLT,98.84,20677688
2024-09-04,LQD,120.48,11059819
2024-09-04,GLD,229.58,9690175
2024-09-04,VNQ,89.59,4657119
2024-09-05,SPY,408.7,62792185
2024-09-05,QQQ,379.17,37646579
2024-09-05,IWM,165.18,46451458
2024-09-05,EFA,95.39,22005835
2024-09-05,TLT,98.52,12240247
2024-09-05,LQD,120.34,20669976
2024-09-05,GLD,229.13,5125625
2024-09-05,VNQ,88.04,2923151
2024-09-06,SPY,410.58,61173792
2024-09-06,QQQ,384.23,45718617
2024-09-06,IWM,167.47,32345188
2024-09-06,EFA,95.67,13444742
2024-09-06,TLT,97.71,14398700
2024-09-06,LQD,120.53,13921343
2024-09-06,GLD,229.93,13254119
2024-09-06,VNQ,89.31,4894801
2024-09-09,SPY,412.27,61818248
2024-09-09,QQQ,387.19,54273350
2024-09-09,IWM,168.69,17557711
2024-09-09,EFA,97.24,12571383
2024-09-09,TLT,99.07,16623855
2024-09-09,LQD,121.49,14652247
2024-09-09,GLD,233.35,4998169
2024-09-09,VNQ,89.83,2170555
2024-09-10,SPY,414.13,82817798
2024-09-10,QQQ,389.3,31251044
2024-09-10,IWM,170.64,62636000
2024-09-10,EFA,97.82,24396867
2024-09-10,TLT,99.7,19217288
2024-09-10,LQD,122.3,6963863
2024-09-10,GLD,232.34,8969054
2024-09-10,VNQ,90.89,6904947
2024-09-11,SPY,416.19,62443546
2024-09-11,QQQ,388.89,31174741
2024-09-11,IWM,171.48,27044636
2024-09-11,EFA,96.92,18769565
2024-09-11,TLT,101.17,40028355
2024-09-11,LQD,121.91,9215291
2024-09-11,GLD,234.34,4727346
2024-09-11,VNQ,90.05,7950950
2024-09-12,SPY,413.35,125673452
2024-09-12,QQQ,386.99,63799821
2024-09-12,IWM,170.55,39975531
2024-09-12,EFA,96.67,13912870
2024-09-12,TLT,101.38,22700963
2024-09-12,LQD,121.08,27697562
2024-09-12,GLD,233.17,6448280
2024-09-12,VNQ,91.27,6534236
2024-09-13,SPY,414.66,76243465
2024-09-13,QQQ,387.31,43171229
2024-09-13,IWM,171.29,27272155
2024-09-13,EFA,97.67,22098595
2024-09-13,TLT,100.02,11244071
2024-09-13,LQD,121.02,18845437
2024-09-13,GLD,230.4,7079939
2024-09-13,VNQ,92.28,2728693
2024-09-16,SPY,405.78,90948979
2024-09-16,QQQ,379.02,31325819
2024-09-16,IWM,168.8,35208937
2024-09-16,EFA,95.63,14846495
2024-09-16,TLT,99.18,23339426
2024-09-16,LQD,119.27,19666260
2024-09-16,GLD,229.46,5462142
2024-09-16,VNQ,91.68,2726571
2024-09-17,SPY,410.74,84104728
2024-09-17,QQQ,382.61,99391977
2024-09-17,IWM,169.41,22350850
2024-09-17,EFA,97.42,13506976
2024-09-17,TLT,98.2,19989691
2024-09-17,LQD,119.05,14519662
2024-09-17,GLD,229.4,10278096
2024-09-17,VNQ,90.36,7786536
2024-09-18,SPY,418.69,56926427
2024-09-18,QQQ,391.77,66508273
2024-09-18,IWM,171.77,48879473
2024-09-18,EFA,99.4,21418084
2024-09-18,TLT,98.6,22480840
2024-09-18,LQD,119.29,16903069
2024-09-18,GLD,227.53,10401825
2024-09-18,VNQ,92.1,4893959
2024-09-19,SPY,418.7,90555287
2024-09-19,QQQ,385.55,90597909
2024-09-19,IWM,170.42,20209047
2024-09-19,EFA,99.18,14766838
2024-09-19,TLT,96.43,17364442
2024-09-19,LQD,118.63,20214345
2024-09-19,GLD,228.81,6035499
2024-09-19,VNQ,92.48,5413699
2024-09-20,SPY,414.49,56068657
2024-09-20,QQQ,383.0,57798850
2024-09-20,IWM,166.69,39127436
2024-09-20,EFA,98.76,17648238
2024-09-20,TLT,96.91,15935818
2024-09-20,LQD,118.56,11868973
2024-09-20,GLD,230.15,7408669
2024-09-20,VNQ,91.41,2762342
2024-09-23,SPY,415.13,126067082
2024-09-23,QQQ,386.57,32292831
2024-09-23,IWM,165.39,53534221
2024-09-23,EFA,99.04,16318814
2024-09-23,TLT,98.57,17049501
2024-09-23,LQD,119.27,16473584
2024-09-23,GLD,229.55,6428705
2024-09-23,VNQ,92.24,3934334
2024-09-24,SPY,413.91,71752935
2024-09-24,QQQ,380.14,58236132
2024-09-24,IWM,165.99,34787148
2024-09-24,EFA,98.05,11739386
2024-09-24,TLT,98.01,28851968
2024-09-24,LQD,119.12,25520767
2024-09-24,GLD,227.45,6293123
2024-09-24,VNQ,91.74,6438125
2024-09-25,SPY,415.2,71404421
2024-09-25,QQQ,386.64,37558652
2024-09-25,IWM,168.48,17604975
2024-09-25,EFA,98.78,15421218
2024-09-25,TLT,97.8,20663343
2024-09-25,LQD,119.28,5710952
2024-09-25,GLD,228.4,12944122
2024-09-25,VNQ,93.3,3832049
2024-09-26,SPY,413.72,67063669
2024-09-26,QQQ,382.5,46678633
2024-09-26,IWM,167.14,20090055
2024-09-26,EFA,98.54,26045128
2024-09-26,TLT,98.75,16592050
2024-09-26,LQD,119.92,16750449
2024-09-26,GLD,227.4,7642935
2024-09-26,VNQ,92.95,4791441
2024-09-27,SPY,415.81,299550997
2024-09-27,QQQ,386.07,77918353
2024-09-27,IWM,168.12,39477123
2024-09-27,EFA,99.32,28716708
2024-09-27,TLT,98.01,12748167
2024-09-27,LQD,119.78,28277325
2024-09-27,GLD,227.11,9372504
2024-09-27,VNQ,93.72,3662251
2024-09-30,SPY,414.07,61793262
2024-09-30,QQQ,387.53,37271835
2024-09-30,IWM,165.32,31324164
2024-09-30,EFA,98.06,10911883
2024-09-30,TLT,98.62,30209412
2024-09-30,LQD,119.95,13090696
2024-09-30,GLD,231.79,6278690
2024-09-30,VNQ,92.97,5703336
2024-10-01,SPY,415.22,75058544
2024-10-01,QQQ,390.01,38208729
2024-10-01,IWM,167.05,24012038
2024-10-01,EFA,99.52,23203091
2024-10-01,TLT,98.68,16266848
2024-10-01,LQD,120.66,14182845
2024-10-01,GLD,232.85,6525911
2024-10-01,VNQ,95.14,14118088
2024-10-02,SPY,413.17,96254015
2024-10-02,QQQ,390.21,41966962
2024-10-02,IWM,165.57,19176162
2024-10-02,EFA,99.62,21932201
2024-10-02,TLT,98.8,13283760
2024-10-02,LQD,120.2,15190072
2024-10-02,GLD,232.68,6241340
2024-10-02,VNQ,94.65,4144276
2024-10-03,SPY,406.51,102555421
2024-10-03,QQQ,388.87,38357822
2024-10-03,IWM,164.92,35414047
2024-10-03,EFA,98.67,21884963
2024-10-03,TLT,100.26,17037272
2024-10-03,LQD,120.51,12497076
2024-10-03,GLD,231.03,3835694
2024-10-03,VNQ,94.67,4041189
2024-10-04,SPY,405.51,131499118
2024-10-04,QQQ,388.49,68502169
2024-10-04,IWM,166.31,21626976
2024-10-04,EFA,98.72,15884141
2024-10-04,TLT,100.3,16043708
2024-10-04,LQD,120.82,20409193
2024-10-04,GLD,232.26,15839368
2024-10-04,VNQ,95.6,4332770
2024-10-07,SPY,403.23,202391717
2024-10-07,QQQ,378.56,46891035
2024-10-07,IWM,163.56,28809451
2024-10-07,EFA,97.86,16630791
2024-10-07,TLT,99.78,19407417
2024-10-07,LQD,120.1,11756073
2024-10-07,GLD,231.0,14336315
2024-10-07,VNQ,93.52,10151460
2024-10-08,SPY,402.41,129485114
2024-10-08,QQQ,377.93,51315876
2024-10-08,IWM,162.44,29891684
2024-10-08,EFA,96.69,22942972
2024-10-08,TLT,98.6,31886490
2024-10-08,LQD,119.66,15321480
2024-10-08,GLD,230.48,4792737
2024-10-08,VNQ,93.28,2707055
2024-10-09,SPY,400.64,61498642
2024-10-09,QQQ,377.32,52793723
2024-10-09,IWM,160.99,35571371
2024-10-09,EFA,95.71,14078607
2024-10-09,TLT,100.63,17838456
2024-10-09,LQD,119.82,8256698
2024-10-09,GLD,232.26,6673410
2024-10-09,VNQ,92.24,10436341
2024-10-10,SPY,397.7,80251794
2024-10-10,QQQ,376.17,29294462
2024-10-10,IWM,157.89,19983517
2024-10-10,EFA,95.19,12948511
2024-10-10,TLT,98.91,18294226
2024-10-10,LQD,118.64,15313457
2024-10-10,GLD,229.5,6334595
2024-10-10,VNQ,90.06,6255097
2024-10-11,SPY,395.7,84949813
2024-10-11,QQQ,373.6,79864658
2024-10-11,IWM,155.6,42260063
2024-10-11,EFA,95.63,13578875
2024-10-11,TLT,99.01,30272247
2024-10-11,LQD,117.97,13093242
2024-10-11,GLD,233.86,5725475
2024-10-11,VNQ,89.36,4324289
2024-10-14,SPY,402.45,57090497
2024-10-14,QQQ,384.62,27309186
2024-10-14,IWM,160.15,19850710
2024-10-14,EFA,95.71,21222977
2024-10-14,TLT,99.73,20659398
2024-10-14,LQD,118.28,8363256
2024-10-14,GLD,236.39,14079927
2024-10-14,VNQ,90.71,1813910
2024-10-15,SPY,404.47,117696337
2024-10-15,QQQ,385.69,32784100
2024-10-15,IWM,161.39,44302646
2024-10-15,EFA,96.49,12174174
2024-10-15,TLT,99.56,21678708
2024-10-15,LQD,118.89,12719062
2024-10-15,GLD,237.5,5972805
2024-10-15,VNQ,91.18,5116671
2024-10-16,SPY,404.48,85069969
2024-10-16,QQQ,379.37,47679711
2024-10-16,IWM,160.91,30271392
2024-10-16,EFA,96.79,21224875
2024-10-16,TLT,100.2,16036134
2024-10-16,LQD,118.99,11565550
2024-10-16,GLD,236.29,8699291
2024-10-16,VNQ,92.35,3898740
2024-10-17,SPY,418.36,89848088
2024-10-17,QQQ,397.46,64622491
2024-10-17,IWM,166.55,22282816
2024-10-17,EFA,98.64,27316763
2024-10-17,TLT,99.52,22416890
2024-10-17,LQD,119.67,16388619
2024-10-17,GLD,237.74,8595661
2024-10-17,VNQ,93.9,3682330
2024-10-18,SPY,418.84,67727302
2024-10-18,QQQ,395.49,68764157
2024-10-18,IWM,167.12,30359463
2024-10-18,EFA,98.25,24736457
2024-10-18,TLT,99.71,32397596
2024-10-18,LQD,118.79,10105876
2024-10-18,GLD,240.14,18124112
2024-10-18,VNQ,95.52,2650933
2024-10-21,SPY,424.55,127064730
2024-10-21,QQQ,399.54,89550754
2024-10-21,IWM,166.16,36204631
2024-10-21,EFA,99.42,15096090
2024-10-21,TLT,99.92,22443235
2024-10-21,LQD,119.72,14023135
2024-10-21,GLD,243.77,6082678
2024-10-21,VNQ,95.13,5225670
2024-10-22,SPY,418.87,55239083
2024-10-22,QQQ,390.95,39511638
2024-10-22,IWM,163.98,34657543
2024-10-22,EFA,97.44,14020720
2024-10-22,TLT,100.08,29062915
2024-10-22,LQD,119.46,17117660
2024-10-22,GLD,243.61,3894858
2024-10-22,VNQ,93.99,8882709
2024-10-23,SPY,418.77,80723537
2024-10-23,QQQ,387.59,56362560
2024-10-23,IWM,162.95,30902780
2024-10-23,EFA,97.23,21728354
2024-10-23,TLT,97.51,26553778
2024-10-23,LQD,118.31,18627581
2024-10-23,GLD,238.34,5103120
2024-10-23,VNQ,92.79,7135505
2024-10-24,SPY,418.98,103946225
2024-10-24,QQQ,391.33,38839614
2024-10-24,IWM,163.83,39246340
2024-10-24,EFA,98.47,19615302
2024-10-24,TLT,97.16,16390829
2024-10-24,LQD,118.51,27333435
2024-10-24,GLD,237.54,6814743
2024-10-24,VNQ,94.74,4824741
2024-10-25,SPY,412.93,105258976
2024-10-25,QQQ,383.85,73415852
2024-10-25,IWM,161.9,33096845
2024-10-25,EFA,95.89,9829101
2024-10-25,TLT,98.17,20163775
2024-10-25,LQD,118.15,12697629
2024-10-25,GLD,235.74,11819816
2024-10-25,VNQ,94.71,5820661
2024-10-28,SPY,413.39,67197619
2024-10-28,QQQ,383.95,50741975
2024-10-28,IWM,163.09,21517995
2024-10-28,EFA,95.58,9311201
2024-10-28,TLT,98.21,16899231
2024-10-28,LQD,117.56,15312891
2024-10-28,GLD,237.25,7753313
2024-10-28,VNQ,94.63,8123417
2024-10-29,SPY,421.92,66227061
2024-10-29,QQQ,391.98,64245688
2024-10-29,IWM,166.94,28209544
2024-10-29,EFA,96.31,45821214
2024-10-29,TLT,98.7,29251359
2024-10-29,LQD,117.8,9892899
2024-10-29,GLD,241.22,5796855
2024-10-29,VNQ,96.62,4601606
2024-10-30,SPY,429.91,155211603
2024-10-30,QQQ,402.99,33778233
2024-10-30,IWM,171.06,28326681
2024-10-30,EFA,98.87,8479055
2024-10-30,TLT,97.61,28188759
2024-10-30,LQD,117.55,14528615
2024-10-30,GLD,239.23,8388644
2024-10-30,VNQ,98.17,4837167
2024-10-31,SPY,433.16,69513577
2024-10-31,QQQ,404.12,60251221
2024-10-31,IWM,173.87,28684765
2024-10-31,EFA,99.95,10837355
2024-10-31,TLT,96.07,19260628
2024-10-31,LQD,117.5,6440290
2024-10-31,GLD,237.61,9595799
2024-10-31,VNQ,99.04,5743129
2024-11-01,SPY,430.36,102792664
2024-11-01,QQQ,399.02,47784641
2024-11-01,IWM,173.02,27671767
2024-11-01,EFA,98.87,14825031
2024-11-01,TLT,96.45,17641328
2024-11-01,LQD,117.98,10365890
2024-11-01,GLD,236.08,9659054
2024-11-01,VNQ,100.03,6717463
2024-11-04,SPY,431.7,58064009
2024-11-04,QQQ,397.48,49660170
2024-11-04,IWM,173.33,37157421
2024-11-04,EFA,97.69,28744046
2024-11-04,TLT,97.58,28113814
2024-11-04,LQD,118.26,9391678
2024-11-04,GLD,237.98,5926190
2024-11-04,VNQ,100.47,7966364
2024-11-05,SPY,424.65,85707872
2024-11-05,QQQ,392.85,46836814
2024-11-05,IWM,171.7,41422324
2024-11-05,EFA,96.77,34127487
2024-11-05,TLT,97.75,21258135
2024-11-05,LQD,118.6,14156091
2024-11-05,GLD,234.08,6777542
2024-11-05,VNQ,99.87,4452148
2024-11-06,SPY,430.01,90446528
2024-11-06,QQQ,394.78,50032147
2024-11-06,IWM,172.92,41980390
2024-11-06,EFA,98.01,14292756
2024-11-06,TLT,97.13,24094863
2024-11-06,LQD,118.72,14212145
2024-11-06,GLD,234.96,9057679
2024-11-06,VNQ,101.41,5709946
2024-11-07,SPY,424.85,154369815
2024-11-07,QQQ,386.28,33198402
2024-11-07,IWM,171.15,26234204
2024-11-07,EFA,96.48,18157402
2024-11-07,TLT,98.54,21328716
2024-11-07,LQD,119.16,44860959
2024-11-07,GLD,235.4,4889282
2024-11-07,VNQ,100.49,6135307
2024-11-08,SPY,423.95,90791288
2024-11-08,QQQ,384.46,47001655
2024-11-08,IWM,170.9,33767926
2024-11-08,EFA,96.07,30764687
2024-11-08,TLT,98.51,24570898
2024-11-08,LQD,119.29,12014054
2024-11-08,GLD,238.45,9236285
2024-11-08,VNQ,100.91,7465939
2024-11-11,SPY,428.35,64958626
2024-11-11,QQQ,388.68,66863382
2024-11-11,IWM,173.18,46057353
2024-11-11,EFA,95.63,13929724
2024-11-11,TLT,97.24,27441905
2024-11-11,LQD,118.62,13206178
2024-11-11,GLD,238.36,10979019
2024-11-11,VNQ,101.41,3075797
2024-11-12,SPY,433.32,86716520
2024-11-12,QQQ,400.45,61129546
2024-11-12,IWM,175.2,52092157
2024-11-12,EFA,96.63,19972526
2024-11-12,TLT,95.53,36120690
2024-11-12,LQD,118.49,12873509
2024-11-12,GLD,235.21,11029217
2024-11-12,VNQ,101.62,5454148
2024-11-13,SPY,433.98,113404303
2024-11-13,QQQ,399.23,61236632
2024-11-13,IWM,177.17,50666145
2024-11-13,EFA,95.91,12207781
2024-11-13,TLT,95.64,6101103
2024-11-13,LQD,119.07,7091322
2024-11-13,GLD,235.8,7208533
2024-11-13,VNQ,102.62,5851587
2024-11-14,SPY,434.08,100465671
2024-11-14,QQQ,402.48,54836427
2024-11-14,IWM,178.26,42322538
2024-11-14,EFA,95.97,18873139
2024-11-14,TLT,93.96,13239733
2024-11-14,LQD,118.7,13806710
2024-11-14,GLD,231.92,4615490
2024-11-14,VNQ,101.99,3844498
2024-11-15,SPY,430.14,70555441
2024-11-15,QQQ,395.24,29392629
2024-11-15,IWM,177.67,35551836
2024-11-15,EFA,94.94,20925649
2024-11-15,TLT,94.54,24763185
2024-11-15,LQD,118.81,9510651
2024-11-15,GLD,232.55,8236595
2024-11-15,VNQ,102.17,3800823
2024-11-18,SPY,436.23,79900116
2024-11-18,QQQ,401.08,109073467
2024-11-18,IWM,183.82,26622416
2024-11-18,EFA,95.68,10881748
2024-11-18,TLT,93.18,15789511
2024-11-18,LQD,118.68,16045253
2024-11-18,GLD,231.98,15705500
2024-11-18,VNQ,103.67,3548505
2024-11-19,SPY,436.69,66984443
2024-11-19,QQQ,398.7,59195855
2024-11-19,IWM,183.11,19810405
2024-11-19,EFA,97.17,13444952
2024-11-19,TLT,90.89,14227610
2024-11-19,LQD,118.31,9794877
2024-11-19,GLD,231.35,8163062
2024-11-19,VNQ,104.2,7415622
2024-11-20,SPY,432.04,122854925
2024-11-20,QQQ,394.39,60634441
2024-11-20,IWM,179.81,25966758
2024-11-20,EFA,96.07,15622439
2024-11-20,TLT,90.59,15118861
2024-11-20,LQD,117.71,14687805
2024-11-20,GLD,228.22,6684117
2024-11-20,VNQ,104.07,4500842
2024-11-21,SPY,431.39,58098071
2024-11-21,QQQ,396.07,50280353
2024-11-21,IWM,178.5,30293381
2024-11-21,EFA,94.92,20308995
2024-11-21,TLT,89.78,16426596
2024-11-21,LQD,117.28,29407898
2024-11-21,GLD,229.12,4738942
2024-11-21,VNQ,102.68,3849941
2024-11-22,SPY,427.25,69226812
2024-11-22,QQQ,394.26,38616744
2024-11-22,IWM,176.2,19053953
2024-11-22,EFA,94.12,12107958
2024-11-22,TLT,90.96,30023030
2024-11-22,LQD,117.41,22096127
2024-11-22,GLD,227.68,5799850
2024-11-22,VNQ,103.78,5024240
2024-11-25,SPY,432.75,123425408
2024-11-25,QQQ,407.77,84338583
2024-11-25,IWM,177.76,29754349
2024-11-25,EFA,95.79,18291493
2024-11-25,TLT,90.61,15940194
2024-11-25,LQD,117.53,17617139
2024-11-25,GLD,228.01,5970260
2024-11-25,VNQ,104.95,4848877
2024-11-26,SPY,433.45,97725494
2024-11-26,QQQ,407.75,56111374
2024-11-26,IWM,180.67,47177308
2024-11-26,EFA,95.44,33592550
2024-11-26,TLT,90.28,13186286
2024-11-26,LQD,117.73,23771893
2024-11-26,GLD,228.54,6584940
2024-11-26,VNQ,104.68,7265209
2024-11-27,SPY,424.46,85629434
2024-11-27,QQQ,397.97,28688463
2024-11-27,IWM,176.05,28671533
2024-11-27,EFA,93.11,27780155
2024-11-27,TLT,91.72,46505756
2024-11-27,LQD,118.0,15279120
2024-11-27,GLD,227.03,6354444
2024-11-27,VNQ,103.01,7799328
2024-11-28,SPY,418.79,44192315
2024-11-28,QQQ,389.86,33361542
2024-11-28,IWM,175.24,28427521
2024-11-28,EFA,92.0,17687535
2024-11-28,TLT,91.63,14947179
2024-11-28,LQD,117.5,12554917
2024-11-28,GLD,231.62,8411223
2024-11-28,VNQ,101.46,8601657
2024-11-29,SPY,420.94,70608184
2024-11-29,QQQ,391.38,49336525
2024-11-29,IWM,175.37,29501067
2024-11-29,EFA,93.11,13586173
2024-11-29,TLT,91.53,19372308
2024-11-29,LQD,118.38,30092024
2024-11-29,GLD,232.49,10438363
2024-11-29,VNQ,101.98,4975626
2024-12-02,SPY,427.24,115240006
2024-12-02,QQQ,403.52,51508411
2024-12-02,IWM,177.37,26575207
2024-12-02,EFA,94.77,15625188
2024-12-02,TLT,91.83,18138975
2024-12-02,LQD,118.24,16376138
2024-12-02,GLD,232.39,8127533
2024-12-02,VNQ,101.43,2239609
2024-12-03,SPY,432.98,87988908
2024-12-03,QQQ,408.22,65687450
2024-12-03,IWM,181.91,45328316
2024-12-03,EFA,96.5,25141943
2024-12-03,TLT,90.41,29063526
2024-12-03,LQD,117.97,14809012
2024-12-03,GLD,232.79,9354851
2024-12-03,VNQ,103.11,6849090
2024-12-04,SPY,426.91,40547734
2024-12-04,QQQ,404.03,65284617
2024-12-04,IWM,177.78,18698468
2024-12-04,EFA,95.5,13662776
2024-12-04,TLT,91.29,14313688
2024-12-04,LQD,117.92,11267419
2024-12-04,GLD,230.94,5694417
2024-12-04,VNQ,103.7,6477593
2024-12-05,SPY,427.54,107236945
2024-12-05,QQQ,405.73,38913458
2024-12-05,IWM,177.7,21317505
2024-12-05,EFA,96.7,25744114
2024-12-05,TLT,91.78,12607757
2024-12-05,LQD,117.41,19945929
2024-12-05,GLD,233.1,10027079
2024-12-05,VNQ,102.51,5016611
2024-12-06,SPY,429.94,71462497
2024-12-06,QQQ,405.6,63174112
2024-12-06,IWM,179.38,28184290
2024-12-06,EFA,95.75,12283045
2024-12-06,TLT,91.56,24414571
2024-12-06,LQD,118.14,15944343
2024-12-06,GLD,237.03,4029821
2024-12-06,VNQ,103.12,3852777
2024-12-09,SPY,435.12,42693958
2024-12-09,QQQ,417.21,60736587
2024-12-09,IWM,183.82,30853175
2024-12-09,EFA,97.95,15802003
2024-12-09,TLT,91.97,13372756
2024-12-09,LQD,119.36,18711644
2024-12-09,GLD,237.66,10431214
2024-12-09,VNQ,104.68,7612338
2024-12-10,SPY,425.11,84694185
2024-12-10,QQQ,399.46,55271899
2024-12-10,IWM,181.06,22712021
2024-12-10,EFA,94.92,22623516
2024-12-10,TLT,93.46,20119532
2024-12-10,LQD,119.21,26785146
2024-12-10,GLD,243.19,6970626
2024-12-10,VNQ,103.35,4717228
2024-12-11,SPY,426.71,44533363
2024-12-11,QQQ,399.19,43668080
2024-12-11,IWM,179.27,16615858
2024-12-11,EFA,96.1,24678861
2024-12-11,TLT,94.73,30819478
2024-12-11,LQD,120.96,13664933
2024-12-11,GLD,244.05,11872245
2024-12-11,VNQ,104.08,5214797
2024-12-12,SPY,427.4,106079818
2024-12-12,QQQ,401.57,43970190
2024-12-12,IWM,182.03,16261783
2024-12-12,EFA,98.18,19395818
2024-12-12,TLT,95.32,14647696
2024-12-12,LQD,121.3,19597913
2024-12-12,GLD,245.73,7733235
2024-12-12,VNQ,105.31,4626247
2024-12-13,SPY,427.97,134467790
2024-12-13,QQQ,400.87,54186476
2024-12-13,IWM,182.29,24423169
2024-12-13,EFA,97.61,18587646
2024-12-13,TLT,94.26,12437705
2024-12-13,LQD,121.37,17919081
2024-12-13,GLD,247.75,4545031
2024-12-13,VNQ,108.81,3844443
2024-12-16,SPY,426.76,88520799
2024-12-16,QQQ,394.88,42932360
2024-12-16,IWM,181.0,36289083
2024-12-16,EFA,98.39,8775807
2024-12-16,TLT,94.77,14929606
2024-12-16,LQD,122.04,10796920
2024-12-16,GLD,248.42,6017218
2024-12-16,VNQ,109.85,3483727
2024-12-17,SPY,426.69,83558817
2024-12-17,QQQ,391.52,92710474
2024-12-17,IWM,182.74,24851439
2024-12-17,EFA,99.04,11056924
2024-12-17,TLT,96.52,22107935
2024-12-17,LQD,123.91,19811611
2024-12-17,GLD,250.78,6388176
2024-12-17,VNQ,110.49,4339641
2024-12-18,SPY,427.6,84005284
2024-12-18,QQQ,386.19,70542355
2024-12-18,IWM,181.1,26568937
2024-12-18,EFA,99.13,25839244
2024-12-18,TLT,97.31,18139641
2024-12-18,LQD,123.96,17046323
2024-12-18,GLD,251.6,5454263
2024-12-18,VNQ,108.88,6217091
2024-12-19,SPY,419.27,73262641
2024-12-19,QQQ,374.68,37540840
2024-12-19,IWM,177.41,32452973
2024-12-19,EFA,97.06,15392382
2024-12-19,TLT,98.13,18359847
2024-12-19,LQD,124.58,14465645
2024-12-19,GLD,252.58,6769853
2024-12-19,VNQ,106.09,3551802
2024-12-20,SPY,429.53,58428897
2024-12-20,QQQ,392.6,103365222
2024-12-20,IWM,181.97,29522345
2024-12-20,EFA,99.23,12205061
2024-12-20,TLT,97.96,16480943
2024-12-20,LQD,124.23,11184109
2024-12-20,GLD,254.72,5174929
2024-12-20,VNQ,108.91,7468357
2024-12-23,SPY,428.52,157618670
2024-12-23,QQQ,390.94,77937631
2024-12-23,IWM,182.43,15845634
2024-12-23,EFA,98.99,14343645
2024-12-23,TLT,97.87,6844463
2024-12-23,LQD,123.86,11282014
2024-12-23,GLD,260.83,13671738
2024-12-23,VNQ,109.28,4549198
2024-12-24,SPY,434.06,117753222
2024-12-24,QQQ,398.63,40794457
2024-12-24,IWM,185.01,32479623
2024-12-24,EFA,100.73,20430489
2024-12-24,TLT,97.51,39657906
2024-12-24,LQD,124.27,21370525
2024-12-24,GLD,263.17,8404528
2024-12-24,VNQ,110.52,9029122
2024-12-25,SPY,431.38,145188742
2024-12-25,QQQ,400.3,34739133
2024-12-25,IWM,186.5,33162261
2024-12-25,EFA,100.23,22782695
2024-12-25,TLT,97.88,15295665
2024-12-25,LQD,124.83,9902244
2024-12-25,GLD,263.51,7330325
2024-12-25,VNQ,108.95,2800953
2024-12-26,SPY,436.21,93101722
2024-12-26,QQQ,401.51,34292625
2024-12-26,IWM,188.61,32254621
2024-12-26,EFA,99.99,25477212
2024-12-26,TLT,97.45,10692904
2024-12-26,LQD,124.89,23445231
2024-12-26,GLD,259.22,8806112
2024-12-26,VNQ,111.0,5778503
2024-12-27,SPY,434.99,170384643
2024-12-27,QQQ,400.54,81711747
2024-12-27,IWM,189.77,34412783
2024-12-27,EFA,99.78,19112567
2024-12-27,TLT,98.41,13911620
2024-12-27,LQD,125.22,7453780
2024-12-27,GLD,260.21,6485619
2024-12-27,VNQ,111.57,4078222
2024-12-30,SPY,439.15,159160141
2024-12-30,QQQ,405.93,51097782
2024-12-30,IWM,190.83,55329267
2024-12-30,EFA,100.4,36808316
2024-12-30,TLT,98.81,19399229
2024-12-30,LQD,125.29,20097679
2024-12-30,GLD,260.76,7293935
2024-12-30,VNQ,113.04,5823696
2024-12-31,SPY,434.12,87058899
2024-12-31,QQQ,398.55,69247092
2024-12-31,IWM,189.52,31671539
2024-12-31,EFA,98.22,20998320
2024-12-31,TLT,99.95,24514649
2024-12-31,LQD,124.91,10723001
2024-12-31,GLD,262.33,5330243
2024-12-31,VNQ,110.8,9567710
2025-01-01,SPY,442.07,82828553
2025-01-01,QQQ,407.82,50971740
2025-01-01,IWM,194.93,41205483
2025-01-01,EFA,98.88,18690404
2025-01-01,TLT,99.44,24359195
2025-01-01,LQD,125.38,15251971
2025-01-01,GLD,265.39,11456369
2025-01-01,VNQ,111.81,8691075
2025-01-02,SPY,442.14,89838524
2025-01-02,QQQ,408.9,46954067
2025-01-02,IWM,196.98,30244826
2025-01-02,EFA,98.67,17287162
2025-01-02,TLT,98.6,12585061
2025-01-02,LQD,124.57,23509289
2025-01-02,GLD,265.06,10259563
2025-01-02,VNQ,110.76,5828820
2025-01-03,SPY,438.35,63516779
2025-01-03,QQQ,401.91,39676060
2025-01-03,IWM,193.92,34735783
2025-01-03,EFA,97.79,22636435
2025-01-03,TLT,99.32,33754400
2025-01-03,LQD,125.13,14518199
2025-01-03,GLD,265.18,9163812
2025-01-03,VNQ,111.49,4377812
2025-01-06,SPY,443.02,101796278
2025-01-06,QQQ,405.33,29384197
2025-01-06,IWM,194.03,55588200
2025-01-06,EFA,99.01,17084122
2025-01-06,TLT,98.43,19795059
2025-01-06,LQD,125.54,29560903
2025-01-06,GLD,265.01,9724310
2025-01-06,VNQ,111.92,5645743
2025-01-07,SPY,438.82,126105600
2025-01-07,QQQ,402.39,38813573
2025-01-07,IWM,190.36,30331656
2025-01-07,EFA,97.83,12808780
2025-01-07,TLT,98.66,21616238
2025-01-07,LQD,124.96,14194542
2025-01-07,GLD,262.38,9713045
2025-01-07,VNQ,112.05,5349405
2025-01-08,SPY,437.27,48050407
2025-01-08,QQQ,400.49,92907635
2025-01-08,IWM,190.67,28284257
2025-01-08,EFA,99.14,16209622
2025-01-08,TLT,99.06,31672407
2025-01-08,LQD,125.47,16705689
2025-01-08,GLD,261.32,5083956
2025-01-08,VNQ,111.2,4697431
2025-01-09,SPY,434.05,101590407
2025-01-09,QQQ,401.12,56705939
2025-01-09,IWM,189.04,17988604
2025-01-09,EFA,98.84,21542363
2025-01-09,TLT,99.0,19444199
2025-01-09,LQD,124.72,12373952
2025-01-09,GLD,258.13,7802743
2025-01-09,VNQ,109.47,6557288
2025-01-10,SPY,434.2,57822529
2025-01-10,QQQ,401.89,49066209
2025-01-10,IWM,189.65,27354277
2025-01-10,EFA,99.12,29621257
2025-01-10,TLT,98.78,20848048
2025-01-10,LQD,123.22,11037861
2025-01-10,GLD,259.17,8888541
2025-01-10,VNQ,110.16,5001138
2025-01-13,SPY,439.93,107243743
2025-01-13,QQQ,406.53,23720326
2025-01-13,IWM,192.33,38692442
2025-01-13,EFA,100.86,19614603
2025-01-13,TLT,100.02,16062373
2025-01-13,LQD,123.64,6915870
2025-01-13,GLD,261.48,8015132
2025-01-13,VNQ,112.94,4641046
2025-01-14,SPY,451.14,78780013
2025-01-14,QQQ,416.49,66319391
2025-01-14,IWM,197.63,26646327
2025-01-14,EFA,102.57,9907386
2025-01-14,TLT,98.66,30094766
2025-01-14,LQD,125.27,11892591
2025-01-14,GLD,260.77,4752069
2025-01-14,VNQ,116.0,7703546
2025-01-15,SPY,449.88,63006279
2025-01-15,QQQ,417.07,73804569
2025-01-15,IWM,197.36,38999154
2025-01-15,EFA,101.8,20047566
2025-01-15,TLT,99.61,12005929
2025-01-15,LQD,125.57,16692507
2025-01-15,GLD,258.01,7311106
2025-01-15,VNQ,116.6,9141059
2025-01-16,SPY,452.92,88455014
2025-01-16,QQQ,424.56,42362870
2025-01-16,IWM,198.63,58444700
2025-01-16,EFA,103.04,16465196
2025-01-16,TLT,100.18,41900857
2025-01-16,LQD,126.72,20067574
2025-01-16,GLD,258.37,13595845
2025-01-16,VNQ,117.09,3625518
2025-01-17,SPY,454.51,85005825
2025-01-17,QQQ,424.93,24714851
2025-01-17,IWM,198.46,15919743
2025-01-17,EFA,103.64,17618544
2025-01-17,TLT,98.69,21707197
2025-01-17,LQD,124.95,12384630
2025-01-17,GLD,257.25,6974178
2025-01-17,VNQ,116.82,3528045
2025-01-20,SPY,457.57,82628246
2025-01-20,QQQ,426.52,41724953
2025-01-20,IWM,200.1,27519787
2025-01-20,EFA,104.25,17901180
2025-01-20,TLT,97.49,18770863
2025-01-20,LQD,125.05,26030075
2025-01-20,GLD,255.93,6321706
2025-01-20,VNQ,118.12,5911711
2025-01-21,SPY,456.94,80837392
2025-01-21,QQQ,425.3,56110779
2025-01-21,IWM,197.47,17160509
2025-01-21,EFA,104.65,8169371
2025-01-21,TLT,97.39,14016821
2025-01-21,LQD,124.04,13413351
2025-01-21,GLD,255.32,17377053
2025-01-21,VNQ,118.24,4278558
2025-01-22,SPY,454.01,82035699
2025-01-22,QQQ,420.64,66991663
2025-01-22,IWM,195.2,34470410
2025-01-22,EFA,102.48,14871883
2025-01-22,TLT,97.57,10482714
2025-01-22,LQD,123.56,16750690
2025-01-22,GLD,254.13,5380084
2025-01-22,VNQ,116.73,5816447
2025-01-23,SPY,451.4,58146886
2025-01-23,QQQ,418.92,39591885
2025-01-23,IWM,194.18,40833199
2025-01-23,EFA,103.87,21667129
2025-01-23,TLT,98.44,30812296
2025-01-23,LQD,123.46,22049198
2025-01-23,GLD,258.2,6104336
2025-01-23,VNQ,116.82,4560210
2025-01-24,SPY,460.51,61680852
2025-01-24,QQQ,432.12,56181920
2025-01-24,IWM,194.91,20464149
2025-01-24,EFA,105.87,16396626
2025-01-24,TLT,97.23,19174076
2025-01-24,LQD,123.82,30692952
2025-01-24,GLD,259.78,9836618
2025-01-24,VNQ,118.75,4580910
2025-01-27,SPY,459.41,105361161
2025-01-27,QQQ,435.55,80244410
2025-01-27,IWM,193.27,18585532
2025-01-27,EFA,106.52,16777041
2025-01-27,TLT,98.22,52093166
2025-01-27,LQD,124.57,16283884
2025-01-27,GLD,262.2,8999724
2025-01-27,VNQ,121.06,3709965
2025-01-28,SPY,461.81,127704327
2025-01-28,QQQ,435.39,29821707
2025-01-28,IWM,194.6,46731681
2025-01-28,EFA,105.26,32026883
2025-01-28,TLT,97.81,13698622
2025-01-28,LQD,123.86,9105818
2025-01-28,GLD,260.31,6705165
2025-01-28,VNQ,123.09,5568825
2025-01-29,SPY,461.51,76839900
2025-01-29,QQQ,431.03,22175036
2025-01-29,IWM,197.03,24032747
2025-01-29,EFA,105.03,28417983
2025-01-29,TLT,97.29,24789105
2025-01-29,LQD,123.33,7538656
2025-01-29,GLD,258.06,9962937
2025-01-29,VNQ,122.24,5017181
2025-01-30,SPY,466.31,113488246
2025-01-30,QQQ,436.45,56429386
2025-01-30,IWM,200.11,18869962
2025-01-30,EFA,105.66,37748662
2025-01-30,TLT,96.45,21268235
2025-01-30,LQD,123.51,13893605
2025-01-30,GLD,257.72,6721032
2025-01-30,VNQ,122.54,8164934
2025-01-31,SPY,455.48,71458913
2025-01-31,QQQ,428.72,86311311
2025-01-31,IWM,193.93,38205324
2025-01-31,EFA,101.81,15560638
2025-01-31,TLT,97.42,23343707
2025-01-31,LQD,122.92,25930482
2025-01-31,GLD,258.08,10665049
2025-01-31,VNQ,119.35,4972621
2025-02-03,SPY,448.13,133293914
2025-02-03,QQQ,419.88,54090369
2025-02-03,IWM,187.74,37868802
2025-02-03,EFA,99.85,15387250
2025-02-03,TLT,98.6,12547921
2025-02-03,LQD,123.23,24023865
2025-02-03,GLD,260.83,10325295
2025-02-03,VNQ,118.37,6725819
2025-02-04,SPY,442.2,74482230
2025-02-04,QQQ,416.87,40963804
2025-02-04,IWM,184.91,27200736
2025-02-04,EFA,98.83,18186597
2025-02-04,TLT,97.37,21579868
2025-02-04,LQD,122.49,17829017
2025-02-04,GLD,258.79,9672836
2025-02-04,VNQ,117.6,9335806
2025-02-05,SPY,441.06,41836122
2025-02-05,QQQ,419.93,35120833
2025-02-05,IWM,183.11,21160985
2025-02-05,EFA,99.35,31548790
2025-02-05,TLT,96.34,21223292
2025-02-05,LQD,121.13,24220033
2025-02-05,GLD,256.67,10134867
2025-02-05,VNQ,116.32,3474617
2025-02-06,SPY,446.61,126902507
2025-02-06,QQQ,426.53,25070793
2025-02-06,IWM,184.02,21752966
2025-02-06,EFA,101.21,20597012
2025-02-06,TLT,94.71,8598146
2025-02-06,LQD,120.07,21941741
2025-02-06,GLD,255.91,12066277
2025-02-06,VNQ,117.71,3413179
2025-02-07,SPY,449.68,117154813
2025-02-07,QQQ,432.72,55812506
2025-02-07,IWM,182.04,34798212
2025-02-07,EFA,101.71,15465706
2025-02-07,TLT,94.17,23190468
2025-02-07,LQD,119.34,11280102
2025-02-07,GLD,254.05,6186125
2025-02-07,VNQ,115.42,4301142
2025-02-10,SPY,452.41,112173306
2025-02-10,QQQ,434.77,69651069
2025-02-10,IWM,183.92,26209548
2025-02-10,EFA,102.3,20463632
2025-02-10,TLT,95.06,22516820
2025-02-10,LQD,119.97,28815062
2025-02-10,GLD,255.96,6223839
2025-02-10,VNQ,114.75,3491625
2025-02-11,SPY,450.72,31845236
2025-02-11,QQQ,433.43,68067525
2025-02-11,IWM,184.84,26216376
2025-02-11,EFA,101.83,18584384
2025-02-11,TLT,95.63,15756383
2025-02-11,LQD,120.03,6687256
2025-02-11,GLD,256.59,2389108
2025-02-11,VNQ,113.54,4911969
2025-02-12,SPY,446.66,131256218
2025-02-12,QQQ,424.97,78066080
2025-02-12,IWM,185.22,76439991
2025-02-12,EFA,102.63,25624424
2025-02-12,TLT,95.59,48130071
2025-02-12,LQD,119.87,25137122
2025-02-12,GLD,258.14,8893646
2025-02-12,VNQ,113.29,5853932
2025-02-13,SPY,435.79,175328131
2025-02-13,QQQ,406.46,192419036
2025-02-13,IWM,180.49,82565036
2025-02-13,EFA,100.73,36037456
2025-02-13,TLT,96.33,31769068
2025-02-13,LQD,120.21,14041130
2025-02-13,GLD,255.93,13961137
2025-02-13,VNQ,111.72,9806978
2025-02-14,SPY,447.49,101327844
2025-02-14,QQQ,418.93,104454420
2025-02-14,IWM,187.34,53961610
2025-02-14,EFA,102.54,37827322
2025-02-14,TLT,95.3,45725946
2025-02-14,LQD,120.67,30118374
2025-02-14,GLD,252.24,14378738
2025-02-14,VNQ,113.77,30968863
2025-02-17,SPY,449.53,104537235
2025-02-17,QQQ,423.39,82516906
2025-02-17,IWM,188.02,50782500
2025-02-17,EFA,103.1,36388065
2025-02-17,TLT,96.17,47202221
2025-02-17,LQD,121.46,30370497
2025-02-17,GLD,248.15,10155425
2025-02-17,VNQ,114.12,5966615
2025-02-18,SPY,457.48,174070684
2025-02-18,QQQ,436.19,149149810
2025-02-18,IWM,189.25,53643393
2025-02-18,EFA,105.43,35333998
2025-02-18,TLT,95.6,40124872
2025-02-18,LQD,121.66,20050542
2025-02-18,GLD,246.64,10492647
2025-02-18,VNQ,115.31,7780214
2025-02-19,SPY,454.02,34645188
2025-02-19,QQQ,428.32,63066705
2025-02-19,IWM,189.34,57884172
2025-02-19,EFA,103.16,16100406
2025-02-19,TLT,94.45,18640244
2025-02-19,LQD,121.29,16921472
2025-02-19,GLD,243.6,10148479
2025-02-19,VNQ,116.3,4797371
2025-02-20,SPY,455.75,108580910
2025-02-20,QQQ,428.75,69419784
2025-02-20,IWM,186.34,30101265
2025-02-20,EFA,104.08,20189788
2025-02-20,TLT,93.12,17148664
2025-02-20,LQD,121.01,15792964
2025-02-20,GLD,242.02,5142418
2025-02-20,VNQ,115.8,4777589
2025-02-21,SPY,457.87,91164213
2025-02-21,QQQ,425.15,63029745
2025-02-21,IWM,184.84,25543083
2025-02-21,EFA,104.5,27584855
2025-02-21,TLT,93.42,33105886
2025-02-21,LQD,121.12,13793095
2025-02-21,GLD,240.74,8315573
2025-02-21,VNQ,115.5,6202059
2025-02-24,SPY,451.82,38434542
2025-02-24,QQQ,418.24,37728154
2025-02-24,IWM,180.94,37747951
2025-02-24,EFA,103.22,15445001
2025-02-24,TLT,93.33,18747031
2025-02-24,LQD,120.48,14931793
2025-02-24,GLD,239.05,4182200
2025-02-24,VNQ,114.16,11108230
2025-02-25,SPY,446.67,50719638
2025-02-25,QQQ,418.69,49323081
2025-02-25,IWM,176.03,40543104
2025-02-25,EFA,102.83,25068129
2025-02-25,TLT,93.73,23969930
2025-02-25,LQD,120.3,18098449
2025-02-25,GLD,239.01,10788101
2025-02-25,VNQ,113.42,5132793
2025-02-26,SPY,443.02,75996241
2025-02-26,QQQ,414.7,65062177
2025-02-26,IWM,170.82,23577466
2025-02-26,EFA,101.79,15387200
2025-02-26,TLT,94.32,26875082
2025-02-26,LQD,119.91,12036543
2025-02-26,GLD,237.91,10030276
2025-02-26,VNQ,111.68,5814142
2025-02-27,SPY,440.49,110095971
2025-02-27,QQQ,409.86,40853795
2025-02-27,IWM,169.13,21141248
2025-02-27,EFA,101.46,20734448
2025-02-27,TLT,95.24,16458089
2025-02-27,LQD,120.2,17919149
2025-02-27,GLD,242.09,6511666
2025-02-27,VNQ,110.08,3330914
2025-02-28,SPY,443.41,115988252
2025-02-28,QQQ,413.69,39337983
2025-02-28,IWM,170.72,29372766
2025-02-28,EFA,102.57,29454220
2025-02-28,TLT,93.56,17895313
2025-02-28,LQD,119.13,9360271
2025-02-28,GLD,241.38,3105258
2025-02-28,VNQ,110.57,5791297
2025-03-03,SPY,442.64,41748664
2025-03-03,QQQ,409.76,76113886
2025-03-03,IWM,169.31,28276948
2025-03-03,EFA,102.22,14616001
2025-03-03,TLT,93.64,20530635
2025-03-03,LQD,118.97,19315527
2025-03-03,GLD,240.32,8886715
2025-03-03,VNQ,108.47,5443591
2025-03-04,SPY,438.35,78019068
2025-03-04,QQQ,407.53,65257211
2025-03-04,IWM,166.82,23527096
2025-03-04,EFA,100.76,18959461
2025-03-04,TLT,94.99,23631587
2025-03-04,LQD,119.32,7279773
2025-03-04,GLD,243.17,7143524
2025-03-04,VNQ,108.11,4884421
2025-03-05,SPY,430.16,31643973
2025-03-05,QQQ,402.72,36580561
2025-03-05,IWM,161.16,32478538
2025-03-05,EFA,100.22,17573349
2025-03-05,TLT,94.67,22350696
2025-03-05,LQD,118.66,11424829
2025-03-05,GLD,238.21,12993902
2025-03-05,VNQ,106.73,4709932
2025-03-06,SPY,428.74,44567427
2025-03-06,QQQ,400.97,80266223
2025-03-06,IWM,159.76,31806549
2025-03-06,EFA,99.6,12893013
2025-03-06,TLT,94.44,12923374
2025-03-06,LQD,118.65,17163422
2025-03-06,GLD,238.01,8769668
2025-03-06,VNQ,105.03,5205545
2025-03-07,SPY,426.59,152614733
2025-03-07,QQQ,400.55,55942409
2025-03-07,IWM,156.71,44595816
2025-03-07,EFA,98.16,12581487
2025-03-07,TLT,93.31,38021379
2025-03-07,LQD,117.55,16125789
2025-03-07,GLD,232.78,11749710
2025-03-07,VNQ,103.94,5422721
2025-03-10,SPY,426.49,121455639
2025-03-10,QQQ,397.44,44097434
2025-03-10,IWM,155.87,60976332
2025-03-10,EFA,98.8,14521445
2025-03-10,TLT,92.66,17778904
2025-03-10,LQD,116.35,12478219
2025-03-10,GLD,233.31,8461229
2025-03-10,VNQ,103.22,3418708
2025-03-11,SPY,428.12,35363264
2025-03-11,QQQ,404.68,46112078
2025-03-11,IWM,159.6,41917072
2025-03-11,EFA,99.51,16626829
2025-03-11,TLT,92.53,22274131
2025-03-11,LQD,116.88,16888953
2025-03-11,GLD,234.38,10695963
2025-03-11,VNQ,103.4,8757242
2025-03-12,SPY,433.43,74084344
2025-03-12,QQQ,414.24,58111308
2025-03-12,IWM,162.04,26074669
2025-03-12,EFA,100.32,15461584
2025-03-12,TLT,91.03,16746039
2025-03-12,LQD,116.66,10782988
2025-03-12,GLD,232.02,11635797
2025-03-12,VNQ,104.73,2856024
2025-03-13,SPY,433.71,67596831
2025-03-13,QQQ,416.0,25326662
2025-03-13,IWM,160.51,53989313
2025-03-13,EFA,99.38,28516482
2025-03-13,TLT,90.78,18577620
2025-03-13,LQD,116.27,12732798
2025-03-13,GLD,232.24,15796112
2025-03-13,VNQ,105.2,6982874
2025-03-14,SPY,429.54,134654423
2025-03-14,QQQ,412.42,51733246
2025-03-14,IWM,159.51,44006839
2025-03-14,EFA,97.55,22294501
2025-03-14,TLT,91.56,15011916
2025-03-14,LQD,116.57,13620315
2025-03-14,GLD,232.7,4916755
2025-03-14,VNQ,103.23,5319786
2025-03-17,SPY,425.55,62560033
2025-03-17,QQQ,406.89,45120966
2025-03-17,IWM,157.02,18548999
2025-03-17,EFA,97.34,16204679
2025-03-17,TLT,91.14,17996651
2025-03-17,LQD,115.79,18808344
2025-03-17,GLD,230.31,6624180
2025-03-17,VNQ,103.45,2894831
2025-03-18,SPY,432.4,106184024
2025-03-18,QQQ,418.2,44598165
2025-03-18,IWM,160.48,21076948
2025-03-18,EFA,99.29,26914877
2025-03-18,TLT,91.56,9153429
2025-03-18,LQD,116.3,11907706
2025-03-18,GLD,234.11,5577594
2025-03-18,VNQ,106.14,9220924
2025-03-19,SPY,427.35,76030536
2025-03-19,QQQ,411.92,53910242
2025-03-19,IWM,159.25,32160920
2025-03-19,EFA,97.53,34857943
2025-03-19,TLT,91.96,20757363
2025-03-19,LQD,116.58,11641824
2025-03-19,GLD,232.03,9723780
2025-03-19,VNQ,106.1,5826235
2025-03-20,SPY,430.24,60038730
2025-03-20,QQQ,413.98,24800437
2025-03-20,IWM,161.27,33479765
2025-03-20,EFA,98.16,23937253
2025-03-20,TLT,91.43,20269181
2025-03-20,LQD,116.35,25727853
2025-03-20,GLD,231.87,21091182
2025-03-20,VNQ,105.95,2654847
2025-03-21,SPY,435.81,39031746
2025-03-21,QQQ,420.96,38041829
2025-03-21,IWM,164.61,27132902
2025-03-21,EFA,98.86,12225601
2025-03-21,TLT,90.0,14596441
2025-03-21,LQD,115.31,10273741
2025-03-21,GLD,229.42,12951511
2025-03-21,VNQ,108.29,4121262
2025-03-24,SPY,434.35,78572887
2025-03-24,QQQ,420.92,47516890
2025-03-24,IWM,163.43,39668863
2025-03-24,EFA,98.67,10723933
2025-03-24,TLT,91.02,20622360
2025-03-24,LQD,115.65,19507836
2025-03-24,GLD,229.15,6224692
2025-03-24,VNQ,107.4,6062636
2025-03-25,SPY,439.5,32870577
2025-03-25,QQQ,423.54,75115921
2025-03-25,IWM,164.01,13971281
2025-03-25,EFA,100.11,25077136
2025-03-25,TLT,91.39,20194642
2025-03-25,LQD,116.62,19887990
2025-03-25,GLD,230.04,12678211
2025-03-25,VNQ,108.09,3247778
2025-03-26,SPY,441.83,71820626
2025-03-26,QQQ,422.43,38213505
2025-03-26,IWM,164.78,38325362
2025-03-26,EFA,100.4,20581807
2025-03-26,TLT,92.85,15715296
2025-03-26,LQD,117.8,5613920
2025-03-26,GLD,231.47,4938828
2025-03-26,VNQ,109.49,4506337
2025-03-27,SPY,443.63,53047068
2025-03-27,QQQ,427.38,98086105
2025-03-27,IWM,165.91,31525329
2025-03-27,EFA,101.83,27805460
2025-03-27,TLT,93.45,14416194
2025-03-27,LQD,118.39,16779063
2025-03-27,GLD,232.11,10222436
2025-03-27,VNQ,111.84,7889819
2025-03-28,SPY,446.16,138195163
2025-03-28,QQQ,425.62,41827175
2025-03-28,IWM,165.99,23079124
2025-03-28,EFA,101.28,14251175
2025-03-28,TLT,92.96,28792197
2025-03-28,LQD,117.58,15862875
2025-03-28,GLD,231.89,8816184
2025-03-28,VNQ,111.94,7715371
2025-03-31,SPY,454.36,53939104
2025-03-31,QQQ,434.7,51137752
2025-03-31,IWM,168.89,40623093
2025-03-31,EFA,102.47,18284401
2025-03-31,TLT,92.68,12129310
2025-03-31,LQD,119.13,18712228
2025-03-31,GLD,231.34,4042330
2025-03-31,VNQ,113.61,5719593
2025-04-01,SPY,456.33,66778535
2025-04-01,QQQ,433.91,82819816
2025-04-01,IWM,169.01,26087558
2025-04-01,EFA,102.96,17673682
2025-04-01,TLT,92.82,8851314
2025-04-01,LQD,119.62,19435159
2025-04-01,GLD,229.94,6137018
2025-04-01,VNQ,114.57,3970564
2025-04-02,SPY,450.42,121014528
2025-04-02,QQQ,425.79,35916107
2025-04-02,IWM,167.72,34099948
2025-04-02,EFA,101.66,16766247
2025-04-02,TLT,94.27,29220443
2025-04-02,LQD,119.44,11872821
2025-04-02,GLD,232.03,5837090
2025-04-02,VNQ,112.71,3655274
2025-04-03,SPY,455.71,66719349
2025-04-03,QQQ,433.57,37632588
2025-04-03,IWM,171.8,36147092
2025-04-03,EFA,102.72,18098672
2025-04-03,TLT,93.94,26086503
2025-04-03,LQD,119.92,11336428
2025-04-03,GLD,232.12,12571875
2025-04-03,VNQ,112.78,5940635
2025-04-04,SPY,459.62,88989607
2025-04-04,QQQ,435.85,61345070
2025-04-04,IWM,172.45,17410398
2025-04-04,EFA,104.47,17863072
2025-04-04,TLT,94.97,16452303
2025-04-04,LQD,120.83,22210062
2025-04-04,GLD,233.39,17411237
2025-04-04,VNQ,112.98,4330954
2025-04-07,SPY,463.5,77118888
2025-04-07,QQQ,440.56,34262586
2025-04-07,IWM,173.57,36531842
2025-04-07,EFA,105.48,33254611
2025-04-07,TLT,95.28,19141066
2025-04-07,LQD,120.91,15854267
2025-04-07,GLD,230.91,11574537
2025-04-07,VNQ,113.7,5253171
2025-04-08,SPY,473.79,90831807
2025-04-08,QQQ,448.28,93067390
2025-04-08,IWM,176.34,29712172
2025-04-08,EFA,107.09,8868935
2025-04-08,TLT,94.88,23125591
2025-04-08,LQD,121.74,22724411
2025-04-08,GLD,231.62,8357764
2025-04-08,VNQ,114.78,5586469
2025-04-09,SPY,474.02,70272448
2025-04-09,QQQ,450.1,86127303
2025-04-09,IWM,173.08,41219446
2025-04-09,EFA,107.72,15899362
2025-04-09,TLT,93.17,26324672
2025-04-09,LQD,120.67,11446620
2025-04-09,GLD,229.88,6998552
2025-04-09,VNQ,113.35,4194267
2025-04-10,SPY,472.09,109203626
2025-04-10,QQQ,447.24,67988140
2025-04-10,IWM,172.22,21763959
2025-04-10,EFA,105.99,15839292
2025-04-10,TLT,93.61,19207580
2025-04-10,LQD,121.45,23561704
2025-04-10,GLD,227.01,5463756
2025-04-10,VNQ,113.07,9595293
2025-04-11,SPY,477.86,147676054
2025-04-11,QQQ,454.83,39756097
2025-04-11,IWM,176.09,40991456
2025-04-11,EFA,107.32,12821604
2025-04-11,TLT,92.59,22490406
2025-04-11,LQD,121.96,14246187
2025-04-11,GLD,230.17,8169360
2025-04-11,VNQ,113.91,2992791
2025-04-14,SPY,477.23,82210373
2025-04-14,QQQ,456.66,38962620
2025-04-14,IWM,175.35,21815737
2025-04-14,EFA,105.98,11785312
2025-04-14,TLT,93.82,16401544
2025-04-14,LQD,122.16,15863395
2025-04-14,GLD,228.21,13888254
2025-04-14,VNQ,114.94,5159060
2025-04-15,SPY,475.77,86041177
2025-04-15,QQQ,451.82,50092049
2025-04-15,IWM,172.92,44995749
2025-04-15,EFA,104.95,20103196
2025-04-15,TLT,93.41,24919743
2025-04-15,LQD,122.48,26511570
2025-04-15,GLD,230.59,11281138
2025-04-15,VNQ,114.09,3198445
2025-04-16,SPY,472.75,56073942
2025-04-16,QQQ,445.44,55502708
2025-04-16,IWM,171.84,35164652
2025-04-16,EFA,103.69,17727516
2025-04-16,TLT,92.34,15275297
2025-04-16,LQD,121.57,8210440
2025-04-16,GLD,230.52,6598439
2025-04-16,VNQ,112.98,6897077
2025-04-17,SPY,478.4,66170228
2025-04-17,QQQ,450.77,30347912
2025-04-17,IWM,171.45,49176518
2025-04-17,EFA,105.22,13662830
2025-04-17,TLT,91.81,26107173
2025-04-17,LQD,121.83,7358503
2025-04-17,GLD,232.12,6175953
2025-04-17,VNQ,112.43,3025185
2025-04-18,SPY,480.49,154648357
2025-04-18,QQQ,461.82,75060560
2025-04-18,IWM,170.97,18538000
2025-04-18,EFA,105.79,15366346
2025-04-18,TLT,91.35,15084607
2025-04-18,LQD,122.32,12704815
2025-04-18,GLD,232.02,5789503
2025-04-18,VNQ,112.58,4825052
2025-04-21,SPY,486.44,106705833
2025-04-21,QQQ,468.09,41769840
2025-04-21,IWM,173.38,37340964
2025-04-21,EFA,106.85,15225886
2025-04-21,TLT,90.93,20722203
2025-04-21,LQD,122.53,14141161
2025-04-21,GLD,229.71,13077733
2025-04-21,VNQ,113.57,8163348
2025-04-22,SPY,486.5,75261375
2025-04-22,QQQ,468.86,47015257
2025-04-22,IWM,173.34,43287144
2025-04-22,EFA,107.34,24115404
2025-04-22,TLT,91.94,15498746
2025-04-22,LQD,122.28,38285523
2025-04-22,GLD,229.49,7268149
2025-04-22,VNQ,112.94,5965047
2025-04-23,SPY,489.51,135909675
2025-04-23,QQQ,472.77,76746306
2025-04-23,IWM,174.14,23937247
2025-04-23,EFA,108.93,15994888
2025-04-23,TLT,91.72,14501357
2025-04-23,LQD,122.3,11997404
2025-04-23,GLD,231.23,6848586
2025-04-23,VNQ,112.69,8671196
2025-04-24,SPY,489.95,51624106
2025-04-24,QQQ,477.21,39028748
2025-04-24,IWM,174.4,40205496
2025-04-24,EFA,109.12,15859045
2025-04-24,TLT,91.75,26348607
2025-04-24,LQD,123.05,14387363
2025-04-24,GLD,233.05,6826979
2025-04-24,VNQ,113.7,5711576
2025-04-25,SPY,488.44,88562928
2025-04-25,QQQ,477.1,32811851
2025-04-25,IWM,172.78,16512792
2025-04-25,EFA,109.43,29842209
2025-04-25,TLT,93.25,55358552
2025-04-25,LQD,123.68,14304733
2025-04-25,GLD,239.12,6851652
2025-04-25,VNQ,114.53,3605810
2025-04-28,SPY,490.97,89887316
2025-04-28,QQQ,482.74,34967581
2025-04-28,IWM,173.89,17474654
2025-04-28,EFA,109.98,10440704
2025-04-28,TLT,91.82,12908293
2025-04-28,LQD,123.16,20331134
2025-04-28,GLD,240.33,6877194
2025-04-28,VNQ,114.72,7502765
2025-04-29,SPY,488.97,117638322
2025-04-29,QQQ,471.3,75062069
2025-04-29,IWM,170.85,36304484
2025-04-29,EFA,108.38,16797720
2025-04-29,TLT,92.22,15160930
2025-04-29,LQD,123.74,16089615
2025-04-29,GLD,241.45,7664808
2025-04-29,VNQ,114.65,3262259
2025-04-30,SPY,481.78,119335159
2025-04-30,QQQ,457.2,48523594
2025-04-30,IWM,163.47,68814532
2025-04-30,EFA,107.61,24120422
2025-04-30,TLT,93.65,33678534
2025-04-30,LQD,123.91,52953956
2025-04-30,GLD,246.06,34320483
2025-04-30,VNQ,113.35,6589027
2025-05-01,SPY,480.03,211374122
2025-05-01,QQQ,455.76,115668868
2025-05-01,IWM,166.19,73017276
2025-05-01,EFA,108.54,28776626
2025-05-01,TLT,93.41,42497103
2025-05-01,LQD,123.95,16352077
2025-05-01,GLD,243.36,18707632
2025-05-01,VNQ,115.06,10880441
2025-05-02,SPY,492.6,246356365
2025-05-02,QQQ,468.03,78847448
2025-05-02,IWM,173.39,32200082
2025-05-02,EFA,113.92,36539807
2025-05-02,TLT,92.6,44500116
2025-05-02,LQD,123.86,31951903
2025-05-02,GLD,246.57,21645812
2025-05-02,VNQ,119.23,5658182
2025-05-05,SPY,492.03,50648628
2025-05-05,QQQ,467.05,32058338
2025-05-05,IWM,174.51,31297532
2025-05-05,EFA,113.2,18478779
2025-05-05,TLT,91.9,32483617
2025-05-05,LQD,123.24,12293886
2025-05-05,GLD,247.14,7898702
2025-05-05,VNQ,119.35,3769706
2025-05-06,SPY,491.96,53861762
2025-05-06,QQQ,467.24,40764998
2025-05-06,IWM,172.54,23212886
2025-05-06,EFA,112.81,15822859
2025-05-06,TLT,92.46,15891281
2025-05-06,LQD,123.3,14565950
2025-05-06,GLD,245.21,8773953
2025-05-06,VNQ,117.32,7024715
2025-05-07,SPY,491.47,123251912
2025-05-07,QQQ,470.69,71484357
2025-05-07,IWM,170.41,16713966
2025-05-07,EFA,112.77,13277925
2025-05-07,TLT,92.18,12116436
2025-05-07,LQD,122.82,10899088
2025-05-07,GLD,248.74,10304298
2025-05-07,VNQ,116.64,3116526
2025-05-08,SPY,498.5,69274119
2025-05-08,QQQ,474.0,50849405
2025-05-08,IWM,172.53,18802855
2025-05-08,EFA,114.08,16163573
2025-05-08,TLT,91.28,32172863
2025-05-08,LQD,123.66,16798994
2025-05-08,GLD,253.1,4964160
2025-05-08,VNQ,117.36,7011608
2025-05-09,SPY,487.93,92391820
2025-05-09,QQQ,466.31,32518712
2025-05-09,IWM,169.61,49427284
2025-05-09,EFA,111.69,18133861
2025-05-09,TLT,90.32,21574222
2025-05-09,LQD,122.31,23182371
2025-05-09,GLD,253.11,9496425
2025-05-09,VNQ,114.33,5136769
2025-05-12,SPY,491.18,82751487
2025-05-12,QQQ,470.63,22093432
2025-05-12,IWM,168.91,20873406
2025-05-12,EFA,112.28,10864467
2025-05-12,TLT,90.93,34855065
2025-05-12,LQD,123.7,23726630
2025-05-12,GLD,254.99,7696457
2025-05-12,VNQ,115.88,4995549
2025-05-13,SPY,503.65,80126522
2025-05-13,QQQ,485.57,69858706
2025-05-13,IWM,172.16,35178348
2025-05-13,EFA,113.55,22548510
2025-05-13,TLT,89.82,15682912
2025-05-13,LQD,122.7,13969453
2025-05-13,GLD,254.69,6306678
2025-05-13,VNQ,118.24,2945970
2025-05-14,SPY,508.69,41077466
2025-05-14,QQQ,496.64,69819857
2025-05-14,IWM,173.9,52340794
2025-05-14,EFA,113.84,15412294
2025-05-14,TLT,89.38,12161778
2025-05-14,LQD,122.7,17101972
2025-05-14,GLD,256.92,8963122
2025-05-14,VNQ,115.92,5355675
2025-05-15,SPY,503.45,62690983
2025-05-15,QQQ,491.79,79568098
2025-05-15,IWM,172.57,25786372
2025-05-15,EFA,111.48,28837009
2025-05-15,TLT,89.05,10651778
2025-05-15,LQD,121.9,11268215
2025-05-15,GLD,256.06,9276002
2025-05-15,VNQ,114.42,4586989
2025-05-16,SPY,507.31,32734533
2025-05-16,QQQ,494.73,126683778
2025-05-16,IWM,171.94,20470976
2025-05-16,EFA,112.37,17571189
2025-05-16,TLT,87.98,18293780
2025-05-16,LQD,121.52,10571512
2025-05-16,GLD,255.09,8321303
2025-05-16,VNQ,114.69,3137885
2025-05-19,SPY,501.2,162761537
2025-05-19,QQQ,483.99,51576307
2025-05-19,IWM,166.59,19268869
2025-05-19,EFA,112.41,15327522
2025-05-19,TLT,88.24,18752969
2025-05-19,LQD,120.68,13793809
2025-05-19,GLD,255.1,5680170
2025-05-19,VNQ,112.9,7287521
2025-05-20,SPY,503.87,66309936
2025-05-20,QQQ,490.81,51631569
2025-05-20,IWM,167.34,28473214
2025-05-20,EFA,114.02,23276133
2025-05-20,TLT,88.78,25205277
2025-05-20,LQD,121.06,14716866
2025-05-20,GLD,256.87,13603664
2025-05-20,VNQ,112.88,3474017
2025-05-21,SPY,504.21,73007309
2025-05-21,QQQ,495.66,47842254
2025-05-21,IWM,169.22,40051672
2025-05-21,EFA,112.81,31229444
2025-05-21,TLT,88.92,14742332
2025-05-21,LQD,121.33,10101401
2025-05-21,GLD,256.51,10743266
2025-05-21,VNQ,112.12,4470743
2025-05-22,SPY,497.27,57985339
2025-05-22,QQQ,485.7,60390473
2025-05-22,IWM,167.29,31737286
2025-05-22,EFA,112.2,11579730
2025-05-22,TLT,89.3,22249807
2025-05-22,LQD,121.26,13487216
2025-05-22,GLD,256.47,9742266
2025-05-22,VNQ,111.57,3585863
2025-05-23,SPY,498.56,58457533
2025-05-23,QQQ,484.86,32118832
2025-05-23,IWM,167.45,58085715
2025-05-23,EFA,112.3,30943004
2025-05-23,TLT,89.27,28860825
2025-05-23,LQD,122.2,16029722
2025-05-23,GLD,252.48,15732647
2025-05-23,VNQ,111.52,5916004
2025-05-26,SPY,503.32,71243360
2025-05-26,QQQ,491.64,55604541
2025-05-26,IWM,169.72,30674819
2025-05-26,EFA,112.86,10863726
2025-05-26,TLT,88.33,38331750
2025-05-26,LQD,122.68,24667474
2025-05-26,GLD,253.66,10379866
2025-05-26,VNQ,111.63,7151831
2025-05-27,SPY,504.62,49137719
2025-05-27,QQQ,493.09,77776638
2025-05-27,IWM,169.32,42680435
2025-05-27,EFA,113.09,29278748
2025-05-27,TLT,89.56,21021490
2025-05-27,LQD,123.39,17730086
2025-05-27,GLD,257.07,13002827
2025-05-27,VNQ,111.69,3287143
2025-05-28,SPY,507.43,95253791
2025-05-28,QQQ,498.6,49804118
2025-05-28,IWM,169.28,32825340
2025-05-28,EFA,113.87,31119721
2025-05-28,TLT,89.35,12076458
2025-05-28,LQD,123.82,20526328
2025-05-28,GLD,256.37,5811095
2025-05-28,VNQ,112.35,5272811
2025-05-29,SPY,514.94,48141720
2025-05-29,QQQ,505.08,49230150
2025-05-29,IWM,172.77,35368962
2025-05-29,EFA,114.12,16096138
2025-05-29,TLT,87.3,37406052
2025-05-29,LQD,123.5,24116352
2025-05-29,GLD,254.22,5926675
2025-05-29,VNQ,113.79,12712547
2025-05-30,SPY,515.54,66550521
2025-05-30,QQQ,504.1,51962637
2025-05-30,IWM,172.84,28297237
2025-05-30,EFA,114.83,19804737
2025-05-30,TLT,86.21,34437300
2025-05-30,LQD,124.11,18065233
2025-05-30,GLD,256.0,3637796
2025-05-30,VNQ,116.31,7117484
2025-06-02,SPY,506.79,48388192
2025-06-02,QQQ,494.26,41980869
2025-06-02,IWM,168.89,39183981
2025-06-02,EFA,112.43,11856368
2025-06-02,TLT,87.61,18545223
2025-06-02,LQD,123.38,16029742
2025-06-02,GLD,256.46,5051210
2025-06-02,VNQ,115.34,6821944
2025-06-03,SPY,510.06,103509903
2025-06-03,QQQ,501.5,41871724
2025-06-03,IWM,168.63,21008336
2025-06-03,EFA,113.91,20917160
2025-06-03,TLT,86.97,21202410
2025-06-03,LQD,123.39,14949607
2025-06-03,GLD,258.56,9195655
2025-06-03,VNQ,115.91,6927568
2025-06-04,SPY,512.64,61191664
2025-06-04,QQQ,500.61,29520887
2025-06-04,IWM,168.9,18555521
2025-06-04,EFA,115.23,16314104
2025-06-04,TLT,86.11,24589850
2025-06-04,LQD,122.95,15290127
2025-06-04,GLD,260.04,5354229
2025-06-04,VNQ,115.55,3505426
2025-06-05,SPY,507.99,88468146
2025-06-05,QQQ,498.58,32915222
2025-06-05,IWM,165.66,27390281
2025-06-05,EFA,114.0,20252144
2025-06-05,TLT,87.56,11934248
2025-06-05,LQD,123.32,33557777
2025-06-05,GLD,259.52,12740131
2025-06-05,VNQ,113.29,4256638
2025-06-06,SPY,514.81,50254369
2025-06-06,QQQ,507.46,51221922
2025-06-06,IWM,167.77,56442327
2025-06-06,EFA,115.55,17294359
2025-06-06,TLT,87.96,19789755
2025-06-06,LQD,123.83,13738339
2025-06-06,GLD,259.2,4401170
2025-06-06,VNQ,111.89,3405826
2025-06-09,SPY,523.58,108771282
2025-06-09,QQQ,516.06,57305431
2025-06-09,IWM,172.29,34304347
2025-06-09,EFA,118.23,17161592
2025-06-09,TLT,89.35,12994373
2025-06-09,LQD,124.75,29677048
2025-06-09,GLD,262.69,4219203
2025-06-09,VNQ,114.43,4711786
2025-06-10,SPY,519.69,55525275
2025-06-10,QQQ,514.97,73936175
2025-06-10,IWM,170.25,38778505
2025-06-10,EFA,117.78,13584452
2025-06-10,TLT,89.52,23362121
2025-06-10,LQD,124.26,21159401
2025-06-10,GLD,264.73,8313227
2025-06-10,VNQ,112.93,2739361
2025-06-11,SPY,530.87,117774419
2025-06-11,QQQ,523.47,65450579
2025-06-11,IWM,175.07,57163077
2025-06-11,EFA,120.55,21078021
2025-06-11,TLT,88.69,20246984
2025-06-11,LQD,124.91,6712387
2025-06-11,GLD,266.47,8687284
2025-06-11,VNQ,113.39,3680236
2025-06-12,SPY,525.01,65862924
2025-06-12,QQQ,516.08,66166300
2025-06-12,IWM,173.9,27416080
2025-06-12,EFA,119.87,27204452
2025-06-12,TLT,88.38,10250654
2025-06-12,LQD,124.39,13597724
2025-06-12,GLD,270.42,9473562
2025-06-12,VNQ,113.88,7912515
2025-06-13,SPY,513.73,94969372
2025-06-13,QQQ,503.9,31316204
2025-06-13,IWM,171.77,63087638
2025-06-13,EFA,118.87,21909107
2025-06-13,TLT,87.67,18054167
2025-06-13,LQD,123.51,26337551
2025-06-13,GLD,271.32,10120466
2025-06-13,VNQ,110.55,4696618
2025-06-16,SPY,517.57,108697986
2025-06-16,QQQ,507.82,58456791
2025-06-16,IWM,172.28,38163861
2025-06-16,EFA,121.91,13328040
2025-06-16,TLT,86.56,24044864
2025-06-16,LQD,123.09,9658152
2025-06-16,GLD,271.2,10727123
2025-06-16,VNQ,112.08,4745662
2025-06-17,SPY,519.6,204392985
2025-06-17,QQQ,507.04,39116742
2025-06-17,IWM,171.32,47266672
2025-06-17,EFA,121.97,10801405
2025-06-17,TLT,87.35,18864932
2025-06-17,LQD,123.47,15455949
2025-06-17,GLD,272.07,7542520
2025-06-17,VNQ,112.5,3581632
2025-06-18,SPY,520.65,64524238
2025-06-18,QQQ,512.13,36881771
2025-06-18,IWM,174.42,36221496
2025-06-18,EFA,122.63,16325888
2025-06-18,TLT,85.68,16054006
2025-06-18,LQD,122.91,13957199
2025-06-18,GLD,270.29,9851439
2025-06-18,VNQ,113.74,7763339
2025-06-19,SPY,521.63,97820956
2025-06-19,QQQ,509.3,47847339
2025-06-19,IWM,175.36,32320944
2025-06-19,EFA,124.41,18733709
2025-06-19,TLT,85.15,25645097
2025-06-19,LQD,122.25,13757088
2025-06-19,GLD,272.56,14398948
2025-06-19,VNQ,112.84,3249432
2025-06-20,SPY,517.15,106134989
2025-06-20,QQQ,498.0,35402673
2025-06-20,IWM,175.55,33788086
2025-06-20,EFA,123.86,12534987
2025-06-20,TLT,85.43,11895424
2025-06-20,LQD,122.79,17110196
2025-06-20,GLD,270.31,13997777
2025-06-20,VNQ,111.22,2815869
2025-06-23,SPY,530.69,71087836
2025-06-23,QQQ,517.44,78109675
2025-06-23,IWM,179.86,39934899
2025-06-23,EFA,125.74,21276679
2025-06-23,TLT,86.2,13305190
2025-06-23,LQD,125.04,24190905
2025-06-23,GLD,270.64,9894905
2025-06-23,VNQ,114.53,5646144
2025-06-24,SPY,531.92,89822036
2025-06-24,QQQ,516.35,19621658
2025-06-24,IWM,179.7,19143801
2025-06-24,EFA,127.04,35811491
2025-06-24,TLT,86.07,19184445
2025-06-24,LQD,125.27,15575891
2025-06-24,GLD,269.63,11928560
2025-06-24,VNQ,114.45,4472992
2025-06-25,SPY,528.74,72391576
2025-06-25,QQQ,517.78,43540617
2025-06-25,IWM,176.56,26378063
2025-06-25,EFA,126.88,16694061
2025-06-25,TLT,88.0,25787613
2025-06-25,LQD,126.01,15348329
2025-06-25,GLD,270.38,11985177
2025-06-25,VNQ,114.04,2820289
2025-06-26,SPY,530.96,93482350
2025-06-26,QQQ,522.55,55631491
2025-06-26,IWM,178.59,26314699
2025-06-26,EFA,128.57,16193528
2025-06-26,TLT,88.11,21417958
2025-06-26,LQD,125.91,28746048
2025-06-26,GLD,272.85,10512172
2025-06-26,VNQ,115.28,5543735
2025-06-27,SPY,537.6,57308114
2025-06-27,QQQ,531.79,30060305
2025-06-27,IWM,180.18,19490962
2025-06-27,EFA,129.44,13931149
2025-06-27,TLT,88.14,26919484
2025-06-27,LQD,126.78,19113670
2025-06-27,GLD,273.11,10963366
2025-06-27,VNQ,118.31,4136492
2025-06-30,SPY,545.42,74187085
2025-06-30,QQQ,547.91,46919535
2025-06-30,IWM,182.57,18273721
2025-06-30,EFA,129.92,11507432
2025-06-30,TLT,87.72,13251428
2025-06-30,LQD,126.21,7055750
2025-06-30,GLD,272.76,10325046
2025-06-30,VNQ,120.93,5701366
2025-07-01,SPY,554.5,64915916
2025-07-01,QQQ,555.51,52024434
2025-07-01,IWM,186.98,39178118
2025-07-01,EFA,132.07,22997213
2025-07-01,TLT,87.11,10494458
2025-07-01,LQD,127.1,11572030
2025-07-01,GLD,272.8,12967459
2025-07-01,VNQ,123.03,6292070
2025-07-02,SPY,555.75,67196216
2025-07-02,QQQ,559.64,39468610
2025-07-02,IWM,186.69,33843190
2025-07-02,EFA,130.92,23251317
2025-07-02,TLT,87.19,30810946
2025-07-02,LQD,126.91,16135437
2025-07-02,GLD,273.01,8456431
2025-07-02,VNQ,126.23,15419961
2025-07-03,SPY,551.02,53063599
2025-07-03,QQQ,553.91,39687389
2025-07-03,IWM,183.86,39520181
2025-07-03,EFA,131.15,16014657
2025-07-03,TLT,88.09,29773826
2025-07-03,LQD,127.28,25944122
2025-07-03,GLD,270.13,10057629
2025-07-03,VNQ,124.47,4973465
2025-07-04,SPY,556.35,106990497
2025-07-04,QQQ,553.46,51301978
2025-07-04,IWM,186.31,41111376
2025-07-04,EFA,132.87,12883508
2025-07-04,TLT,89.85,22971848
2025-07-04,LQD,128.82,11748724
2025-07-04,GLD,276.89,5565250
2025-07-04,VNQ,126.8,6841232
2025-07-07,SPY,560.76,51566646
2025-07-07,QQQ,548.84,52801375
2025-07-07,IWM,189.09,16405960
2025-07-07,EFA,133.79,14317762
2025-07-07,TLT,89.1,17329871
2025-07-07,LQD,128.93,20143164
2025-07-07,GLD,275.9,9180631
2025-07-07,VNQ,128.55,4583038
2025-07-08,SPY,556.04,59992687
2025-07-08,QQQ,540.46,76553345
2025-07-08,IWM,186.49,23308489
2025-07-08,EFA,132.79,18157154
2025-07-08,TLT,90.07,9610298
2025-07-08,LQD,128.75,13757631
2025-07-08,GLD,275.45,12784980
2025-07-08,VNQ,126.59,4365642
2025-07-09,SPY,565.9,100845132
2025-07-09,QQQ,551.84,34539436
2025-07-09,IWM,192.99,32287060
2025-07-09,EFA,132.94,19396760
2025-07-09,TLT,88.84,31299437
2025-07-09,LQD,128.26,13327183
2025-07-09,GLD,274.45,12295520
2025-07-09,VNQ,129.95,4168177
2025-07-10,SPY,567.08,36289549
2025-07-10,QQQ,559.26,73102860
2025-07-10,IWM,193.16,38950260
2025-07-10,EFA,133.12,16223278
2025-07-10,TLT,88.72,15461571
2025-07-10,LQD,127.63,10811567
2025-07-10,GLD,274.49,9983735
2025-07-10,VNQ,129.8,4655072
2025-07-11,SPY,566.12,276961379
2025-07-11,QQQ,564.68,49714386
2025-07-11,IWM,192.16,40988456
2025-07-11,EFA,132.14,19341184
2025-07-11,TLT,88.84,16491606
2025-07-11,LQD,127.0,13064312
2025-07-11,GLD,275.69,7595198
2025-07-11,VNQ,128.07,4027201
2025-07-14,SPY,576.72,160703250
2025-07-14,QQQ,580.91,53246561
2025-07-14,IWM,196.98,13962420
2025-07-14,EFA,135.38,23693230
2025-07-14,TLT,88.63,19645109
2025-07-14,LQD,127.54,16451072
2025-07-14,GLD,276.84,7351779
2025-07-14,VNQ,129.6,3730470
2025-07-15,SPY,582.58,73565942
2025-07-15,QQQ,580.04,46998217
2025-07-15,IWM,200.63,26705555
2025-07-15,EFA,137.63,27127583
2025-07-15,TLT,88.89,17482787
2025-07-15,LQD,128.26,12113551
2025-07-15,GLD,282.75,9618531
2025-07-15,VNQ,132.3,2869928
2025-07-16,SPY,577.39,146492741
2025-07-16,QQQ,575.1,70980731
2025-07-16,IWM,199.42,31157728
2025-07-16,EFA,136.97,15901148
2025-07-16,TLT,90.83,29288532
2025-07-16,LQD,128.81,19597028
2025-07-16,GLD,283.76,7502139
2025-07-16,VNQ,131.43,5003441
2025-07-17,SPY,576.28,96889029
2025-07-17,QQQ,575.62,43855541
2025-07-17,IWM,199.05,39149173
2025-07-17,EFA,136.23,16055328
2025-07-17,TLT,91.25,35679091
2025-07-17,LQD,129.4,20730829
2025-07-17,GLD,282.28,6700823
2025-07-17,VNQ,132.29,3044408
2025-07-18,SPY,590.98,122544976
2025-07-18,QQQ,591.44,63482552
2025-07-18,IWM,201.97,20010129
2025-07-18,EFA,138.91,13637585
2025-07-18,TLT,90.12,16407412
2025-07-18,LQD,129.07,15912721
2025-07-18,GLD,280.68,10019927
2025-07-18,VNQ,131.71,5349438
2025-07-21,SPY,591.09,69309832
2025-07-21,QQQ,596.06,41354066
2025-07-21,IWM,201.4,28075992
2025-07-21,EFA,138.06,23018770
2025-07-21,TLT,91.81,32534229
2025-07-21,LQD,130.1,16502866
2025-07-21,GLD,281.65,6326903
2025-07-21,VNQ,133.63,3846223
2025-07-22,SPY,596.89,90898827
2025-07-22,QQQ,606.6,39384976
2025-07-22,IWM,204.78,28280217
2025-07-22,EFA,139.06,20758057
2025-07-22,TLT,91.59,16323242
2025-07-22,LQD,130.38,15377219
2025-07-22,GLD,279.99,6787276
2025-07-22,VNQ,133.69,3317885
2025-07-23,SPY,596.63,70287731
2025-07-23,QQQ,609.47,47105202
2025-07-23,IWM,207.77,15326395
2025-07-23,EFA,136.88,17349624
2025-07-23,TLT,92.69,16335936
2025-07-23,LQD,130.82,16325120
2025-07-23,GLD,281.25,5497457
2025-07-23,VNQ,133.25,7448774
2025-07-24,SPY,596.89,101503683
2025-07-24,QQQ,613.79,82062174
2025-07-24,IWM,208.86,43624667
2025-07-24,EFA,137.91,9559371
2025-07-24,TLT,92.2,15619997
2025-07-24,LQD,130.69,9041565
2025-07-24,GLD,280.54,11712721
2025-07-24,VNQ,133.18,5584544
2025-07-25,SPY,602.42,89350439
2025-07-25,QQQ,620.87,56877495
2025-07-25,IWM,209.39,41059525
2025-07-25,EFA,138.08,14938733
2025-07-25,TLT,92.55,12326173
2025-07-25,LQD,130.19,14676399
2025-07-25,GLD,279.49,11815553
2025-07-25,VNQ,133.73,6587875
2025-07-28,SPY,612.37,62390325
2025-07-28,QQQ,630.96,45277235
2025-07-28,IWM,215.9,33299496
2025-07-28,EFA,139.1,23381282
2025-07-28,TLT,90.91,10856923
2025-07-28,LQD,129.6,14228646
2025-07-28,GLD,279.7,7129866
2025-07-28,VNQ,135.94,3407253
2025-07-29,SPY,613.91,70716072
2025-07-29,QQQ,632.59,68627507
2025-07-29,IWM,217.37,28342819
2025-07-29,EFA,138.03,19412144
2025-07-29,TLT,89.65,20615012
2025-07-29,LQD,129.19,12746340
2025-07-29,GLD,276.02,10804110
2025-07-29,VNQ,136.03,4116713
2025-07-30,SPY,610.93,72197008
2025-07-30,QQQ,624.03,48463665
2025-07-30,IWM,217.43,26852691
2025-07-30,EFA,137.0,21577877
2025-07-30,TLT,90.05,17227203
2025-07-30,LQD,128.07,7150095
2025-07-30,GLD,276.18,6368224
2025-07-30,VNQ,134.33,2782566
2025-07-31,SPY,604.36,62928476
2025-07-31,QQQ,613.68,100714639
2025-07-31,IWM,215.13,60796012
2025-07-31,EFA,137.09,8708724
2025-07-31,TLT,90.74,11735751
2025-07-31,LQD,127.88,40697935
2025-07-31,GLD,275.34,9525117
2025-07-31,VNQ,133.48,2501124
2025-08-01,SPY,600.76,121519533
2025-08-01,QQQ,610.21,24873797
2025-08-01,IWM,211.72,37012522
2025-08-01,EFA,135.69,11994290
2025-08-01,TLT,91.65,21333030
2025-08-01,LQD,127.52,23944109
2025-08-01,GLD,276.32,8250772
2025-08-01,VNQ,133.74,8447384
2025-08-04,SPY,590.9,107800807
2025-08-04,QQQ,600.63,54511398
2025-08-04,IWM,207.89,38940380
2025-08-04,EFA,135.17,27094854
2025-08-04,TLT,92.76,9031957
2025-08-04,LQD,127.55,16234987
2025-08-04,GLD,274.29,13611219
2025-08-04,VNQ,130.98,6521781
2025-08-05,SPY,593.13,73502288
2025-08-05,QQQ,604.07,73443672
2025-08-05,IWM,208.64,21367861
2025-08-05,EFA,136.63,16484261
2025-08-05,TLT,92.51,15469764
2025-08-05,LQD,127.62,18454524
2025-08-05,GLD,277.08,7274426
2025-08-05,VNQ,133.06,11567188
2025-08-06,SPY,590.55,60654047
2025-08-06,QQQ,599.12,67066590
2025-08-06,IWM,210.04,35185420
2025-08-06,EFA,136.36,14963686
2025-08-06,TLT,91.68,12832901
2025-08-06,LQD,127.66,17547719
2025-08-06,GLD,276.82,10753158
2025-08-06,VNQ,133.38,2267764
2025-08-07,SPY,591.59,91231387
2025-08-07,QQQ,606.24,31265546
2025-08-07,IWM,209.04,37738780
2025-08-07,EFA,136.03,21565197
2025-08-07,TLT,89.77,15077115
2025-08-07,LQD,127.45,16281325
2025-08-07,GLD,271.27,4566247
2025-08-07,VNQ,130.76,2593539
2025-08-08,SPY,596.27,116180233
2025-08-08,QQQ,610.02,56759698
2025-08-08,IWM,215.38,33923979
2025-08-08,EFA,136.56,31189185
2025-08-08,TLT,89.91,30248890
2025-08-08,LQD,128.43,8155171
2025-08-08,GLD,274.77,5551716
2025-08-08,VNQ,132.47,5242279
2025-08-11,SPY,607.01,49101849
2025-08-11,QQQ,620.89,72115532
2025-08-11,IWM,220.11,25812206
2025-08-11,EFA,139.37,11792445
2025-08-11,TLT,90.09,11156006
2025-08-11,LQD,128.93,15518586
2025-08-11,GLD,279.5,15477438
2025-08-11,VNQ,132.71,3178908
2025-08-12,SPY,598.87,80422275
2025-08-12,QQQ,607.69,81013157
2025-08-12,IWM,217.93,25963067
2025-08-12,EFA,139.29,31596622
2025-08-12,TLT,89.68,27404140
2025-08-12,LQD,128.06,14439396
2025-08-12,GLD,277.44,12259304
2025-08-12,VNQ,133.52,7698922
2025-08-13,SPY,588.36,88981574
2025-08-13,QQQ,594.94,31394349
2025-08-13,IWM,213.42,44874575
2025-08-13,EFA,137.8,8629634
2025-08-13,TLT,89.48,27095226
2025-08-13,LQD,127.66,15901282
2025-08-13,GLD,279.61,13443029
2025-08-13,VNQ,133.53,4275747
2025-08-14,SPY,595.46,89830369
2025-08-14,QQQ,599.88,55439689
2025-08-14,IWM,211.7,33125353
2025-08-14,EFA,139.35,14623650
2025-08-14,TLT,89.87,20049412
2025-08-14,LQD,128.13,12432236
2025-08-14,GLD,280.19,7629288
2025-08-14,VNQ,133.82,5637279
2025-08-15,SPY,590.52,100225634
2025-08-15,QQQ,589.15,42132166
2025-08-15,IWM,208.69,26326355
2025-08-15,EFA,136.06,18364879
2025-08-15,TLT,88.46,20450212
2025-08-15,LQD,127.28,15844269
2025-08-15,GLD,273.29,8770120
2025-08-15,VNQ,133.41,9432608
2025-08-18,SPY,586.71,90764670
2025-08-18,QQQ,579.86,86156367
2025-08-18,IWM,206.43,24062816
2025-08-18,EFA,133.36,35410845
2025-08-18,TLT,90.55,28099639
2025-08-18,LQD,126.83,13153358
2025-08-18,GLD,273.75,4614740
2025-08-18,VNQ,131.81,4992519
2025-08-19,SPY,582.92,79203470
2025-08-19,QQQ,577.39,67618062
2025-08-19,IWM,206.97,39983571
2025-08-19,EFA,130.61,22926130
2025-08-19,TLT,91.29,21703998
2025-08-19,LQD,126.01,22274608
2025-08-19,GLD,273.93,6269587
2025-08-19,VNQ,131.9,3939570
2025-08-20,SPY,585.99,121182600
2025-08-20,QQQ,582.32,34752972
2025-08-20,IWM,207.81,19639174
2025-08-20,EFA,130.3,11876476
2025-08-20,TLT,90.04,12126243
2025-08-20,LQD,125.97,17380974
2025-08-20,GLD,269.6,5621679
2025-08-20,VNQ,133.32,3684101
2025-08-21,SPY,582.18,116180948
2025-08-21,QQQ,573.17,82729854
2025-08-21,IWM,207.76,20543082
2025-08-21,EFA,130.03,33350820
2025-08-21,TLT,90.73,30014919
2025-08-21,LQD,126.85,11937010
2025-08-21,GLD,273.91,7066910
2025-08-21,VNQ,134.54,5433527
2025-08-22,SPY,577.47,100484995
2025-08-22,QQQ,569.29,121197656
2025-08-22,IWM,207.44,35481966
2025-08-22,EFA,130.92,23871561
2025-08-22,TLT,91.62,65899847
2025-08-22,LQD,127.78,23416722
2025-08-22,GLD,270.26,3712269
2025-08-22,VNQ,133.4,5600745
2025-08-25,SPY,584.43,61633154
2025-08-25,QQQ,579.51,25388867
2025-08-25,IWM,210.13,22227354
2025-08-25,EFA,129.49,18318039
2025-08-25,TLT,92.06,20219299
2025-08-25,LQD,128.2,15990175
2025-08-25,GLD,271.2,10172927
2025-08-25,VNQ,134.12,4538653
2025-08-26,SPY,588.05,84830398
2025-08-26,QQQ,590.8,41514074
2025-08-26,IWM,214.73,21995315
2025-08-26,EFA,129.83,9804018
2025-08-26,TLT,92.15,35234218
2025-08-26,LQD,128.29,15174996
2025-08-26,GLD,270.83,5745384
2025-08-26,VNQ,134.49,4159079
2025-08-27,SPY,598.69,125817311
2025-08-27,QQQ,607.53,69507076
2025-08-27,IWM,216.43,20004558
2025-08-27,EFA,132.46,19818091
2025-08-27,TLT,90.57,12846574
2025-08-27,LQD,127.98,11343979
2025-08-27,GLD,270.71,7325230
2025-08-27,VNQ,133.55,9725491
2025-08-28,SPY,601.83,39617996
2025-08-28,QQQ,602.46,30436975
2025-08-28,IWM,218.15,17190492
2025-08-28,EFA,135.97,17615351
2025-08-28,TLT,89.24,17200507
2025-08-28,LQD,128.34,15295112
2025-08-28,GLD,270.17,9032374
2025-08-28,VNQ,132.79,7025380
2025-08-29,SPY,599.63,63027326
2025-08-29,QQQ,597.69,53692529
2025-08-29,IWM,218.17,27505157
2025-08-29,EFA,135.17,46172603
2025-08-29,TLT,89.91,16444800
2025-08-29,LQD,128.89,17079689
2025-08-29,GLD,269.12,14863622
2025-08-29,VNQ,133.71,4777393
2025-09-01,SPY,607.35,79401332
2025-09-01,QQQ,605.63,43405357
2025-09-01,IWM,224.37,13931178
2025-09-01,EFA,135.94,15583770
2025-09-01,TLT,90.54,32089477
2025-09-01,LQD,129.53,8727360
2025-09-01,GLD,272.25,4754117
2025-09-01,VNQ,133.62,7029694
2025-09-02,SPY,610.02,124000603
2025-09-02,QQQ,615.52,54579976
2025-09-02,IWM,224.9,32074301
2025-09-02,EFA,136.43,16248420
2025-09-02,TLT,91.31,19126744
2025-09-02,LQD,130.49,13470841
2025-09-02,GLD,273.36,5602445
2025-09-02,VNQ,132.96,4986554
2025-09-03,SPY,612.26,59289182
2025-09-03,QQQ,612.57,30345192
2025-09-03,IWM,224.61,39216123
2025-09-03,EFA,134.12,21663126
2025-09-03,TLT,91.29,13957313
2025-09-03,LQD,130.38,19187652
2025-09-03,GLD,272.12,9835872
2025-09-03,VNQ,132.35,7086179
2025-09-04,SPY,609.95,114714493
2025-09-04,QQQ,608.85,61104836
2025-09-04,IWM,221.97,37024508
2025-09-04,EFA,134.45,13379199
2025-09-04,TLT,90.52,29284602
2025-09-04,LQD,129.76,12919787
2025-09-04,GLD,274.67,7761056
2025-09-04,VNQ,131.82,5310936
2025-09-05,SPY,601.68,80838413
2025-09-05,QQQ,587.54,29629357
2025-09-05,IWM,221.91,31314853
2025-09-05,EFA,132.25,10561704
2025-09-05,TLT,89.84,26376600
2025-09-05,LQD,129.02,21539190
2025-09-05,GLD,270.9,9015436
2025-09-05,VNQ,131.54,9918896
2025-09-08,SPY,606.61,88530365
2025-09-08,QQQ,592.93,51006833
2025-09-08,IWM,227.14,19914338
2025-09-08,EFA,134.58,14996890
2025-09-08,TLT,89.95,26987978
2025-09-08,LQD,130.25,10434132
2025-09-08,GLD,274.51,3987930
2025-09-08,VNQ,133.77,4218406
2025-09-09,SPY,604.38,70540479
2025-09-09,QQQ,591.45,45453773
2025-09-09,IWM,225.85,39642072
2025-09-09,EFA,133.19,18110758
2025-09-09,TLT,89.09,22630766
2025-09-09,LQD,129.05,14964907
2025-09-09,GLD,271.9,8810644
2025-09-09,VNQ,133.89,9584640
2025-09-10,SPY,609.5,112021937
2025-09-10,QQQ,600.93,44146356
2025-09-10,IWM,226.45,30008961
2025-09-10,EFA,133.4,36774344
2025-09-10,TLT,89.24,14313641
2025-09-10,LQD,129.7,12092641
2025-09-10,GLD,268.0,6691701
2025-09-10,VNQ,133.97,2454842
2025-09-11,SPY,605.84,49607102
2025-09-11,QQQ,595.17,48757462
2025-09-11,IWM,225.77,32752741
2025-09-11,EFA,132.1,26954819
2025-09-11,TLT,87.65,36702953
2025-09-11,LQD,129.58,38049244
2025-09-11,GLD,268.33,7641301
2025-09-11,VNQ,133.22,6084997
2025-09-12,SPY,596.14,143916620
2025-09-12,QQQ,591.72,41550700
2025-09-12,IWM,222.79,36925195
2025-09-12,EFA,131.44,12909092
2025-09-12,TLT,89.09,14111862
2025-09-12,LQD,129.69,17035424
2025-09-12,GLD,267.55,5333385
2025-09-12,VNQ,131.55,2955104
2025-09-15,SPY,593.64,80267741
2025-09-15,QQQ,581.14,32847241
2025-09-15,IWM,223.6,24535660
2025-09-15,EFA,130.95,26431910
2025-09-15,TLT,90.63,24149340
2025-09-15,LQD,130.69,17786399
2025-09-15,GLD,267.19,10765586
2025-09-15,VNQ,132.29,3017498
2025-09-16,SPY,591.53,89502140
2025-09-16,QQQ,576.57,53407889
2025-09-16,IWM,223.77,35624633
2025-09-16,EFA,131.9,20225218
2025-09-16,TLT,89.63,13892795
2025-09-16,LQD,130.3,12988323
2025-09-16,GLD,267.65,10873660
2025-09-16,VNQ,132.87,5661764
2025-09-17,SPY,594.09,64272176
2025-09-17,QQQ,574.17,32266761
2025-09-17,IWM,222.59,45839643
2025-09-17,EFA,133.17,11508145
2025-09-17,TLT,89.85,19733227
2025-09-17,LQD,130.2,17092173
2025-09-17,GLD,271.67,11173924
2025-09-17,VNQ,134.09,5695670
2025-09-18,SPY,603.21,52839580
2025-09-18,QQQ,595.87,47943561
2025-09-18,IWM,227.98,31735620
2025-09-18,EFA,133.85,21117771
2025-09-18,TLT,89.67,14641985
2025-09-18,LQD,130.39,13233496
2025-09-18,GLD,269.64,9011048
2025-09-18,VNQ,132.72,4948242
2025-09-19,SPY,597.38,72455139
2025-09-19,QQQ,592.57,91974791
2025-09-19,IWM,222.43,46827342
2025-09-19,EFA,133.08,27335909
2025-09-19,TLT,88.65,23113155
2025-09-19,LQD,130.37,20571786
2025-09-19,GLD,267.0,11392554
2025-09-19,VNQ,129.67,7536806
2025-09-22,SPY,601.06,67891142
2025-09-22,QQQ,596.35,49498287
2025-09-22,IWM,223.76,44024623
2025-09-22,EFA,132.45,10578539
2025-09-22,TLT,88.42,28274177
2025-09-22,LQD,130.64,30141705
2025-09-22,GLD,266.47,4539544
2025-09-22,VNQ,131.35,5879962
2025-09-23,SPY,608.48,106055180
2025-09-23,QQQ,601.59,59972802
2025-09-23,IWM,225.27,26856907
2025-09-23,EFA,135.44,14818117
2025-09-23,TLT,88.33,19453253
2025-09-23,LQD,131.24,11831857
2025-09-23,GLD,267.97,10449371
2025-09-23,VNQ,131.89,7473049
2025-09-24,SPY,596.67,65418348
2025-09-24,QQQ,587.19,57987072
2025-09-24,IWM,217.41,28860296
2025-09-24,EFA,132.89,15598807
2025-09-24,TLT,88.51,19609767
2025-09-24,LQD,130.58,9646820
2025-09-24,GLD,266.85,8001284
2025-09-24,VNQ,129.42,5244297
2025-09-25,SPY,597.36,89410287
2025-09-25,QQQ,583.9,40891694
2025-09-25,IWM,215.42,19694852
2025-09-25,EFA,133.0,18197797
2025-09-25,TLT,89.28,18861031
2025-09-25,LQD,131.57,9693167
2025-09-25,GLD,264.17,6258935
2025-09-25,VNQ,129.29,6468359
2025-09-26,SPY,606.03,104611743
2025-09-26,QQQ,598.33,30466851
2025-09-26,IWM,219.58,27454475
2025-09-26,EFA,134.09,9774395
2025-09-26,TLT,88.25,20901506
2025-09-26,LQD,131.64,21418407
2025-09-26,GLD,261.81,6230574
2025-09-26,VNQ,129.19,3618519
2025-09-29,SPY,604.04,101983122
2025-09-29,QQQ,586.61,59072257
2025-09-29,IWM,217.71,19670110
2025-09-29,EFA,134.28,22650529
2025-09-29,TLT,88.87,50814870
2025-09-29,LQD,132.1,9761646
2025-09-29,GLD,262.25,8698652
2025-09-29,VNQ,127.96,8187037
2025-09-30,SPY,607.96,35545773
2025-09-30,QQQ,586.12,72964862
2025-09-30,IWM,218.75,27659680
2025-09-30,EFA,135.4,12364999
2025-09-30,TLT,88.7,17226841
2025-09-30,LQD,131.79,10885769
2025-09-30,GLD,260.81,6942875
2025-09-30,VNQ,129.13,6822892
2025-10-01,SPY,620.48,149698559
2025-10-01,QQQ,601.92,68468315
2025-10-01,IWM,220.65,30092163
2025-10-01,EFA,138.15,12944343
2025-10-01,TLT,88.22,26892833
2025-10-01,LQD,133.41,22368388
2025-10-01,GLD,260.45,13290251
2025-10-01,VNQ,130.29,10004853
2025-10-02,SPY,616.16,90576213
2025-10-02,QQQ,604.32,56764938
2025-10-02,IWM,220.1,39390336
2025-10-02,EFA,136.53,18247405
2025-10-02,TLT,87.77,13177023
2025-10-02,LQD,132.39,16419802
2025-10-02,GLD,261.01,6532707
2025-10-02,VNQ,129.58,5611982
2025-10-03,SPY,614.87,45503027
2025-10-03,QQQ,598.16,63791756
2025-10-03,IWM,218.48,26205965
2025-10-03,EFA,136.03,10623225
2025-10-03,TLT,87.48,17909194
2025-10-03,LQD,131.55,14084054
2025-10-03,GLD,259.66,12913547
2025-10-03,VNQ,127.19,4747378
2025-10-06,SPY,613.03,103474457
2025-10-06,QQQ,592.7,34562821
2025-10-06,IWM,217.41,27985929
2025-10-06,EFA,134.65,20400297
2025-10-06,TLT,87.96,27733713
2025-10-06,LQD,132.52,13266355
2025-10-06,GLD,257.34,10685306
2025-10-06,VNQ,128.7,7227774
2025-10-07,SPY,626.13,71221946
2025-10-07,QQQ,608.39,55228413
2025-10-07,IWM,222.58,28877743
2025-10-07,EFA,136.1,28399737
2025-10-07,TLT,87.92,28307113
2025-10-07,LQD,133.54,17423754
2025-10-07,GLD,260.5,8540357
2025-10-07,VNQ,128.99,6437464
2025-10-08,SPY,628.72,85620578
2025-10-08,QQQ,612.99,64466678
2025-10-08,IWM,222.43,31496274
2025-10-08,EFA,136.99,10261096
2025-10-08,TLT,86.25,22423453
2025-10-08,LQD,132.06,20263903
2025-10-08,GLD,261.12,12662897
2025-10-08,VNQ,130.42,7117601
2025-10-09,SPY,618.6,82755713
2025-10-09,QQQ,604.33,45109009
2025-10-09,IWM,219.24,35813456
2025-10-09,EFA,134.39,32525540
2025-10-09,TLT,87.02,13355018
2025-10-09,LQD,132.15,15228966
2025-10-09,GLD,264.61,4782911
2025-10-09,VNQ,129.59,6673031
2025-10-10,SPY,616.04,187765853
2025-10-10,QQQ,598.65,39884336
2025-10-10,IWM,214.63,29088568
2025-10-10,EFA,133.25,15704323
2025-10-10,TLT,87.8,20458499
2025-10-10,LQD,132.1,16507607
2025-10-10,GLD,271.04,8410107
2025-10-10,VNQ,128.62,4441879
2025-10-13,SPY,625.36,46022507
2025-10-13,QQQ,604.7,42895665
2025-10-13,IWM,219.78,18281178
2025-10-13,EFA,134.08,15467380
2025-10-13,TLT,88.13,17390610
2025-10-13,LQD,132.79,12797706
2025-10-13,GLD,271.08,5319950
2025-10-13,VNQ,129.75,3467897
2025-10-14,SPY,627.47,90580292
2025-10-14,QQQ,607.67,53911735
2025-10-14,IWM,219.41,31604352
2025-10-14,EFA,134.35,18089231
2025-10-14,TLT,88.85,24763399
2025-10-14,LQD,133.0,18670162
2025-10-14,GLD,273.9,5909915
2025-10-14,VNQ,129.97,8464588
2025-10-15,SPY,648.09,151248909
2025-10-15,QQQ,637.69,40223621
2025-10-15,IWM,225.98,25916060
2025-10-15,EFA,136.71,28866537
2025-10-15,TLT,88.33,13137408
2025-10-15,LQD,134.63,12150336
2025-10-15,GLD,272.27,5436225
2025-10-15,VNQ,131.87,8645304
2025-10-16,SPY,653.16,55937390
2025-10-16,QQQ,653.78,56814827
2025-10-16,IWM,227.71,63060132
2025-10-16,EFA,137.33,18986541
2025-10-16,TLT,89.42,18782440
2025-10-16,LQD,135.27,21400679
2025-10-16,GLD,273.92,5476011
2025-10-16,VNQ,133.92,5067681
2025-10-17,SPY,653.74,51502352
2025-10-17,QQQ,659.27,66645559
2025-10-17,IWM,229.23,38096410
2025-10-17,EFA,136.65,19503034
2025-10-17,TLT,88.9,23610215
2025-10-17,LQD,135.17,14381243
2025-10-17,GLD,273.89,10238950
2025-10-17,VNQ,133.83,3929461
2025-10-20,SPY,655.97,86665960
2025-10-20,QQQ,659.0,87499699
2025-10-20,IWM,231.02,31035993
2025-10-20,EFA,136.76,34024187
2025-10-20,TLT,86.9,20915579
2025-10-20,LQD,134.05,13820174
2025-10-20,GLD,268.46,4855753
2025-10-20,VNQ,135.29,4936926
2025-10-21,SPY,653.63,70931046
2025-10-21,QQQ,656.28,36875822
2025-10-21,IWM,230.89,34863036
2025-10-21,EFA,134.7,30143179
2025-10-21,TLT,86.83,23261202
2025-10-21,LQD,134.09,18933495
2025-10-21,GLD,264.05,8307480
2025-10-21,VNQ,133.81,4940993
2025-10-22,SPY,645.22,65725525
2025-10-22,QQQ,646.57,30786092
2025-10-22,IWM,226.58,23275318
2025-10-22,EFA,133.0,21562557
2025-10-22,TLT,86.13,18343745
2025-10-22,LQD,132.86,9119560
2025-10-22,GLD,266.9,11852142
2025-10-22,VNQ,129.97,9519494
2025-10-23,SPY,650.38,53174632
2025-10-23,QQQ,659.08,45069172
2025-10-23,IWM,230.12,19578961
2025-10-23,EFA,134.01,29203582
2025-10-23,TLT,85.87,20472573
2025-10-23,LQD,133.04,7841664
2025-10-23,GLD,269.36,8546312
2025-10-23,VNQ,132.41,7676011
2025-10-24,SPY,650.16,77081616
2025-10-24,QQQ,656.44,101922256
2025-10-24,IWM,227.04,17826279
2025-10-24,EFA,132.98,14181300
2025-10-24,TLT,85.38,20539516
2025-10-24,LQD,131.69,13264463
2025-10-24,GLD,268.49,7842034
2025-10-24,VNQ,130.3,4248097
2025-10-27,SPY,653.54,114563670
2025-10-27,QQQ,671.33,44629405
2025-10-27,IWM,227.62,34369604
2025-10-27,EFA,131.7,28542792
2025-10-27,TLT,84.73,20768570
2025-10-27,LQD,131.64,16545619
2025-10-27,GLD,259.16,12164924
2025-10-27,VNQ,130.11,5002221
2025-10-28,SPY,659.95,75758906
2025-10-28,QQQ,673.58,44154717
2025-10-28,IWM,226.99,37221536
2025-10-28,EFA,132.43,23081492
2025-10-28,TLT,83.41,20971525
2025-10-28,LQD,130.56,26297693
2025-10-28,GLD,257.95,6252707
2025-10-28,VNQ,128.67,5969825
2025-10-29,SPY,658.28,88177535
2025-10-29,QQQ,665.27,34290347
2025-10-29,IWM,225.44,26081299
2025-10-29,EFA,131.37,24601347
2025-10-29,TLT,81.95,20064706
2025-10-29,LQD,129.72,8045919
2025-10-29,GLD,257.41,8767107
2025-10-29,VNQ,128.48,7079995
2025-10-30,SPY,651.87,63515180
2025-10-30,QQQ,654.18,78983686
2025-10-30,IWM,227.44,20852131
2025-10-30,EFA,129.85,24182720
2025-10-30,TLT,81.98,26180847
2025-10-30,LQD,128.87,15341698
2025-10-30,GLD,258.78,11901607
2025-10-30,VNQ,127.63,3730428
2025-10-31,SPY,653.1,102633325
2025-10-31,QQQ,658.98,55509157
2025-10-31,IWM,229.52,35017320
2025-10-31,EFA,130.46,18375103
2025-10-31,TLT,81.84,17202566
2025-10-31,LQD,129.15,12265259
2025-10-31,GLD,261.86,8298645
2025-10-31,VNQ,128.0,6844749
2025-11-03,SPY,653.78,85955414
2025-11-03,QQQ,659.64,33835579
2025-11-03,IWM,228.79,22046072
2025-11-03,EFA,131.25,23544869
2025-11-03,TLT,81.92,23581067
2025-11-03,LQD,128.52,14703659
2025-11-03,GLD,261.11,6125252
2025-11-03,VNQ,128.38,7949729
2025-11-04,SPY,644.13,84555470
2025-11-04,QQQ,650.03,40415088
2025-11-04,IWM,222.92,35725368
2025-11-04,EFA,130.37,15142034
2025-11-04,TLT,82.59,19101043
2025-11-04,LQD,127.88,16278987
2025-11-04,GLD,264.7,7154984
2025-11-04,VNQ,127.44,4952960
2025-11-05,SPY,645.07,47669312
2025-11-05,QQQ,649.8,50072879
2025-11-05,IWM,222.12,32722813
2025-11-05,EFA,130.02,23766826
2025-11-05,TLT,82.59,19775309
2025-11-05,LQD,128.21,25030455
2025-11-05,GLD,264.29,7766262
2025-11-05,VNQ,125.43,6019604
2025-11-06,SPY,637.42,87746685
2025-11-06,QQQ,633.08,66952367
2025-11-06,IWM,220.19,39017087
2025-11-06,EFA,129.27,14010167
2025-11-06,TLT,83.21,19887884
2025-11-06,LQD,128.51,19159103
2025-11-06,GLD,264.0,11418366
2025-11-06,VNQ,125.91,5136488
2025-11-07,SPY,639.09,91389651
2025-11-07,QQQ,641.85,54351417
2025-11-07,IWM,219.12,17662537
2025-11-07,EFA,131.19,30695995
2025-11-07,TLT,82.72,24113299
2025-11-07,LQD,128.95,14736450
2025-11-07,GLD,263.11,10575328
2025-11-07,VNQ,127.03,4398579
2025-11-10,SPY,641.88,61324829
2025-11-10,QQQ,641.81,88841740
2025-11-10,IWM,217.57,17070326
2025-11-10,EFA,133.12,10153116
2025-11-10,TLT,81.81,19623343
2025-11-10,LQD,128.32,12783459
2025-11-10,GLD,258.45,12979664
2025-11-10,VNQ,123.89,3023610
2025-11-11,SPY,646.62,41730602
2025-11-11,QQQ,646.18,58885908
2025-11-11,IWM,217.08,24707332
2025-11-11,EFA,134.96,11845940
2025-11-11,TLT,81.87,18979325
2025-11-11,LQD,128.51,16555511
2025-11-11,GLD,259.79,12159526
2025-11-11,VNQ,125.74,5395414
2025-11-12,SPY,635.32,74066734
2025-11-12,QQQ,624.58,38991056
2025-11-12,IWM,213.3,31468093
2025-11-12,EFA,132.93,12851346
2025-11-12,TLT,82.55,16700521
2025-11-12,LQD,129.58,16145648
2025-11-12,GLD,259.97,7714601
2025-11-12,VNQ,124.46,3543769
2025-11-13,SPY,632.54,56965847
2025-11-13,QQQ,625.33,73899121
2025-11-13,IWM,213.51,29951122
2025-11-13,EFA,133.17,30895307
2025-11-13,TLT,82.43,24664824
2025-11-13,LQD,129.34,14422061
2025-11-13,GLD,258.38,8463848
2025-11-13,VNQ,124.42,6529523
2025-11-14,SPY,629.51,96843158
2025-11-14,QQQ,625.77,56073574
2025-11-14,IWM,211.49,25051235
2025-11-14,EFA,132.37,25947298
2025-11-14,TLT,82.48,21117953
2025-11-14,LQD,128.38,25991987
2025-11-14,GLD,258.44,9679489
2025-11-14,VNQ,122.18,3906538
2025-11-17,SPY,633.25,120505204
2025-11-17,QQQ,628.91,52654074
2025-11-17,IWM,214.6,32339207
2025-11-17,EFA,133.48,19751540
2025-11-17,TLT,83.07,18366482
2025-11-17,LQD,129.48,19348777
2025-11-17,GLD,259.93,4227470
2025-11-17,VNQ,123.19,6732434
2025-11-18,SPY,643.43,109719146
2025-11-18,QQQ,639.59,46733221
2025-11-18,IWM,217.4,29106916
2025-11-18,EFA,135.14,26012296
2025-11-18,TLT,82.84,11402841
2025-11-18,LQD,129.91,15290122
2025-11-18,GLD,261.53,10072044
2025-11-18,VNQ,126.06,2229367
2025-11-19,SPY,645.87,53256158
2025-11-19,QQQ,648.58,41867809
2025-11-19,IWM,221.84,37467689
2025-11-19,EFA,135.66,15300169
2025-11-19,TLT,81.99,24618221
2025-11-19,LQD,129.11,10919208
2025-11-19,GLD,260.69,11902415
2025-11-19,VNQ,128.71,4266545
2025-11-20,SPY,631.97,53656932
2025-11-20,QQQ,634.65,70678451
2025-11-20,IWM,215.54,16975461
2025-11-20,EFA,133.04,33496673
2025-11-20,TLT,82.52,12171108
2025-11-20,LQD,128.58,11909680
2025-11-20,GLD,262.24,13103008
2025-11-20,VNQ,125.38,4237681
2025-11-21,SPY,636.5,106594717
2025-11-21,QQQ,647.73,41446546
2025-11-21,IWM,215.06,37251193
2025-11-21,EFA,135.3,13945869
2025-11-21,TLT,82.65,19065970
2025-11-21,LQD,128.86,15990976
2025-11-21,GLD,262.75,9299570
2025-11-21,VNQ,127.93,4357016
2025-11-24,SPY,634.14,96617494
2025-11-24,QQQ,643.36,39848191
2025-11-24,IWM,212.88,31352223
2025-11-24,EFA,134.02,32787392
2025-11-24,TLT,82.53,13917166
2025-11-24,LQD,127.96,16878119
2025-11-24,GLD,263.65,4711463
2025-11-24,VNQ,126.72,8966302
2025-11-25,SPY,630.72,57249459
2025-11-25,QQQ,651.45,57711826
2025-11-25,IWM,209.34,30292303
2025-11-25,EFA,134.21,11674615
2025-11-25,TLT,82.49,12371889
2025-11-25,LQD,127.24,16380025
2025-11-25,GLD,261.15,15229050
2025-11-25,VNQ,127.43,4365306
2025-11-26,SPY,622.17,72260024
2025-11-26,QQQ,637.52,49964825
2025-11-26,IWM,208.4,41397385
2025-11-26,EFA,133.27,25057082
2025-11-26,TLT,81.84,27929986
2025-11-26,LQD,126.02,15524436
2025-11-26,GLD,260.82,8402215
2025-11-26,VNQ,126.62,3709180
2025-11-27,SPY,616.82,58613094
2025-11-27,QQQ,631.38,38447410
2025-11-27,IWM,206.65,24426718
2025-11-27,EFA,132.65,15361579
2025-11-27,TLT,82.55,26750910
2025-11-27,LQD,126.14,15422068
2025-11-27,GLD,256.96,14498228
2025-11-27,VNQ,125.24,6713230
2025-11-28,SPY,626.61,46804074
2025-11-28,QQQ,637.9,25321231
2025-11-28,IWM,210.6,31156422
2025-11-28,EFA,135.05,29191255
2025-11-28,TLT,82.87,27323032
2025-11-28,LQD,126.28,16187444
2025-11-28,GLD,257.43,9646654
2025-11-28,VNQ,128.55,6697262
2025-12-01,SPY,623.11,36158859
2025-12-01,QQQ,645.75,50862421
2025-12-01,IWM,210.85,31446486
2025-12-01,EFA,135.04,29491690
2025-12-01,TLT,82.85,20417041
2025-12-01,LQD,125.19,11136713
2025-12-01,GLD,254.66,5943161
2025-12-01,VNQ,129.2,4366769
2025-12-02,SPY,628.9,49753852
2025-12-02,QQQ,649.04,78932008
2025-12-02,IWM,211.89,36299273
2025-12-02,EFA,136.58,21231989
2025-12-02,TLT,82.5,16212405
2025-12-02,LQD,125.84,19261720
2025-12-02,GLD,249.82,5524415
2025-12-02,VNQ,129.34,3491217
2025-12-03,SPY,631.6,136129009
2025-12-03,QQQ,653.09,60873824
2025-12-03,IWM,211.79,26225169
2025-12-03,EFA,137.32,17607097
2025-12-03,TLT,83.39,12910918
2025-12-03,LQD,126.3,13050113
2025-12-03,GLD,248.53,7007204
2025-12-03,VNQ,130.07,4684244
2025-12-04,SPY,637.01,125353653
2025-12-04,QQQ,656.8,87269179
2025-12-04,IWM,214.42,58019272
2025-12-04,EFA,138.19,12934122
2025-12-04,TLT,82.39,16490563
2025-12-04,LQD,126.4,16381937
2025-12-04,GLD,246.85,6367509
2025-12-04,VNQ,131.19,5802562
2025-12-05,SPY,639.36,53287159
2025-12-05,QQQ,668.24,56633647
2025-12-05,IWM,215.36,49206652
2025-12-05,EFA,138.05,20877849
2025-12-05,TLT,82.45,13393215
2025-12-05,LQD,126.99,14050044
2025-12-05,GLD,247.75,6631204
2025-12-05,VNQ,133.11,5440641
2025-12-08,SPY,638.2,120723797
2025-12-08,QQQ,670.4,41583553
2025-12-08,IWM,216.6,31205407
2025-12-08,EFA,137.06,24816978
2025-12-08,TLT,83.34,8380657
2025-12-08,LQD,127.73,13521577
2025-12-08,GLD,246.09,7097661
2025-12-08,VNQ,132.66,6681227
2025-12-09,SPY,634.96,47676042
2025-12-09,QQQ,659.14,81165595
2025-12-09,IWM,213.01,37085370
2025-12-09,EFA,134.15,10362704
2025-12-09,TLT,82.77,25640630
2025-12-09,LQD,127.3,16732625
2025-12-09,GLD,241.11,14548059
2025-12-09,VNQ,130.34,4007445
2025-12-10,SPY,645.62,60823548
2025-12-10,QQQ,684.26,59186076
2025-12-10,IWM,216.94,37148659
2025-12-10,EFA,136.24,11319449
2025-12-10,TLT,82.81,30307323
2025-12-10,LQD,128.75,12933588
2025-12-10,GLD,240.83,11486722
2025-12-10,VNQ,132.97,3298269
2025-12-11,SPY,659.35,67339702
2025-12-11,QQQ,700.47,62222721
2025-12-11,IWM,220.84,28867027
2025-12-11,EFA,139.04,28200772
2025-12-11,TLT,81.32,15500604
2025-12-11,LQD,127.9,12495905
2025-12-11,GLD,242.86,7124051
2025-12-11,VNQ,135.21,4276156
2025-12-12,SPY,659.61,75583965
2025-12-12,QQQ,697.41,31371475
2025-12-12,IWM,221.69,35075111
2025-12-12,EFA,140.31,27021458
2025-12-12,TLT,79.86,37675922
2025-12-12,LQD,126.96,8904397
2025-12-12,GLD,247.75,7076685
2025-12-12,VNQ,133.82,5231085
2025-12-15,SPY,662.37,67027413
2025-12-15,QQQ,701.53,48791523
2025-12-15,IWM,222.46,27592303
2025-12-15,EFA,140.49,30201114
2025-12-15,TLT,79.87,17702634
2025-12-15,LQD,125.74,14292943
2025-12-15,GLD,249.0,6555299
2025-12-15,VNQ,132.74,3299438
2025-12-16,SPY,654.78,76223034
2025-12-16,QQQ,689.41,45642075
2025-12-16,IWM,219.57,47426513
2025-12-16,EFA,138.8,19280072
2025-12-16,TLT,80.06,25263489
2025-12-16,LQD,123.99,15639704
2025-12-16,GLD,251.55,8032662
2025-12-16,VNQ,131.44,6415005
2025-12-17,SPY,649.12,114846858
2025-12-17,QQQ,682.76,33363869
2025-12-17,IWM,216.94,18426914
2025-12-17,EFA,137.97,24795038
2025-12-17,TLT,79.68,20966094
2025-12-17,LQD,123.3,20774005
2025-12-17,GLD,250.84,8143446
2025-12-17,VNQ,129.16,2369417
2025-12-18,SPY,648.24,99227147
2025-12-18,QQQ,679.49,50251631
2025-12-18,IWM,215.98,22202486
2025-12-18,EFA,139.16,19356316
2025-12-18,TLT,80.38,16921644
2025-12-18,LQD,123.62,18792172
2025-12-18,GLD,250.71,8460649
2025-12-18,VNQ,128.41,6209630
2025-12-19,SPY,662.62,103499150
2025-12-19,QQQ,701.82,64883722
2025-12-19,IWM,222.52,31422126
2025-12-19,EFA,141.76,20737034
2025-12-19,TLT,78.85,20952152
2025-12-19,LQD,123.92,7995398
2025-12-19,GLD,249.82,4812122
2025-12-19,VNQ,130.59,8908102
2025-12-22,SPY,660.37,59247393
2025-12-22,QQQ,699.66,38323109
2025-12-22,IWM,221.6,34740321
2025-12-22,EFA,143.23,18603696
2025-12-22,TLT,79.08,11767839
2025-12-22,LQD,123.9,13152769
2025-12-22,GLD,249.75,4855683
2025-12-22,VNQ,130.54,9403409
2025-12-23,SPY,658.3,41495723
2025-12-23,QQQ,697.09,122139582
2025-12-23,IWM,224.23,14072707
2025-12-23,EFA,142.81,19653422
2025-12-23,TLT,79.47,15769503
2025-12-23,LQD,124.01,20115626
2025-12-23,GLD,249.83,6976445
2025-12-23,VNQ,130.15,5037339
2025-12-24,SPY,644.54,79080674
2025-12-24,QQQ,678.75,47057269
2025-12-24,IWM,221.49,22942082
2025-12-24,EFA,139.78,16196428
2025-12-24,TLT,80.49,29805127
2025-12-24,LQD,122.96,8247304
2025-12-24,GLD,249.15,16375660
2025-12-24,VNQ,127.68,4862605
2025-12-25,SPY,658.49,82444150
2025-12-25,QQQ,701.67,55347052
2025-12-25,IWM,224.01,31549043
2025-12-25,EFA,142.01,12850029
2025-12-25,TLT,81.26,36030447
2025-12-25,LQD,124.9,14457060
2025-12-25,GLD,249.36,4601017
2025-12-25,VNQ,129.95,8354356
2025-12-26,SPY,669.24,69438664
2025-12-26,QQQ,707.07,62912517
2025-12-26,IWM,229.92,29038485
2025-12-26,EFA,143.67,24231290
2025-12-26,TLT,79.06,23431883
2025-12-26,LQD,124.12,14894954
2025-12-26,GLD,251.73,7252387
2025-12-26,VNQ,128.5,6025360
2025-12-29,SPY,674.08,98467070
2025-12-29,QQQ,708.61,58330146
2025-12-29,IWM,230.48,28837630
2025-12-29,EFA,143.16,27167113
2025-12-29,TLT,78.37,18976765
2025-12-29,LQD,123.41,20006657
2025-12-29,GLD,250.6,5813633
2025-12-29,VNQ,130.1,2757974
2025-12-30,SPY,667.74,101496398
2025-12-30,QQQ,702.14,66545209
2025-12-30,IWM,230.62,39931883
2025-12-30,EFA,140.99,15207314
2025-12-30,TLT,78.3,24094165
2025-12-30,LQD,123.72,12446796
2025-12-30,GLD,253.32,4670095
2025-12-30,VNQ,129.09,4854444
2025-12-31,SPY,661.61,116412575
2025-12-31,QQQ,702.11,66271161
2025-12-31,IWM,228.13,36907840
2025-12-31,EFA,140.36,15690061
2025-12-31,TLT,78.9,30168792
2025-12-31,LQD,123.08,15080985
2025-12-31,GLD,256.63,9904457
2025-12-31,VNQ,125.76,4945589
2026-01-01,SPY,662.32,55717408
2026-01-01,QQQ,697.99,54211273
2026-01-01,IWM,228.64,74819451
2026-01-01,EFA,141.6,19863753
2026-01-01,TLT,78.24,31391127
2026-01-01,LQD,122.24,9364060
2026-01-01,GLD,257.45,9622341
2026-01-01,VNQ,124.9,4856137
2026-01-02,SPY,658.25,75310837
2026-01-02,QQQ,692.55,54156959
2026-01-02,IWM,230.74,28231985
2026-01-02,EFA,141.63,11248792
2026-01-02,TLT,78.15,17190544
2026-01-02,LQD,122.3,12572410
2026-01-02,GLD,259.53,9946650
2026-01-02,VNQ,125.78,7210919
2026-01-05,SPY,641.84,76972853
2026-01-05,QQQ,669.52,50150059
2026-01-05,IWM,223.76,22873291
2026-01-05,EFA,140.31,17453528
2026-01-05,TLT,79.75,31736841
2026-01-05,LQD,121.67,18855609
2026-01-05,GLD,267.5,8215503
2026-01-05,VNQ,122.5,4322202
2026-01-06,SPY,637.7,126812947
2026-01-06,QQQ,657.04,44993885
2026-01-06,IWM,222.29,25927628
2026-01-06,EFA,138.72,12090622
2026-01-06,TLT,81.33,13529599
2026-01-06,LQD,123.06,11802122
2026-01-06,GLD,270.22,7345595
2026-01-06,VNQ,121.1,5283847
2026-01-07,SPY,641.83,68312759
2026-01-07,QQQ,664.23,57547879
2026-01-07,IWM,222.29,45478776
2026-01-07,EFA,139.16,15353463
2026-01-07,TLT,81.72,19120436
2026-01-07,LQD,123.6,28560964
2026-01-07,GLD,267.43,10785939
2026-01-07,VNQ,121.53,2589316
2026-01-08,SPY,639.17,141588861
2026-01-08,QQQ,659.82,40686080
2026-01-08,IWM,221.64,24764228
2026-01-08,EFA,138.36,16048544
2026-01-08,TLT,82.14,18284601
2026-01-08,LQD,124.2,27547355
2026-01-08,GLD,266.58,5722664
2026-01-08,VNQ,121.9,4540024
2026-01-09,SPY,647.94,62058866
2026-01-09,QQQ,669.35,26675360
2026-01-09,IWM,226.58,34305598
2026-01-09,EFA,138.83,10997256
2026-01-09,TLT,81.72,11980792
2026-01-09,LQD,125.53,11985305
2026-01-09,GLD,266.07,10453925
2026-01-09,VNQ,122.64,5237167
2026-01-12,SPY,641.91,61109056
2026-01-12,QQQ,663.46,60540112
2026-01-12,IWM,224.5,33389719
2026-01-12,EFA,138.18,15500101
2026-01-12,TLT,80.77,40411193
2026-01-12,LQD,124.0,8251698
2026-01-12,GLD,262.76,9784147
2026-01-12,VNQ,122.77,4098110
2026-01-13,SPY,637.78,143196453
2026-01-13,QQQ,660.82,64483099
2026-01-13,IWM,222.24,37239039
2026-01-13,EFA,136.07,28725129
2026-01-13,TLT,80.99,24128925
2026-01-13,LQD,123.23,16663932
2026-01-13,GLD,260.76,9921810
2026-01-13,VNQ,120.59,6359436
2026-01-14,SPY,641.91,68468428
2026-01-14,QQQ,671.87,41796794
2026-01-14,IWM,222.32,20801396
2026-01-14,EFA,136.36,16219162
2026-01-14,TLT,82.61,35814570
2026-01-14,LQD,124.06,21146845
2026-01-14,GLD,262.32,4004959
2026-01-14,VNQ,121.28,9906638
2026-01-15,SPY,639.23,81276890
2026-01-15,QQQ,669.56,41473271
2026-01-15,IWM,223.12,31626205
2026-01-15,EFA,133.17,10856408
2026-01-15,TLT,81.45,12646528
2026-01-15,LQD,122.64,21595460
2026-01-15,GLD,260.92,2764287
2026-01-15,VNQ,119.91,2473934
2026-01-16,SPY,638.04,109943404
2026-01-16,QQQ,672.24,77801867
2026-01-16,IWM,225.74,19267771
2026-01-16,EFA,133.62,12239454
2026-01-16,TLT,80.89,30649848
2026-01-16,LQD,121.71,6560931
2026-01-16,GLD,262.42,4714717
2026-01-16,VNQ,121.57,3799428
2026-01-19,SPY,641.41,102385551
2026-01-19,QQQ,678.54,49606602
2026-01-19,IWM,228.41,50654989
2026-01-19,EFA,135.93,15871173
2026-01-19,TLT,79.48,13310352
2026-01-19,LQD,121.58,11646525
2026-01-19,GLD,261.58,13959825
2026-01-19,VNQ,123.69,3579195
2026-01-20,SPY,641.68,138120481
2026-01-20,QQQ,679.49,57395239
2026-01-20,IWM,227.79,41137799
2026-01-20,EFA,135.88,7617003
2026-01-20,TLT,78.74,15479401
2026-01-20,LQD,121.42,17977843
2026-01-20,GLD,258.62,9560543
2026-01-20,VNQ,122.95,3382034
2026-01-21,SPY,634.74,61269888
2026-01-21,QQQ,679.87,31198821
2026-01-21,IWM,224.89,44093247
2026-01-21,EFA,133.54,12180756
2026-01-21,TLT,79.31,14963893
2026-01-21,LQD,121.55,24504735
2026-01-21,GLD,257.65,9548676
2026-01-21,VNQ,121.83,9832559
2026-01-22,SPY,636.38,81095600
2026-01-22,QQQ,685.98,47672975
2026-01-22,IWM,222.11,55439487
2026-01-22,EFA,133.94,30536714
2026-01-22,TLT,79.08,30504980
2026-01-22,LQD,121.19,19924117
2026-01-22,GLD,254.36,12204784
2026-01-22,VNQ,121.42,5099278
2026-01-23,SPY,627.06,56756580
2026-01-23,QQQ,676.79,47243173
2026-01-23,IWM,219.34,48802145
2026-01-23,EFA,130.02,18422640
2026-01-23,TLT,79.51,17383627
2026-01-23,LQD,121.38,26196295
2026-01-23,GLD,253.47,7110456
2026-01-23,VNQ,120.88,4321670
2026-01-26,SPY,627.48,50495659
2026-01-26,QQQ,677.41,33417798
2026-01-26,IWM,220.42,30209676
2026-01-26,EFA,129.6,12983514
2026-01-26,TLT,79.56,29288270
2026-01-26,LQD,122.02,11183592
2026-01-26,GLD,252.86,8024197
2026-01-26,VNQ,121.36,4074699
2026-01-27,SPY,635.09,84184914
2026-01-27,QQQ,689.5,56052924
2026-01-27,IWM,225.66,53847635
2026-01-27,EFA,132.24,23781083
2026-01-27,TLT,80.43,19389433
2026-01-27,LQD,123.67,11323689
2026-01-27,GLD,251.96,5929522
2026-01-27,VNQ,122.95,2390850
2026-01-28,SPY,627.37,74769135
2026-01-28,QQQ,683.16,48551734
2026-01-28,IWM,221.87,41473857
2026-01-28,EFA,131.46,20796460
2026-01-28,TLT,80.34,20799891
2026-01-28,LQD,123.13,21971527
2026-01-28,GLD,252.98,8576776
2026-01-28,VNQ,122.54,2092041
2026-01-29,SPY,624.37,96814515
2026-01-29,QQQ,683.99,53144946
2026-01-29,IWM,219.64,40799031
2026-01-29,EFA,130.19,17082624
2026-01-29,TLT,80.29,28971253
2026-01-29,LQD,123.25,16210268
2026-01-29,GLD,250.52,9512811
2026-01-29,VNQ,119.96,2738142
2026-01-30,SPY,619.95,87556458
2026-01-30,QQQ,676.88,48566247
2026-01-30,IWM,218.68,28058737
2026-01-30,EFA,130.54,32515523
2026-01-30,TLT,81.03,12251673
2026-01-30,LQD,124.26,9628674
2026-01-30,GLD,247.92,8848722
2026-01-30,VNQ,121.59,4631430
2026-02-02,SPY,623.71,82600524
2026-02-02,QQQ,688.31,38060589
2026-02-02,IWM,219.36,52834782
2026-02-02,EFA,130.34,18373600
2026-02-02,TLT,81.15,17169214
2026-02-02,LQD,124.45,20008068
2026-02-02,GLD,247.12,5105594
2026-02-02,VNQ,122.58,4507410
2026-02-03,SPY,612.67,83290016
2026-02-03,QQQ,676.87,41360830
2026-02-03,IWM,214.74,38954843
2026-02-03,EFA,128.46,29743637
2026-02-03,TLT,82.48,22542673
2026-02-03,LQD,124.18,19569874
2026-02-03,GLD,249.23,4588876
2026-02-03,VNQ,121.06,7357883
2026-02-04,SPY,614.15,115398775
2026-02-04,QQQ,674.89,69118174
2026-02-04,IWM,215.12,33274123
2026-02-04,EFA,129.53,14284796
2026-02-04,TLT,82.65,36788702
2026-02-04,LQD,123.71,14699275
2026-02-04,GLD,250.76,5503361
2026-02-04,VNQ,121.2,3816191
2026-02-05,SPY,618.34,47066752
2026-02-05,QQQ,678.73,102856412
2026-02-05,IWM,212.84,40356910
2026-02-05,EFA,130.47,14697207
2026-02-05,TLT,82.05,16358090
2026-02-05,LQD,123.59,13555422
2026-02-05,GLD,248.69,6148934
2026-02-05,VNQ,122.56,3174549
2026-02-06,SPY,627.03,121856841
2026-02-06,QQQ,685.44,38223820
2026-02-06,IWM,212.95,32239856
2026-02-06,EFA,132.59,27632506
2026-02-06,TLT,82.44,17837875
2026-02-06,LQD,124.14,13300424
2026-02-06,GLD,251.7,11655251
2026-02-06,VNQ,125.01,7552745
2026-02-09,SPY,623.28,103551088
2026-02-09,QQQ,674.27,90125767
2026-02-09,IWM,211.04,15941987
2026-02-09,EFA,133.73,21650837
2026-02-09,TLT,82.42,22733494
2026-02-09,LQD,123.27,20541138
2026-02-09,GLD,252.29,5893761
2026-02-09,VNQ,122.75,6702455
2026-02-10,SPY,631.98,132229683
2026-02-10,QQQ,681.39,51061524
2026-02-10,IWM,214.09,22428083
2026-02-10,EFA,135.61,18078766
2026-02-10,TLT,82.49,27335528
2026-02-10,LQD,124.36,15501510
2026-02-10,GLD,252.54,6749285
2026-02-10,VNQ,122.7,2340903
2026-02-11,SPY,624.48,115400547
2026-02-11,QQQ,665.42,61031782
2026-02-11,IWM,211.01,45316866
2026-02-11,EFA,132.96,7446389
2026-02-11,TLT,81.5,19042164
2026-02-11,LQD,122.92,21880098
2026-02-11,GLD,249.19,5706587
2026-02-11,VNQ,120.47,5424040
2026-02-12,SPY,619.94,130516377
2026-02-12,QQQ,656.78,55449251
2026-02-12,IWM,210.74,39110230
2026-02-12,EFA,131.82,11134596
2026-02-12,TLT,82.67,12659709
2026-02-12,LQD,121.92,14044285
2026-02-12,GLD,249.81,9296073
2026-02-12,VNQ,119.0,4917030
2026-02-13,SPY,606.46,38704912
2026-02-13,QQQ,643.53,110276737
2026-02-13,IWM,206.81,50105713
2026-02-13,EFA,129.45,15245701
2026-02-13,TLT,83.58,27956983
2026-02-13,LQD,122.21,12961444
2026-02-13,GLD,247.4,16022861
2026-02-13,VNQ,117.5,2775886
2026-02-16,SPY,612.48,107321900
2026-02-16,QQQ,655.91,45791310
2026-02-16,IWM,209.3,19676789
2026-02-16,EFA,130.83,12937321
2026-02-16,TLT,82.14,18913496
2026-02-16,LQD,121.35,11193074
2026-02-16,GLD,244.97,3179009
2026-02-16,VNQ,117.59,6452235
2026-02-17,SPY,618.98,91162316
2026-02-17,QQQ,668.46,73226790
2026-02-17,IWM,210.89,22960310
2026-02-17,EFA,132.2,12494632
2026-02-17,TLT,81.53,18787734
2026-02-17,LQD,121.3,8069087
2026-02-17,GLD,241.49,9950608
2026-02-17,VNQ,119.08,4778776
2026-02-18,SPY,633.05,77757442
2026-02-18,QQQ,690.12,43515726
2026-02-18,IWM,218.33,21328815
2026-02-18,EFA,135.88,21760552
2026-02-18,TLT,80.82,24769590
2026-02-18,LQD,121.9,31095397
2026-02-18,GLD,240.19,10415589
2026-02-18,VNQ,123.71,4708022
2026-02-19,SPY,628.75,82579502
2026-02-19,QQQ,690.33,39680137
2026-02-19,IWM,214.4,48868402
2026-02-19,EFA,136.45,13193390
2026-02-19,TLT,80.47,23526087
2026-02-19,LQD,121.33,12503241
2026-02-19,GLD,237.33,11528127
2026-02-19,VNQ,122.94,2941967
2026-02-20,SPY,628.36,62725446
2026-02-20,QQQ,695.99,30580625
2026-02-20,IWM,213.41,35080921
2026-02-20,EFA,136.6,22070219
2026-02-20,TLT,79.76,23706813
2026-02-20,LQD,120.67,12543759
2026-02-20,GLD,235.19,3638028
2026-02-20,VNQ,121.81,4450993
2026-02-23,SPY,636.53,69720688
2026-02-23,QQQ,704.48,86617856
2026-02-23,IWM,218.73,17857325
2026-02-23,EFA,137.92,21387402
2026-02-23,TLT,78.57,15671859
2026-02-23,LQD,121.31,23344048
2026-02-23,GLD,234.36,5567765
2026-02-23,VNQ,124.67,6088529
2026-02-24,SPY,630.76,48986553
2026-02-24,QQQ,701.84,97986652
2026-02-24,IWM,216.2,28069441
2026-02-24,EFA,136.92,12528258
2026-02-24,TLT,77.64,13671431
2026-02-24,LQD,120.29,17276661
2026-02-24,GLD,231.73,13553721
2026-02-24,VNQ,123.17,4089185
2026-02-25,SPY,634.96,57141453
2026-02-25,QQQ,710.23,69587604
2026-02-25,IWM,223.69,16024633
2026-02-25,EFA,137.57,19164551
2026-02-25,TLT,77.52,20932681
2026-02-25,LQD,120.55,13279531
2026-02-25,GLD,234.87,6636704
2026-02-25,VNQ,128.59,3525986
2026-02-26,SPY,625.91,55445267
2026-02-26,QQQ,707.77,37344233
2026-02-26,IWM,220.31,25452921
2026-02-26,EFA,135.82,27327786
2026-02-26,TLT,78.65,36697340
2026-02-26,LQD,120.36,17457460
2026-02-26,GLD,236.93,7670252
2026-02-26,VNQ,128.42,3904798
2026-02-27,SPY,634.03,95833553
2026-02-27,QQQ,716.47,27946719
2026-02-27,IWM,224.09,34029584
2026-02-27,EFA,136.52,7370885
2026-02-27,TLT,78.3,14750134
2026-02-27,LQD,120.66,14333675
2026-02-27,GLD,239.32,6850689
2026-02-27,VNQ,130.88,2850227
2026-03-02,SPY,635.26,44362478
2026-03-02,QQQ,725.29,57801462
2026-03-02,IWM,227.09,52558528
2026-03-02,EFA,138.06,25345421
2026-03-02,TLT,78.02,22385253
2026-03-02,LQD,119.61,15570807
2026-03-02,GLD,240.08,5638492
2026-03-02,VNQ,131.0,3050477
2026-03-03,SPY,635.96,107395327
2026-03-03,QQQ,724.72,63890028
2026-03-03,IWM,227.63,36336187
2026-03-03,EFA,138.02,26760325
2026-03-03,TLT,79.05,27706698
2026-03-03,LQD,120.18,18657950
2026-03-03,GLD,240.73,6917471
2026-03-03,VNQ,132.64,4446926
2026-03-04,SPY,644.13,85534959
2026-03-04,QQQ,738.23,38729815
2026-03-04,IWM,230.7,55200007
2026-03-04,EFA,140.08,14066673
2026-03-04,TLT,77.58,39232628
2026-03-04,LQD,119.8,18487934
2026-03-04,GLD,242.49,6725947
2026-03-04,VNQ,133.78,6572160
2026-03-05,SPY,637.2,41306893
2026-03-05,QQQ,731.34,37693949
2026-03-05,IWM,229.67,29577677
2026-03-05,EFA,140.09,39270250
2026-03-05,TLT,79.65,20773704
2026-03-05,LQD,120.53,26821142
2026-03-05,GLD,243.97,11130771
2026-03-05,VNQ,132.84,5760043
2026-03-06,SPY,631.48,75300024
2026-03-06,QQQ,729.09,61543916
2026-03-06,IWM,227.58,23779633
2026-03-06,EFA,138.55,16784521
2026-03-06,TLT,79.51,24907870
2026-03-06,LQD,120.03,14726165
2026-03-06,GLD,245.91,12383368
2026-03-06,VNQ,131.77,6567540
2026-03-09,SPY,636.01,68128585
2026-03-09,QQQ,735.64,57785102
2026-03-09,IWM,228.62,44324805
2026-03-09,EFA,139.18,18669401
2026-03-09,TLT,78.39,22234618
2026-03-09,LQD,119.94,14528512
2026-03-09,GLD,242.58,7098284
2026-03-09,VNQ,132.08,4673301
2026-03-10,SPY,649.94,68175958
2026-03-10,QQQ,757.57,26169203
2026-03-10,IWM,234.12,22292512
2026-03-10,EFA,141.38,17239711
2026-03-10,TLT,77.43,22379184
2026-03-10,LQD,120.09,15557198
2026-03-10,GLD,241.91,8648801
2026-03-10,VNQ,132.64,5876845
2026-03-11,SPY,654.43,97689380
2026-03-11,QQQ,768.74,90707768
2026-03-11,IWM,233.72,32473230
2026-03-11,EFA,141.6,23633024
2026-03-11,TLT,77.66,31320730
2026-03-11,LQD,120.91,16151032
2026-03-11,GLD,238.92,8218945
2026-03-11,VNQ,131.36,4982478
2026-03-12,SPY,657.97,55439154
2026-03-12,QQQ,771.38,39846936
2026-03-12,IWM,233.27,35790981
2026-03-12,EFA,142.48,14768100
2026-03-12,TLT,76.71,29797584
2026-03-12,LQD,120.56,18220865
2026-03-12,GLD,236.34,8986848
2026-03-12,VNQ,130.91,4761656
2026-03-13,SPY,663.53,103809182
2026-03-13,QQQ,772.66,44630412
2026-03-13,IWM,233.68,29928103
2026-03-13,EFA,143.33,16661764
2026-03-13,TLT,77.96,13444197
2026-03-13,LQD,121.43,10261809
2026-03-13,GLD,235.48,4641210
2026-03-13,VNQ,132.12,6274424
2026-03-16,SPY,664.51,87663906
2026-03-16,QQQ,773.43,48138103
2026-03-16,IWM,233.83,43062663
2026-03-16,EFA,142.37,33827045
2026-03-16,TLT,77.48,17463783
2026-03-16,LQD,121.61,12684391
2026-03-16,GLD,235.4,7526531
2026-03-16,VNQ,131.9,4141976
2026-03-17,SPY,661.94,37719773
2026-03-17,QQQ,776.15,76076171
2026-03-17,IWM,234.13,22159621
2026-03-17,EFA,141.14,9944875
2026-03-17,TLT,78.33,11694747
2026-03-17,LQD,122.73,15953369
2026-03-17,GLD,234.66,18409127
2026-03-17,VNQ,129.99,3758967
2026-03-18,SPY,660.91,100355055
2026-03-18,QQQ,773.18,46743545
2026-03-18,IWM,232.6,33086674
2026-03-18,EFA,141.29,17900283
2026-03-18,TLT,79.14,11698066
2026-03-18,LQD,123.25,9372722
2026-03-18,GLD,234.92,10759611
2026-03-18,VNQ,131.53,2775917
2026-03-19,SPY,657.57,100078486
2026-03-19,QQQ,765.67,69803666
2026-03-19,IWM,232.34,19581119
2026-03-19,EFA,141.0,13212553
2026-03-19,TLT,78.13,20387320
2026-03-19,LQD,121.96,23554564
2026-03-19,GLD,238.41,5037774
2026-03-19,VNQ,129.45,3904758
2026-03-20,SPY,658.63,55636541
2026-03-20,QQQ,760.81,51321454
2026-03-20,IWM,232.47,18246169
2026-03-20,EFA,141.42,15047822
2026-03-20,TLT,77.15,32759226
2026-03-20,LQD,122.55,14822009
2026-03-20,GLD,238.61,10427516
2026-03-20,VNQ,128.78,5382529
2026-03-23,SPY,655.97,124666919
2026-03-23,QQQ,756.84,86293684
2026-03-23,IWM,229.96,25872802
2026-03-23,EFA,142.1,15393071
2026-03-23,TLT,78.64,16661569
2026-03-23,LQD,123.59,70536653
2026-03-23,GLD,243.42,10653461
2026-03-23,VNQ,126.96,3018121
2026-03-24,SPY,673.37,89798052
2026-03-24,QQQ,779.87,112119666
2026-03-24,IWM,237.27,89111072
2026-03-24,EFA,146.01,18552539
2026-03-24,TLT,78.64,53527002
2026-03-24,LQD,124.77,27642413
2026-03-24,GLD,244.06,21036231
2026-03-24,VNQ,127.42,7474362
2026-03-25,SPY,671.13,172571280
2026-03-25,QQQ,771.62,75259420
2026-03-25,IWM,237.63,49137697
2026-03-25,EFA,145.61,34286552
2026-03-25,TLT,78.96,30804638
2026-03-25,LQD,125.43,34638583
2026-03-25,GLD,239.95,10113565
2026-03-25,VNQ,125.03,8749494
2026-03-26,SPY,669.67,90206760
2026-03-26,QQQ,758.89,116325942
2026-03-26,IWM,234.46,60527066
2026-03-26,EFA,143.31,27862202
2026-03-26,TLT,78.38,53182373
2026-03-26,LQD,124.71,25700077
2026-03-26,GLD,240.29,16847205
2026-03-26,VNQ,123.49,12676051
2026-03-27,SPY,679.84,40675285
2026-03-27,QQQ,774.25,32691170
2026-03-27,IWM,238.37,37220416
2026-03-27,EFA,144.88,8034287
2026-03-27,TLT,78.27,20629274
2026-03-27,LQD,125.39,14953160
2026-03-27,GLD,240.52,8714310
2026-03-27,VNQ,126.2,4737292
2026-03-30,SPY,673.26,91718734
2026-03-30,QQQ,761.27,56250839
2026-03-30,IWM,236.94,23478594
2026-03-30,EFA,145.01,20320727
2026-03-30,TLT,79.21,29288144
2026-03-30,LQD,125.88,14032263
2026-03-30,GLD,241.72,5297559
2026-03-30,VNQ,126.72,5174572
2026-03-31,SPY,662.14,56813383
2026-03-31,QQQ,738.31,63629456
2026-03-31,IWM,236.01,39418273
2026-03-31,EFA,143.2,30006504
2026-03-31,TLT,78.01,21270916
2026-03-31,LQD,124.91,8316465
2026-03-31,GLD,240.5,8047601
2026-03-31,VNQ,126.28,3035199
2026-04-01,SPY,674.71,27446775
2026-04-01,QQQ,772.89,48057257
2026-04-01,IWM,243.57,29510959
2026-04-01,EFA,146.57,14437865
2026-04-01,TLT,78.75,12767348
2026-04-01,LQD,126.4,10006806
2026-04-01,GLD,239.03,7525336
2026-04-01,VNQ,128.53,3513584
2026-04-02,SPY,679.62,89707955
2026-04-02,QQQ,777.28,57817272
2026-04-02,IWM,243.35,26842381
2026-04-02,EFA,146.56,32079114
2026-04-02,TLT,78.84,18227556
2026-04-02,LQD,127.61,10167281
2026-04-02,GLD,236.14,19781541
2026-04-02,VNQ,129.4,3877176
2026-04-03,SPY,672.37,56331228
2026-04-03,QQQ,766.79,37500764
2026-04-03,IWM,241.07,27313291
2026-04-03,EFA,145.84,25616269
2026-04-03,TLT,79.25,20248206
2026-04-03,LQD,127.22,18380488
2026-04-03,GLD,235.58,7319104
2026-04-03,VNQ,129.33,5998538
2026-04-06,SPY,671.77,82861236
2026-04-06,QQQ,761.98,69189435
2026-04-06,IWM,239.29,13516008
2026-04-06,EFA,145.89,19508954
2026-04-06,TLT,80.68,13933758
2026-04-06,LQD,128.41,16665059
2026-04-06,GLD,236.62,13442217
2026-04-06,VNQ,129.17,7478256
2026-04-07,SPY,664.23,118445255
2026-04-07,QQQ,746.49,43212248
2026-04-07,IWM,236.92,19859692
2026-04-07,EFA,144.47,11828636
2026-04-07,TLT,80.62,18074589
2026-04-07,LQD,128.06,12084012
2026-04-07,GLD,236.51,8271834
2026-04-07,VNQ,129.13,6032075
2026-04-08,SPY,664.98,98786145
2026-04-08,QQQ,752.27,53936186
2026-04-08,IWM,237.59,45830972
2026-04-08,EFA,146.42,29919813
2026-04-08,TLT,80.6,15228065
2026-04-08,LQD,128.11,13640155
2026-04-08,GLD,235.39,5784943
2026-04-08,VNQ,129.53,4922084
2026-04-09,SPY,660.43,49240453
2026-04-09,QQQ,749.9,57210840
2026-04-09,IWM,235.1,27106630
2026-04-09,EFA,144.53,13713280
2026-04-09,TLT,81.27,22903984
2026-04-09,LQD,128.73,16230853
2026-04-09,GLD,233.78,5483192
2026-04-09,VNQ,129.11,2049246
2026-04-10,SPY,668.8,67733553
2026-04-10,QQQ,770.71,81444021
2026-04-10,IWM,239.08,21883843
2026-04-10,EFA,146.61,8131485
2026-04-10,TLT,80.15,17582451
2026-04-10,LQD,128.45,16314244
2026-04-10,GLD,232.61,12451296
2026-04-10,VNQ,131.84,9786982
2026-04-13,SPY,673.66,64220089
2026-04-13,QQQ,775.3,102082668
2026-04-13,IWM,245.04,30154017
2026-04-13,EFA,147.29,26378442
2026-04-13,TLT,79.71,23651189
2026-04-13,LQD,129.14,18907838
2026-04-13,GLD,235.21,8927511
2026-04-13,VNQ,134.36,3512995
2026-04-14,SPY,690.67,87216331
2026-04-14,QQQ,804.4,36132824
2026-04-14,IWM,250.1,65825548
2026-04-14,EFA,150.99,10978000
2026-04-14,TLT,79.54,22900934
2026-04-14,LQD,129.91,14045725
2026-04-14,GLD,232.48,6103662
2026-04-14,VNQ,138.14,2982528
2026-04-15,SPY,688.97,109355045
2026-04-15,QQQ,807.48,69697020
2026-04-15,IWM,249.98,22318642
2026-04-15,EFA,149.91,10304865
2026-04-15,TLT,79.63,20649212
2026-04-15,LQD,130.12,16016421
2026-04-15,GLD,232.57,7131641
2026-04-15,VNQ,139.12,8556139
2026-04-16,SPY,695.36,83573438
2026-04-16,QQQ,822.04,72640991
2026-04-16,IWM,251.54,36438420
2026-04-16,EFA,149.2,24729012
2026-04-16,TLT,79.49,16308201
2026-04-16,LQD,129.7,10814948
2026-04-16,GLD,230.63,5961176
2026-04-16,VNQ,141.06,6545826
2026-04-17,SPY,706.54,61691364
2026-04-17,QQQ,844.14,71241248
2026-04-17,IWM,252.65,37198074
2026-04-17,EFA,151.16,16514801
2026-04-17,TLT,78.78,31377471
2026-04-17,LQD,129.91,18559963
2026-04-17,GLD,230.47,5587158
2026-04-17,VNQ,140.26,5777119
2026-04-20,SPY,709.1,116352994
2026-04-20,QQQ,844.67,63020805
2026-04-20,IWM,253.06,30138782
2026-04-20,EFA,149.96,15844346
2026-04-20,TLT,80.04,28615521
2026-04-20,LQD,130.42,12679670
2026-04-20,GLD,231.23,5842318
2026-04-20,VNQ,141.51,4273239
2026-04-21,SPY,714.54,63646014
2026-04-21,QQQ,846.67,68003580
2026-04-21,IWM,255.15,32463341
2026-04-21,EFA,150.45,22374129
2026-04-21,TLT,79.66,18756843
2026-04-21,LQD,130.83,8078361
2026-04-21,GLD,231.46,6476908
2026-04-21,VNQ,143.67,3233864
2026-04-22,SPY,717.98,87529567
2026-04-22,QQQ,866.13,51149771
2026-04-22,IWM,255.4,22374370
2026-04-22,EFA,151.8,8895637
2026-04-22,TLT,80.35,20108615
2026-04-22,LQD,131.73,7242326
2026-04-22,GLD,232.21,6728842
2026-04-22,VNQ,146.08,7412969
2026-04-23,SPY,726.98,60150700
2026-04-23,QQQ,881.95,79999561
2026-04-23,IWM,258.82,19701720
2026-04-23,EFA,152.0,23333023
2026-04-23,TLT,79.6,19564338
2026-04-23,LQD,131.91,17966036
2026-04-23,GLD,232.99,10507685
2026-04-23,VNQ,146.22,3269827
2026-04-24,SPY,723.13,71393490
2026-04-24,QQQ,877.49,42601448
2026-04-24,IWM,257.32,39986003
2026-04-24,EFA,152.17,24086562
2026-04-24,TLT,79.79,11101265
2026-04-24,LQD,132.74,13715731
2026-04-24,GLD,231.39,7097932
2026-04-24,VNQ,145.12,4951580
2026-04-27,SPY,714.65,45190181
2026-04-27,QQQ,853.38,75262003
2026-04-27,IWM,255.27,33965565
2026-04-27,EFA,148.84,18816026
2026-04-27,TLT,79.32,38007969
2026-04-27,LQD,131.6,11603360
2026-04-27,GLD,230.05,7367715
2026-04-27,VNQ,142.86,2527201
2026-04-28,SPY,727.32,80151366
2026-04-28,QQQ,873.34,43011664
2026-04-28,IWM,255.72,21909411
2026-04-28,EFA,151.56,27481092
2026-04-28,TLT,79.0,19666248
2026-04-28,LQD,131.27,21263486
2026-04-28,GLD,231.07,5734964
2026-04-28,VNQ,143.19,2294835
2026-04-29,SPY,729.9,45617423
2026-04-29,QQQ,873.05,62698355
2026-04-29,IWM,253.97,27853353
2026-04-29,EFA,154.21,9786497
2026-04-29,TLT,79.66,12470604
2026-04-29,LQD,131.5,11799166
2026-04-29,GLD,230.19,6077740
2026-04-29,VNQ,144.18,6679564
2026-04-30,SPY,738.25,56013140
2026-04-30,QQQ,892.37,38659220
2026-04-30,IWM,259.42,29359240
2026-04-30,EFA,154.7,14408098
2026-04-30,TLT,79.08,14304621
2026-04-30,LQD,130.85,8144746
2026-04-30,GLD,232.16,8777940
2026-04-30,VNQ,145.3,7264745
2026-05-01,SPY,738.91,39195078
2026-05-01,QQQ,889.71,68658852
2026-05-01,IWM,260.82,17729608
2026-05-01,EFA,153.09,13078852
2026-05-01,TLT,77.65,17618467
2026-05-01,LQD,131.17,27392150
2026-05-01,GLD,230.14,15735331
2026-05-01,VNQ,146.63,2591205
2026-05-04,SPY,735.57,98588323
2026-05-04,QQQ,883.74,88071441
2026-05-04,IWM,260.27,34079322
2026-05-04,EFA,151.88,12452546
2026-05-04,TLT,78.46,29109034
2026-05-04,LQD,131.47,13724678
2026-05-04,GLD,229.94,8090943
2026-05-04,VNQ,146.07,3824128
2026-05-05,SPY,737.01,92379611
2026-05-05,QQQ,887.26,59324877
2026-05-05,IWM,257.9,23054005
2026-05-05,EFA,152.31,30766062
2026-05-05,TLT,76.57,12391831
2026-05-05,LQD,130.26,16832968
2026-05-05,GLD,228.63,6151740
2026-05-05,VNQ,142.69,2961309
2026-05-06,SPY,736.18,82067767
2026-05-06,QQQ,871.5,47257874
2026-05-06,IWM,256.66,17302080
2026-05-06,EFA,151.84,17607783
2026-05-06,TLT,77.08,19688896
2026-05-06,LQD,129.85,14895497
2026-05-06,GLD,229.33,6853612
2026-05-06,VNQ,139.49,4112069
2026-05-07,SPY,725.26,93164505
2026-05-07,QQQ,868.38,73525477
2026-05-07,IWM,254.1,25880566
2026-05-07,EFA,150.62,15601331
2026-05-07,TLT,76.78,24185241
2026-05-07,LQD,128.87,8702051
2026-05-07,GLD,227.86,8902119
2026-05-07,VNQ,135.71,3439410
2026-05-08,SPY,726.65,65104942
2026-05-08,QQQ,865.77,39162859
2026-05-08,IWM,251.15,39632815
2026-05-08,EFA,151.62,20165251
2026-05-08,TLT,77.31,20336210
2026-05-08,LQD,127.71,14377539
2026-05-08,GLD,227.49,6054981
2026-05-08,VNQ,133.03,5991044
2026-05-11,SPY,723.07,98797855
2026-05-11,QQQ,861.33,41067460
2026-05-11,IWM,250.24,31331226
2026-05-11,EFA,152.42,22009311
2026-05-11,TLT,77.54,27350053
2026-05-11,LQD,128.37,13653128
2026-05-11,GLD,229.86,6463173
2026-05-11,VNQ,134.44,4169360
2026-05-12,SPY,738.29,78312732
2026-05-12,QQQ,877.17,44110713
2026-05-12,IWM,256.0,21225361
2026-05-12,EFA,155.01,27566720
2026-05-12,TLT,76.59,12704048
2026-05-12,LQD,128.15,19662773
2026-05-12,GLD,232.33,6474871
2026-05-12,VNQ,136.13,4915389
2026-05-13,SPY,739.55,150084766
2026-05-13,QQQ,872.65,40581827
2026-05-13,IWM,255.21,56414952
2026-05-13,EFA,156.32,18234709
2026-05-13,TLT,74.95,25612711
2026-05-13,LQD,127.34,14922880
2026-05-13,GLD,229.48,7817312
2026-05-13,VNQ,134.9,6588806
2026-05-14,SPY,744.7,116655683
2026-05-14,QQQ,871.37,63569357
2026-05-14,IWM,255.19,12363215
2026-05-14,EFA,157.25,14932108
2026-05-14,TLT,74.1,30554977
2026-05-14,LQD,126.51,16853852
2026-05-14,GLD,226.42,7886478
2026-05-14,VNQ,135.01,5596066
2026-05-15,SPY,746.8,139078554
2026-05-15,QQQ,878.9,18430060
2026-05-15,IWM,257.05,70422812
2026-05-15,EFA,156.14,24693402
2026-05-15,TLT,74.19,22254336
2026-05-15,LQD,127.27,19357900
2026-05-15,GLD,225.08,9362286
2026-05-15,VNQ,132.65,15515945
2026-05-18,SPY,757.04,79618100
2026-05-18,QQQ,886.01,48703576
2026-05-18,IWM,263.74,20314097
2026-05-18,EFA,155.95,21487250
2026-05-18,TLT,74.63,15739873
2026-05-18,LQD,128.46,22766513
2026-05-18,GLD,226.57,4952498
2026-05-18,VNQ,132.8,5820266
2026-05-19,SPY,758.78,81099877
2026-05-19,QQQ,887.58,37518357
2026-05-19,IWM,263.82,23257183
2026-05-19,EFA,155.58,14089576
2026-05-19,TLT,75.34,14657687
2026-05-19,LQD,129.15,14743848
2026-05-19,GLD,227.77,7964100
2026-05-19,VNQ,134.94,2995453
2026-05-20,SPY,754.78,117353238
2026-05-20,QQQ,879.83,52955572
2026-05-20,IWM,261.31,21719828
2026-05-20,EFA,155.38,23302805
2026-05-20,TLT,75.29,25560627
2026-05-20,LQD,128.4,16043980
2026-05-20,GLD,228.69,5620591
2026-05-20,VNQ,133.63,5647470
2026-05-21,SPY,749.09,74864687
2026-05-21,QQQ,867.5,27611038
2026-05-21,IWM,260.99,20381217
2026-05-21,EFA,155.63,14210604
2026-05-21,TLT,75.35,30515873
2026-05-21,LQD,128.75,11455696
2026-05-21,GLD,228.43,11385214
2026-05-21,VNQ,132.78,6655889
2026-05-22,SPY,748.21,111406880
2026-05-22,QQQ,863.34,26088626
2026-05-22,IWM,259.85,34782110
2026-05-22,EFA,155.62,13443243
2026-05-22,TLT,75.45,15995338
2026-05-22,LQD,129.08,17253231
2026-05-22,GLD,226.84,9977394
2026-05-22,VNQ,133.36,7965881
2026-05-25,SPY,749.36,167179253
2026-05-25,QQQ,861.42,132102870
2026-05-25,IWM,261.14,43350109
2026-05-25,EFA,154.2,11172100
2026-05-25,TLT,75.3,30609531
2026-05-25,LQD,129.64,22527402
2026-05-25,GLD,225.99,10701138
2026-05-25,VNQ,133.96,6246398
2026-05-26,SPY,749.03,84961885
2026-05-26,QQQ,862.5,67297593
2026-05-26,IWM,265.23,33996816
2026-05-26,EFA,153.45,29125357
2026-05-26,TLT,75.68,15408473
2026-05-26,LQD,130.29,26256076
2026-05-26,GLD,227.15,12161729
2026-05-26,VNQ,135.18,8529206
2026-05-27,SPY,758.05,60207137
2026-05-27,QQQ,877.53,47987837
2026-05-27,IWM,270.81,52175844
2026-05-27,EFA,155.39,19239149
2026-05-27,TLT,75.59,19708923
2026-05-27,LQD,130.36,14716886
2026-05-27,GLD,227.42,7100568
2026-05-27,VNQ,137.51,6231115
2026-05-28,SPY,771.98,57576485
2026-05-28,QQQ,905.1,48798804
2026-05-28,IWM,277.83,39999123
2026-05-28,EFA,156.73,16436901
2026-05-28,TLT,75.84,11637672
2026-05-28,LQD,131.91,12021829
2026-05-28,GLD,228.74,5602688
2026-05-28,VNQ,137.58,5700436
2026-05-29,SPY,777.75,147236474
2026-05-29,QQQ,905.7,56909350
2026-05-29,IWM,279.35,56084753
2026-05-29,EFA,158.05,13803256
2026-05-29,TLT,77.32,19292014
2026-05-29,LQD,132.95,11163399
2026-05-29,GLD,230.63,9244292
2026-05-29,VNQ,139.02,3616774
2026-06-01,SPY,774.06,56675400
2026-06-01,QQQ,898.57,63624062
2026-06-01,IWM,278.56,36242769
2026-06-01,EFA,155.32,18599441
2026-06-01,TLT,78.83,44295299
2026-06-01,LQD,134.65,15447753
2026-06-01,GLD,226.6,10811938
2026-06-01,VNQ,139.67,6550591
2026-06-02,SPY,788.3,85403435
2026-06-02,QQQ,912.01,35021551
2026-06-02,IWM,281.19,50087304
2026-06-02,EFA,157.37,19356304
2026-06-02,TLT,78.99,14924329
2026-06-02,LQD,136.04,10580962
2026-06-02,GLD,226.78,8643891
2026-06-02,VNQ,143.29,6162439
2026-06-03,SPY,792.75,57424751
2026-06-03,QQQ,930.52,38637090
2026-06-03,IWM,283.39,48347472
2026-06-03,EFA,158.91,19359799
2026-06-03,TLT,78.19,14099082
2026-06-03,LQD,135.5,16282357
2026-06-03,GLD,226.6,7905508
2026-06-03,VNQ,144.99,5321876
2026-06-04,SPY,797.21,57948248
2026-06-04,QQQ,938.2,42965819
2026-06-04,IWM,285.28,27192353
2026-06-04,EFA,159.52,23199385
2026-06-04,TLT,77.59,9873712
2026-06-04,LQD,136.31,12481530
2026-06-04,GLD,226.51,6649729
2026-06-04,VNQ,147.41,3951812
2026-06-05,SPY,800.73,49135485
2026-06-05,QQQ,947.74,40740181
2026-06-05,IWM,286.09,31200754
2026-06-05,EFA,159.98,19664361
2026-06-05,TLT,78.2,13769644
2026-06-05,LQD,136.27,19926046
2026-06-05,GLD,227.05,8949549
2026-06-05,VNQ,146.24,2913497
2026-06-08,SPY,795.15,66319579
2026-06-08,QQQ,931.64,62435609
2026-06-08,IWM,280.24,35016695
2026-06-08,EFA,159.6,28319995
2026-06-08,TLT,77.99,16880868
2026-06-08,LQD,136.49,15642378
2026-06-08,GLD,223.79,5498921
2026-06-08,VNQ,146.05,4279956
2026-06-09,SPY,795.71,90260222
2026-06-09,QQQ,928.47,69308163
2026-06-09,IWM,279.21,32722528
2026-06-09,EFA,157.82,24594620
2026-06-09,TLT,77.96,14094782
2026-06-09,LQD,136.19,21351580
2026-06-09,GLD,224.64,11378437
2026-06-09,VNQ,145.1,4639496
2026-06-10,SPY,783.41,55512487
2026-06-10,QQQ,915.06,76692902
2026-06-10,IWM,273.16,22783241
2026-06-10,EFA,154.97,20881154
2026-06-10,TLT,77.86,16198329
2026-06-10,LQD,135.03,12402096
2026-06-10,GLD,225.3,3799378
2026-06-10,VNQ,143.49,4425574
2026-06-11,SPY,777.64,80419061
2026-06-11,QQQ,910.2,35942991
2026-06-11,IWM,265.24,19695372
2026-06-11,EFA,152.43,36262639
2026-06-11,TLT,78.58,27498453
2026-06-11,LQD,134.99,14498405
2026-06-11,GLD,225.7,3604879
2026-06-11,VNQ,141.93,6590336
2026-06-12,SPY,771.25,167321798
2026-06-12,QQQ,898.58,32926947
2026-06-12,IWM,261.34,22999923
2026-06-12,EFA,152.01,16742303
2026-06-12,TLT,79.76,19514917
2026-06-12,LQD,135.66,19498483
2026-06-12,GLD,224.26,5811166
2026-06-12,VNQ,139.78,6707671
2026-06-15,SPY,770.62,65118156
2026-06-15,QQQ,900.14,47014275
2026-06-15,IWM,262.43,32943088
2026-06-15,EFA,150.51,15523949
2026-06-15,TLT,79.73,16245877
2026-06-15,LQD,135.84,21957955
2026-06-15,GLD,224.12,8375160
2026-06-15,VNQ,140.28,5473972
2026-06-16,SPY,778.72,57678017
2026-06-16,QQQ,899.63,46335160
2026-06-16,IWM,265.1,22381174
2026-06-16,EFA,151.12,27530446
2026-06-16,TLT,79.18,12217146
2026-06-16,LQD,135.8,19126269
2026-06-16,GLD,221.53,6565580
2026-06-16,VNQ,140.74,5890376
2026-06-17,SPY,777.75,95230170
2026-06-17,QQQ,908.1,44868729
2026-06-17,IWM,263.91,27392102
2026-06-17,EFA,152.78,33417984
2026-06-17,TLT,77.61,22260150
2026-06-17,LQD,134.52,12562882
2026-06-17,GLD,219.93,6196972
2026-06-17,VNQ,138.51,5455988
2026-06-18,SPY,781.97,99233072
2026-06-18,QQQ,904.73,45061233
2026-06-18,IWM,263.51,34185857
2026-06-18,EFA,154.08,11334204
2026-06-18,TLT,78.18,13838817
2026-06-18,LQD,135.73,20967257
2026-06-18,GLD,222.84,7584457
2026-06-18,VNQ,139.69,2930945
2026-06-19,SPY,782.98,99108035
2026-06-19,QQQ,900.41,69834366
2026-06-19,IWM,265.04,24140795
2026-06-19,EFA,154.75,20544470
2026-06-19,TLT,77.78,19318600
2026-06-19,LQD,136.1,21977264
2026-06-19,GLD,222.97,10359858
2026-06-19,VNQ,140.04,5011716
2026-06-22,SPY,781.79,76174858
2026-06-22,QQQ,904.17,45010588
2026-06-22,IWM,266.33,25437698
2026-06-22,EFA,153.42,13074325
2026-06-22,TLT,78.03,22994869
2026-06-22,LQD,135.62,14512068
2026-06-22,GLD,223.09,5713761
2026-06-22,VNQ,141.79,4561897
2026-06-23,SPY,785.67,85999564
2026-06-23,QQQ,908.2,44412557
2026-06-23,IWM,265.66,39207327
2026-06-23,EFA,151.92,20566398
2026-06-23,TLT,77.8,20412735
2026-06-23,LQD,136.18,16058793
2026-06-23,GLD,221.25,9362016
2026-06-23,VNQ,142.18,5945789
2026-06-24,SPY,785.26,152753172
2026-06-24,QQQ,916.2,44515871
2026-06-24,IWM,268.46,44432441
2026-06-24,EFA,153.48,18526503
2026-06-24,TLT,78.35,18482510
2026-06-24,LQD,136.85,12614882
2026-06-24,GLD,221.93,11763633
2026-06-24,VNQ,143.51,4017422
2026-06-25,SPY,781.82,105853526
2026-06-25,QQQ,910.74,64379228
2026-06-25,IWM,268.76,39043851
2026-06-25,EFA,154.52,27905771
2026-06-25,TLT,76.61,17180259
2026-06-25,LQD,136.06,25436271
2026-06-25,GLD,222.01,7793965
2026-06-25,VNQ,143.48,2545449
2026-06-26,SPY,791.86,85256418
2026-06-26,QQQ,921.14,45613887
2026-06-26,IWM,272.5,45731988
2026-06-26,EFA,158.24,19228497
2026-06-26,TLT,76.54,26747851
2026-06-26,LQD,136.01,27509035
2026-06-26,GLD,224.51,9647007
2026-06-26,VNQ,144.44,7867156
2026-06-29,SPY,789.11,54177870
2026-06-29,QQQ,907.26,61446640
2026-06-29,IWM,268.22,21028109
2026-06-29,EFA,155.97,18776763
2026-06-29,TLT,77.47,23491595
2026-06-29,LQD,136.42,10347918
2026-06-29,GLD,230.83,9682906
2026-06-29,VNQ,142.3,4583374
2026-06-30,SPY,790.21,64853932
2026-06-30,QQQ,909.85,74000247
2026-06-30,IWM,269.89,32924273
2026-06-30,EFA,155.1,22246460
2026-06-30,TLT,76.97,14759290
2026-06-30,LQD,136.35,15549565
2026-06-30,GLD,229.93,5817995
2026-06-30,VNQ,141.29,3437111
2026-07-01,SPY,782.33,46648096
2026-07-01,QQQ,904.06,45802341
2026-07-01,IWM,267.32,35421782
2026-07-01,EFA,153.71,21737621
2026-07-01,TLT,77.86,41837664
2026-07-01,LQD,136.77,23254498
2026-07-01,GLD,231.33,10730243
2026-07-01,VNQ,143.08,4183739
2026-07-02,SPY,766.43,137290839
2026-07-02,QQQ,884.29,43808242
2026-07-02,IWM,262.59,27395336
2026-07-02,EFA,152.61,20541166
2026-07-02,TLT,78.85,47992967
2026-07-02,LQD,135.9,6543390
2026-07-02,GLD,231.84,9201885
2026-07-02,VNQ,141.83,5296241
2026-07-03,SPY,757.56,95378544
2026-07-03,QQQ,877.05,79986211
2026-07-03,IWM,262.93,22604111
2026-07-03,EFA,152.4,24345837
2026-07-03,TLT,79.99,13260838
2026-07-03,LQD,136.7,16240294
2026-07-03,GLD,231.1,6316120
2026-07-03,VNQ,143.32,4607475
